zeit,coin,markt,mid,spread_bp,slip180_bp,slip500_bp,slip1000_bp,tiefe_usd,funding_h_pct,roundtrip_bp
2026-08-22 00:54,BTC,BTC,78588.5,0.127,0.064,0.064,0.064,3073032,0.00125,12.63
2026-08-22 00:54,ETH,ETH,2525.95,0.396,0.198,0.198,0.198,5093278,0.005052,23.54
2026-08-22 00:54,SOL,SOL,94.1935,0.106,0.053,0.053,1.009,248449,0.005526,24.58
2026-08-22 00:54,XRP,XRP,1.4520499999999998,0.689,0.344,0.344,1.033,1180983,0.008618,33.82
2026-08-22 00:54,AVAX,AVAX,7.88615,1.902,0.951,0.951,3.234,77489,0.008238,33.97
2026-08-22 00:54,LINK,LINK,12.207,1.638,0.819,0.819,0.819,180971,0.014814,52.12
2026-08-22 00:54,LTC,LTC,54.216499999999996,0.184,0.092,0.092,0.092,42079,0.010947,39.84
2026-08-22 00:54,ADA,ADA,0.23295,0.859,0.429,0.429,0.859,93556,0.012585,45.1
2026-08-22 00:54,DOT,DOT,0.94484,1.905,0.953,1.058,1.693,35156,0.00125,14.41
2026-08-22 00:54,UNI,UNI,4.18125,0.239,0.12,0.12,0.12,46683,0.004033,20.53
2026-08-22 00:54,AAVE,AAVE,121.42,1.647,0.824,0.824,0.824,220026,0.022904,74.78
2026-08-22 00:54,ARB,ARB,0.09934499999999999,1.007,2.516,3.523,3.523,83179,0.00125,17.53
2026-08-22 00:54,POL,POL,0.0942265,0.106,3.555,4.51,4.935,11312,0.004604,29.0
2026-08-22 00:54,RENDER,RENDER,1.5366499999999998,3.254,3.579,4.23,6.833,13111,0.00125,19.66
2026-08-22 00:54,DOGE,DOGE,0.0944825,0.741,0.37,0.37,0.37,56352,0.029719,92.95
2026-08-22 00:54,SHIB,kSHIB,0.006201,6.451,3.225,3.225,3.225,197800,0.002454,22.32
2026-08-22 00:54,PEPE,kPEPE,0.004098,4.88,2.44,4.88,4.88,369360,0.00843,37.49
2026-08-22 00:54,WIF,WIF,0.20329999999999998,3.935,4.919,8.854,11.313,12460,0.002953,27.11
2026-08-22 00:54,BONK,kBONK,0.0031479999999999998,6.353,3.177,3.177,3.177,130302,0.00125,18.85
2026-08-22 00:54,TRUMP,TRUMP,1.8642,1.073,1.609,1.609,2.682,132456,0.00125,15.72
2026-08-22 00:58,BTC,BTC,78515.5,0.127,0.064,0.064,0.064,4720682,0.00125,12.63
2026-08-22 00:58,ETH,ETH,2524.45,0.396,0.198,0.198,0.198,4289381,0.004772,22.76
2026-08-22 00:58,SOL,SOL,94.5515,2.433,1.428,1.428,1.428,239295,0.005514,27.29
2026-08-22 00:58,XRP,XRP,1.44955,0.69,0.345,0.345,0.345,370310,0.009007,34.91
2026-08-22 00:58,AVAX,AVAX,7.87085,0.127,0.064,0.064,2.223,88011,0.008172,32.01
2026-08-22 00:58,LINK,LINK,12.196,1.64,0.82,0.82,0.82,188575,0.01473,51.88
2026-08-22 00:58,LTC,LTC,53.911500000000004,0.185,0.093,0.093,0.093,43000,0.011499,41.38
2026-08-22 00:58,ADA,ADA,0.232205,1.292,0.646,0.646,1.507,95182,0.012728,45.93
2026-08-22 00:58,DOT,DOT,0.9422550000000001,0.106,4.298,4.298,4.829,41871,0.00125,21.1
2026-08-22 00:58,UNI,UNI,4.17775,0.239,0.12,0.12,0.12,73217,0.004639,22.23
2026-08-22 00:58,AAVE,AAVE,120.96000000000001,1.653,0.827,3.307,3.307,248483,0.022877,74.71
2026-08-22 00:58,ARB,ARB,0.09928999999999999,2.014,1.007,1.007,1.007,80788,0.00125,14.51
2026-08-22 00:58,POL,POL,0.0943775,0.106,1.642,2.384,2.49,13486,0.00455,25.02
2026-08-22 00:58,RENDER,RENDER,1.53525,1.954,0.977,0.977,0.977,27010,0.00125,14.45
2026-08-22 00:58,DOGE,DOGE,0.0940725,0.532,0.478,1.01,1.754,29530,0.028613,90.07
2026-08-22 00:58,SHIB,kSHIB,0.006138,3.258,17.921,17.921,22.809,167258,0.002518,51.89
2026-08-22 00:58,PEPE,kPEPE,0.004106,4.871,2.435,2.435,2.435,316613,0.008734,38.33
2026-08-22 00:58,WIF,WIF,0.20373,2.945,1.473,1.963,1.963,24836,0.002776,19.72
2026-08-22 00:58,BONK,kBONK,0.0031565,3.168,1.584,1.584,1.584,138662,0.00125,15.67
2026-08-22 00:58,TRUMP,TRUMP,1.87915,0.532,3.459,3.459,3.459,146207,0.00125,19.42
2026-08-22 01:00,BTC,BTC,78410.5,0.128,1.084,1.212,1.212,1156005,0.00125,14.67
2026-08-22 01:00,ETH,ETH,2521.05,0.397,0.198,0.198,0.198,7522345,0.00125,12.9
2026-08-22 01:00,SOL,SOL,94.3365,0.106,0.053,0.053,0.053,297729,0.00373,19.55
2026-08-22 01:00,XRP,XRP,1.4473500000000001,0.691,0.345,0.345,0.345,1073147,0.013504,47.5
2026-08-22 01:00,AVAX,AVAX,7.8659,0.763,0.381,0.381,1.271,73579,0.007463,30.66
2026-08-22 01:00,LINK,LINK,12.186499999999999,0.821,2.051,6.975,6.975,346210,0.011642,45.7
2026-08-22 01:00,LTC,LTC,53.8675,0.186,0.278,1.578,1.578,14852,0.018122,60.3
2026-08-22 01:00,ADA,ADA,0.23161500000000002,0.432,1.943,1.943,2.806,102269,0.013787,51.49
2026-08-22 01:00,DOT,DOT,0.942735,2.015,1.008,1.75,1.75,37861,0.00125,14.52
2026-08-22 01:00,UNI,UNI,4.18295,2.152,1.076,1.793,2.032,44271,0.014634,52.13
2026-08-22 01:00,AAVE,AAVE,120.625,0.829,1.244,1.244,2.073,251174,0.02275,75.19
2026-08-22 01:00,ARB,ARB,0.098985,3.031,1.515,2.526,2.526,78050,0.00125,15.53
2026-08-22 01:00,POL,POL,0.0948995,3.267,2.371,2.371,2.371,15367,0.006588,32.19
2026-08-22 01:00,RENDER,RENDER,1.53145,1.959,1.632,1.632,1.632,27743,0.00125,15.76
2026-08-22 01:00,DOGE,DOGE,0.09392700000000001,1.065,0.532,0.532,0.532,88537,0.009231,35.91
2026-08-22 01:00,SHIB,kSHIB,0.006189999999999999,12.924,6.462,8.078,8.078,198154,0.008124,44.67
2026-08-22 01:00,PEPE,kPEPE,0.0040905,2.445,3.667,3.667,3.667,280316,0.009776,43.71
2026-08-22 01:00,WIF,WIF,0.20338,1.967,2.458,2.458,2.458,28472,0.00125,17.42
2026-08-22 01:00,BONK,kBONK,0.0031339999999999996,12.763,6.382,6.382,6.382,103854,0.00125,25.26
2026-08-22 01:00,TRUMP,TRUMP,1.88525,0.53,0.265,0.265,0.265,110595,0.00125,13.03
2026-08-22 01:05,BTC,BTC,78456.5,0.127,0.064,0.064,0.064,3546618,0.00125,12.63
2026-08-22 01:05,ETH,ETH,2519.55,0.397,0.198,0.198,0.198,8444888,0.00125,12.9
2026-08-22 01:05,SOL,SOL,94.1255,0.106,0.053,0.053,0.053,413260,0.004675,22.2
2026-08-22 01:05,XRP,XRP,1.4517,1.378,0.689,0.689,0.689,873618,0.013815,49.06
2026-08-22 01:05,AVAX,AVAX,7.86925,0.127,1.716,1.843,1.843,19040,0.008009,34.86
2026-08-22 01:05,LINK,LINK,12.1775,0.821,0.411,0.411,1.232,160249,0.012892,45.92
2026-08-22 01:05,LTC,LTC,53.8495,0.186,0.093,0.093,0.65,36512,0.017957,59.47
2026-08-22 01:05,ADA,ADA,0.232265,0.431,1.507,1.507,3.66,131772,0.014031,51.3
2026-08-22 01:05,DOT,DOT,0.9477150000000001,1.583,0.791,0.791,1.319,38338,0.00125,14.08
2026-08-22 01:05,UNI,UNI,4.1788,3.829,1.914,1.914,1.914,30581,0.012181,46.94
2026-08-22 01:05,AAVE,AAVE,120.6,1.658,0.829,1.658,1.658,105384,0.023442,76.3
2026-08-22 01:05,ARB,ARB,0.099085,3.028,1.514,2.523,3.532,80041,0.00125,15.53
2026-08-22 01:05,POL,POL,0.0950745,0.105,0.368,0.473,4.155,12494,0.004651,22.76
2026-08-22 01:05,RENDER,RENDER,1.5318,3.917,5.875,5.875,7.181,15417,0.00125,24.25
2026-08-22 01:05,DOGE,DOGE,0.093838,1.918,0.959,0.959,0.959,173380,0.012017,44.57
2026-08-22 01:05,SHIB,kSHIB,0.0061365,4.889,2.444,2.444,2.444,181274,0.002111,19.8
2026-08-22 01:05,PEPE,kPEPE,0.004148,4.822,4.822,4.822,4.822,252114,0.012056,52.4
2026-08-22 01:05,WIF,WIF,0.202225,3.461,3.214,3.214,8.159,19498,0.00125,18.93
2026-08-22 01:05,BONK,kBONK,0.0031295000000000003,9.586,4.793,4.793,4.793,138510,0.00125,22.09
2026-08-22 01:05,TRUMP,TRUMP,1.87155,2.672,1.336,1.336,3.473,125754,0.00125,15.17
2026-08-22 01:10,BTC,BTC,78537.5,0.127,0.064,0.064,0.064,1636910,0.00125,12.63
2026-08-22 01:10,ETH,ETH,2525.05,0.396,0.198,0.198,0.198,3553083,0.00125,12.9
2026-08-22 01:10,SOL,SOL,94.2625,0.106,0.053,0.053,0.053,261326,0.004997,23.1
2026-08-22 01:10,XRP,XRP,1.4509500000000002,0.689,0.345,0.345,0.345,1057243,0.014627,50.64
2026-08-22 01:10,AVAX,AVAX,7.87135,0.127,0.064,0.064,0.445,63349,0.00878,33.71
2026-08-22 01:10,LINK,LINK,12.1705,0.822,1.232,1.232,1.232,202705,0.013303,48.71
2026-08-22 01:10,LTC,LTC,53.6535,0.186,0.093,0.093,0.093,34078,0.017991,59.56
2026-08-22 01:10,ADA,ADA,0.232315,0.43,0.215,0.215,0.215,96855,0.014252,49.34
2026-08-22 01:10,DOT,DOT,0.946295,0.106,0.159,0.159,0.159,43107,0.00125,12.82
2026-08-22 01:10,UNI,UNI,4.17665,0.239,0.12,0.359,0.359,22952,0.008174,32.13
2026-08-22 01:10,AAVE,AAVE,121.18,1.65,0.825,0.825,0.825,85228,0.02198,72.19
2026-08-22 01:10,ARB,ARB,0.09939,2.012,1.006,1.006,2.012,118294,0.00125,14.51
2026-08-22 01:10,POL,POL,0.095333,1.888,2.832,3.881,3.986,18881,0.00368,24.97
2026-08-22 01:10,RENDER,RENDER,1.5283,2.617,4.58,4.58,5.235,30519,0.00125,21.66
2026-08-22 01:10,DOGE,DOGE,0.0938735,0.107,0.053,0.053,0.053,82694,0.012278,43.49
2026-08-22 01:10,SHIB,kSHIB,0.006131,3.262,1.631,1.631,1.631,205296,0.003735,22.72
2026-08-22 01:10,PEPE,kPEPE,0.0041685,7.197,3.598,3.598,3.598,292866,0.012577,51.41
2026-08-22 01:10,WIF,WIF,0.20196999999999998,1.98,4.456,4.456,5.941,19234,0.00125,21.41
2026-08-22 01:10,BONK,kBONK,0.00312,6.41,3.205,3.205,3.205,136206,0.00125,18.91
2026-08-22 01:10,TRUMP,TRUMP,1.87375,9.073,8.806,8.806,9.34,66449,0.00125,30.11
2026-08-22 01:15,BTC,BTC,78629.5,0.127,0.064,0.064,0.064,2527285,0.00125,12.63
2026-08-22 01:15,ETH,ETH,2527.75,0.396,0.198,0.198,0.198,5484288,0.001589,13.84
2026-08-22 01:15,SOL,SOL,94.2195,0.106,0.053,0.053,0.053,242363,0.004943,22.95
2026-08-22 01:15,XRP,XRP,1.4492500000000001,0.69,0.345,0.345,0.345,990957,0.014871,51.33
2026-08-22 01:15,AVAX,AVAX,7.86665,0.127,0.064,0.064,0.064,53938,0.008882,34.0
2026-08-22 01:15,LINK,LINK,12.1755,0.821,0.411,0.411,0.411,221194,0.013717,48.23
2026-08-22 01:15,LTC,LTC,53.542500000000004,0.934,0.467,0.467,0.654,45262,0.018103,60.62
2026-08-22 01:15,ADA,ADA,0.230885,0.433,0.217,0.217,0.65,139386,0.014427,49.83
2026-08-22 01:15,DOT,DOT,0.94929,1.896,0.948,0.948,1.369,39421,0.00125,14.4
2026-08-22 01:15,UNI,UNI,4.1785499999999995,1.197,0.598,0.598,0.598,23021,0.006745,29.08
2026-08-22 01:15,AAVE,AAVE,120.97,1.653,0.827,0.827,0.827,97832,0.020561,68.23
2026-08-22 01:15,ARB,ARB,0.099355,1.006,0.503,0.503,0.503,84641,0.00125,13.51
2026-08-22 01:15,POL,POL,0.0954345,0.105,2.672,2.672,3.091,16040,0.003687,24.67
2026-08-22 01:15,RENDER,RENDER,1.52785,0.655,0.327,0.982,0.982,38997,0.00125,13.15
2026-08-22 01:15,DOGE,DOGE,0.094247,2.547,1.273,1.273,1.273,67934,0.012822,47.45
2026-08-22 01:15,SHIB,kSHIB,0.0061565000000000005,4.873,2.436,2.436,2.436,167401,0.004199,25.63
2026-08-22 01:15,PEPE,kPEPE,0.004177500000000001,2.394,1.197,1.197,3.591,263633,0.012745,47.08
2026-08-22 01:15,WIF,WIF,0.20151999999999998,0.992,4.962,5.459,5.459,20902,0.001464,23.02
2026-08-22 01:15,BONK,kBONK,0.0031205,3.205,1.602,1.602,1.602,144943,0.00125,15.7
2026-08-22 01:15,TRUMP,TRUMP,1.8906,1.058,4.76,5.289,5.289,78887,0.00125,22.02
2026-08-22 01:20,BTC,BTC,78699.5,0.127,0.064,0.064,0.064,7532334,0.00125,12.63
2026-08-22 01:20,ETH,ETH,2539.95,0.394,0.197,0.197,0.197,4261101,0.002121,15.33
2026-08-22 01:20,SOL,SOL,94.5545,0.106,0.053,0.053,0.053,372848,0.005234,23.76
2026-08-22 01:20,XRP,XRP,1.46115,0.684,0.342,0.342,0.342,949942,0.015152,52.11
2026-08-22 01:20,AVAX,AVAX,7.88785,0.127,0.317,0.697,1.078,33902,0.008794,34.26
2026-08-22 01:20,LINK,LINK,12.1755,0.821,0.411,0.411,1.232,197060,0.014176,49.51
2026-08-22 01:20,LTC,LTC,53.6025,0.56,0.84,0.84,2.145,30570,0.01832,61.97
2026-08-22 01:20,ADA,ADA,0.231925,0.431,3.665,3.665,4.096,137732,0.014165,55.99
2026-08-22 01:20,DOT,DOT,0.9518599999999999,0.21,0.105,0.105,1.576,52534,0.00125,12.71
2026-08-22 01:20,UNI,UNI,4.19835,0.238,9.885,9.885,9.885,22975,0.006412,46.72
2026-08-22 01:20,AAVE,AAVE,121.065,0.826,2.065,2.065,2.065,75551,0.019938,68.96
2026-08-22 01:20,ARB,ARB,0.099415,3.018,2.515,3.521,3.521,95499,0.00125,17.53
2026-08-22 01:20,POL,POL,0.0956525,0.105,3.816,3.816,5.28,19917,0.003214,25.63
2026-08-22 01:20,RENDER,RENDER,1.53065,0.653,0.327,6.207,6.86,37440,0.00125,13.15
2026-08-22 01:20,DOGE,DOGE,0.094301,2.121,1.06,1.06,1.06,81589,0.013072,47.72
2026-08-22 01:20,SHIB,kSHIB,0.0060835,4.931,2.466,2.466,2.466,103394,0.003845,24.7
2026-08-22 01:20,PEPE,kPEPE,0.0041765,7.183,3.592,3.592,3.592,259499,0.012564,51.36
2026-08-22 01:20,WIF,WIF,0.201625,0.496,4.216,4.712,4.712,18333,0.002501,24.43
2026-08-22 01:20,BONK,kBONK,0.003114,6.423,3.211,3.211,3.211,137565,0.00125,18.92
2026-08-22 01:20,TRUMP,TRUMP,1.8927,1.057,3.17,3.17,5.283,117957,0.00125,18.84
2026-08-22 01:25,BTC,BTC,78700.5,0.127,0.064,0.064,0.064,2696938,0.00125,12.63
2026-08-22 01:25,ETH,ETH,2539.25,0.394,0.197,0.197,0.197,4923261,0.002384,16.07
2026-08-22 01:25,SOL,SOL,95.039,0.842,0.421,0.421,0.421,542126,0.005731,25.89
2026-08-22 01:25,XRP,XRP,1.4730500000000002,0.679,0.339,0.339,0.339,613507,0.015805,53.93
2026-08-22 01:25,AVAX,AVAX,7.90025,0.127,0.063,0.949,1.835,21654,0.008819,33.82
2026-08-22 01:25,LINK,LINK,12.192499999999999,0.82,0.41,0.41,0.41,369582,0.014327,49.94
2026-08-22 01:25,LTC,LTC,53.7435,0.186,0.093,0.093,0.279,31488,0.018694,61.53
2026-08-22 01:25,ADA,ADA,0.233455,0.428,0.214,0.214,0.214,28413,0.014058,48.79
2026-08-22 01:25,DOT,DOT,0.95078,0.631,0.526,0.947,1.893,27366,0.00125,13.55
2026-08-22 01:25,UNI,UNI,4.2024,0.476,0.238,0.238,0.952,16057,0.006019,26.33
2026-08-22 01:25,AAVE,AAVE,121.83500000000001,0.821,0.41,0.41,1.231,41640,0.019333,63.95
2026-08-22 01:25,ARB,ARB,0.099325,3.02,1.51,1.51,1.51,80549,0.00125,15.52
2026-08-22 01:25,POL,POL,0.0957775,0.104,0.157,0.157,0.157,22150,0.003314,18.59
2026-08-22 01:25,RENDER,RENDER,1.5331,1.305,0.652,1.957,2.609,29502,0.00125,13.8
2026-08-22 01:25,DOGE,DOGE,0.0937655,0.107,0.053,0.053,0.053,335101,0.013033,45.6
2026-08-22 01:25,SHIB,kSHIB,0.0059565,5.037,2.518,2.518,2.518,133537,0.002755,21.75
2026-08-22 01:25,PEPE,kPEPE,0.0041875,2.388,1.194,1.194,1.194,219511,0.01245,46.25
2026-08-22 01:25,WIF,WIF,0.20238,1.976,2.471,2.471,2.471,18370,0.00319,22.87
2026-08-22 01:25,BONK,kBONK,0.0031190000000000002,6.412,3.206,3.206,3.206,148326,0.00125,18.91
2026-08-22 01:25,TRUMP,TRUMP,1.9101,5.235,2.618,2.618,2.618,161570,0.00125,17.74
2026-08-22 01:30,BTC,BTC,78456.5,0.127,0.064,0.064,0.064,1883553,0.00125,12.63
2026-08-22 01:30,ETH,ETH,2527.1499999999996,0.396,0.198,0.198,0.198,3014705,0.002638,16.78
2026-08-22 01:30,SOL,SOL,94.4125,0.106,0.053,0.053,0.053,440641,0.00618,26.41
2026-08-22 01:30,XRP,XRP,1.4678499999999999,0.681,0.341,0.341,0.341,516224,0.015712,53.67
2026-08-22 01:30,AVAX,AVAX,7.8744,0.508,0.254,0.381,0.508,40780,0.008424,33.1
2026-08-22 01:30,LINK,LINK,12.1325,0.824,1.236,1.236,2.061,211994,0.014526,52.14
2026-08-22 01:30,LTC,LTC,53.7515,0.186,0.093,0.093,0.279,47529,0.018824,61.89
2026-08-22 01:30,ADA,ADA,0.23250500000000002,1.29,1.505,1.505,1.935,71258,0.01387,50.85
2026-08-22 01:30,DOT,DOT,0.947295,0.739,0.369,1.108,1.636,37446,0.00125,13.24
2026-08-22 01:30,UNI,UNI,4.177099999999999,0.479,0.239,0.479,1.197,29397,0.00555,25.02
2026-08-22 01:30,AAVE,AAVE,121.375,0.824,0.412,0.412,1.236,47172,0.018896,62.73
2026-08-22 01:30,ARB,ARB,0.09920999999999999,2.016,1.008,1.008,1.008,102378,0.00125,14.52
2026-08-22 01:30,POL,POL,0.09567400000000001,0.836,0.418,0.418,0.418,11158,0.003132,18.61
2026-08-22 01:30,RENDER,RENDER,1.5279500000000001,0.654,0.982,1.636,3.6,34255,0.00125,14.46
2026-08-22 01:30,DOGE,DOGE,0.0927485,3.558,1.779,1.779,2.102,70208,0.012511,47.59
2026-08-22 01:30,SHIB,kSHIB,0.0059605000000000005,5.033,2.517,2.517,2.517,198019,0.00245,20.89
2026-08-22 01:30,PEPE,kPEPE,0.004196,4.766,4.766,4.766,4.766,243594,0.012283,52.92
2026-08-22 01:30,WIF,WIF,0.20149499999999998,1.489,5.707,6.204,6.7,16660,0.003938,31.44
2026-08-22 01:30,BONK,kBONK,0.003114,6.423,3.211,3.211,3.211,143498,0.00125,18.92
2026-08-22 01:30,TRUMP,TRUMP,1.90455,3.675,1.838,2.888,2.888,117003,0.00125,16.18
2026-08-22 01:35,BTC,BTC,78446.5,0.127,0.064,0.064,0.064,2341430,0.00125,12.63
2026-08-22 01:35,ETH,ETH,2526.05,0.396,0.198,0.198,0.198,3968556,0.002913,17.55
2026-08-22 01:35,SOL,SOL,94.2205,0.106,0.053,0.053,0.053,283958,0.006287,26.71
2026-08-22 01:35,XRP,XRP,1.46975,2.041,1.021,1.021,1.701,1033859,0.015271,53.8
2026-08-22 01:35,AVAX,AVAX,7.86745,0.89,0.445,0.572,0.572,35511,0.008051,32.43
2026-08-22 01:35,LINK,LINK,12.0795,0.828,0.414,0.414,0.414,195357,0.014244,49.71
2026-08-22 01:35,LTC,LTC,53.539500000000004,0.187,0.093,0.093,0.093,71923,0.018802,61.83
2026-08-22 01:35,ADA,ADA,0.232495,0.43,1.936,1.936,3.226,138839,0.013731,51.32
2026-08-22 01:35,DOT,DOT,0.9434549999999999,1.59,0.795,1.113,1.219,37685,0.00125,14.09
2026-08-22 01:35,UNI,UNI,4.15745,0.241,0.12,0.12,0.12,40331,0.005209,23.83
2026-08-22 01:35,AAVE,AAVE,121.39,1.648,2.471,3.295,4.119,79800,0.018448,65.6
2026-08-22 01:35,ARB,ARB,0.09903,2.02,1.01,1.01,1.01,81074,0.00125,14.52
2026-08-22 01:35,POL,POL,0.0956565,0.105,0.784,4.338,4.652,9208,0.002945,18.82
2026-08-22 01:35,RENDER,RENDER,1.52595,1.966,0.983,1.638,6.881,30534,0.00125,14.47
2026-08-22 01:35,DOGE,DOGE,0.0925465,1.837,0.918,0.918,0.918,132034,0.012128,44.8
2026-08-22 01:35,SHIB,kSHIB,0.0059,3.39,1.695,1.695,1.695,116081,0.002085,18.23
2026-08-22 01:35,PEPE,kPEPE,0.004169,4.797,2.399,4.797,4.797,242287,0.012266,48.14
2026-08-22 01:35,WIF,WIF,0.19927,3.011,3.011,3.513,4.015,20477,0.00451,27.65
2026-08-22 01:35,BONK,kBONK,0.003114,6.423,3.211,3.211,3.211,135434,0.00125,18.92
2026-08-22 01:35,TRUMP,TRUMP,1.89615,0.527,0.264,0.264,0.264,109214,0.00125,13.03
2026-08-22 01:40,BTC,BTC,78204.5,0.128,0.064,0.831,1.215,1367731,0.00125,12.63
2026-08-22 01:40,ETH,ETH,2516.25,0.397,0.199,0.199,0.199,2298523,0.003022,17.86
2026-08-22 01:40,SOL,SOL,93.7805,0.107,0.053,0.053,0.053,475683,0.006079,26.13
2026-08-22 01:40,XRP,XRP,1.46055,0.685,0.342,0.342,0.342,665273,0.014816,51.17
2026-08-22 01:40,AVAX,AVAX,7.82255,1.918,1.214,1.342,2.109,14710,0.007411,32.18
2026-08-22 01:40,LINK,LINK,12.035499999999999,0.831,1.246,2.077,2.908,157008,0.013748,49.99
2026-08-22 01:40,LTC,LTC,53.2565,0.939,0.469,0.469,0.469,31373,0.018736,62.4
2026-08-22 01:40,ADA,ADA,0.231205,0.433,4.109,4.541,4.541,99749,0.013232,54.27
2026-08-22 01:40,DOT,DOT,0.9385300000000001,6.393,3.196,3.196,4.475,64114,0.00125,18.89
2026-08-22 01:40,UNI,UNI,4.1316,1.936,0.968,0.968,0.968,67033,0.004646,23.94
2026-08-22 01:40,AAVE,AAVE,121.375,0.824,5.355,5.355,6.179,70333,0.017833,69.64
2026-08-22 01:40,ARB,ARB,0.098575,3.043,1.522,1.522,1.522,90177,0.00125,15.54
2026-08-22 01:40,POL,POL,0.09534200000000001,1.049,0.629,0.629,0.629,24254,0.003323,19.56
2026-08-22 01:40,RENDER,RENDER,1.52115,1.972,0.986,4.93,5.588,38811,0.00125,14.47
2026-08-22 01:40,DOGE,DOGE,0.0918335,2.287,1.143,1.361,1.361,100685,0.0118,44.33
2026-08-22 01:40,SHIB,kSHIB,0.0058455,5.132,2.566,2.566,2.566,219556,0.001593,18.59
2026-08-22 01:40,PEPE,kPEPE,0.004109,4.867,2.434,2.434,2.434,285220,0.011688,46.59
2026-08-22 01:40,WIF,WIF,0.19813999999999998,2.019,3.533,5.047,5.552,18316,0.004657,29.1
2026-08-22 01:40,BONK,kBONK,0.0030865,3.24,1.62,4.86,4.86,179210,0.00125,15.74
2026-08-22 01:40,TRUMP,TRUMP,1.8863500000000002,0.53,5.566,5.566,5.566,134930,0.00125,23.63
2026-08-22 01:45,BTC,BTC,78395.5,0.128,0.064,0.064,0.064,1423343,0.00125,12.63
2026-08-22 01:45,ETH,ETH,2524.05,0.396,0.198,0.198,0.198,2891887,0.003173,18.28
2026-08-22 01:45,SOL,SOL,93.9755,0.106,0.053,0.053,0.053,324920,0.005949,25.76
2026-08-22 01:45,XRP,XRP,1.4612,1.369,0.684,0.684,0.684,514655,0.014445,50.81
2026-08-22 01:45,AVAX,AVAX,7.83735,0.128,0.064,0.064,0.064,14277,0.006887,28.41
2026-08-22 01:45,LINK,LINK,12.094000000000001,1.654,0.827,0.827,0.827,198707,0.013316,47.94
2026-08-22 01:45,LTC,LTC,53.286500000000004,0.188,0.094,0.094,0.094,51482,0.018873,62.03
2026-08-22 01:45,ADA,ADA,0.231525,0.432,0.216,0.216,0.216,66008,0.012769,45.18
2026-08-22 01:45,DOT,DOT,0.9399500000000001,0.638,0.319,1.915,4.362,60444,0.00125,13.14
2026-08-22 01:45,UNI,UNI,4.131,0.968,0.484,0.726,1.937,19229,0.004037,21.27
2026-08-22 01:45,AAVE,AAVE,121.955,0.82,3.69,3.69,3.69,53295,0.017592,65.64
2026-08-22 01:45,ARB,ARB,0.098525,3.045,1.522,1.522,1.522,75234,0.00125,15.54
2026-08-22 01:45,POL,POL,0.0952495,0.105,0.262,0.787,0.787,22906,0.003732,19.97
2026-08-22 01:45,RENDER,RENDER,1.5250499999999998,1.967,1.639,2.295,6.885,28869,0.00125,15.78
2026-08-22 01:45,DOGE,DOGE,0.0922565,0.108,0.054,0.054,0.054,50676,0.011839,42.26
2026-08-22 01:45,SHIB,kSHIB,0.005889500000000001,1.698,0.849,0.849,0.849,191220,0.001375,14.55
2026-08-22 01:45,PEPE,kPEPE,0.0041455,2.412,3.618,3.618,3.618,301262,0.011624,48.78
2026-08-22 01:45,WIF,WIF,0.19826500000000002,1.513,5.8,7.313,8.827,6164,0.0045,33.2
2026-08-22 01:45,BONK,kBONK,0.0030949999999999997,6.462,3.231,3.231,3.231,131041,0.00125,18.96
2026-08-22 01:45,TRUMP,TRUMP,1.8722500000000002,0.534,0.267,0.801,0.801,138379,0.00125,13.03
2026-08-22 01:50,BTC,BTC,78241.5,0.128,0.064,0.064,0.064,2145264,0.00125,12.63
2026-08-22 01:50,ETH,ETH,2515.1499999999996,0.398,0.199,0.199,0.199,3113666,0.003209,18.38
2026-08-22 01:50,SOL,SOL,93.62950000000001,0.107,0.053,0.053,0.053,250718,0.005864,25.53
2026-08-22 01:50,XRP,XRP,1.4520499999999998,0.689,1.033,1.033,1.033,601942,0.014063,50.44
2026-08-22 01:50,AVAX,AVAX,7.8079,1.025,0.512,2.049,2.177,30450,0.00639,27.92
2026-08-22 01:50,LINK,LINK,12.028500000000001,0.831,2.078,2.078,3.741,354392,0.012998,49.55
2026-08-22 01:50,LTC,LTC,53.1175,0.188,1.977,2.165,2.165,24533,0.018763,65.49
2026-08-22 01:50,ADA,ADA,0.22866999999999998,0.875,0.437,0.437,0.437,99619,0.011757,42.79
2026-08-22 01:50,DOT,DOT,0.9338599999999999,2.356,1.178,1.82,1.927,32413,0.00125,14.86
2026-08-22 01:50,UNI,UNI,4.1221,2.426,1.213,1.213,1.456,20504,0.003525,21.3
2026-08-22 01:50,AAVE,AAVE,121.965,0.82,3.69,3.69,4.509,66174,0.017347,64.95
2026-08-22 01:50,ARB,ARB,0.09816,2.037,1.019,1.019,1.019,108617,0.00125,14.54
2026-08-22 01:50,POL,POL,0.0955295,0.105,4.554,5.6,5.705,18648,0.003878,28.96
2026-08-22 01:50,RENDER,RENDER,1.5202,5.262,2.631,3.289,3.289,37860,0.00125,17.76
2026-08-22 01:50,DOGE,DOGE,0.091254,5.041,2.52,3.397,3.616,89500,0.011888,47.33
2026-08-22 01:50,SHIB,kSHIB,0.005894,3.393,1.697,3.393,3.393,180450,0.00125,15.89
2026-08-22 01:50,PEPE,kPEPE,0.0041695,2.398,1.199,3.598,3.598,291428,0.011558,43.76
2026-08-22 01:50,WIF,WIF,0.19821,2.018,4.541,8.072,10.09,9812,0.004496,30.67
2026-08-22 01:50,BONK,kBONK,0.0030995,3.226,1.613,1.613,1.613,172117,0.00125,15.73
2026-08-22 01:50,TRUMP,TRUMP,1.8714,2.137,1.603,3.206,3.741,113385,0.00125,15.71
2026-08-22 01:55,BTC,BTC,78330.5,0.128,0.064,0.064,0.064,1279832,0.00125,12.63
2026-08-22 01:55,ETH,ETH,2515.6499999999996,0.398,0.199,0.199,0.199,2824272,0.003238,18.46
2026-08-22 01:55,SOL,SOL,93.7005,0.107,0.053,0.053,0.053,284322,0.005827,25.42
2026-08-22 01:55,XRP,XRP,1.4539499999999999,0.688,4.471,4.471,4.471,198146,0.013533,55.83
2026-08-22 01:55,AVAX,AVAX,7.84295,0.128,0.956,1.466,1.976,14024,0.006092,27.97
2026-08-22 01:55,LINK,LINK,12.0115,2.498,1.249,1.249,1.249,212237,0.012713,47.1
2026-08-22 01:55,LTC,LTC,53.2265,0.939,0.47,0.47,0.47,45754,0.018686,62.26
2026-08-22 01:55,ADA,ADA,0.229215,0.436,0.218,0.218,0.218,80420,0.011109,40.54
2026-08-22 01:55,DOT,DOT,0.939295,0.106,0.053,0.053,0.053,38450,0.00125,12.61
2026-08-22 01:55,UNI,UNI,4.1386,7.249,3.624,3.624,3.624,38166,0.003153,25.08
2026-08-22 01:55,AAVE,AAVE,122.795,0.814,7.736,7.736,7.736,74159,0.017331,73.0
2026-08-22 01:55,ARB,ARB,0.09817999999999999,2.037,1.019,1.019,2.037,90339,0.00125,14.54
2026-08-22 01:55,POL,POL,0.0955415,1.57,1.622,1.727,2.774,5232,0.003869,23.08
2026-08-22 01:55,RENDER,RENDER,1.52495,0.656,5.574,5.574,8.197,11898,0.00125,23.65
2026-08-22 01:55,DOGE,DOGE,0.0914755,0.109,0.055,0.055,0.055,57973,0.011707,41.89
2026-08-22 01:55,SHIB,kSHIB,0.005927,3.374,1.687,1.687,1.687,190172,0.00125,15.87
2026-08-22 01:55,PEPE,kPEPE,0.0041395,2.416,1.208,1.208,1.208,221092,0.011167,42.68
2026-08-22 01:55,WIF,WIF,0.19906000000000001,2.009,3.014,3.014,4.521,6273,0.004692,28.17
2026-08-22 01:55,BONK,kBONK,0.0031065,3.219,1.61,1.61,1.61,168048,0.00125,15.72
2026-08-22 01:55,TRUMP,TRUMP,1.8640500000000002,0.536,0.805,0.805,1.341,108440,0.00125,14.11
2026-08-22 02:00,BTC,BTC,78337.5,0.128,0.064,0.064,0.064,2069140,0.00125,12.63
2026-08-22 02:00,ETH,ETH,2515.45,0.398,0.199,0.199,0.199,2913090,0.003221,18.42
2026-08-22 02:00,SOL,SOL,93.6565,0.107,0.053,0.053,0.053,286368,0.003233,18.16
2026-08-22 02:00,XRP,XRP,1.4516499999999999,0.689,0.344,0.344,0.344,1044769,0.005217,24.3
2026-08-22 02:00,AVAX,AVAX,7.83415,0.128,0.064,0.064,0.319,14535,0.00125,12.63
2026-08-22 02:00,LINK,LINK,11.9865,0.834,0.417,0.417,1.251,182297,0.006124,26.98
2026-08-22 02:00,LTC,LTC,53.183499999999995,0.188,1.41,1.41,2.538,20675,0.016107,56.92
2026-08-22 02:00,ADA,ADA,0.22890500000000003,1.311,0.655,0.655,0.655,104904,0.002589,17.56
2026-08-22 02:00,DOT,DOT,0.9388449999999999,3.515,1.757,1.864,2.503,29997,0.00125,16.01
2026-08-22 02:00,UNI,UNI,4.13865,1.691,0.846,0.846,0.846,24799,0.00125,14.19
2026-08-22 02:00,AAVE,AAVE,122.75,1.629,0.815,1.629,1.629,83397,0.019574,65.44
2026-08-22 02:00,ARB,ARB,0.09814500000000001,1.019,1.528,1.528,2.547,77731,0.00125,15.56
2026-08-22 02:00,POL,POL,0.09504,0.421,0.21,0.21,0.21,24771,0.0045,22.02
2026-08-22 02:00,RENDER,RENDER,1.52625,0.655,0.328,5.569,6.224,30486,0.00125,13.16
2026-08-22 02:00,DOGE,DOGE,0.0915605,0.109,0.055,0.055,0.055,500069,0.004887,22.79
2026-08-22 02:00,SHIB,kSHIB,0.005917,3.38,1.69,1.69,3.38,194345,0.00125,15.88
2026-08-22 02:00,PEPE,kPEPE,0.0041405,2.415,1.208,1.208,6.038,244960,0.005105,25.71
2026-08-22 02:00,WIF,WIF,0.199775,2.503,3.254,5.256,9.26,10543,0.004956,29.38
2026-08-22 02:00,BONK,kBONK,0.0031135,3.212,1.606,1.606,1.606,136860,0.00125,15.71
2026-08-22 02:00,TRUMP,TRUMP,1.8672499999999999,0.536,3.481,3.481,3.481,132420,0.00125,19.46
2026-08-22 02:05,BTC,BTC,78151.5,0.128,0.064,0.064,0.064,1631969,0.00125,12.63
2026-08-22 02:05,ETH,ETH,2511.55,0.398,0.199,0.199,0.199,3465860,0.003604,19.49
2026-08-22 02:05,SOL,SOL,93.7715,0.107,0.053,0.053,0.053,179776,0.003865,19.93
2026-08-22 02:05,XRP,XRP,1.4461499999999998,0.691,0.346,0.346,0.346,495271,0.007407,30.43
2026-08-22 02:05,AVAX,AVAX,7.843450000000001,0.637,0.319,0.319,0.319,52826,0.00153,13.92
2026-08-22 02:05,LINK,LINK,11.978,1.67,0.835,1.67,1.67,198163,0.008448,34.33
2026-08-22 02:05,LTC,LTC,53.0975,0.188,0.094,0.847,0.847,25582,0.017789,59.0
2026-08-22 02:05,ADA,ADA,0.228985,0.437,1.092,1.092,1.528,101196,0.004727,24.42
2026-08-22 02:05,DOT,DOT,0.93955,0.426,0.213,0.213,0.213,39154,0.00125,12.93
2026-08-22 02:05,UNI,UNI,4.13935,2.174,1.087,1.087,1.57,25204,0.00125,14.67
2026-08-22 02:05,AAVE,AAVE,123.155,0.812,2.842,2.842,3.654,58353,0.019883,70.36
2026-08-22 02:05,ARB,ARB,0.09795000000000001,2.042,1.021,1.021,1.021,72310,0.00125,14.54
2026-08-22 02:05,POL,POL,0.09507650000000001,1.157,4.049,4.155,5.312,19952,0.007099,36.98
2026-08-22 02:05,RENDER,RENDER,1.5250499999999998,1.967,0.984,1.639,5.574,20941,0.00125,14.47
2026-08-22 02:05,DOGE,DOGE,0.0912335,0.11,0.055,0.055,2.137,67490,0.006026,25.98
2026-08-22 02:05,SHIB,kSHIB,0.0059805,5.016,2.508,2.508,2.508,243002,0.00125,17.52
2026-08-22 02:05,PEPE,kPEPE,0.0041635000000000005,2.402,1.201,3.603,3.603,405073,0.007512,32.43
2026-08-22 02:05,WIF,WIF,0.200935,2.488,2.737,3.235,3.235,14146,0.005276,29.25
2026-08-22 02:05,BONK,kBONK,0.003151,6.347,3.174,3.174,3.174,183684,0.00125,18.85
2026-08-22 02:05,TRUMP,TRUMP,1.8714499999999998,0.534,0.267,0.267,0.267,148633,0.00125,13.03
2026-08-22 02:10,BTC,BTC,77989.5,0.128,0.064,0.064,0.064,3981469,0.00125,12.63
2026-08-22 02:10,ETH,ETH,2504.75,0.399,0.2,0.2,0.2,936480,0.002219,15.61
2026-08-22 02:10,SOL,SOL,93.4255,0.107,0.054,0.161,1.017,149861,0.002437,15.93
2026-08-22 02:10,XRP,XRP,1.4341,1.395,0.697,0.697,0.697,696610,0.005877,26.85
2026-08-22 02:10,AVAX,AVAX,7.8218499999999995,0.128,0.064,0.064,0.192,16468,0.001462,13.22
2026-08-22 02:10,LINK,LINK,11.9505,0.837,0.418,0.418,0.418,147148,0.007404,30.57
2026-08-22 02:10,LTC,LTC,53.078500000000005,0.188,0.094,0.094,0.283,17347,0.017795,59.02
2026-08-22 02:10,ADA,ADA,0.22806500000000002,0.438,0.219,0.219,0.219,74389,0.005215,24.04
2026-08-22 02:10,DOT,DOT,0.942565,0.106,0.053,0.053,0.053,31908,0.00125,12.61
2026-08-22 02:10,UNI,UNI,4.12955,0.242,0.121,0.121,0.121,35515,0.00125,12.74
2026-08-22 02:10,AAVE,AAVE,123.475,0.81,0.405,0.405,0.405,68572,0.017924,60.0
2026-08-22 02:10,ARB,ARB,0.097625,3.073,1.536,1.536,2.561,93261,0.00125,15.57
2026-08-22 02:10,POL,POL,0.0945535,0.106,0.687,1.851,2.168,12363,0.00593,26.98
2026-08-22 02:10,RENDER,RENDER,1.5216,2.629,3.943,3.943,7.886,15897,0.00125,20.39
2026-08-22 02:10,DOGE,DOGE,0.0908225,0.11,0.055,0.055,0.055,139098,0.004872,22.75
2026-08-22 02:10,SHIB,kSHIB,0.0058785,1.701,0.851,0.851,0.851,187618,0.00125,14.2
2026-08-22 02:10,PEPE,kPEPE,0.004095,4.884,2.442,2.442,2.442,395178,0.006516,32.13
2026-08-22 02:10,WIF,WIF,0.2008,2.988,5.976,6.474,6.972,19647,0.005892,37.45
2026-08-22 02:10,BONK,kBONK,0.0031135,3.212,1.606,1.606,1.606,231542,0.00125,15.71
2026-08-22 02:10,TRUMP,TRUMP,1.88025,4.787,2.393,2.393,3.989,106583,0.00125,17.29
2026-08-22 02:15,BTC,BTC,77999.5,0.128,0.064,0.064,0.064,1810510,0.00125,12.63
2026-08-22 02:15,ETH,ETH,2504.25,0.399,0.2,0.2,0.2,3922536,0.001798,14.43
2026-08-22 02:15,SOL,SOL,93.54650000000001,0.107,0.053,0.16,0.16,145782,0.002049,14.85
2026-08-22 02:15,XRP,XRP,1.4330500000000002,0.698,0.349,0.349,0.349,1606515,0.005546,25.23
2026-08-22 02:15,AVAX,AVAX,7.8622499999999995,0.127,0.064,0.064,0.064,31347,0.001614,13.65
2026-08-22 02:15,LINK,LINK,11.9825,0.835,2.086,2.086,2.086,209693,0.007469,34.09
2026-08-22 02:15,LTC,LTC,53.319500000000005,0.188,0.094,0.281,0.281,34011,0.017998,59.58
2026-08-22 02:15,ADA,ADA,0.22767500000000002,0.439,2.855,2.855,2.855,77407,0.005437,29.93
2026-08-22 02:15,DOT,DOT,0.9439299999999999,0.424,0.318,0.318,0.318,37159,0.00125,13.14
2026-08-22 02:15,UNI,UNI,4.144,3.861,1.931,1.931,1.931,31356,0.00125,16.36
2026-08-22 02:15,AAVE,AAVE,123.535,0.809,3.643,3.643,3.643,47112,0.015898,60.8
2026-08-22 02:15,ARB,ARB,0.097625,3.073,1.536,2.561,3.585,90881,0.00125,15.57
2026-08-22 02:15,POL,POL,0.0944825,0.106,0.053,3.863,3.969,12775,0.006108,26.21
2026-08-22 02:15,RENDER,RENDER,1.52115,1.972,0.986,2.301,2.958,30225,0.00125,14.47
2026-08-22 02:15,DOGE,DOGE,0.090837,0.661,0.33,0.33,0.33,123808,0.005033,23.75
2026-08-22 02:15,SHIB,kSHIB,0.005877500000000001,1.701,0.851,0.851,0.851,132850,0.00125,14.2
2026-08-22 02:15,PEPE,kPEPE,0.004103,4.874,2.437,2.437,2.437,448985,0.006136,31.05
2026-08-22 02:15,WIF,WIF,0.20254,5.925,11.85,12.343,15.306,10621,0.005674,48.59
2026-08-22 02:15,BONK,kBONK,0.003118,6.414,3.207,3.207,3.207,240475,0.00125,18.91
2026-08-22 02:15,TRUMP,TRUMP,1.88815,3.707,1.854,1.854,2.383,116917,0.00125,16.21
2026-08-22 02:20,BTC,BTC,78098.5,0.128,0.064,0.064,0.064,2580596,0.00125,12.63
2026-08-22 02:20,ETH,ETH,2507.1499999999996,0.399,0.199,0.997,0.997,2558253,0.001602,13.89
2026-08-22 02:20,SOL,SOL,94.0085,0.106,2.181,2.181,2.181,237614,0.001856,18.56
2026-08-22 02:20,XRP,XRP,1.4478499999999999,0.691,1.727,1.727,1.727,1091947,0.005518,27.91
2026-08-22 02:20,AVAX,AVAX,7.8965499999999995,2.153,1.076,1.076,1.33,54992,0.001951,16.62
2026-08-22 02:20,LINK,LINK,12.003499999999999,0.833,2.083,2.083,2.916,180165,0.007661,34.62
2026-08-22 02:20,LTC,LTC,53.4835,0.187,0.093,0.841,1.028,60977,0.018125,59.94
2026-08-22 02:20,ADA,ADA,0.22895500000000002,3.057,1.529,1.529,1.529,134970,0.006251,29.56
2026-08-22 02:20,DOT,DOT,0.9469099999999999,2.323,1.162,1.162,1.162,30728,0.00125,14.82
2026-08-22 02:20,UNI,UNI,4.1485,0.482,0.241,0.964,0.964,58485,0.00125,12.98
2026-08-22 02:20,AAVE,AAVE,123.41499999999999,0.81,1.215,2.026,2.026,100209,0.013671,49.71
2026-08-22 02:20,ARB,ARB,0.09788,2.043,2.043,2.043,2.043,119711,0.00125,16.59
2026-08-22 02:20,POL,POL,0.0946495,0.106,4.279,5.019,5.969,7721,0.006341,35.31
2026-08-22 02:20,RENDER,RENDER,1.5258500000000002,1.966,2.949,3.605,9.503,28860,0.00125,18.4
2026-08-22 02:20,DOGE,DOGE,0.0915155,0.109,0.055,0.164,0.164,97215,0.005867,25.54
2026-08-22 02:20,SHIB,kSHIB,0.0058725,5.109,4.257,4.257,4.257,232724,0.00125,21.01
2026-08-22 02:20,PEPE,kPEPE,0.004135,4.837,4.837,9.674,12.092,240844,0.006344,36.44
2026-08-22 02:20,WIF,WIF,0.20304499999999998,1.478,5.664,9.604,10.589,6158,0.005549,35.86
2026-08-22 02:20,BONK,kBONK,0.0031244999999999997,9.602,4.801,4.801,4.801,175593,0.00125,22.1
2026-08-22 02:20,TRUMP,TRUMP,1.8872,4.239,3.709,3.709,3.709,98898,0.00125,19.92
2026-08-22 02:25,BTC,BTC,78099.5,0.128,0.064,0.064,0.064,1101521,0.00125,12.63
2026-08-22 02:25,ETH,ETH,2511.95,0.398,0.995,0.995,0.995,2010075,0.001526,15.26
2026-08-22 02:25,SOL,SOL,94.40350000000001,0.106,0.053,0.053,0.053,281323,0.001764,14.05
2026-08-22 02:25,XRP,XRP,1.4608,1.369,0.685,1.369,1.369,854060,0.005674,26.26
2026-08-22 02:25,AVAX,AVAX,7.88765,0.127,0.063,2.092,4.627,78757,0.002126,15.08
2026-08-22 02:25,LINK,LINK,12.025500000000001,0.832,2.079,2.079,2.91,176377,0.008119,35.89
2026-08-22 02:25,LTC,LTC,53.685500000000005,0.186,0.093,0.093,0.838,42528,0.018552,61.13
2026-08-22 02:25,ADA,ADA,0.229665,0.435,0.218,0.653,1.089,91742,0.007574,30.64
2026-08-22 02:25,DOT,DOT,0.9450050000000001,0.529,0.265,0.265,0.265,30505,0.00125,13.03
2026-08-22 02:25,UNI,UNI,4.1777,2.394,1.197,1.197,1.436,74387,0.00125,14.89
2026-08-22 02:25,AAVE,AAVE,124.32,1.609,0.804,0.804,0.804,78192,0.012574,45.82
2026-08-22 02:25,ARB,ARB,0.098165,1.019,1.528,2.547,3.565,81565,0.00125,15.56
2026-08-22 02:25,POL,POL,0.09492249999999999,0.105,1.001,3.74,3.951,7740,0.006845,30.17
2026-08-22 02:25,RENDER,RENDER,1.53045,5.881,2.94,3.594,6.207,35292,0.00125,18.38
2026-08-22 02:25,DOGE,DOGE,0.0918985,1.415,0.707,0.707,0.707,125371,0.00639,28.31
2026-08-22 02:25,SHIB,kSHIB,0.005968,3.351,1.676,1.676,1.676,209054,0.00125,15.85
2026-08-22 02:25,PEPE,kPEPE,0.0041475,2.411,3.617,3.617,3.617,368998,0.006435,34.25
2026-08-22 02:25,WIF,WIF,0.20325500000000002,1.476,4.674,10.578,12.054,1703,0.00515,32.77
2026-08-22 02:25,BONK,kBONK,0.003151,6.347,3.174,3.174,6.347,173949,0.00125,18.85
2026-08-22 02:25,TRUMP,TRUMP,1.9067500000000002,1.573,0.787,2.884,2.884,119494,0.00125,14.07
2026-08-22 02:30,BTC,BTC,78017.5,0.128,0.705,0.961,0.961,1537878,0.00125,13.91
2026-08-22 02:30,ETH,ETH,2511.8500000000004,0.398,0.199,0.199,0.199,3468863,0.001623,13.94
2026-08-22 02:30,SOL,SOL,93.7855,0.107,0.053,0.053,0.053,270964,0.001534,13.4
2026-08-22 02:30,XRP,XRP,1.4673500000000002,0.682,0.341,0.341,0.341,973715,0.006413,27.64
2026-08-22 02:30,AVAX,AVAX,7.87245,0.127,0.064,2.35,2.985,35086,0.002282,15.52
2026-08-22 02:30,LINK,LINK,12.009,1.665,0.833,1.665,1.665,192308,0.008611,34.78
2026-08-22 02:30,LTC,LTC,53.575500000000005,0.187,0.093,0.093,0.653,49233,0.018705,61.56
2026-08-22 02:30,ADA,ADA,0.229835,0.435,1.958,1.958,1.958,70319,0.008404,36.45
2026-08-22 02:30,DOT,DOT,0.9477949999999999,0.106,0.58,0.58,0.58,24589,0.00125,13.66
2026-08-22 02:30,UNI,UNI,4.1842,1.912,0.956,0.956,1.195,30900,0.00125,14.41
2026-08-22 02:30,AAVE,AAVE,123.57499999999999,0.809,0.405,0.405,0.405,118249,0.011563,42.19
2026-08-22 02:30,ARB,ARB,0.09784000000000001,2.044,2.044,2.044,3.066,90499,0.00125,16.59
2026-08-22 02:30,POL,POL,0.0953425,0.944,1.731,1.731,1.731,7600,0.007305,32.91
2026-08-22 02:30,RENDER,RENDER,1.5265,3.931,4.586,5.896,5.896,34315,0.00125,21.67
2026-08-22 02:30,DOGE,DOGE,0.0917685,1.417,0.708,0.708,0.708,98233,0.006853,29.6
2026-08-22 02:30,SHIB,kSHIB,0.00597,6.7,3.35,6.7,10.05,157084,0.00125,19.2
2026-08-22 02:30,PEPE,kPEPE,0.004124,4.85,2.425,2.425,2.425,405418,0.006468,31.96
2026-08-22 02:30,WIF,WIF,0.20264,1.974,0.987,0.987,0.987,18464,0.004933,24.79
2026-08-22 02:30,BONK,kBONK,0.0031465,3.178,1.589,1.589,1.589,173423,0.00125,15.68
2026-08-22 02:30,TRUMP,TRUMP,1.9027500000000002,0.526,0.263,0.263,0.263,119133,0.00125,13.03
2026-08-22 02:35,BTC,BTC,77932.5,0.128,0.064,0.064,0.064,5376874,0.00125,12.63
2026-08-22 02:35,ETH,ETH,2511.6499999999996,0.398,0.199,0.199,0.199,4288535,0.001779,14.38
2026-08-22 02:35,SOL,SOL,93.7175,0.107,0.053,0.053,0.053,393674,0.001472,13.23
2026-08-22 02:35,XRP,XRP,1.46625,0.682,0.341,0.341,0.341,875249,0.007031,29.37
2026-08-22 02:35,AVAX,AVAX,7.85515,0.127,3.246,3.628,3.628,76869,0.002383,22.17
2026-08-22 02:35,LINK,LINK,11.9775,0.835,0.417,0.417,0.417,190606,0.008775,34.41
2026-08-22 02:35,LTC,LTC,53.554,1.12,0.56,0.56,2.241,52114,0.018833,62.85
2026-08-22 02:35,ADA,ADA,0.230215,0.434,0.217,0.217,0.217,144735,0.008962,34.53
2026-08-22 02:35,DOT,DOT,0.94909,1.264,0.948,0.948,0.948,23514,0.00125,14.4
2026-08-22 02:35,UNI,UNI,4.1919,1.908,0.954,0.954,0.954,96651,0.00125,14.41
2026-08-22 02:35,AAVE,AAVE,123.265,0.811,0.406,1.217,1.217,106561,0.01111,40.92
2026-08-22 02:35,ARB,ARB,0.097975,3.062,1.531,1.531,1.531,95819,0.00125,15.56
2026-08-22 02:35,POL,POL,0.0955535,0.105,3.297,3.611,3.611,20889,0.007264,35.93
2026-08-22 02:35,RENDER,RENDER,1.5271,3.929,1.965,1.965,1.965,28006,0.00125,16.43
2026-08-22 02:35,DOGE,DOGE,0.0914685,0.109,2.679,2.679,2.788,102830,0.00709,34.21
2026-08-22 02:35,SHIB,kSHIB,0.005941,3.366,1.683,1.683,3.366,194303,0.00125,15.87
2026-08-22 02:35,PEPE,kPEPE,0.004089499999999999,2.445,1.223,1.223,1.223,343912,0.006469,29.56
2026-08-22 02:35,WIF,WIF,0.20096,2.986,1.493,2.488,2.986,17848,0.004723,25.21
2026-08-22 02:35,BONK,kBONK,0.003143,6.363,3.182,3.182,3.182,176707,0.00125,18.86
2026-08-22 02:35,TRUMP,TRUMP,1.9085999999999999,5.239,3.144,3.668,4.192,101101,0.00125,18.79
2026-08-22 02:40,BTC,BTC,77957.5,0.128,0.064,0.064,0.064,5131681,0.00125,12.63
2026-08-22 02:40,ETH,ETH,2513.05,0.398,0.199,0.199,0.199,4682248,0.001947,14.85
2026-08-22 02:40,SOL,SOL,93.7805,0.107,0.053,0.053,0.053,256672,0.001409,13.05
2026-08-22 02:40,XRP,XRP,1.4534,2.752,2.064,2.064,2.064,281314,0.00698,32.67
2026-08-22 02:40,AVAX,AVAX,7.85965,0.127,1.336,1.972,1.972,40436,0.002503,18.68
2026-08-22 02:40,LINK,LINK,12.0425,0.83,0.415,0.415,0.415,308229,0.009365,36.05
2026-08-22 02:40,LTC,LTC,53.652,1.491,0.746,1.118,1.305,48183,0.018823,63.2
2026-08-22 02:40,ADA,ADA,0.229755,1.306,1.523,1.523,1.523,95745,0.009307,38.11
2026-08-22 02:40,DOT,DOT,0.95181,0.63,1.471,2.732,2.837,24734,0.00125,15.44
2026-08-22 02:40,UNI,UNI,4.2344,4.251,2.125,2.125,3.542,59775,0.00125,16.75
2026-08-22 02:40,AAVE,AAVE,123.575,2.428,1.214,1.214,2.023,95816,0.010962,42.12
2026-08-22 02:40,ARB,ARB,0.098095,3.058,1.529,1.529,1.529,92465,0.00125,15.56
2026-08-22 02:40,POL,POL,0.0952765,0.105,1.102,2.047,3.096,13168,0.007143,31.21
2026-08-22 02:40,RENDER,RENDER,1.53145,11.101,6.203,6.203,6.203,26632,0.001452,25.47
2026-08-22 02:40,DOGE,DOGE,0.0913455,0.109,0.055,0.055,0.055,150919,0.00727,29.46
2026-08-22 02:40,SHIB,kSHIB,0.005969,3.351,1.675,1.675,1.675,205995,0.00125,15.85
2026-08-22 02:40,PEPE,kPEPE,0.004092,4.888,4.888,4.888,4.888,366487,0.006577,37.19
2026-08-22 02:40,WIF,WIF,0.20232499999999998,1.483,5.19,5.684,6.672,6657,0.004589,32.23
2026-08-22 02:40,BONK,kBONK,0.003153,6.343,3.172,3.172,3.172,191288,0.00125,18.84
2026-08-22 02:40,TRUMP,TRUMP,1.8943500000000002,0.528,2.375,2.375,3.431,134255,0.00125,17.25
2026-08-22 02:45,BTC,BTC,77808.5,0.129,0.064,0.064,0.064,10515862,0.00125,12.63
2026-08-22 02:45,ETH,ETH,2509.05,0.399,0.199,0.199,0.199,4113228,0.002069,15.19
2026-08-22 02:45,SOL,SOL,93.4855,0.107,0.053,0.053,0.053,335219,0.001289,12.72
2026-08-22 02:45,XRP,XRP,1.44745,3.454,1.727,1.727,1.727,1036968,0.006727,31.29
2026-08-22 02:45,AVAX,AVAX,7.81855,1.407,1.215,1.215,1.343,45791,0.002474,18.36
2026-08-22 02:45,LINK,LINK,12.032499999999999,0.831,0.416,0.416,0.416,179739,0.010052,37.98
2026-08-22 02:45,LTC,LTC,53.543499999999995,1.307,0.654,0.654,0.654,71552,0.01862,62.44
2026-08-22 02:45,ADA,ADA,0.228445,2.189,1.094,1.094,1.094,146220,0.009472,37.71
2026-08-22 02:45,DOT,DOT,0.94957,1.474,0.737,0.737,0.737,32800,0.00125,13.97
2026-08-22 02:45,UNI,UNI,4.2231000000000005,0.947,0.474,0.474,0.474,60093,0.00125,13.45
2026-08-22 02:45,AAVE,AAVE,122.805,0.814,2.036,2.85,2.85,104356,0.010729,43.11
2026-08-22 02:45,ARB,ARB,0.09770999999999999,2.047,1.023,1.023,2.047,77649,0.00125,14.55
2026-08-22 02:45,POL,POL,0.0946705,0.106,1.215,1.637,4.384,15063,0.006686,30.15
2026-08-22 02:45,RENDER,RENDER,1.52905,4.578,2.289,2.289,2.289,19192,0.001811,18.65
2026-08-22 02:45,DOGE,DOGE,0.091055,0.22,0.11,0.11,1.318,104984,0.007292,29.64
2026-08-22 02:45,SHIB,kSHIB,0.0060149999999999995,3.325,1.663,1.663,4.988,180012,0.00125,15.83
2026-08-22 02:45,PEPE,kPEPE,0.0040750000000000005,4.908,2.454,4.908,4.908,398348,0.006805,32.96
2026-08-22 02:45,WIF,WIF,0.20249499999999998,1.482,4.198,5.679,9.63,7425,0.004475,29.92
2026-08-22 02:45,BONK,kBONK,0.003129,6.392,3.196,3.196,3.196,170819,0.00125,18.89
2026-08-22 02:45,TRUMP,TRUMP,1.8923999999999999,3.171,1.585,1.585,4.756,144096,0.00125,15.67
2026-08-22 02:50,BTC,BTC,77841.5,0.128,0.064,0.064,0.064,3374540,0.00125,12.63
2026-08-22 02:50,ETH,ETH,2519.95,0.397,0.198,0.198,0.198,509122,0.002249,15.69
2026-08-22 02:50,SOL,SOL,93.7415,0.107,0.053,0.053,0.053,373905,0.00125,12.61
2026-08-22 02:50,XRP,XRP,1.45065,0.689,0.345,0.345,0.345,763299,0.006527,27.96
2026-08-22 02:50,AVAX,AVAX,7.8385,1.021,0.893,0.893,0.893,6491,0.002395,17.49
2026-08-22 02:50,LINK,LINK,12.0815,0.828,0.414,0.414,0.414,122439,0.010621,39.57
2026-08-22 02:50,LTC,LTC,53.6845,0.186,0.093,0.093,0.093,47057,0.018449,60.84
2026-08-22 02:50,ADA,ADA,0.22841,1.751,0.876,0.876,1.751,92868,0.009211,36.54
2026-08-22 02:50,DOT,DOT,0.9499850000000001,0.105,1.947,1.947,1.947,21467,0.00125,16.39
2026-08-22 02:50,UNI,UNI,4.20845,0.713,0.356,1.307,1.782,34482,0.001679,14.41
2026-08-22 02:50,AAVE,AAVE,123.165,2.436,1.218,2.842,2.842,88423,0.010743,41.52
2026-08-22 02:50,ARB,ARB,0.09788,2.043,1.022,1.022,1.022,93000,0.00125,14.54
2026-08-22 02:50,POL,POL,0.0952935,0.105,2.361,3.411,6.664,5239,0.006546,32.05
2026-08-22 02:50,RENDER,RENDER,1.5322,3.916,3.916,3.916,3.916,34276,0.002084,22.67
2026-08-22 02:50,DOGE,DOGE,0.0913745,0.109,0.055,4.104,4.213,59017,0.007232,29.36
2026-08-22 02:50,SHIB,kSHIB,0.0060095,4.992,2.496,2.496,2.496,173826,0.00125,17.49
2026-08-22 02:50,PEPE,kPEPE,0.004078,4.904,2.452,2.452,2.452,350627,0.007107,33.8
2026-08-22 02:50,WIF,WIF,0.203705,0.491,5.645,8.1,8.1,11744,0.004546,33.02
2026-08-22 02:50,BONK,kBONK,0.0031565,9.504,4.752,4.752,4.752,171825,0.00125,22.0
2026-08-22 02:50,TRUMP,TRUMP,1.89835,10.009,5.004,5.004,5.004,160990,0.00125,22.51
2026-08-22 02:55,BTC,BTC,77920.5,0.128,0.064,0.064,0.064,2105260,0.00125,12.63
2026-08-22 02:55,ETH,ETH,2520.8500000000004,0.397,0.198,0.198,0.198,1275959,0.00248,16.34
2026-08-22 02:55,SOL,SOL,93.8395,0.107,1.012,1.012,1.758,135711,0.00125,14.52
2026-08-22 02:55,XRP,XRP,1.4497499999999999,2.069,1.035,1.035,1.035,1124849,0.006407,29.01
2026-08-22 02:55,AVAX,AVAX,7.87135,0.127,1.461,1.588,1.969,21147,0.002473,18.85
2026-08-22 02:55,LINK,LINK,12.0915,0.827,0.414,0.414,0.414,160945,0.011098,40.9
2026-08-22 02:55,LTC,LTC,53.748000000000005,0.744,0.744,0.93,1.488,24191,0.018205,61.46
2026-08-22 02:55,ADA,ADA,0.228715,0.437,0.219,0.219,0.219,57464,0.008877,34.29
2026-08-22 02:55,DOT,DOT,0.957775,1.148,0.574,1.201,1.201,58580,0.00125,13.65
2026-08-22 02:55,UNI,UNI,4.2367,1.416,3.777,4.721,6.137,54363,0.002081,22.38
2026-08-22 02:55,AAVE,AAVE,124.095,0.806,1.209,1.209,1.209,104750,0.010884,41.89
2026-08-22 02:55,ARB,ARB,0.098385,7.115,5.59,6.607,7.623,97851,0.00125,23.68
2026-08-22 02:55,POL,POL,0.0954395,0.105,4.034,5.501,6.339,18239,0.006438,35.1
2026-08-22 02:55,RENDER,RENDER,1.5401500000000001,7.142,4.22,4.87,4.87,16528,0.002289,23.85
2026-08-22 02:55,DOGE,DOGE,0.0917795,0.109,0.054,0.054,0.054,77720,0.007485,30.07
2026-08-22 02:55,SHIB,kSHIB,0.0060285,1.659,2.488,2.488,4.147,122450,0.00125,17.48
2026-08-22 02:55,PEPE,kPEPE,0.004078,4.904,2.452,4.904,4.904,294971,0.00746,34.79
2026-08-22 02:55,WIF,WIF,0.20608500000000002,3.397,4.125,4.125,5.58,14091,0.004764,30.59
2026-08-22 02:55,BONK,kBONK,0.0031755,3.149,1.575,1.575,1.575,207803,0.00125,15.65
2026-08-22 02:55,TRUMP,TRUMP,1.92965,0.518,1.814,3.368,5.96,82850,0.00125,16.13
2026-08-22 03:00,BTC,BTC,77967.5,0.128,0.064,0.064,0.064,4028896,0.00125,12.63
2026-08-22 03:00,ETH,ETH,2523.55,0.396,0.198,0.198,0.198,906209,0.006848,28.57
2026-08-22 03:00,SOL,SOL,93.9145,0.106,0.053,0.053,0.053,241136,0.00125,12.61
2026-08-22 03:00,XRP,XRP,1.46015,0.685,0.342,0.342,0.342,997824,0.00534,24.64
2026-08-22 03:00,AVAX,AVAX,7.89025,3.168,2.218,2.978,3.359,20029,0.003731,23.88
2026-08-22 03:00,LINK,LINK,12.11,1.652,0.826,0.826,1.652,105767,0.016187,55.98
2026-08-22 03:00,LTC,LTC,53.974999999999994,0.371,0.371,0.556,1.297,30976,0.015889,54.23
2026-08-22 03:00,ADA,ADA,0.229795,4.787,2.393,2.829,5.004,109914,0.005563,29.36
2026-08-22 03:00,DOT,DOT,0.965275,0.104,1.709,1.709,1.813,33177,0.00125,15.92
2026-08-22 03:00,UNI,UNI,4.2475000000000005,3.767,1.883,1.883,1.883,43353,0.008539,36.67
2026-08-22 03:00,AAVE,AAVE,124.205,0.805,1.208,1.208,4.428,115112,0.010428,40.61
2026-08-22 03:00,ARB,ARB,0.09859499999999999,1.014,0.507,0.507,1.521,91552,0.00125,13.51
2026-08-22 03:00,POL,POL,0.095801,0.626,1.566,3.027,3.236,13432,0.005858,28.54
2026-08-22 03:00,RENDER,RENDER,1.5462500000000001,4.527,2.264,3.557,5.497,27189,0.004234,25.38
2026-08-22 03:00,DOGE,DOGE,0.091839,0.653,1.089,1.089,1.089,59813,0.013325,48.49
2026-08-22 03:00,SHIB,kSHIB,0.0060750000000000005,3.292,1.646,1.646,1.646,193347,0.004853,25.88
2026-08-22 03:00,PEPE,kPEPE,0.004092500000000001,2.443,1.222,1.222,1.222,539986,0.014425,51.83
2026-08-22 03:00,WIF,WIF,0.20793,2.886,2.405,2.405,4.328,20819,0.004098,25.28
2026-08-22 03:00,BONK,kBONK,0.00319,6.27,3.135,3.135,3.135,170925,0.003083,23.9
2026-08-22 03:00,TRUMP,TRUMP,1.9359000000000002,7.232,3.616,4.132,4.132,188434,0.00125,19.73
2026-08-22 03:05,BTC,BTC,78148.5,0.128,0.064,0.064,0.064,2017716,0.00125,12.63
2026-08-22 03:05,ETH,ETH,2531.55,0.395,0.198,0.198,0.198,1092569,0.008446,33.04
2026-08-22 03:05,SOL,SOL,94.2495,0.106,0.053,0.053,0.053,322369,0.00125,12.61
2026-08-22 03:05,XRP,XRP,1.47385,0.678,0.339,0.339,0.339,604807,0.009852,37.26
2026-08-22 03:05,AVAX,AVAX,7.929,0.757,0.504,0.504,0.504,39949,0.003481,19.76
2026-08-22 03:05,LINK,LINK,12.1525,0.823,0.411,0.411,0.411,112841,0.015873,54.27
2026-08-22 03:05,LTC,LTC,54.0805,0.185,0.647,1.757,1.942,34829,0.015255,53.01
2026-08-22 03:05,ADA,ADA,0.230795,2.166,1.083,1.083,1.083,62511,0.004866,24.79
2026-08-22 03:05,DOT,DOT,0.9717899999999999,3.087,1.544,1.544,1.544,35980,0.00125,15.59
2026-08-22 03:05,UNI,UNI,4.258,2.349,1.174,1.409,1.644,36575,0.010314,40.23
2026-08-22 03:05,AAVE,AAVE,124.295,0.805,0.402,0.402,0.402,159292,0.012497,44.8
2026-08-22 03:05,ARB,ARB,0.09927,2.015,1.007,2.015,2.015,81304,0.00125,14.51
2026-08-22 03:05,POL,POL,0.0961295,0.104,2.341,4.213,4.317,14999,0.005168,28.15
2026-08-22 03:05,RENDER,RENDER,1.5489,2.582,3.874,3.874,3.874,36106,0.004286,28.75
2026-08-22 03:05,DOGE,DOGE,0.092147,0.217,0.217,0.217,0.217,78828,0.012609,44.74
2026-08-22 03:05,SHIB,kSHIB,0.006135,3.26,1.63,1.63,3.26,110992,0.00125,15.76
2026-08-22 03:05,PEPE,kPEPE,0.0041205,7.281,3.64,3.64,6.067,303507,0.014382,56.55
2026-08-22 03:05,WIF,WIF,0.20784999999999998,1.924,6.255,7.217,7.698,8589,0.005762,37.64
2026-08-22 03:05,BONK,kBONK,0.0032199999999999998,6.211,3.106,3.106,3.106,159806,0.00125,18.71
2026-08-22 03:05,TRUMP,TRUMP,1.9186999999999999,4.169,4.169,4.691,4.691,98606,0.00125,20.84
2026-08-22 03:10,BTC,BTC,78182.5,0.128,0.064,0.576,0.831,1209513,0.00125,12.63
2026-08-22 03:10,ETH,ETH,2526.8500000000004,0.396,0.198,0.198,0.198,769489,0.00925,35.3
2026-08-22 03:10,SOL,SOL,94.1855,0.106,0.053,0.053,0.053,273516,0.00125,12.61
2026-08-22 03:10,XRP,XRP,1.46955,0.68,0.34,0.34,0.34,465225,0.010095,37.95
2026-08-22 03:10,AVAX,AVAX,7.9054,0.253,0.506,0.885,1.518,19033,0.003386,19.49
2026-08-22 03:10,LINK,LINK,12.1385,0.824,0.412,0.412,0.412,200079,0.015146,52.23
2026-08-22 03:10,LTC,LTC,53.920500000000004,0.185,2.504,2.689,2.689,29741,0.015456,57.28
2026-08-22 03:10,ADA,ADA,0.230335,1.302,0.651,0.651,1.085,55458,0.004519,22.96
2026-08-22 03:10,DOT,DOT,0.9775400000000001,0.614,0.307,2.251,2.967,30625,0.00125,13.11
2026-08-22 03:10,UNI,UNI,4.253399999999999,0.94,1.646,1.646,2.351,24380,0.009707,39.47
2026-08-22 03:10,AAVE,AAVE,123.735,0.808,0.404,0.404,0.404,122045,0.013038,46.32
2026-08-22 03:10,ARB,ARB,0.099285,3.022,1.511,1.511,1.511,84576,0.00125,15.52
2026-08-22 03:10,POL,POL,0.095917,0.834,2.919,3.023,3.023,21234,0.005606,30.53
2026-08-22 03:10,RENDER,RENDER,1.5481,2.584,1.292,3.876,4.522,28109,0.004026,22.86
2026-08-22 03:10,DOGE,DOGE,0.0920745,0.109,0.38,0.38,0.38,84206,0.012533,44.85
2026-08-22 03:10,SHIB,kSHIB,0.0060680000000000005,3.296,1.648,1.648,3.296,146226,0.00125,15.8
2026-08-22 03:10,PEPE,kPEPE,0.0041125,2.432,1.216,1.216,3.647,212952,0.013755,49.95
2026-08-22 03:10,WIF,WIF,0.2076,4.817,6.744,9.152,11.079,8225,0.005057,36.65
2026-08-22 03:10,BONK,kBONK,0.003214,6.223,3.111,3.111,3.111,138269,0.00125,18.72
2026-08-22 03:10,TRUMP,TRUMP,1.9165999999999999,3.131,1.565,1.565,1.565,133969,0.00125,15.63
2026-08-22 03:15,BTC,BTC,78150.5,0.128,0.064,0.064,0.064,3807103,0.00125,12.63
2026-08-22 03:15,ETH,ETH,2526.25,0.396,0.198,0.198,0.198,2093212,0.00933,35.52
2026-08-22 03:15,SOL,SOL,94.2765,0.106,1.008,1.008,1.008,134440,0.00125,14.52
2026-08-22 03:15,XRP,XRP,1.4787499999999998,0.676,0.338,0.338,0.338,282371,0.01086,40.08
2026-08-22 03:15,AVAX,AVAX,7.889049999999999,1.394,1.711,1.838,1.965,10856,0.00339,21.91
2026-08-22 03:15,LINK,LINK,12.1465,0.823,0.412,0.412,0.412,102602,0.014353,50.01
2026-08-22 03:15,LTC,LTC,53.8615,0.186,2.692,2.878,2.878,20899,0.01545,57.64
2026-08-22 03:15,ADA,ADA,0.23071,2.601,1.3,1.3,1.734,99949,0.004173,23.29
2026-08-22 03:15,DOT,DOT,0.970315,0.721,0.67,1.288,1.288,23432,0.00125,13.84
2026-08-22 03:15,UNI,UNI,4.2653,1.876,0.938,0.938,0.938,38046,0.009993,38.86
2026-08-22 03:15,AAVE,AAVE,123.745,0.808,6.061,6.869,6.869,80932,0.012931,57.33
2026-08-22 03:15,ARB,ARB,0.09945000000000001,2.011,2.011,2.011,2.011,78037,0.00125,16.52
2026-08-22 03:15,POL,POL,0.0960355,0.521,2.135,3.176,3.28,19145,0.005886,29.75
2026-08-22 03:15,RENDER,RENDER,1.54555,1.941,6.794,6.794,6.794,27808,0.003818,33.28
2026-08-22 03:15,DOGE,DOGE,0.0922105,1.844,1.789,2.006,3.199,123196,0.012777,48.35
2026-08-22 03:15,SHIB,kSHIB,0.0060675,4.944,2.472,2.472,4.12,170051,0.00125,17.44
2026-08-22 03:15,PEPE,kPEPE,0.0041175,2.429,1.214,1.214,1.214,230740,0.013465,49.13
2026-08-22 03:15,WIF,WIF,0.20848,1.919,1.919,1.919,1.919,16418,0.004855,26.43
2026-08-22 03:15,BONK,kBONK,0.0032069999999999998,6.236,3.118,3.118,6.236,150494,0.00125,18.74
2026-08-22 03:15,TRUMP,TRUMP,1.92605,3.634,2.856,3.375,3.375,141304,0.00125,18.21
2026-08-22 03:20,BTC,BTC,78031.5,0.128,0.064,0.064,0.064,1931597,0.00125,12.63
2026-08-22 03:20,ETH,ETH,2522.95,0.396,0.198,0.198,0.198,1167469,0.009287,35.4
2026-08-22 03:20,SOL,SOL,94.1665,0.106,1.434,1.434,1.434,127161,0.00125,15.37
2026-08-22 03:20,XRP,XRP,1.4772500000000002,0.677,0.338,0.338,0.338,767004,0.011442,41.71
2026-08-22 03:20,AVAX,AVAX,7.87235,0.127,1.588,1.588,1.969,8892,0.003502,21.98
2026-08-22 03:20,LINK,LINK,12.1125,0.826,2.064,2.064,2.064,104881,0.013755,51.64
2026-08-22 03:20,LTC,LTC,53.867,1.114,0.557,0.743,1.299,25828,0.015429,53.31
2026-08-22 03:20,ADA,ADA,0.23066,5.202,2.601,2.601,2.601,117877,0.003874,25.05
2026-08-22 03:20,DOT,DOT,0.968915,0.103,1.806,1.806,1.806,32651,0.00125,16.11
2026-08-22 03:20,UNI,UNI,4.26475,0.234,0.117,0.117,0.117,47513,0.010603,38.92
2026-08-22 03:20,AAVE,AAVE,124.095,0.806,3.626,3.626,3.626,115850,0.012858,52.25
2026-08-22 03:20,ARB,ARB,0.099395,3.018,1.509,1.509,1.509,102162,0.00125,15.52
2026-08-22 03:20,POL,POL,0.0960415,0.104,2.343,4.113,5.779,9740,0.005577,29.3
2026-08-22 03:20,RENDER,RENDER,1.549,11.62,5.81,5.81,5.81,35176,0.003971,31.74
2026-08-22 03:20,DOGE,DOGE,0.0921035,0.977,0.489,0.489,0.489,70450,0.013244,47.06
2026-08-22 03:20,SHIB,kSHIB,0.0060655,1.649,0.824,0.824,2.473,107470,0.00125,14.15
2026-08-22 03:20,PEPE,kPEPE,0.0040875,2.446,1.223,1.223,1.223,312771,0.01264,46.84
2026-08-22 03:20,WIF,WIF,0.209895,1.429,2.62,3.097,4.05,44825,0.005321,29.14
2026-08-22 03:20,BONK,kBONK,0.0032005000000000002,3.125,4.687,4.687,7.811,169926,0.00125,21.87
2026-08-22 03:20,TRUMP,TRUMP,1.92815,1.556,1.297,1.815,1.815,115370,0.00125,15.09
2026-08-22 03:25,BTC,BTC,78062.5,0.128,0.064,0.064,0.064,3405335,0.00125,12.63
2026-08-22 03:25,ETH,ETH,2523.75,0.396,0.198,0.198,0.198,2703746,0.009341,35.55
2026-08-22 03:25,SOL,SOL,94.0625,0.106,0.053,0.053,0.053,430708,0.00125,12.61
2026-08-22 03:25,XRP,XRP,1.4809,1.351,0.675,4.052,4.052,531254,0.012307,44.81
2026-08-22 03:25,AVAX,AVAX,7.852399999999999,0.764,2.292,2.42,2.929,22736,0.00349,23.36
2026-08-22 03:25,LINK,LINK,12.088000000000001,1.655,0.827,0.827,0.827,120306,0.01299,47.03
2026-08-22 03:25,LTC,LTC,53.965500000000006,0.185,0.093,0.093,0.093,33707,0.015419,52.36
2026-08-22 03:25,ADA,ADA,0.23067,4.335,2.168,2.168,2.168,127544,0.003901,24.26
2026-08-22 03:25,DOT,DOT,0.97038,2.473,1.237,1.34,1.958,24583,0.00125,14.97
2026-08-22 03:25,UNI,UNI,4.261150000000001,1.173,0.587,0.821,3.403,65372,0.011237,41.64
2026-08-22 03:25,AAVE,AAVE,123.995,0.806,1.21,1.21,2.016,116384,0.012683,46.93
2026-08-22 03:25,ARB,ARB,0.09897500000000001,1.01,0.505,0.505,0.505,79697,0.00125,13.51
2026-08-22 03:25,POL,POL,0.0959935,0.104,0.052,1.927,2.031,20818,0.005193,23.65
2026-08-22 03:25,RENDER,RENDER,1.5532,5.151,2.575,3.219,5.794,32061,0.004118,25.68
2026-08-22 03:25,DOGE,DOGE,0.0922225,0.542,0.271,0.38,0.38,66650,0.013408,47.08
2026-08-22 03:25,SHIB,kSHIB,0.00606,3.3,1.65,1.65,3.3,93055,0.00125,15.8
2026-08-22 03:25,PEPE,kPEPE,0.0041055,2.436,1.218,1.218,3.654,339943,0.012523,46.5
2026-08-22 03:25,WIF,WIF,0.208815,1.437,4.549,5.028,6.465,8072,0.004929,31.9
2026-08-22 03:25,BONK,kBONK,0.0032034999999999998,3.122,4.682,4.682,4.682,170595,0.00125,21.86
2026-08-22 03:25,TRUMP,TRUMP,1.9365,2.066,1.033,1.033,1.549,122584,0.00125,14.57
2026-08-22 03:30,BTC,BTC,78053.5,0.128,0.064,0.064,0.064,3237177,0.00125,12.63
2026-08-22 03:30,ETH,ETH,2521.45,0.397,0.198,0.198,0.198,1618207,0.009168,35.07
2026-08-22 03:30,SOL,SOL,94.1465,0.106,0.053,0.053,0.053,192810,0.00125,12.61
2026-08-22 03:30,XRP,XRP,1.4861499999999999,0.673,0.336,0.336,0.336,530362,0.013191,46.61
2026-08-22 03:30,AVAX,AVAX,7.86885,0.127,0.572,1.97,2.351,20036,0.003505,19.96
2026-08-22 03:30,LINK,LINK,12.058499999999999,0.829,2.073,2.073,2.903,175576,0.01254,48.26
2026-08-22 03:30,LTC,LTC,53.8475,0.186,0.093,0.093,0.093,26432,0.015148,51.6
2026-08-22 03:30,ADA,ADA,0.232315,2.152,1.076,1.076,1.507,65341,0.003977,22.29
2026-08-22 03:30,DOT,DOT,0.970915,2.575,1.287,1.905,3.244,36751,0.00125,15.07
2026-08-22 03:30,UNI,UNI,4.25025,0.235,0.118,0.118,0.118,38185,0.011875,42.48
2026-08-22 03:30,AAVE,AAVE,123.72,1.617,0.808,1.617,1.617,253701,0.012483,45.57
2026-08-22 03:30,ARB,ARB,0.099025,3.03,1.515,1.515,1.515,112546,0.00125,15.53
2026-08-22 03:30,POL,POL,0.09669,2.275,1.862,1.965,3.103,8285,0.005435,27.94
2026-08-22 03:30,RENDER,RENDER,1.5585,5.133,2.567,3.208,5.775,30875,0.004394,26.43
2026-08-22 03:30,DOGE,DOGE,0.09228449999999999,0.759,0.379,0.921,0.921,69398,0.013406,47.29
2026-08-22 03:30,SHIB,kSHIB,0.006089,3.285,1.642,1.642,3.285,215483,0.00125,15.78
2026-08-22 03:30,PEPE,kPEPE,0.0041275,7.268,3.634,6.057,8.48,251859,0.012424,51.06
2026-08-22 03:30,WIF,WIF,0.209255,3.345,5.496,5.496,6.929,33803,0.004673,33.07
2026-08-22 03:30,BONK,kBONK,0.0032175,3.108,1.554,1.554,4.662,207815,0.00125,15.61
2026-08-22 03:30,TRUMP,TRUMP,1.9445999999999999,3.085,1.543,1.543,3.6,159155,0.00125,15.59
2026-08-22 03:35,BTC,BTC,78116.5,0.128,0.064,0.064,0.064,1421620,0.00125,12.63
2026-08-22 03:35,ETH,ETH,2519.75,0.397,0.198,0.198,0.198,2211903,0.008974,34.52
2026-08-22 03:35,SOL,SOL,94.2655,0.106,0.053,0.053,0.053,364277,0.00125,12.61
2026-08-22 03:35,XRP,XRP,1.4872,1.345,0.672,0.672,0.672,830159,0.013954,49.42
2026-08-22 03:35,AVAX,AVAX,7.87965,0.127,0.444,0.825,0.825,56779,0.003565,19.87
2026-08-22 03:35,LINK,LINK,12.086500000000001,0.827,0.414,0.414,0.414,126132,0.012116,43.75
2026-08-22 03:35,LTC,LTC,53.912499999999994,0.185,0.093,0.093,0.093,52963,0.01497,51.1
2026-08-22 03:35,ADA,ADA,0.231985,0.431,1.509,1.509,2.371,56651,0.003821,22.72
2026-08-22 03:35,DOT,DOT,0.973865,3.183,1.592,1.592,2.002,28277,0.00125,15.68
2026-08-22 03:35,UNI,UNI,4.26085,2.112,1.056,1.056,1.056,78088,0.012151,45.13
2026-08-22 03:35,AAVE,AAVE,124.42500000000001,0.804,4.42,4.42,5.224,103490,0.012524,52.91
2026-08-22 03:35,ARB,ARB,0.099535,3.014,2.512,2.512,2.512,51597,0.00125,17.52
2026-08-22 03:35,POL,POL,0.0956335,0.105,2.457,2.457,2.876,15737,0.005207,28.49
2026-08-22 03:35,RENDER,RENDER,1.5639,1.279,0.639,0.639,0.639,37048,0.004966,24.18
2026-08-22 03:35,DOGE,DOGE,0.0921505,0.109,2.008,2.008,2.984,91541,0.013442,50.65
2026-08-22 03:35,SHIB,kSHIB,0.0060645000000000004,1.649,0.824,2.473,2.473,186283,0.00125,14.15
2026-08-22 03:35,PEPE,kPEPE,0.004141,4.83,2.415,2.415,4.83,248629,0.012547,48.96
2026-08-22 03:35,WIF,WIF,0.20936,0.955,7.165,8.12,9.075,9836,0.004568,36.12
2026-08-22 03:35,BONK,kBONK,0.003242,6.169,3.085,3.085,6.169,196007,0.00125,18.67
2026-08-22 03:35,TRUMP,TRUMP,1.93505,0.517,2.326,2.326,3.359,155997,0.00125,17.15
2026-08-22 03:40,BTC,BTC,78035.5,0.128,0.064,0.064,0.064,4370098,0.00125,12.63
2026-08-22 03:40,ETH,ETH,2519.05,0.397,0.198,0.198,0.198,2525080,0.008831,34.12
2026-08-22 03:40,SOL,SOL,94.0975,0.106,0.266,0.266,0.266,186635,0.00125,13.03
2026-08-22 03:40,XRP,XRP,1.49525,0.669,0.334,0.334,0.334,528849,0.014437,50.09
2026-08-22 03:40,AVAX,AVAX,7.88505,0.127,0.063,0.063,0.063,50569,0.003877,19.98
2026-08-22 03:40,LINK,LINK,12.0825,0.828,0.414,0.414,0.414,200062,0.011884,43.1
2026-08-22 03:40,LTC,LTC,53.8425,0.186,0.093,0.093,0.093,22964,0.014788,50.59
2026-08-22 03:40,ADA,ADA,0.231525,0.432,0.216,0.216,0.216,137369,0.00369,19.76
2026-08-22 03:40,DOT,DOT,0.974235,0.103,0.77,0.872,1.591,25388,0.00125,14.04
2026-08-22 03:40,UNI,UNI,4.24075,0.236,0.118,0.118,0.118,42020,0.012529,44.32
2026-08-22 03:40,AAVE,AAVE,124.405,0.804,0.402,0.402,0.402,108586,0.012858,45.81
2026-08-22 03:40,ARB,ARB,0.099795,3.006,1.503,1.503,1.503,52211,0.00125,15.51
2026-08-22 03:40,POL,POL,0.0954445,0.105,1.519,1.519,2.043,17390,0.005421,27.22
2026-08-22 03:40,RENDER,RENDER,1.5645,2.557,1.278,3.196,3.196,27049,0.005708,27.54
2026-08-22 03:40,DOGE,DOGE,0.0920795,0.109,0.054,0.054,0.054,110126,0.013533,47.0
2026-08-22 03:40,SHIB,kSHIB,0.0061034999999999996,1.638,0.819,0.819,2.458,199021,0.00125,14.14
2026-08-22 03:40,PEPE,kPEPE,0.0041355,2.418,1.209,1.209,3.627,283843,0.013018,47.87
2026-08-22 03:40,WIF,WIF,0.209955,3.334,2.143,2.143,2.143,18296,0.004772,26.65
2026-08-22 03:40,BONK,kBONK,0.0032570000000000003,6.141,3.07,3.07,3.07,166905,0.00125,18.64
2026-08-22 03:40,TRUMP,TRUMP,1.9281,2.075,1.037,1.037,2.593,113561,0.00125,14.57
2026-08-22 03:45,BTC,BTC,77973.5,0.128,0.064,0.064,0.064,5004930,0.00125,12.63
2026-08-22 03:45,ETH,ETH,2520.45,0.397,0.198,0.198,0.198,1827615,0.008709,33.78
2026-08-22 03:45,SOL,SOL,93.8515,0.107,0.16,0.16,0.16,179445,0.00125,12.82
2026-08-22 03:45,XRP,XRP,1.502,1.332,0.666,0.666,1.332,536878,0.014659,51.38
2026-08-22 03:45,AVAX,AVAX,7.88715,0.127,0.063,0.063,0.19,15237,0.004135,20.7
2026-08-22 03:45,LINK,LINK,12.0545,0.83,1.244,1.244,1.244,135736,0.011572,43.89
2026-08-22 03:45,LTC,LTC,53.5965,0.187,0.093,3.452,3.825,24528,0.014598,50.06
2026-08-22 03:45,ADA,ADA,0.232265,0.431,0.215,0.215,0.215,57376,0.00364,19.62
2026-08-22 03:45,DOT,DOT,0.97872,0.204,1.022,1.533,1.635,22539,0.00125,14.54
2026-08-22 03:45,UNI,UNI,4.2283,0.473,1.656,1.892,1.892,18886,0.012593,47.57
2026-08-22 03:45,AAVE,AAVE,124.205,0.805,1.208,2.818,2.818,112450,0.013021,47.87
2026-08-22 03:45,ARB,ARB,0.09999,2.0,1.0,1.0,1.0,46929,0.00125,14.5
2026-08-22 03:45,POL,POL,0.0955435,0.105,1.936,2.25,4.03,15410,0.005651,28.69
2026-08-22 03:45,RENDER,RENDER,1.56235,3.2,1.6,2.24,2.24,25547,0.005977,28.93
2026-08-22 03:45,DOGE,DOGE,0.092067,0.652,0.434,0.434,0.543,86914,0.013455,47.54
2026-08-22 03:45,SHIB,kSHIB,0.0060795,1.645,0.822,0.822,2.467,177391,0.00125,14.14
2026-08-22 03:45,PEPE,kPEPE,0.0041425,2.414,1.207,1.207,1.207,490810,0.01339,48.91
2026-08-22 03:45,WIF,WIF,0.210055,3.332,1.666,5.951,5.951,28256,0.004472,24.85
2026-08-22 03:45,BONK,kBONK,0.003248,6.158,3.079,3.079,3.079,184328,0.00125,18.66
2026-08-22 03:45,TRUMP,TRUMP,1.93635,1.549,0.775,0.775,1.808,129998,0.00125,14.05
2026-08-22 03:50,BTC,BTC,77849.5,0.128,0.064,0.064,0.064,2432016,0.00125,12.63
2026-08-22 03:50,ETH,ETH,2517.95,0.397,0.993,0.993,0.993,2335898,0.008623,35.13
2026-08-22 03:50,SOL,SOL,93.6805,0.107,0.053,0.053,0.053,290945,0.00125,12.61
2026-08-22 03:50,XRP,XRP,1.4968499999999998,0.668,0.334,0.334,0.334,479895,0.014564,50.45
2026-08-22 03:50,AVAX,AVAX,7.8652999999999995,1.271,1.271,1.907,2.543,52715,0.004245,23.43
2026-08-22 03:50,LINK,LINK,12.025500000000001,0.832,0.416,0.416,0.416,155063,0.011351,41.61
2026-08-22 03:50,LTC,LTC,53.2795,0.188,0.094,0.282,1.032,18151,0.014096,48.66
2026-08-22 03:50,ADA,ADA,0.23127999999999999,1.73,0.865,0.865,0.865,79282,0.003522,20.59
2026-08-22 03:50,DOT,DOT,0.975025,2.564,1.282,1.385,2.103,22819,0.00125,15.06
2026-08-22 03:50,UNI,UNI,4.2155000000000005,0.474,0.237,2.135,2.135,20487,0.012371,44.11
2026-08-22 03:50,AAVE,AAVE,124.18,1.611,2.416,2.416,2.416,140965,0.01305,50.37
2026-08-22 03:50,ARB,ARB,0.099755,3.007,1.504,1.504,1.504,71086,0.00125,15.51
2026-08-22 03:50,POL,POL,0.0958025,0.104,3.497,3.497,4.227,17030,0.005666,31.86
2026-08-22 03:50,RENDER,RENDER,1.5603500000000001,3.204,2.884,2.884,2.884,33911,0.006216,32.17
2026-08-22 03:50,DOGE,DOGE,0.0915145,1.202,1.475,1.475,1.803,89945,0.013426,49.54
2026-08-22 03:50,SHIB,kSHIB,0.0060515,1.652,2.479,2.479,2.479,172451,0.00125,17.46
2026-08-22 03:50,PEPE,kPEPE,0.004142,4.829,2.414,2.414,2.414,473099,0.013401,51.35
2026-08-22 03:50,WIF,WIF,0.210285,1.427,6.895,7.371,7.371,61262,0.004074,34.2
2026-08-22 03:50,BONK,kBONK,0.0032255,3.1,1.55,1.55,1.55,245050,0.00125,15.6
2026-08-22 03:50,TRUMP,TRUMP,1.9298,1.036,3.627,3.627,3.627,148498,0.00125,19.75
2026-08-22 03:55,BTC,BTC,77924.5,0.128,0.064,0.064,0.064,4894206,0.00125,12.63
2026-08-22 03:55,ETH,ETH,2521.3500000000004,0.397,0.198,0.198,0.198,2555637,0.008515,33.24
2026-08-22 03:55,SOL,SOL,93.8475,0.107,0.053,0.053,0.053,274821,0.00125,12.61
2026-08-22 03:55,XRP,XRP,1.48975,2.014,1.007,1.007,1.007,1023706,0.014096,50.48
2026-08-22 03:55,AVAX,AVAX,7.86765,1.144,0.572,0.572,0.572,54079,0.004266,22.09
2026-08-22 03:55,LINK,LINK,12.0555,2.488,1.244,1.244,1.244,209369,0.01124,42.96
2026-08-22 03:55,LTC,LTC,53.3815,0.562,0.281,0.281,0.281,21615,0.013802,48.21
2026-08-22 03:55,ADA,ADA,0.23118,0.865,2.163,2.163,2.595,66335,0.003484,23.08
2026-08-22 03:55,DOT,DOT,0.97592,1.639,0.82,0.922,2.152,11778,0.00125,14.14
2026-08-22 03:55,UNI,UNI,4.2536000000000005,7.993,3.997,4.702,5.172,26244,0.012293,51.41
2026-08-22 03:55,AAVE,AAVE,124.625,0.802,1.204,2.808,3.611,95420,0.013064,47.99
2026-08-22 03:55,ARB,ARB,0.100135,0.999,0.499,0.499,0.499,82882,0.00125,13.5
2026-08-22 03:55,POL,POL,0.095715,1.045,3.239,3.239,4.597,19234,0.005648,31.29
2026-08-22 03:55,RENDER,RENDER,1.5621,7.682,3.841,3.841,3.841,27917,0.006421,34.66
2026-08-22 03:55,DOGE,DOGE,0.0917965,0.545,1.689,2.56,2.996,89356,0.013332,49.71
2026-08-22 03:55,SHIB,kSHIB,0.0060575,1.651,0.825,0.825,0.825,130610,0.00125,14.15
2026-08-22 03:55,PEPE,kPEPE,0.004167499999999999,2.4,1.2,1.2,1.2,539727,0.013691,49.73
2026-08-22 03:55,WIF,WIF,0.209465,2.387,5.968,6.445,8.832,36723,0.00395,32.0
2026-08-22 03:55,BONK,kBONK,0.003215,12.442,6.221,6.221,9.331,150526,0.00125,24.94
2026-08-22 03:55,TRUMP,TRUMP,1.94435,0.514,5.915,6.429,6.429,105016,0.00125,24.33
2026-08-22 04:00,BTC,BTC,77829.5,0.128,0.064,0.064,1.092,3574944,0.00125,12.63
2026-08-22 04:00,ETH,ETH,2506.3500000000004,0.399,0.199,0.199,0.199,3815198,0.00125,12.9
2026-08-22 04:00,SOL,SOL,93.8375,0.746,2.078,3.89,3.89,424959,0.00125,16.66
2026-08-22 04:00,XRP,XRP,1.48115,0.675,0.338,1.688,1.688,803437,0.007818,31.57
2026-08-22 04:00,AVAX,AVAX,7.86725,1.652,1.208,1.716,2.097,30808,0.006867,30.64
2026-08-22 04:00,LINK,LINK,12.0405,0.831,0.415,0.415,0.415,179443,0.011143,41.03
2026-08-22 04:00,LTC,LTC,53.336,0.75,0.375,0.375,0.937,16392,0.012201,43.91
2026-08-22 04:00,ADA,ADA,0.23077,1.733,0.867,0.867,1.733,97548,0.006011,27.57
2026-08-22 04:00,DOT,DOT,0.977075,2.763,1.382,2.303,2.405,8832,0.00125,15.26
2026-08-22 04:00,UNI,UNI,4.274050000000001,2.574,1.287,5.498,5.498,31983,0.012669,47.05
2026-08-22 04:00,AAVE,AAVE,124.655,0.802,3.61,3.61,3.61,114801,0.013905,55.15
2026-08-22 04:00,ARB,ARB,0.09995000000000001,4.002,2.001,3.002,4.002,72290,0.00125,16.5
2026-08-22 04:00,POL,POL,0.095566,1.884,2.302,2.511,3.035,18726,0.006399,31.52
2026-08-22 04:00,RENDER,RENDER,1.56045,1.923,3.525,3.525,3.525,33116,0.011199,47.41
2026-08-22 04:00,DOGE,DOGE,0.0917055,0.109,0.055,0.055,0.055,81060,0.011575,41.52
2026-08-22 04:00,SHIB,kSHIB,0.0060715000000000005,4.941,7.412,9.059,9.059,267289,0.005632,39.59
2026-08-22 04:00,PEPE,kPEPE,0.0041735,2.396,3.594,5.99,5.99,457410,0.019308,70.25
2026-08-22 04:00,WIF,WIF,0.21243499999999998,0.471,12.004,12.004,13.887,6834,0.007899,55.13
2026-08-22 04:00,BONK,kBONK,0.0032545,3.073,4.609,4.609,4.609,132305,0.004853,31.81
2026-08-22 04:00,TRUMP,TRUMP,1.9515500000000001,4.612,2.306,2.306,3.843,121787,0.00125,17.11
2026-08-22 04:05,BTC,BTC,78043.5,0.128,0.064,0.064,0.064,5863032,0.00125,12.63
2026-08-22 04:05,ETH,ETH,2512.05,0.398,0.199,0.199,0.199,7921394,0.00125,12.9
2026-08-22 04:05,SOL,SOL,94.0595,0.106,0.053,0.053,0.053,623539,0.001495,13.29
2026-08-22 04:05,XRP,XRP,1.4964499999999998,0.668,0.334,0.334,0.334,536406,0.010514,39.11
2026-08-22 04:05,AVAX,AVAX,7.89145,0.887,1.331,4.752,5.005,40950,0.005555,27.21
2026-08-22 04:05,LINK,LINK,12.0825,0.828,0.414,1.241,2.069,356847,0.011814,42.91
2026-08-22 04:05,LTC,LTC,53.5185,0.187,1.028,3.644,3.83,59120,0.012801,46.9
2026-08-22 04:05,ADA,ADA,0.232545,2.15,1.075,1.075,1.505,53958,0.006282,28.74
2026-08-22 04:05,DOT,DOT,0.983095,0.102,3.611,4.527,4.628,10888,0.00125,19.72
2026-08-22 04:05,UNI,UNI,4.271699999999999,0.936,0.468,0.702,0.702,20767,0.012806,45.79
2026-08-22 04:05,AAVE,AAVE,124.945,0.8,1.201,1.201,1.201,107788,0.014091,50.85
2026-08-22 04:05,ARB,ARB,0.10020499999999999,0.998,0.499,1.497,1.497,104203,0.00125,13.5
2026-08-22 04:05,POL,POL,0.0957185,0.104,2.56,2.56,2.56,19085,0.004377,26.38
2026-08-22 04:05,RENDER,RENDER,1.55605,1.928,6.748,9.318,9.318,12467,0.010137,50.88
2026-08-22 04:05,DOGE,DOGE,0.09215699999999999,1.736,0.868,0.868,0.977,51668,0.014899,52.45
2026-08-22 04:05,SHIB,kSHIB,0.006091,3.284,1.642,1.642,3.284,98199,0.00125,15.78
2026-08-22 04:05,PEPE,kPEPE,0.0042565,2.349,1.175,1.175,1.175,261664,0.021594,71.81
2026-08-22 04:05,WIF,WIF,0.21212,2.829,1.414,3.3,4.714,7805,0.006342,29.59
2026-08-22 04:05,BONK,kBONK,0.0032814999999999997,9.142,4.571,4.571,4.571,177938,0.004333,30.28
2026-08-22 04:05,TRUMP,TRUMP,1.95805,2.554,1.277,1.277,3.83,88710,0.00125,15.05
2026-08-22 04:10,BTC,BTC,78066.5,0.128,0.064,0.064,0.064,4987091,0.00125,12.63
2026-08-22 04:10,ETH,ETH,2510.75,0.398,0.199,0.199,0.199,9660827,0.00125,12.9
2026-08-22 04:10,SOL,SOL,94.2365,0.106,0.584,0.584,0.584,110987,0.001558,14.53
2026-08-22 04:10,XRP,XRP,1.50385,0.665,0.332,0.332,0.332,562716,0.010291,38.48
2026-08-22 04:10,AVAX,AVAX,7.89025,1.901,0.951,0.951,1.457,11503,0.005142,25.3
2026-08-22 04:10,LINK,LINK,12.063500000000001,0.829,0.414,0.414,0.414,201110,0.012187,43.95
2026-08-22 04:10,LTC,LTC,53.5295,0.187,0.28,0.28,0.28,22374,0.01231,44.03
2026-08-22 04:10,ADA,ADA,0.231865,0.431,3.235,4.097,4.097,94257,0.006149,32.69
2026-08-22 04:10,DOT,DOT,0.980575,0.102,1.683,2.193,2.295,22194,0.00125,15.87
2026-08-22 04:10,UNI,UNI,4.248,1.883,0.942,1.412,1.883,59861,0.012907,47.02
2026-08-22 04:10,AAVE,AAVE,124.755,0.802,0.401,1.202,2.004,109335,0.013525,47.67
2026-08-22 04:10,ARB,ARB,0.099675,1.003,0.502,0.502,0.502,103449,0.00125,13.5
2026-08-22 04:10,POL,POL,0.0955575,0.105,1.413,1.413,1.517,14805,0.0049,25.55
2026-08-22 04:10,RENDER,RENDER,1.551,2.579,1.934,5.158,5.158,25874,0.009533,39.56
2026-08-22 04:10,DOGE,DOGE,0.09216150000000001,0.109,0.054,0.054,0.054,92096,0.015066,51.29
2026-08-22 04:10,SHIB,kSHIB,0.0060655,1.649,0.824,0.824,2.473,203226,0.00125,14.15
2026-08-22 04:10,PEPE,kPEPE,0.0042585,2.348,1.174,1.174,1.174,464201,0.021297,70.98
2026-08-22 04:10,WIF,WIF,0.21088,0.948,7.113,7.113,9.01,20274,0.003852,34.01
2026-08-22 04:10,BONK,kBONK,0.003269,6.118,3.059,3.059,3.059,144195,0.003779,25.7
2026-08-22 04:10,TRUMP,TRUMP,1.9751500000000002,3.544,2.785,5.316,5.316,114029,0.00125,18.07
2026-08-22 04:15,BTC,BTC,78165.5,0.128,0.064,0.064,0.064,5496046,0.00125,12.63
2026-08-22 04:15,ETH,ETH,2511.1499999999996,0.398,0.199,0.199,0.199,6900936,0.00125,12.9
2026-08-22 04:15,SOL,SOL,94.3935,0.106,0.053,0.053,0.053,505957,0.002168,15.18
2026-08-22 04:15,XRP,XRP,1.50665,5.974,3.65,3.65,3.65,443642,0.009964,44.2
2026-08-22 04:15,AVAX,AVAX,7.91985,0.126,0.063,0.063,0.063,44503,0.005489,24.5
2026-08-22 04:15,LINK,LINK,12.072,3.313,1.657,1.657,1.657,183367,0.012634,47.69
2026-08-22 04:15,LTC,LTC,53.844,0.371,0.186,0.186,0.929,19029,0.012415,44.13
2026-08-22 04:15,ADA,ADA,0.231855,2.157,1.078,1.51,1.51,61077,0.0061,28.24
2026-08-22 04:15,DOT,DOT,0.982545,1.934,1.883,2.697,2.901,20715,0.00125,16.27
2026-08-22 04:15,UNI,UNI,4.2632,1.877,0.938,0.938,1.173,33444,0.013653,49.11
2026-08-22 04:15,AAVE,AAVE,124.83500000000001,0.801,0.401,0.401,0.401,116316,0.013407,47.34
2026-08-22 04:15,ARB,ARB,0.09975500000000001,1.002,1.504,1.504,1.504,88121,0.00125,15.51
2026-08-22 04:15,POL,POL,0.0961945,0.104,2.443,4.21,5.146,7689,0.004635,26.86
2026-08-22 04:15,RENDER,RENDER,1.56215,1.92,1.6,1.6,1.6,26959,0.009941,40.04
2026-08-22 04:15,DOGE,DOGE,0.0924005,1.407,0.703,0.812,0.812,37564,0.014535,51.1
2026-08-22 04:15,SHIB,kSHIB,0.0060695,4.943,2.471,2.471,4.119,212716,0.00125,17.44
2026-08-22 04:15,PEPE,kPEPE,0.0042515,2.352,1.176,1.176,1.176,247142,0.021589,71.8
2026-08-22 04:15,WIF,WIF,0.21281,0.94,6.579,6.579,7.049,8375,0.003393,31.66
2026-08-22 04:15,BONK,kBONK,0.00328,6.098,6.098,6.098,6.098,110312,0.004014,32.43
2026-08-22 04:15,TRUMP,TRUMP,1.97615,1.518,0.759,1.265,1.265,103993,0.00125,14.02
2026-08-22 04:20,BTC,BTC,78170.5,0.128,0.064,0.064,0.064,2643772,0.00125,12.63
2026-08-22 04:20,ETH,ETH,2512.45,0.398,0.199,0.199,0.199,7692549,0.00125,12.9
2026-08-22 04:20,SOL,SOL,94.6245,0.106,0.053,0.053,0.053,574212,0.00293,17.31
2026-08-22 04:20,XRP,XRP,1.5082499999999999,0.663,0.332,0.332,0.332,573578,0.0096,36.54
2026-08-22 04:20,AVAX,AVAX,7.9638,1.507,0.753,0.753,0.753,54405,0.005646,26.32
2026-08-22 04:20,LINK,LINK,12.1035,0.826,0.413,0.413,0.413,221948,0.013181,46.73
2026-08-22 04:20,LTC,LTC,53.933,1.854,5.192,5.192,7.046,34280,0.012227,53.62
2026-08-22 04:20,ADA,ADA,0.233855,2.138,1.069,1.924,1.924,51545,0.006159,28.38
2026-08-22 04:20,DOT,DOT,0.988495,0.708,1.062,1.062,2.681,27864,0.00125,14.62
2026-08-22 04:20,UNI,UNI,4.277200000000001,1.403,0.701,0.701,0.935,19924,0.013622,48.54
2026-08-22 04:20,AAVE,AAVE,124.95500000000001,4.001,2.001,2.001,2.001,84025,0.013492,50.78
2026-08-22 04:20,ARB,ARB,0.10067000000000001,3.973,1.987,3.973,3.973,70443,0.00125,16.47
2026-08-22 04:20,POL,POL,0.0962085,1.351,3.482,3.482,3.69,12451,0.004117,27.49
2026-08-22 04:20,RENDER,RENDER,1.5642,3.836,2.557,3.197,3.197,27241,0.00911,39.62
2026-08-22 04:20,DOGE,DOGE,0.0925295,0.324,0.486,0.486,0.486,84616,0.014023,49.24
2026-08-22 04:20,SHIB,kSHIB,0.0060555,1.651,0.826,0.826,2.477,187731,0.00125,14.15
2026-08-22 04:20,PEPE,kPEPE,0.004274,9.359,4.679,4.679,4.679,197712,0.021884,79.63
2026-08-22 04:20,WIF,WIF,0.21307,2.816,3.285,8.917,10.325,10091,0.003515,25.41
2026-08-22 04:20,BONK,kBONK,0.0032735,3.055,4.582,4.582,4.582,69341,0.003916,29.13
2026-08-22 04:20,TRUMP,TRUMP,2.02595,6.417,3.702,4.196,4.196,150562,0.00125,19.9
2026-08-22 04:25,BTC,BTC,78224.5,0.128,0.064,0.064,0.064,3881856,0.00125,12.63
2026-08-22 04:25,ETH,ETH,2514.9,0.795,0.398,0.398,0.398,6848408,0.00125,13.3
2026-08-22 04:25,SOL,SOL,94.87950000000001,0.105,0.053,0.053,0.053,597024,0.003459,18.79
2026-08-22 04:25,XRP,XRP,1.5111500000000002,0.662,0.331,0.331,0.331,626861,0.009438,36.09
2026-08-22 04:25,AVAX,AVAX,7.9674499999999995,0.126,1.318,2.322,2.322,6782,0.005877,28.09
2026-08-22 04:25,LINK,LINK,12.117,1.651,0.825,0.825,0.825,363688,0.013603,48.74
2026-08-22 04:25,LTC,LTC,53.8745,0.186,0.093,0.278,0.278,40609,0.011984,42.74
2026-08-22 04:25,ADA,ADA,0.234595,0.426,0.213,0.213,0.639,76118,0.006344,27.19
2026-08-22 04:25,DOT,DOT,0.990595,1.716,0.858,1.06,1.767,28473,0.00125,14.22
2026-08-22 04:25,UNI,UNI,4.29795,1.163,0.582,0.582,1.28,25862,0.01366,48.41
2026-08-22 04:25,AAVE,AAVE,123.745,0.808,6.869,8.485,8.485,52670,0.013185,59.66
2026-08-22 04:25,ARB,ARB,0.100885,0.991,0.496,0.496,0.496,89513,0.00125,13.49
2026-08-22 04:25,POL,POL,0.096725,1.654,0.827,0.93,1.758,14953,0.004269,22.61
2026-08-22 04:25,RENDER,RENDER,1.5658500000000002,3.193,1.597,2.235,2.235,27633,0.008836,36.93
2026-08-22 04:25,DOGE,DOGE,0.093181,1.288,0.644,0.644,0.644,102695,0.013931,49.29
2026-08-22 04:25,SHIB,kSHIB,0.006039,3.312,1.656,1.656,3.312,168874,0.00125,15.81
2026-08-22 04:25,PEPE,kPEPE,0.004298,9.307,4.653,4.653,4.653,180258,0.021854,79.5
2026-08-22 04:25,WIF,WIF,0.213725,1.404,5.849,8.188,9.124,4634,0.003285,29.9
2026-08-22 04:25,BONK,kBONK,0.0032925000000000003,9.112,4.556,7.593,7.593,116578,0.003817,28.8
2026-08-22 04:25,TRUMP,TRUMP,2.0730500000000003,2.412,1.206,1.688,1.688,144721,0.00125,14.91
2026-08-22 04:30,BTC,BTC,78463.5,0.127,0.701,0.701,0.701,848759,0.00125,13.9
2026-08-22 04:30,ETH,ETH,2520.55,0.397,0.198,0.198,0.198,8184176,0.00125,12.9
2026-08-22 04:30,SOL,SOL,94.92349999999999,0.948,0.474,0.474,0.79,398936,0.00394,20.98
2026-08-22 04:30,XRP,XRP,1.5241500000000001,0.656,0.328,0.328,0.328,673666,0.009471,36.18
2026-08-22 04:30,AVAX,AVAX,7.99265,0.125,0.063,0.063,0.063,48230,0.006188,26.45
2026-08-22 04:30,LINK,LINK,12.154499999999999,0.823,0.411,0.411,0.411,184818,0.014178,49.52
2026-08-22 04:30,LTC,LTC,54.054,0.74,0.37,0.555,0.555,32990,0.011981,43.29
2026-08-22 04:30,ADA,ADA,0.234745,2.13,1.065,1.917,1.917,89459,0.00681,30.2
2026-08-22 04:30,DOT,DOT,0.998605,0.1,2.954,5.157,5.157,47977,0.00125,18.41
2026-08-22 04:30,UNI,UNI,4.34275,1.612,2.648,3.339,3.799,34797,0.013957,53.38
2026-08-22 04:30,AAVE,AAVE,123.82,1.615,4.038,4.038,4.038,65529,0.013292,54.29
2026-08-22 04:30,ARB,ARB,0.10108500000000001,0.989,0.495,0.495,0.495,63483,0.00125,13.49
2026-08-22 04:30,POL,POL,0.0981255,5.197,4.841,4.841,4.943,9415,0.004575,31.49
2026-08-22 04:30,RENDER,RENDER,1.5725,3.816,1.908,1.908,1.908,33113,0.00909,38.27
2026-08-22 04:30,DOGE,DOGE,0.0932375,0.536,0.804,3.057,3.057,92329,0.014082,50.04
2026-08-22 04:30,SHIB,kSHIB,0.0060395,1.656,0.828,0.828,2.484,168636,0.00125,14.16
2026-08-22 04:30,PEPE,kPEPE,0.004259499999999999,2.348,1.174,1.174,1.174,119990,0.021951,72.81
2026-08-22 04:30,WIF,WIF,0.214805,2.328,3.026,3.492,5.819,8956,0.003527,24.93
2026-08-22 04:30,BONK,kBONK,0.0032745,3.054,7.635,7.635,7.635,73652,0.003686,34.59
2026-08-22 04:30,TRUMP,TRUMP,2.13205,1.407,0.704,0.704,0.704,167533,0.00125,13.91
2026-08-22 04:35,BTC,BTC,78259.0,0.256,0.128,0.128,0.128,4554796,0.00125,12.76
2026-08-22 04:35,ETH,ETH,2498.8500000000004,0.4,0.2,0.2,0.2,9073558,0.00125,12.9
2026-08-22 04:35,SOL,SOL,94.80250000000001,0.105,0.053,0.053,0.053,674576,0.004403,21.43
2026-08-22 04:35,XRP,XRP,1.52685,0.655,0.327,0.327,0.327,439418,0.009751,36.96
2026-08-22 04:35,AVAX,AVAX,7.95465,0.88,0.44,0.44,0.44,70169,0.006367,27.71
2026-08-22 04:35,LINK,LINK,12.091999999999999,3.308,1.654,1.654,1.654,159563,0.014568,53.1
2026-08-22 04:35,LTC,LTC,53.808499999999995,4.646,2.323,2.323,2.509,51858,0.011886,46.93
2026-08-22 04:35,ADA,ADA,0.234625,2.983,1.492,1.492,2.344,86972,0.006937,31.41
2026-08-22 04:35,DOT,DOT,0.9910300000000001,3.633,1.816,2.422,2.523,24661,0.00125,16.13
2026-08-22 04:35,UNI,UNI,4.3106,5.104,2.552,2.552,3.48,36023,0.014138,53.69
2026-08-22 04:35,AAVE,AAVE,123.67500000000001,0.809,0.404,0.404,0.404,85658,0.013531,47.7
2026-08-22 04:35,ARB,ARB,0.100325,2.99,1.495,1.495,2.492,78564,0.00125,15.49
2026-08-22 04:35,POL,POL,0.098552,1.421,4.668,6.291,6.393,22844,0.004757,31.65
2026-08-22 04:35,RENDER,RENDER,1.5657999999999999,3.832,1.916,1.916,1.916,32641,0.008882,37.7
2026-08-22 04:35,DOGE,DOGE,0.09279899999999999,0.647,0.323,0.431,0.431,77318,0.014027,48.92
2026-08-22 04:35,SHIB,kSHIB,0.005986,3.341,1.671,1.671,5.012,174081,0.00125,15.84
2026-08-22 04:35,PEPE,kPEPE,0.0041659999999999996,4.801,2.4,2.4,2.4,290893,0.021451,73.86
2026-08-22 04:35,WIF,WIF,0.21282,2.819,4.229,7.048,7.048,33085,0.004285,29.46
2026-08-22 04:35,BONK,kBONK,0.00324,6.173,6.173,6.173,6.173,134735,0.003519,31.2
2026-08-22 04:35,TRUMP,TRUMP,2.08995,4.306,8.373,8.373,8.373,131754,0.00125,29.25
2026-08-22 04:40,BTC,BTC,78431.5,0.127,0.064,0.064,0.064,5777560,0.00125,12.63
2026-08-22 04:40,ETH,ETH,2508.25,0.399,0.199,0.199,0.199,8032516,0.00125,12.9
2026-08-22 04:40,SOL,SOL,95.2345,0.105,0.053,0.053,0.053,357623,0.004652,22.13
2026-08-22 04:40,XRP,XRP,1.5341,1.304,0.652,0.652,0.652,593008,0.009882,37.97
2026-08-22 04:40,AVAX,AVAX,7.986800000000001,1.252,1.252,1.252,1.628,14891,0.006538,29.81
2026-08-22 04:40,LINK,LINK,12.1435,0.823,0.412,0.412,0.412,107435,0.014629,50.78
2026-08-22 04:40,LTC,LTC,54.093,1.109,0.555,0.555,0.924,34520,0.012025,43.78
2026-08-22 04:40,ADA,ADA,0.235985,1.271,0.636,0.636,2.331,45928,0.006812,29.35
2026-08-22 04:40,DOT,DOT,0.993465,0.101,0.05,0.856,1.56,17461,0.00125,12.6
2026-08-22 04:40,UNI,UNI,4.329750000000001,1.155,0.577,1.963,1.963,28096,0.013973,49.28
2026-08-22 04:40,AAVE,AAVE,123.575,2.428,1.214,1.214,3.642,191507,0.013655,49.66
2026-08-22 04:40,ARB,ARB,0.10103000000000001,1.98,0.99,0.99,0.99,81353,0.00125,14.48
2026-08-22 04:40,POL,POL,0.0990535,2.322,1.161,1.464,2.574,24895,0.004669,24.4
2026-08-22 04:40,RENDER,RENDER,1.57205,5.725,4.135,4.771,4.771,26789,0.009204,43.04
2026-08-22 04:40,DOGE,DOGE,0.093412,1.285,0.642,1.606,1.606,66781,0.013926,49.28
2026-08-22 04:40,SHIB,kSHIB,0.006022,3.321,1.661,1.661,3.321,183846,0.00125,15.82
2026-08-22 04:40,PEPE,kPEPE,0.0041505,2.409,1.205,3.614,3.614,229632,0.021459,71.5
2026-08-22 04:40,WIF,WIF,0.21437499999999998,0.466,9.096,9.563,12.828,8508,0.00519,41.72
2026-08-22 04:40,BONK,kBONK,0.003245,6.163,3.082,3.082,6.163,89922,0.003531,25.05
2026-08-22 04:40,TRUMP,TRUMP,2.1351500000000003,4.215,3.513,3.513,3.513,97298,0.00125,19.53
2026-08-22 04:45,BTC,BTC,78460.5,0.127,0.064,0.064,0.064,4077409,0.00125,12.63
2026-08-22 04:45,ETH,ETH,2509.45,0.398,0.199,0.199,0.199,7994195,0.00125,12.9
2026-08-22 04:45,SOL,SOL,95.6315,0.105,0.052,0.052,0.052,786175,0.004899,22.82
2026-08-22 04:45,XRP,XRP,1.54155,1.946,2.27,2.27,3.568,691834,0.010037,41.64
2026-08-22 04:45,AVAX,AVAX,8.01195,0.125,0.062,0.062,1.685,94121,0.006689,27.85
2026-08-22 04:45,LINK,LINK,12.1875,0.821,0.41,0.41,1.231,333602,0.014981,51.77
2026-08-22 04:45,LTC,LTC,54.4035,0.184,0.092,0.092,0.276,29173,0.012486,44.15
2026-08-22 04:45,ADA,ADA,0.237845,0.42,0.21,1.051,1.892,92634,0.006903,28.75
2026-08-22 04:45,DOT,DOT,0.995885,0.1,0.05,0.05,0.05,29345,0.00125,12.6
2026-08-22 04:45,UNI,UNI,4.32505,1.618,0.809,0.809,1.503,52674,0.014047,49.95
2026-08-22 04:45,AAVE,AAVE,124.305,0.804,0.402,0.402,0.402,84040,0.01371,48.19
2026-08-22 04:45,ARB,ARB,0.101095,2.968,1.484,2.473,2.473,76793,0.00125,15.47
2026-08-22 04:45,POL,POL,0.099437,1.207,1.911,4.425,5.632,14109,0.004951,26.68
2026-08-22 04:45,RENDER,RENDER,1.5796999999999999,3.798,2.532,2.532,8.862,26016,0.009185,39.78
2026-08-22 04:45,DOGE,DOGE,0.0937465,0.107,0.693,1.013,1.013,82135,0.014084,49.82
2026-08-22 04:45,SHIB,kSHIB,0.006039,3.312,1.656,1.656,1.656,174175,0.00125,15.81
2026-08-22 04:45,PEPE,kPEPE,0.004177500000000001,2.394,1.197,1.197,1.197,362949,0.021821,72.49
2026-08-22 04:45,WIF,WIF,0.21465499999999998,3.261,1.631,1.631,4.426,17113,0.005671,28.14
2026-08-22 04:45,BONK,kBONK,0.003253,6.148,3.074,3.074,6.148,126372,0.003352,24.54
2026-08-22 04:45,TRUMP,TRUMP,2.2076000000000002,8.154,4.53,4.53,4.983,97075,0.00125,21.56
2026-08-22 04:50,BTC,BTC,78417.5,0.128,0.191,1.084,1.084,3592515,0.00125,12.88
2026-08-22 04:50,ETH,ETH,2507.95,0.399,0.199,0.199,0.199,8172565,0.00125,12.9
2026-08-22 04:50,SOL,SOL,95.4645,0.105,0.052,0.052,0.052,476834,0.00497,23.02
2026-08-22 04:50,XRP,XRP,1.54285,0.648,0.324,0.324,0.324,909420,0.010143,38.05
2026-08-22 04:50,AVAX,AVAX,8.0283,1.495,0.747,2.865,2.989,53688,0.006714,29.29
2026-08-22 04:50,LINK,LINK,12.1735,0.821,1.232,2.875,2.875,160250,0.015469,54.78
2026-08-22 04:50,LTC,LTC,54.323499999999996,0.184,1.012,1.012,1.197,29942,0.012623,46.37
2026-08-22 04:50,ADA,ADA,0.23858000000000001,2.515,4.191,4.191,4.191,124170,0.006873,36.63
2026-08-22 04:50,DOT,DOT,0.98965,2.425,1.819,4.547,4.547,27798,0.00125,16.14
2026-08-22 04:50,UNI,UNI,4.3422,2.764,1.382,2.073,2.303,38936,0.014187,51.49
2026-08-22 04:50,AAVE,AAVE,124.905,2.402,1.201,2.002,2.002,88781,0.013854,50.19
2026-08-22 04:50,ARB,ARB,0.101305,2.961,1.481,2.468,2.468,112878,0.00125,15.46
2026-08-22 04:50,POL,POL,0.099019,3.636,1.818,1.919,1.919,15796,0.005103,26.92
2026-08-22 04:50,RENDER,RENDER,1.5792,2.533,4.433,4.433,12.031,17547,0.009134,43.44
2026-08-22 04:50,DOGE,DOGE,0.0936125,0.107,0.588,1.122,1.122,77767,0.014158,49.82
2026-08-22 04:50,SHIB,kSHIB,0.0060285,1.659,0.829,0.829,0.829,117433,0.00125,14.16
2026-08-22 04:50,PEPE,kPEPE,0.004169,4.797,2.399,2.399,4.797,401365,0.022212,75.99
2026-08-22 04:50,WIF,WIF,0.21499000000000001,13.024,6.512,6.512,6.512,32327,0.00625,39.52
2026-08-22 04:50,BONK,kBONK,0.0032645,3.063,1.532,1.532,1.532,130227,0.003267,21.21
2026-08-22 04:50,TRUMP,TRUMP,2.18415,5.952,2.976,3.892,3.892,85647,0.00125,18.45
2026-08-22 04:55,BTC,BTC,78478.5,0.127,0.319,0.319,0.319,4030188,0.00125,13.14
2026-08-22 04:55,ETH,ETH,2512.95,0.398,0.199,0.199,0.199,8026149,0.00125,12.9
2026-08-22 04:55,SOL,SOL,95.613,1.046,0.523,0.523,0.523,497726,0.004924,23.83
2026-08-22 04:55,XRP,XRP,1.5507499999999999,0.645,0.322,0.322,0.322,635858,0.010226,38.28
2026-08-22 04:55,AVAX,AVAX,8.0623,0.248,0.992,0.992,0.992,23298,0.006768,29.93
2026-08-22 04:55,LINK,LINK,12.2085,0.819,0.41,0.41,0.41,405048,0.015995,54.61
2026-08-22 04:55,LTC,LTC,54.3655,0.184,0.092,0.092,0.092,108657,0.013049,45.72
2026-08-22 04:55,ADA,ADA,0.240605,1.247,0.623,0.623,0.623,62803,0.00698,29.79
2026-08-22 04:55,DOT,DOT,0.991185,2.522,1.261,1.362,2.068,23680,0.00125,15.02
2026-08-22 04:55,UNI,UNI,4.3671500000000005,2.061,1.03,1.03,1.259,32446,0.014334,51.2
2026-08-22 04:55,AAVE,AAVE,125.695,0.796,1.193,1.193,1.989,102043,0.014233,51.24
2026-08-22 04:55,ARB,ARB,0.10175999999999999,1.965,0.983,1.965,2.948,105271,0.00125,14.47
2026-08-22 04:55,POL,POL,0.0993865,0.101,0.151,0.151,0.151,24449,0.005449,24.56
2026-08-22 04:55,RENDER,RENDER,1.579,3.8,1.9,5.7,5.7,33545,0.00932,38.9
2026-08-22 04:55,DOGE,DOGE,0.0939115,0.106,0.053,0.053,0.053,148201,0.014374,49.35
2026-08-22 04:55,SHIB,kSHIB,0.006004499999999999,1.665,0.833,0.833,0.833,207405,0.00125,14.17
2026-08-22 04:55,PEPE,kPEPE,0.004173,4.793,2.396,2.396,2.396,285131,0.022156,75.83
2026-08-22 04:55,WIF,WIF,0.21367999999999998,1.872,0.936,0.936,0.936,9127,0.006865,30.1
2026-08-22 04:55,BONK,kBONK,0.003261,6.133,3.067,6.133,6.133,106270,0.003221,24.15
2026-08-22 04:55,TRUMP,TRUMP,2.20115,4.089,2.044,2.044,5.225,145463,0.00125,16.59
2026-08-22 05:00,BTC,BTC,78472.5,0.127,0.064,0.064,0.064,9272673,0.00125,12.63
2026-08-22 05:00,ETH,ETH,2513.45,0.398,0.199,0.199,0.199,7205586,0.00125,12.9
2026-08-22 05:00,SOL,SOL,95.5735,0.105,0.052,0.052,0.052,287916,0.003121,17.84
2026-08-22 05:00,XRP,XRP,1.55,1.29,0.645,0.645,0.645,825824,0.005956,26.97
2026-08-22 05:00,AVAX,AVAX,8.06005,0.62,0.31,0.31,0.31,60647,0.006455,27.69
2026-08-22 05:00,LINK,LINK,12.220500000000001,0.818,0.409,2.046,2.046,200079,0.018996,63.01
2026-08-22 05:00,LTC,LTC,54.435500000000005,0.184,1.561,1.745,1.929,29713,0.013649,50.34
2026-08-22 05:00,ADA,ADA,0.24160500000000001,0.414,0.207,5.588,6.002,125464,0.005743,25.5
2026-08-22 05:00,DOT,DOT,0.994505,1.91,0.955,1.156,2.162,11196,0.00125,14.41
2026-08-22 05:00,UNI,UNI,4.361,3.21,1.605,1.834,3.21,20712,0.013147,49.02
2026-08-22 05:00,AAVE,AAVE,126.095,0.793,4.362,5.155,5.155,205583,0.017194,65.87
2026-08-22 05:00,ARB,ARB,0.10194500000000001,0.981,0.49,6.376,6.376,66410,0.00125,13.48
2026-08-22 05:00,POL,POL,0.09932250000000001,1.913,3.373,3.373,3.373,20457,0.008661,40.0
2026-08-22 05:00,RENDER,RENDER,1.5811,3.795,1.897,5.06,10.12,31148,0.00862,36.93
2026-08-22 05:00,DOGE,DOGE,0.09384200000000001,0.852,0.426,1.066,1.172,68008,0.01269,45.38
2026-08-22 05:00,SHIB,kSHIB,0.00602,3.322,1.661,1.661,1.661,176796,0.00125,15.82
2026-08-22 05:00,PEPE,kPEPE,0.004186499999999999,2.389,1.194,1.194,1.194,419640,0.01095,42.05
2026-08-22 05:00,WIF,WIF,0.214605,3.262,2.563,3.961,4.893,6331,0.012816,50.01
2026-08-22 05:00,BONK,kBONK,0.0032700000000000003,6.116,3.058,3.058,3.058,106267,0.00125,18.62
2026-08-22 05:00,TRUMP,TRUMP,2.2087000000000003,6.339,4.98,4.98,4.98,93786,0.00125,22.46
2026-08-22 05:05,BTC,BTC,78640.5,0.127,0.064,0.064,0.064,5687867,0.00125,12.63
2026-08-22 05:05,ETH,ETH,2519.1499999999996,0.397,0.198,0.198,0.198,6662337,0.00125,12.9
2026-08-22 05:05,SOL,SOL,96.088,0.208,0.104,0.104,0.104,324989,0.005279,23.99
2026-08-22 05:05,XRP,XRP,1.546,1.294,0.647,0.647,0.647,1081103,0.007969,32.61
2026-08-22 05:05,AVAX,AVAX,8.0699,2.231,1.115,1.115,1.239,92191,0.008893,36.13
2026-08-22 05:05,LINK,LINK,12.2375,2.451,1.226,1.226,1.226,139471,0.020516,68.9
2026-08-22 05:05,LTC,LTC,54.3565,0.184,0.092,0.276,1.564,22703,0.017173,57.27
2026-08-22 05:05,ADA,ADA,0.24095,0.83,0.415,1.66,2.49,60839,0.009044,35.15
2026-08-22 05:05,DOT,DOT,0.997395,0.1,2.958,3.459,3.76,25084,0.00125,18.42
2026-08-22 05:05,UNI,UNI,4.39725,2.047,1.023,1.023,1.251,24373,0.016908,58.39
2026-08-22 05:05,AAVE,AAVE,127.08,3.148,1.574,1.574,1.574,56903,0.020159,68.59
2026-08-22 05:05,ARB,ARB,0.10244,1.952,0.976,0.976,0.976,93218,0.00125,14.45
2026-08-22 05:05,POL,POL,0.09955800000000001,1.406,3.214,3.315,3.315,18049,0.008918,40.4
2026-08-22 05:05,RENDER,RENDER,1.5894499999999998,3.146,2.831,3.46,3.46,33167,0.011688,47.39
2026-08-22 05:05,DOGE,DOGE,0.0937335,0.107,0.053,0.053,0.053,83738,0.015611,52.82
2026-08-22 05:05,SHIB,kSHIB,0.00601,3.328,1.664,1.664,3.328,166386,0.001851,17.51
2026-08-22 05:05,PEPE,kPEPE,0.004186499999999999,2.389,1.194,1.194,1.194,190223,0.021495,71.57
2026-08-22 05:05,WIF,WIF,0.219285,0.456,0.228,0.228,5.7,4272,0.045484,136.81
2026-08-22 05:05,BONK,kBONK,0.003262,6.131,3.066,3.066,3.066,78726,0.00125,18.63
2026-08-22 05:05,TRUMP,TRUMP,2.2352,0.895,0.895,0.895,0.895,84066,0.002541,17.9
2026-08-22 05:10,BTC,BTC,78556.5,0.127,0.064,0.064,0.064,2254456,0.00125,12.63
2026-08-22 05:10,ETH,ETH,2515.8500000000004,0.397,0.199,0.199,0.199,5238525,0.00125,12.9
2026-08-22 05:10,SOL,SOL,96.3185,0.104,0.052,0.052,0.052,520610,0.006172,26.39
2026-08-22 05:10,XRP,XRP,1.5540500000000002,0.643,0.322,0.322,0.322,462619,0.009385,35.92
2026-08-22 05:10,AVAX,AVAX,8.07145,0.124,0.062,0.062,0.681,36831,0.010615,38.85
2026-08-22 05:10,LINK,LINK,12.2415,2.451,1.225,1.225,1.225,193501,0.020963,70.15
2026-08-22 05:10,LTC,LTC,54.3675,0.184,0.644,0.828,0.828,25034,0.01748,59.23
2026-08-22 05:10,ADA,ADA,0.24097000000000002,0.83,0.415,0.415,0.415,59439,0.008833,34.56
2026-08-22 05:10,DOT,DOT,0.9967699999999999,0.201,0.1,0.1,0.1,26082,0.00125,12.7
2026-08-22 05:10,UNI,UNI,4.39495,0.228,0.114,0.114,0.114,140598,0.019024,62.49
2026-08-22 05:10,AAVE,AAVE,127.245,2.358,1.179,1.179,1.179,133718,0.020671,69.24
2026-08-22 05:10,ARB,ARB,0.10271,1.947,0.974,1.947,1.947,61603,0.00125,14.45
2026-08-22 05:10,POL,POL,0.0992675,2.518,1.259,1.36,4.886,6720,0.010211,40.11
2026-08-22 05:10,RENDER,RENDER,1.5852,3.785,3.154,3.154,3.154,33015,0.012735,50.97
2026-08-22 05:10,DOGE,DOGE,0.09379399999999999,1.493,0.746,0.853,0.96,110166,0.016029,55.37
2026-08-22 05:10,SHIB,kSHIB,0.0060065,1.665,0.832,0.832,0.832,163715,0.002485,17.62
2026-08-22 05:10,PEPE,kPEPE,0.004176,4.789,2.395,2.395,2.395,314259,0.020661,71.64
2026-08-22 05:10,WIF,WIF,0.21948499999999999,0.456,0.228,0.228,0.228,5259,0.047651,142.88
2026-08-22 05:10,BONK,kBONK,0.003274,6.109,3.054,3.054,3.054,109394,0.002182,21.22
2026-08-22 05:10,TRUMP,TRUMP,2.24125,2.231,1.115,1.115,1.115,107580,0.004629,24.19
2026-08-22 05:15,BTC,BTC,78460.5,0.127,0.064,0.064,0.064,2427531,0.00125,12.63
2026-08-22 05:15,ETH,ETH,2515.8500000000004,0.397,0.199,0.199,0.199,5845257,0.00125,12.9
2026-08-22 05:15,SOL,SOL,96.2745,0.104,0.052,0.052,0.052,222160,0.006829,28.23
2026-08-22 05:15,XRP,XRP,1.55375,0.644,0.322,0.965,0.965,869011,0.009319,35.74
2026-08-22 05:15,AVAX,AVAX,8.06565,0.124,0.062,0.062,1.302,27649,0.013232,46.17
2026-08-22 05:15,LINK,LINK,12.253499999999999,0.816,0.408,0.408,1.224,163016,0.02061,67.52
2026-08-22 05:15,LTC,LTC,54.7165,0.548,0.274,0.274,0.822,34681,0.017853,59.54
2026-08-22 05:15,ADA,ADA,0.241265,0.414,1.036,1.451,1.865,14215,0.008353,34.46
2026-08-22 05:15,DOT,DOT,1.0012,1.998,0.999,1.998,2.996,60129,0.00125,14.5
2026-08-22 05:15,UNI,UNI,4.4041,0.908,0.454,3.633,3.86,33101,0.020502,67.31
2026-08-22 05:15,AAVE,AAVE,127.74000000000001,3.131,1.566,2.349,3.131,72053,0.019994,68.11
2026-08-22 05:15,ARB,ARB,0.10248499999999999,2.927,1.464,2.439,2.439,79029,0.00125,15.43
2026-08-22 05:15,POL,POL,0.0989725,0.101,4.294,5.608,6.921,9782,0.010993,48.37
2026-08-22 05:15,RENDER,RENDER,1.58575,0.631,4.73,4.73,4.73,33830,0.014474,58.99
2026-08-22 05:15,DOGE,DOGE,0.0941725,0.106,1.327,1.327,1.327,90469,0.016055,56.61
2026-08-22 05:15,SHIB,kSHIB,0.0060444999999999995,1.654,2.482,2.482,2.482,164519,0.002699,21.52
2026-08-22 05:15,PEPE,kPEPE,0.004191500000000001,2.386,1.193,1.193,1.193,207052,0.019429,65.79
2026-08-22 05:15,WIF,WIF,0.22042,4.537,6.352,7.259,8.62,5618,0.046289,151.31
2026-08-22 05:15,BONK,kBONK,0.0032825,3.046,4.57,4.57,7.616,90527,0.001914,23.5
2026-08-22 05:15,TRUMP,TRUMP,2.2493499999999997,3.112,8.669,8.669,10.447,100069,0.004852,39.92
2026-08-22 05:20,BTC,BTC,78562.0,0.255,0.127,0.127,0.127,5182405,0.00125,12.75
2026-08-22 05:20,ETH,ETH,2520.25,0.397,0.198,0.198,0.198,7421454,0.00125,12.9
2026-08-22 05:20,SOL,SOL,96.84049999999999,0.103,0.052,0.052,0.052,307069,0.007408,29.84
2026-08-22 05:20,XRP,XRP,1.5835499999999998,0.631,2.842,2.842,2.842,680987,0.010043,42.8
2026-08-22 05:20,AVAX,AVAX,8.08945,0.124,0.062,0.062,1.298,9710,0.015324,52.03
2026-08-22 05:20,LINK,LINK,12.378499999999999,0.808,0.404,0.404,0.404,65048,0.020649,67.62
2026-08-22 05:20,LTC,LTC,54.9995,0.182,0.091,2.091,3.364,30689,0.017867,59.21
2026-08-22 05:20,ADA,ADA,0.24473499999999998,1.226,0.613,1.43,1.43,67433,0.008754,34.74
2026-08-22 05:20,DOT,DOT,1.0052500000000002,2.984,1.492,2.487,3.482,66581,0.00125,15.48
2026-08-22 05:20,UNI,UNI,4.388199999999999,0.456,0.228,0.456,0.456,18700,0.02107,68.45
2026-08-22 05:20,AAVE,AAVE,127.685,0.783,0.392,1.175,1.175,87916,0.019995,65.77
2026-08-22 05:20,ARB,ARB,0.10284499999999999,2.917,1.459,1.459,3.403,50968,0.00125,15.42
2026-08-22 05:20,POL,POL,0.0999565,0.1,1.951,1.951,4.352,20974,0.011539,45.21
2026-08-22 05:20,RENDER,RENDER,1.5894,3.775,1.888,3.775,4.404,25364,0.014364,53.0
2026-08-22 05:20,DOGE,DOGE,0.0957225,0.104,0.052,0.47,0.575,68140,0.016779,56.09
2026-08-22 05:20,SHIB,kSHIB,0.0061175,1.635,0.817,4.087,4.087,156575,0.002796,18.46
2026-08-22 05:20,PEPE,kPEPE,0.004257,4.698,4.698,7.047,7.047,230009,0.019171,72.08
2026-08-22 05:20,WIF,WIF,0.22215000000000001,3.601,1.801,1.801,3.151,6048,0.04555,140.14
2026-08-22 05:20,BONK,kBONK,0.003327,12.023,6.011,6.011,9.017,101038,0.002204,27.19
2026-08-22 05:20,TRUMP,TRUMP,2.24005,3.125,2.009,6.027,7.366,97178,0.004453,25.49
2026-08-22 05:25,BTC,BTC,78703.5,0.127,0.064,0.064,0.064,1404619,0.00125,12.63
2026-08-22 05:25,ETH,ETH,2525.95,0.396,0.198,0.198,0.198,6051217,0.00125,12.9
2026-08-22 05:25,SOL,SOL,96.9615,0.309,0.155,0.155,0.155,195014,0.007437,30.13
2026-08-22 05:25,XRP,XRP,1.58045,0.633,0.316,0.316,0.316,572658,0.010433,38.85
2026-08-22 05:25,AVAX,AVAX,8.0997,1.482,0.741,0.864,1.482,35872,0.016198,55.84
2026-08-22 05:25,LINK,LINK,12.395,1.614,2.42,2.42,2.42,155176,0.021607,74.34
2026-08-22 05:25,LTC,LTC,55.0535,0.182,0.091,0.272,0.272,40250,0.017705,58.76
2026-08-22 05:25,ADA,ADA,0.24682500000000002,2.026,1.013,1.823,2.633,33583,0.009255,36.94
2026-08-22 05:25,DOT,DOT,1.0103499999999999,2.969,1.485,1.485,3.464,71210,0.00125,15.47
2026-08-22 05:25,UNI,UNI,4.4155,0.453,3.85,6.341,6.568,19863,0.021047,75.63
2026-08-22 05:25,AAVE,AAVE,128.88,1.552,0.776,0.776,1.552,83296,0.020805,68.81
2026-08-22 05:25,ARB,ARB,0.10384,1.926,0.963,1.926,1.926,73600,0.00125,14.43
2026-08-22 05:25,POL,POL,0.10011500000000001,0.999,5.494,5.494,8.49,20001,0.011677,52.68
2026-08-22 05:25,RENDER,RENDER,1.59565,1.88,0.94,3.447,4.074,23800,0.013883,49.75
2026-08-22 05:25,DOGE,DOGE,0.0963505,0.311,0.778,0.882,1.401,55708,0.016847,57.73
2026-08-22 05:25,SHIB,kSHIB,0.006141499999999999,1.628,0.814,2.442,4.071,151825,0.002639,18.02
2026-08-22 05:25,PEPE,kPEPE,0.0043295,2.31,1.155,1.155,1.155,258396,0.018677,63.61
2026-08-22 05:25,WIF,WIF,0.22276,1.796,0.898,0.898,0.898,4291,0.044751,136.1
2026-08-22 05:25,BONK,kBONK,0.0033855,2.954,1.477,1.477,1.477,83149,0.004611,24.86
2026-08-22 05:25,TRUMP,TRUMP,2.29,3.493,10.917,11.79,12.664,134974,0.004939,44.66
2026-08-22 05:30,BTC,BTC,78802.5,0.127,0.063,0.063,0.063,3785115,0.00125,12.63
2026-08-22 05:30,ETH,ETH,2520.75,0.397,0.198,0.198,0.198,7094555,0.00125,12.9
2026-08-22 05:30,SOL,SOL,97.0515,0.103,0.052,0.052,0.052,548600,0.00725,29.4
2026-08-22 05:30,XRP,XRP,1.5835,1.263,3.158,3.158,3.158,403559,0.010478,44.65
2026-08-22 05:30,AVAX,AVAX,8.1031,0.247,0.123,0.123,1.481,24870,0.016834,56.38
2026-08-22 05:30,LINK,LINK,12.423,1.61,0.805,1.61,1.61,174714,0.022196,72.76
2026-08-22 05:30,LTC,LTC,55.1025,0.181,0.091,0.091,0.091,22082,0.017988,59.55
2026-08-22 05:30,ADA,ADA,0.24873499999999998,0.402,1.407,1.407,1.809,52492,0.009498,38.41
2026-08-22 05:30,DOT,DOT,1.0098,1.981,1.981,2.971,3.961,62142,0.00125,16.46
2026-08-22 05:30,UNI,UNI,4.4235500000000005,2.035,1.017,1.017,1.017,22848,0.021127,70.19
2026-08-22 05:30,AAVE,AAVE,128.865,2.328,1.164,1.164,1.164,262143,0.02097,70.04
2026-08-22 05:30,ARB,ARB,0.104225,2.878,1.439,2.399,2.399,36587,0.00125,15.38
2026-08-22 05:30,POL,POL,0.101995,0.98,7.353,9.314,10.295,13586,0.011383,55.58
2026-08-22 05:30,RENDER,RENDER,1.59595,3.133,9.085,9.712,9.712,20920,0.014417,67.54
2026-08-22 05:30,DOGE,DOGE,0.096986,0.619,0.309,1.547,3.506,139835,0.016666,56.28
2026-08-22 05:30,SHIB,kSHIB,0.006127499999999999,1.632,4.08,4.08,5.712,201611,0.002278,23.54
2026-08-22 05:30,PEPE,kPEPE,0.0043265000000000005,2.311,1.156,1.156,1.156,505848,0.018455,62.99
2026-08-22 05:30,WIF,WIF,0.22312500000000002,1.345,2.465,2.465,2.913,6071,0.044115,137.45
2026-08-22 05:30,BONK,kBONK,0.003371,5.933,2.966,2.966,2.966,185547,0.006022,31.79
2026-08-22 05:30,TRUMP,TRUMP,2.31255,5.622,4.973,5.405,6.27,90361,0.004843,32.5
2026-08-22 05:35,BTC,BTC,78800.5,0.127,0.063,0.063,0.063,1158893,0.00125,12.63
2026-08-22 05:35,ETH,ETH,2520.55,0.397,0.198,0.198,0.198,6423083,0.00125,12.9
2026-08-22 05:35,SOL,SOL,97.618,0.82,0.41,0.41,0.41,183203,0.007152,29.85
2026-08-22 05:35,XRP,XRP,1.5831499999999998,0.632,0.947,3.474,3.474,763984,0.010258,39.62
2026-08-22 05:35,AVAX,AVAX,8.1134,1.479,0.74,0.863,0.986,24171,0.017632,59.85
2026-08-22 05:35,LINK,LINK,12.4875,0.801,1.201,1.201,1.201,148617,0.023043,75.92
2026-08-22 05:35,LTC,LTC,54.950500000000005,0.182,0.091,0.091,0.091,36545,0.018048,59.72
2026-08-22 05:35,ADA,ADA,0.247025,0.405,1.417,1.822,2.226,79966,0.009014,37.07
2026-08-22 05:35,DOT,DOT,1.0084499999999998,0.992,1.487,1.487,2.479,36709,0.00125,15.47
2026-08-22 05:35,UNI,UNI,4.43205,2.933,1.467,1.918,2.143,19842,0.02113,71.1
2026-08-22 05:35,AAVE,AAVE,128.975,0.775,0.388,0.388,0.388,236654,0.020802,68.02
2026-08-22 05:35,ARB,ARB,0.10432,1.917,0.959,1.917,1.917,36418,0.00125,14.42
2026-08-22 05:35,POL,POL,0.10256,7.8,4.875,10.725,13.651,22808,0.01136,50.56
2026-08-22 05:35,RENDER,RENDER,1.60175,8.116,4.058,4.058,6.555,28116,0.014681,58.22
2026-08-22 05:35,DOGE,DOGE,0.096193,1.871,0.936,0.936,0.936,199291,0.016113,55.99
2026-08-22 05:35,SHIB,kSHIB,0.006108499999999999,1.637,0.819,0.819,2.456,152251,0.001964,16.14
2026-08-22 05:35,PEPE,kPEPE,0.0043265000000000005,2.311,3.467,3.467,3.467,268489,0.018544,67.86
2026-08-22 05:35,WIF,WIF,0.22410000000000002,1.785,4.016,4.016,4.462,4847,0.043496,138.82
2026-08-22 05:35,BONK,kBONK,0.0033685,2.969,1.484,1.484,1.484,137062,0.006515,30.21
2026-08-22 05:35,TRUMP,TRUMP,2.3230500000000003,3.013,1.507,1.507,1.507,115314,0.004957,25.89
2026-08-22 05:40,BTC,BTC,78705.5,0.127,0.064,0.064,0.064,2732623,0.00125,12.63
2026-08-22 05:40,ETH,ETH,2519.05,0.397,0.198,0.198,0.198,7851654,0.00125,12.9
2026-08-22 05:40,SOL,SOL,97.02250000000001,0.103,0.052,0.052,0.052,164415,0.006688,27.83
2026-08-22 05:40,XRP,XRP,1.5796000000000001,1.266,0.633,0.633,0.633,564807,0.009711,37.46
2026-08-22 05:40,AVAX,AVAX,8.10115,0.864,0.432,0.432,0.679,10919,0.018103,60.55
2026-08-22 05:40,LINK,LINK,12.4665,0.802,0.401,0.401,0.401,303200,0.023978,76.94
2026-08-22 05:40,LTC,LTC,54.685,1.097,0.549,0.731,1.463,27750,0.018058,60.66
2026-08-22 05:40,ADA,ADA,0.24693500000000002,2.025,1.012,1.012,1.822,84902,0.008734,35.48
2026-08-22 05:40,DOT,DOT,1.0110999999999999,3.956,4.945,5.934,5.934,48004,0.00125,22.39
2026-08-22 05:40,UNI,UNI,4.4434000000000005,2.251,1.125,1.35,1.35,41235,0.021696,72.0
2026-08-22 05:40,AAVE,AAVE,128.58,4.666,2.333,2.333,2.333,256643,0.020531,71.15
2026-08-22 05:40,ARB,ARB,0.10438,1.916,0.958,0.958,0.958,84278,0.00125,14.42
2026-08-22 05:40,POL,POL,0.103235,2.906,5.328,6.296,6.296,18674,0.01129,51.27
2026-08-22 05:40,RENDER,RENDER,1.5958,5.013,2.507,4.387,6.266,11029,0.014889,55.7
2026-08-22 05:40,DOGE,DOGE,0.095494,2.723,1.361,1.361,1.361,186605,0.015322,54.62
2026-08-22 05:40,SHIB,kSHIB,0.006085,3.287,1.643,1.643,1.643,164989,0.001733,17.14
2026-08-22 05:40,PEPE,kPEPE,0.00431,4.64,4.64,4.64,4.64,292986,0.018078,68.9
2026-08-22 05:40,WIF,WIF,0.219935,3.183,5.683,7.048,7.048,6771,0.042279,138.75
2026-08-22 05:40,BONK,kBONK,0.0033499999999999997,5.97,2.985,2.985,2.985,205554,0.006717,33.78
2026-08-22 05:40,TRUMP,TRUMP,2.3252,12.902,9.892,9.892,9.892,75815,0.005276,43.56
2026-08-22 05:45,BTC,BTC,78617.5,0.127,0.064,0.064,0.064,1359046,0.00125,12.63
2026-08-22 05:45,ETH,ETH,2516.8500000000004,0.397,0.199,0.199,0.199,5608985,0.00125,12.9
2026-08-22 05:45,SOL,SOL,96.7955,0.103,0.052,0.775,0.775,145267,0.006412,27.06
2026-08-22 05:45,XRP,XRP,1.5679500000000002,0.638,0.319,0.319,0.319,780842,0.009172,35.32
2026-08-22 05:45,AVAX,AVAX,8.08635,2.35,1.175,2.164,3.03,8167,0.018264,62.49
2026-08-22 05:45,LINK,LINK,12.381499999999999,0.808,2.019,2.019,2.019,89505,0.024895,82.74
2026-08-22 05:45,LTC,LTC,54.1345,0.924,0.462,0.831,1.385,17409,0.017953,60.19
2026-08-22 05:45,ADA,ADA,0.24426,2.456,1.228,1.638,2.047,55813,0.00849,35.23
2026-08-22 05:45,DOT,DOT,1.0025499999999998,0.997,3.491,3.491,4.489,46125,0.00125,19.48
2026-08-22 05:45,UNI,UNI,4.41005,2.041,1.247,1.247,2.154,13347,0.021832,72.62
2026-08-22 05:45,AAVE,AAVE,127.60499999999999,0.784,1.176,5.094,5.094,105546,0.0202,67.91
2026-08-22 05:45,ARB,ARB,0.103635,2.895,1.447,2.412,2.412,77429,0.00125,15.39
2026-08-22 05:45,POL,POL,0.10419500000000001,0.96,2.399,2.399,2.399,33507,0.011632,46.37
2026-08-22 05:45,RENDER,RENDER,1.5939,2.51,2.51,2.51,2.51,26823,0.015159,56.46
2026-08-22 05:45,DOGE,DOGE,0.095399,0.839,0.419,0.419,0.419,127880,0.014737,51.1
2026-08-22 05:45,SHIB,kSHIB,0.006081,3.289,1.644,1.644,3.289,256467,0.001683,17.0
2026-08-22 05:45,PEPE,kPEPE,0.0042865,2.333,1.166,1.166,1.166,281806,0.017704,60.9
2026-08-22 05:45,WIF,WIF,0.219415,1.367,1.139,1.139,1.139,16975,0.04093,125.88
2026-08-22 05:45,BONK,kBONK,0.0033499999999999997,5.97,2.985,2.985,2.985,166100,0.0072,35.13
2026-08-22 05:45,TRUMP,TRUMP,2.3367,7.703,4.707,5.991,5.991,34801,0.00588,34.88
2026-08-22 05:50,BTC,BTC,78658.0,0.254,0.254,0.381,0.509,862609,0.00125,13.01
2026-08-22 05:50,ETH,ETH,2521.25,0.397,0.198,0.198,0.198,5471557,0.00125,12.9
2026-08-22 05:50,SOL,SOL,97.1785,0.103,0.051,0.051,0.051,178325,0.006183,26.41
2026-08-22 05:50,XRP,XRP,1.5763500000000001,0.634,2.22,2.22,2.22,480493,0.008755,37.95
2026-08-22 05:50,AVAX,AVAX,8.10875,0.37,0.185,0.185,0.185,49212,0.018457,61.05
2026-08-22 05:50,LINK,LINK,12.4875,0.801,0.4,0.4,0.4,55090,0.025607,81.5
2026-08-22 05:50,LTC,LTC,54.668,0.732,0.366,1.28,1.463,10809,0.017989,60.1
2026-08-22 05:50,ADA,ADA,0.246115,3.657,1.828,1.828,2.641,69765,0.008299,35.89
2026-08-22 05:50,DOT,DOT,1.0046499999999998,2.986,3.484,3.484,3.484,53440,0.00125,19.47
2026-08-22 05:50,UNI,UNI,4.41415,0.227,2.379,4.871,5.55,24835,0.021431,73.76
2026-08-22 05:50,AAVE,AAVE,127.745,0.783,0.391,0.391,0.391,123485,0.019784,65.18
2026-08-22 05:50,ARB,ARB,0.10453499999999999,0.957,0.478,0.478,1.435,48919,0.00125,13.46
2026-08-22 05:50,POL,POL,0.10535,3.797,5.695,7.594,10.441,18339,0.011803,53.44
2026-08-22 05:50,RENDER,RENDER,1.6048499999999999,0.623,0.312,0.312,0.312,28207,0.015365,52.65
2026-08-22 05:50,DOGE,DOGE,0.0957905,0.313,0.157,0.157,0.157,139266,0.014143,48.91
2026-08-22 05:50,SHIB,kSHIB,0.0060865,1.643,0.821,0.821,0.821,159101,0.001828,15.76
2026-08-22 05:50,PEPE,kPEPE,0.004269500000000001,2.342,1.171,1.171,1.171,442287,0.017296,59.77
2026-08-22 05:50,WIF,WIF,0.220475,3.175,1.587,2.495,5.216,12239,0.039825,123.68
2026-08-22 05:50,BONK,kBONK,0.0033785,8.88,4.44,4.44,4.44,183292,0.007528,38.96
2026-08-22 05:50,TRUMP,TRUMP,2.4804500000000003,5.241,2.62,2.62,2.62,18864,0.008086,36.88
2026-08-22 05:55,BTC,BTC,78590.5,0.127,0.064,0.064,0.064,1684434,0.00125,12.63
2026-08-22 05:55,ETH,ETH,2520.45,0.397,0.198,0.198,0.198,5914011,0.00125,12.9
2026-08-22 05:55,SOL,SOL,97.22800000000001,0.206,0.103,0.103,0.103,696701,0.005942,25.84
2026-08-22 05:55,XRP,XRP,1.57065,0.637,0.318,0.318,0.318,1028939,0.008513,33.47
2026-08-22 05:55,AVAX,AVAX,8.12985,0.123,0.062,0.062,0.062,118619,0.018702,61.49
2026-08-22 05:55,LINK,LINK,12.4605,0.803,0.401,0.401,0.401,97964,0.026103,82.89
2026-08-22 05:55,LTC,LTC,54.473,1.836,0.918,1.101,1.101,28416,0.017662,60.29
2026-08-22 05:55,ADA,ADA,0.244615,0.409,0.204,0.204,1.022,49295,0.008001,31.81
2026-08-22 05:55,DOT,DOT,1.00625,0.994,0.497,0.497,0.497,32017,0.00125,13.49
2026-08-22 05:55,UNI,UNI,4.43685,0.225,0.113,0.113,0.113,29129,0.021736,70.09
2026-08-22 05:55,AAVE,AAVE,127.29499999999999,3.928,1.964,1.964,2.75,229321,0.019592,67.78
2026-08-22 05:55,ARB,ARB,0.104825,0.954,0.477,1.431,1.431,79005,0.00125,13.45
2026-08-22 05:55,POL,POL,0.10543,3.794,4.742,5.691,5.691,33118,0.011845,51.65
2026-08-22 05:55,RENDER,RENDER,1.6042,3.74,1.87,2.493,3.117,29163,0.015715,56.74
2026-08-22 05:55,DOGE,DOGE,0.09596099999999999,1.042,0.521,0.625,1.146,153467,0.013682,48.35
2026-08-22 05:55,SHIB,kSHIB,0.0060795,4.935,4.112,4.112,5.757,141415,0.00197,22.74
2026-08-22 05:55,PEPE,kPEPE,0.0042705,2.342,1.171,1.171,1.171,303537,0.017279,59.72
2026-08-22 05:55,WIF,WIF,0.218545,0.458,0.229,0.229,0.229,13424,0.038172,116.34
2026-08-22 05:55,BONK,kBONK,0.003395,5.891,2.946,2.946,2.946,124831,0.007911,37.04
2026-08-22 05:55,TRUMP,TRUMP,2.6867,39.454,21.96,21.96,22.332,45328,0.011305,84.57
2026-08-22 06:00,BTC,BTC,78490.5,0.127,0.064,0.064,0.064,1525346,0.001783,14.12
2026-08-22 06:00,ETH,ETH,2517.3500000000004,0.397,0.199,0.199,0.199,5595115,0.00125,12.9
2026-08-22 06:00,SOL,SOL,96.86449999999999,0.103,0.052,0.052,0.052,93128,0.00125,12.6
2026-08-22 06:00,XRP,XRP,1.56555,3.194,2.874,2.874,2.874,854403,0.004984,28.7
2026-08-22 06:00,AVAX,AVAX,8.097999999999999,0.741,0.494,1.235,1.235,8561,0.018555,61.94
2026-08-22 06:00,LINK,LINK,12.4175,0.805,0.403,0.403,0.403,148567,0.026766,84.75
2026-08-22 06:00,LTC,LTC,54.3965,3.861,1.93,2.114,2.114,21487,0.015416,56.03
2026-08-22 06:00,ADA,ADA,0.245235,0.408,0.204,0.204,1.427,82576,0.008916,34.37
2026-08-22 06:00,DOT,DOT,1.00305,0.997,0.498,0.498,1.495,43362,0.00125,13.5
2026-08-22 06:00,UNI,UNI,4.44285,0.225,0.788,0.788,0.788,9962,0.028348,89.95
2026-08-22 06:00,AAVE,AAVE,126.965,0.788,1.969,1.969,1.969,112947,0.022714,76.54
2026-08-22 06:00,ARB,ARB,0.10516,1.902,0.951,0.951,0.951,80301,0.001353,14.69
2026-08-22 06:00,POL,POL,0.10528499999999999,0.95,2.375,3.324,3.324,35803,0.015383,56.82
2026-08-22 06:00,RENDER,RENDER,1.5974,2.504,1.878,8.138,8.138,41007,0.016906,60.09
2026-08-22 06:00,DOGE,DOGE,0.09572,0.627,0.313,0.313,0.313,159882,0.009402,35.95
2026-08-22 06:00,SHIB,kSHIB,0.0060625,1.649,2.474,4.124,4.124,159294,0.004078,25.37
2026-08-22 06:00,PEPE,kPEPE,0.0042465,7.065,3.532,5.887,8.242,193237,0.015165,58.53
2026-08-22 06:00,WIF,WIF,0.218495,0.458,0.229,5.721,5.721,10254,0.017698,59.01
2026-08-22 06:00,BONK,kBONK,0.0033835000000000002,2.956,1.478,10.344,10.344,124854,0.009933,39.77
2026-08-22 06:00,TRUMP,TRUMP,2.75625,14.875,16.871,16.871,17.234,101182,0.066606,229.24
2026-08-22 06:05,BTC,BTC,78458.5,0.127,0.064,0.064,0.064,2126376,0.00125,12.63
2026-08-22 06:05,ETH,ETH,2517.75,0.397,0.199,0.199,0.199,5905861,0.00125,12.9
2026-08-22 06:05,SOL,SOL,96.8515,0.103,0.052,0.052,0.052,104840,0.002005,14.72
2026-08-22 06:05,XRP,XRP,1.5704500000000001,0.637,7.96,7.96,7.96,622419,0.006144,42.12
2026-08-22 06:05,AVAX,AVAX,8.08295,0.124,1.794,1.794,3.155,19901,0.019395,66.89
2026-08-22 06:05,LINK,LINK,12.4555,2.409,2.007,2.007,2.007,80510,0.024414,81.37
2026-08-22 06:05,LTC,LTC,54.230500000000006,4.61,2.858,3.965,5.255,84137,0.015228,57.35
2026-08-22 06:05,ADA,ADA,0.2464,1.623,2.435,2.435,3.653,175086,0.006863,33.09
2026-08-22 06:05,DOT,DOT,1.00685,0.993,5.463,5.463,5.463,59414,0.00125,23.43
2026-08-22 06:05,UNI,UNI,4.43385,0.226,0.113,0.113,0.113,62901,0.02471,78.41
2026-08-22 06:05,AAVE,AAVE,127.695,3.916,1.958,1.958,1.958,231723,0.022241,75.19
2026-08-22 06:05,ARB,ARB,0.105685,2.839,1.419,1.419,2.366,58683,0.00125,15.34
2026-08-22 06:05,POL,POL,0.105505,0.948,0.474,0.474,2.37,30532,0.016113,55.06
2026-08-22 06:05,RENDER,RENDER,1.599,3.752,1.876,4.378,4.378,58890,0.01641,58.7
2026-08-22 06:05,DOGE,DOGE,0.0958195,1.983,0.991,1.618,1.618,135395,0.010466,40.29
2026-08-22 06:05,SHIB,kSHIB,0.0060655,1.649,2.473,2.473,4.122,168770,0.00125,17.45
2026-08-22 06:05,PEPE,kPEPE,0.0042615,2.347,1.173,1.173,1.173,416129,0.015349,54.32
2026-08-22 06:05,WIF,WIF,0.21731,1.841,7.363,10.124,12.885,5998,0.020858,82.13
2026-08-22 06:05,BONK,kBONK,0.0034245,2.92,1.46,1.46,1.46,128963,0.008881,36.79
2026-08-22 06:05,TRUMP,TRUMP,2.7641,5.065,2.532,3.98,3.98,21259,0.084111,249.57
2026-08-22 06:10,BTC,BTC,78417.5,0.128,0.064,0.064,0.064,3003032,0.00125,12.63
2026-08-22 06:10,ETH,ETH,2519.3500000000004,0.397,0.992,2.183,2.58,2147650,0.00125,14.48
2026-08-22 06:10,SOL,SOL,96.9805,0.103,0.67,0.67,0.876,74763,0.002882,18.41
2026-08-22 06:10,XRP,XRP,1.58195,0.632,0.316,0.316,0.316,531938,0.00673,28.48
2026-08-22 06:10,AVAX,AVAX,8.12985,0.123,0.062,0.062,0.062,126942,0.020567,66.71
2026-08-22 06:10,LINK,LINK,12.4505,0.803,1.205,1.205,2.008,155028,0.025818,83.7
2026-08-22 06:10,LTC,LTC,54.3805,0.184,0.092,0.092,0.092,27968,0.01715,57.2
2026-08-22 06:10,ADA,ADA,0.24743500000000002,0.404,1.415,1.415,3.435,82058,0.007762,33.56
2026-08-22 06:10,DOT,DOT,1.0132500000000002,0.987,0.493,0.493,0.493,62072,0.00125,13.49
2026-08-22 06:10,UNI,UNI,4.4184,3.169,1.584,1.584,2.037,57974,0.024141,79.76
2026-08-22 06:10,AAVE,AAVE,128.415,0.779,2.726,2.726,3.504,18646,0.025002,84.46
2026-08-22 06:10,ARB,ARB,0.10579,9.453,4.726,4.726,4.726,112486,0.00125,21.95
2026-08-22 06:10,POL,POL,0.106275,2.823,4.234,7.057,7.998,27194,0.018553,69.42
2026-08-22 06:10,RENDER,RENDER,1.6033499999999998,1.871,0.936,0.936,0.936,29641,0.01907,64.27
2026-08-22 06:10,DOGE,DOGE,0.0954985,0.105,0.052,0.052,0.052,138961,0.010511,38.54
2026-08-22 06:10,SHIB,kSHIB,0.006042499999999999,1.655,0.827,2.482,2.482,212420,0.00125,14.15
2026-08-22 06:10,PEPE,kPEPE,0.004283,4.67,2.335,2.335,2.335,188195,0.017032,61.36
2026-08-22 06:10,WIF,WIF,0.21998,1.818,7.273,10.001,12.274,2761,0.023674,89.83
2026-08-22 06:10,BONK,kBONK,0.0034155,2.928,1.464,1.464,1.464,150482,0.008487,35.69
2026-08-22 06:10,TRUMP,TRUMP,2.6591,15.795,7.897,7.897,20.308,91345,0.061545,197.12
2026-08-22 06:15,BTC,BTC,78391.5,0.128,0.064,0.064,0.064,5856830,0.00125,12.63
2026-08-22 06:15,ETH,ETH,2515.4,0.795,0.398,0.398,0.398,6651882,0.00125,13.3
2026-08-22 06:15,SOL,SOL,97.1745,0.103,0.051,0.051,0.051,311192,0.003566,19.09
2026-08-22 06:15,XRP,XRP,1.58775,0.63,1.575,1.575,1.575,853148,0.006923,31.53
2026-08-22 06:15,AVAX,AVAX,8.136299999999999,1.229,1.229,1.475,1.598,7596,0.020651,69.28
2026-08-22 06:15,LINK,LINK,12.403500000000001,0.806,0.403,2.016,2.016,151639,0.026066,82.79
2026-08-22 06:15,LTC,LTC,54.607,0.733,0.366,0.549,0.549,86755,0.017351,58.31
2026-08-22 06:15,ADA,ADA,0.24753999999999998,0.808,1.212,2.02,2.828,81623,0.007451,32.29
2026-08-22 06:15,DOT,DOT,1.0094,1.981,0.991,1.981,2.972,59745,0.00125,14.48
2026-08-22 06:15,UNI,UNI,4.3975,2.729,1.364,1.364,1.364,194525,0.020234,68.38
2026-08-22 06:15,AAVE,AAVE,128.345,0.779,0.39,3.506,3.506,583722,0.025381,80.85
2026-08-22 06:15,ARB,ARB,0.106,1.887,0.943,1.887,2.83,52229,0.00125,14.39
2026-08-22 06:15,POL,POL,0.106455,0.939,1.409,1.409,1.409,24908,0.020873,70.26
2026-08-22 06:15,RENDER,RENDER,1.6063,1.245,0.623,0.623,0.623,22085,0.019684,65.36
2026-08-22 06:15,DOGE,DOGE,0.0954045,0.105,0.052,0.052,0.052,166649,0.010796,39.33
2026-08-22 06:15,SHIB,kSHIB,0.0060745,1.646,0.823,4.116,5.762,188591,0.00125,14.15
2026-08-22 06:15,PEPE,kPEPE,0.004370499999999999,6.864,3.432,3.432,3.432,399399,0.01832,67.16
2026-08-22 06:15,WIF,WIF,0.22161,2.707,2.256,3.159,3.61,4420,0.024493,82.09
2026-08-22 06:15,BONK,kBONK,0.0034345,2.912,1.456,1.456,1.456,101899,0.009202,37.68
2026-08-22 06:15,TRUMP,TRUMP,2.66235,7.137,3.568,3.568,3.568,115110,0.051549,160.47
2026-08-22 06:20,BTC,BTC,78384.5,0.128,0.064,0.064,0.064,1168492,0.00125,12.63
2026-08-22 06:20,ETH,ETH,2511.8500000000004,0.398,0.199,0.199,0.199,5650605,0.00125,12.9
2026-08-22 06:20,SOL,SOL,97.07849999999999,0.103,0.052,0.052,0.052,98042,0.003889,19.99
2026-08-22 06:20,XRP,XRP,1.58935,0.629,0.315,0.315,0.315,915124,0.006988,29.19
2026-08-22 06:20,AVAX,AVAX,8.129950000000001,2.337,1.169,1.292,1.538,7199,0.020731,69.38
2026-08-22 06:20,LINK,LINK,12.369499999999999,0.808,2.021,2.021,2.021,89412,0.024871,82.68
2026-08-22 06:20,LTC,LTC,54.537499999999994,0.183,1.008,1.192,1.192,19532,0.017021,58.68
2026-08-22 06:20,ADA,ADA,0.24739,2.425,1.213,1.213,2.021,142880,0.006999,31.02
2026-08-22 06:20,DOT,DOT,1.00605,0.994,0.497,3.479,4.473,69078,0.00125,13.49
2026-08-22 06:20,UNI,UNI,4.40125,1.136,0.568,0.795,0.795,63732,0.017236,58.4
2026-08-22 06:20,AAVE,AAVE,126.33500000000001,3.958,1.979,2.77,2.77,98320,0.024883,82.63
2026-08-22 06:20,ARB,ARB,0.10553,1.895,0.948,1.895,3.79,66685,0.00125,14.4
2026-08-22 06:20,POL,POL,0.106455,0.939,3.288,4.227,7.045,20606,0.020478,72.91
2026-08-22 06:20,RENDER,RENDER,1.6018,1.249,0.624,0.624,1.249,26046,0.01953,64.93
2026-08-22 06:20,DOGE,DOGE,0.0954765,0.105,0.052,0.052,0.052,110571,0.01056,38.67
2026-08-22 06:20,SHIB,kSHIB,0.0060675,1.648,0.824,0.824,2.472,184879,0.00125,14.15
2026-08-22 06:20,PEPE,kPEPE,0.004389499999999999,2.278,1.139,1.139,1.139,297731,0.018135,62.06
2026-08-22 06:20,WIF,WIF,0.222055,3.152,7.881,7.881,9.682,3286,0.024438,93.19
2026-08-22 06:20,BONK,kBONK,0.003465,5.772,2.886,2.886,2.886,128353,0.009351,40.96
2026-08-22 06:20,TRUMP,TRUMP,2.69855,1.853,1.297,1.297,1.297,260403,0.045656,139.43
2026-08-22 06:25,BTC,BTC,78596.5,0.127,0.064,0.064,0.064,3238007,0.001403,13.06
2026-08-22 06:25,ETH,ETH,2512.45,0.398,0.199,0.199,0.199,6461680,0.00125,12.9
2026-08-22 06:25,SOL,SOL,97.1875,0.103,0.051,0.051,0.051,334420,0.003943,20.14
2026-08-22 06:25,XRP,XRP,1.60135,0.624,0.312,0.312,0.312,556212,0.007264,29.96
2026-08-22 06:25,AVAX,AVAX,8.157150000000001,0.613,0.919,0.919,1.532,7982,0.020783,69.03
2026-08-22 06:25,LINK,LINK,12.345500000000001,0.81,0.405,0.405,0.405,111173,0.024135,77.39
2026-08-22 06:25,LTC,LTC,54.3865,0.552,0.276,0.276,0.644,22970,0.016721,56.37
2026-08-22 06:25,ADA,ADA,0.247905,0.403,2.219,2.219,2.219,117916,0.00699,33.01
2026-08-22 06:25,DOT,DOT,1.01605,2.953,1.476,2.461,2.461,63065,0.00125,15.45
2026-08-22 06:25,UNI,UNI,4.37395,1.6,0.8,0.8,1.029,40258,0.015381,53.67
2026-08-22 06:25,AAVE,AAVE,125.395,2.392,1.196,1.196,1.196,75984,0.025128,81.75
2026-08-22 06:25,ARB,ARB,0.10558000000000001,3.789,1.894,1.894,3.789,104875,0.00125,16.29
2026-08-22 06:25,POL,POL,0.106405,0.94,2.35,4.229,6.109,20987,0.019851,69.28
2026-08-22 06:25,RENDER,RENDER,1.60005,0.625,0.312,0.312,0.312,33445,0.01891,62.57
2026-08-22 06:25,DOGE,DOGE,0.0961045,0.104,0.052,0.052,0.052,27346,0.010602,38.79
2026-08-22 06:25,SHIB,kSHIB,0.0061095,1.637,0.818,0.818,2.455,151887,0.00125,14.14
2026-08-22 06:25,PEPE,kPEPE,0.004467499999999999,2.238,1.119,1.119,1.119,293144,0.018288,62.45
2026-08-22 06:25,WIF,WIF,0.22507,0.889,1.777,1.777,1.777,8009,0.025032,82.64
2026-08-22 06:25,BONK,kBONK,0.0034705,2.881,1.441,1.441,1.441,114569,0.009494,38.46
2026-08-22 06:25,TRUMP,TRUMP,2.7071500000000004,10.712,5.356,5.356,5.356,151648,0.040597,133.38
2026-08-22 06:30,BTC,BTC,78583.5,0.127,0.064,0.064,0.064,4232851,0.001575,13.54
2026-08-22 06:30,ETH,ETH,2514.55,0.398,0.199,0.199,0.199,8307583,0.00125,12.9
2026-08-22 06:30,SOL,SOL,98.0075,0.102,0.051,0.051,0.051,280958,0.004309,21.17
2026-08-22 06:30,XRP,XRP,1.5940500000000002,0.627,0.941,0.941,0.941,1022130,0.007123,30.83
2026-08-22 06:30,AVAX,AVAX,8.15965,0.858,0.429,0.551,1.287,48882,0.020698,67.81
2026-08-22 06:30,LINK,LINK,12.349499999999999,0.81,0.405,0.405,0.405,173721,0.023579,75.83
2026-08-22 06:30,LTC,LTC,54.415499999999994,0.184,0.092,0.092,0.092,47438,0.016691,55.92
2026-08-22 06:30,ADA,ADA,0.24926500000000001,0.401,0.201,0.201,0.201,158441,0.007632,30.77
2026-08-22 06:30,DOT,DOT,1.0223499999999999,4.891,2.445,2.445,3.423,85311,0.00125,17.39
2026-08-22 06:30,UNI,UNI,4.358750000000001,2.983,1.491,1.491,3.556,58737,0.014287,51.99
2026-08-22 06:30,AAVE,AAVE,126.175,2.378,2.774,4.359,4.359,93985,0.025101,84.83
2026-08-22 06:30,ARB,ARB,0.10579,1.891,0.945,2.836,2.836,53903,0.00125,14.39
2026-08-22 06:30,POL,POL,0.106485,0.939,1.409,1.409,3.287,22797,0.019381,66.08
2026-08-22 06:30,RENDER,RENDER,1.60375,5.612,2.806,3.429,5.3,21278,0.018502,66.42
2026-08-22 06:30,DOGE,DOGE,0.0964385,0.104,2.852,2.852,2.852,108392,0.010705,44.68
2026-08-22 06:30,SHIB,kSHIB,0.0061195,1.634,0.817,0.817,2.451,161309,0.00125,14.13
2026-08-22 06:30,PEPE,kPEPE,0.0044434999999999995,2.25,1.125,1.125,1.125,299365,0.017989,61.62
2026-08-22 06:30,WIF,WIF,0.226765,1.323,12.127,12.568,12.568,16694,0.025635,105.03
2026-08-22 06:30,BONK,kBONK,0.003458,5.784,2.892,2.892,2.892,129317,0.009533,41.48
2026-08-22 06:30,TRUMP,TRUMP,2.7369,9.5,4.75,4.75,4.75,278097,0.036295,120.13
2026-08-22 06:35,BTC,BTC,78675.5,0.127,0.064,0.064,0.064,1809691,0.001723,13.95
2026-08-22 06:35,ETH,ETH,2519.8500000000004,0.397,0.198,0.198,0.198,5161118,0.00125,12.9
2026-08-22 06:35,SOL,SOL,99.59049999999999,1.305,0.653,0.653,0.653,514113,0.005618,26.04
2026-08-22 06:35,XRP,XRP,1.6346500000000002,0.612,0.306,0.306,0.306,1121399,0.007885,31.69
2026-08-22 06:35,AVAX,AVAX,8.21565,0.852,0.548,0.548,0.548,43954,0.020785,68.29
2026-08-22 06:35,LINK,LINK,12.506499999999999,0.8,0.4,0.4,1.999,107899,0.024085,77.24
2026-08-22 06:35,LTC,LTC,54.926500000000004,0.182,1.001,1.001,1.001,30319,0.016996,58.59
2026-08-22 06:35,ADA,ADA,0.25268,2.375,1.187,1.187,1.187,88701,0.009198,37.13
2026-08-22 06:35,DOT,DOT,1.0321,3.876,1.938,1.938,1.938,59533,0.00125,16.38
2026-08-22 06:35,UNI,UNI,4.4056999999999995,4.994,2.497,2.497,2.497,68348,0.014424,54.38
2026-08-22 06:35,AAVE,AAVE,127.435,0.785,2.746,3.531,3.531,88451,0.025183,85.01
2026-08-22 06:35,ARB,ARB,0.106795,2.809,1.405,1.405,4.214,54157,0.00125,15.31
2026-08-22 06:35,POL,POL,0.106865,0.936,2.339,2.339,4.211,27093,0.018923,66.66
2026-08-22 06:35,RENDER,RENDER,1.6222500000000002,0.616,3.39,8.938,8.938,18391,0.018366,67.21
2026-08-22 06:35,DOGE,DOGE,0.0987035,2.938,1.874,2.786,3.901,109043,0.010972,43.47
2026-08-22 06:35,SHIB,kSHIB,0.006144,3.255,1.628,1.628,1.628,233911,0.00125,15.76
2026-08-22 06:35,PEPE,kPEPE,0.0044685,2.238,1.119,1.119,1.119,428497,0.017873,61.28
2026-08-22 06:35,WIF,WIF,0.22602499999999998,1.327,1.991,1.991,1.991,21405,0.025913,85.54
2026-08-22 06:35,BONK,kBONK,0.003508,5.701,2.851,5.701,5.701,90340,0.010198,43.26
2026-08-22 06:35,TRUMP,TRUMP,2.83105,5.298,2.649,2.649,2.649,84165,0.034824,111.81
2026-08-22 06:40,BTC,BTC,78746.5,0.127,0.063,0.317,0.571,3265805,0.001873,14.37
2026-08-22 06:40,ETH,ETH,2524.55,0.396,0.198,0.198,0.198,7006760,0.00125,12.9
2026-08-22 06:40,SOL,SOL,100.765,0.992,0.496,0.496,0.496,1751545,0.007366,30.62
2026-08-22 06:40,XRP,XRP,1.64905,0.606,0.303,0.303,0.303,545260,0.008559,33.57
2026-08-22 06:40,AVAX,AVAX,8.2262,0.486,0.608,0.608,1.459,65761,0.02067,68.09
2026-08-22 06:40,LINK,LINK,12.555499999999999,0.796,0.398,1.195,1.195,105097,0.025737,81.86
2026-08-22 06:40,LTC,LTC,55.0235,0.182,0.091,0.091,0.091,32376,0.016965,56.68
2026-08-22 06:40,ADA,ADA,0.25292000000000003,3.163,2.372,2.372,3.163,82127,0.010168,42.21
2026-08-22 06:40,DOT,DOT,1.0269499999999998,2.921,1.461,1.461,2.434,57643,0.00125,15.42
2026-08-22 06:40,UNI,UNI,4.40665,0.227,0.113,1.021,1.475,63876,0.014798,50.66
2026-08-22 06:40,AAVE,AAVE,127.965,0.781,4.298,5.08,5.08,542029,0.025498,88.99
2026-08-22 06:40,ARB,ARB,0.10696,3.74,1.87,2.805,4.675,46060,0.00125,16.24
2026-08-22 06:40,POL,POL,0.107435,2.792,2.327,2.327,6.05,49448,0.019252,67.56
2026-08-22 06:40,RENDER,RENDER,1.6285,2.456,1.228,2.456,4.912,13842,0.017813,61.33
2026-08-22 06:40,DOGE,DOGE,0.0989095,0.101,1.264,1.264,1.264,456035,0.01129,43.14
2026-08-22 06:40,SHIB,kSHIB,0.0061825000000000005,4.852,2.426,5.661,5.661,142671,0.001458,17.93
2026-08-22 06:40,PEPE,kPEPE,0.004541,17.617,8.809,13.213,19.819,144432,0.017916,76.78
2026-08-22 06:40,WIF,WIF,0.229025,3.056,4.585,5.021,5.021,9601,0.026182,91.48
2026-08-22 06:40,BONK,kBONK,0.003537,16.964,8.482,11.309,11.309,167411,0.010739,56.03
2026-08-22 06:40,TRUMP,TRUMP,2.93705,4.426,2.213,3.915,3.915,58419,0.034068,108.82
2026-08-22 06:45,BTC,BTC,78678.5,0.127,0.064,0.064,0.064,2222101,0.001986,14.69
2026-08-22 06:45,ETH,ETH,2523.3500000000004,0.396,0.198,0.198,0.198,5434350,0.00125,12.9
2026-08-22 06:45,SOL,SOL,100.745,0.993,0.496,0.496,0.496,3228473,0.008749,34.49
2026-08-22 06:45,XRP,XRP,1.6506500000000002,1.817,0.909,1.515,1.515,474316,0.009381,37.08
2026-08-22 06:45,AVAX,AVAX,8.2625,0.484,0.242,0.242,1.331,9403,0.021054,68.44
2026-08-22 06:45,LINK,LINK,12.6335,0.792,0.396,1.187,1.187,191145,0.027935,88.01
2026-08-22 06:45,LTC,LTC,55.1475,1.269,0.635,1.36,1.723,39612,0.017227,58.5
2026-08-22 06:45,ADA,ADA,0.2566,3.897,1.949,1.949,1.949,127795,0.011183,44.21
2026-08-22 06:45,DOT,DOT,1.0269499999999998,2.921,2.434,2.434,2.434,61443,0.00125,17.37
2026-08-22 06:45,UNI,UNI,4.40835,0.227,0.113,0.113,0.567,14568,0.015229,51.87
2026-08-22 06:45,AAVE,AAVE,127.735,0.783,3.523,3.523,3.523,34151,0.025597,87.72
2026-08-22 06:45,ARB,ARB,0.10749,3.721,1.861,2.791,3.721,61036,0.00125,16.22
2026-08-22 06:45,POL,POL,0.10778,9.278,7.423,7.423,7.423,48352,0.020035,79.94
2026-08-22 06:45,RENDER,RENDER,1.6273,7.374,8.603,12.29,14.134,14640,0.017459,75.09
2026-08-22 06:45,DOGE,DOGE,0.10050500000000001,6.965,9.452,10.447,10.447,442865,0.011715,60.71
2026-08-22 06:45,SHIB,kSHIB,0.0061905,1.615,4.038,5.654,7.269,56548,0.001926,22.47
2026-08-22 06:45,PEPE,kPEPE,0.0045235,2.211,1.105,3.316,3.316,229330,0.018133,61.98
2026-08-22 06:45,WIF,WIF,0.22842,3.502,1.751,1.751,1.751,8474,0.026942,87.94
2026-08-22 06:45,BONK,kBONK,0.0036005,2.777,1.389,1.389,1.389,168328,0.011533,44.07
2026-08-22 06:45,TRUMP,TRUMP,2.96415,0.337,0.169,0.169,0.169,36278,0.032807,101.2
2026-08-22 06:50,BTC,BTC,78605.5,0.127,0.064,0.064,0.064,3237451,0.002007,14.75
2026-08-22 06:50,ETH,ETH,2519.05,0.397,0.198,0.198,0.198,6131751,0.00125,12.9
2026-08-22 06:50,SOL,SOL,100.065,0.999,0.5,0.5,0.5,2241139,0.00901,35.23
2026-08-22 06:50,XRP,XRP,1.65605,0.604,0.302,0.302,0.906,400526,0.009987,37.57
2026-08-22 06:50,AVAX,AVAX,8.31935,1.082,0.541,0.541,2.344,8830,0.021452,70.15
2026-08-22 06:50,LINK,LINK,12.5475,0.797,0.398,0.398,0.398,77250,0.029175,91.49
2026-08-22 06:50,LTC,LTC,55.204499999999996,1.268,0.634,0.815,0.815,42976,0.017347,58.84
2026-08-22 06:50,ADA,ADA,0.25573999999999997,0.782,0.391,0.391,0.391,94239,0.011712,42.57
2026-08-22 06:50,DOT,DOT,1.02545,4.876,2.438,2.438,2.438,46923,0.00125,17.38
2026-08-22 06:50,UNI,UNI,4.4502,4.944,2.472,2.472,2.472,99771,0.01543,57.15
2026-08-22 06:50,AAVE,AAVE,127.54499999999999,3.92,1.96,1.96,1.96,94125,0.025638,84.71
2026-08-22 06:50,ARB,ARB,0.10733000000000001,3.727,1.863,1.863,2.795,55521,0.00125,16.23
2026-08-22 06:50,POL,POL,0.11021500000000001,0.907,0.454,0.454,0.454,27697,0.021113,69.02
2026-08-22 06:50,RENDER,RENDER,1.6352,2.446,7.95,7.95,9.785,25917,0.017588,74.15
2026-08-22 06:50,DOGE,DOGE,0.0988415,0.506,0.253,0.253,0.253,117245,0.011818,42.6
2026-08-22 06:50,SHIB,kSHIB,0.0061755,1.619,0.81,0.81,2.429,184866,0.001961,16.11
2026-08-22 06:50,PEPE,kPEPE,0.00446,4.484,8.969,8.969,11.211,331739,0.018187,77.86
2026-08-22 06:50,WIF,WIF,0.22682000000000002,0.882,0.441,0.882,0.882,13087,0.028023,88.35
2026-08-22 06:50,BONK,kBONK,0.0036145,2.767,4.15,4.15,4.15,169383,0.012188,51.43
2026-08-22 06:50,TRUMP,TRUMP,3.39875,3.236,1.618,1.618,4.561,27595,0.035053,110.38
2026-08-22 06:55,BTC,BTC,78575.5,0.127,0.064,0.064,0.064,2199986,0.00198,14.67
2026-08-22 06:55,ETH,ETH,2518.8500000000004,0.397,0.199,0.199,0.199,6811618,0.00125,12.9
2026-08-22 06:55,SOL,SOL,100.125,0.999,0.499,0.499,0.499,2503310,0.009517,36.64
2026-08-22 06:55,XRP,XRP,1.6639499999999998,0.601,0.3,0.3,0.3,854424,0.010896,40.11
2026-08-22 06:55,AVAX,AVAX,8.30165,0.12,0.06,0.663,1.385,9465,0.02184,70.27
2026-08-22 06:55,LINK,LINK,12.599499999999999,0.794,0.397,0.397,1.191,109461,0.02989,93.49
2026-08-22 06:55,LTC,LTC,55.158,3.263,3.445,8.884,9.79,267966,0.017325,64.4
2026-08-22 06:55,ADA,ADA,0.2546,3.142,1.571,1.571,3.928,89144,0.011966,45.65
2026-08-22 06:55,DOT,DOT,1.0285,1.945,0.972,0.972,2.917,35814,0.00125,14.44
2026-08-22 06:55,UNI,UNI,4.44375,0.225,1.913,1.913,3.038,17750,0.015266,55.57
2026-08-22 06:55,AAVE,AAVE,127.14500000000001,0.787,2.753,2.753,2.753,214477,0.02548,85.85
2026-08-22 06:55,ARB,ARB,0.10886000000000001,3.674,1.837,1.837,1.837,96242,0.00125,16.17
2026-08-22 06:55,POL,POL,0.110375,0.906,1.359,5.889,6.795,24055,0.021333,71.45
2026-08-22 06:55,RENDER,RENDER,1.63625,0.611,0.306,3.972,4.584,27878,0.017695,59.16
2026-08-22 06:55,DOGE,DOGE,0.098593,0.406,3.043,3.55,3.651,66052,0.011908,48.43
2026-08-22 06:55,SHIB,kSHIB,0.006173,3.24,1.62,1.62,3.24,249879,0.002048,17.98
2026-08-22 06:55,PEPE,kPEPE,0.0044605,2.242,1.121,1.121,1.121,299662,0.018243,62.32
2026-08-22 06:55,WIF,WIF,0.22782000000000002,13.168,6.584,6.584,6.584,16813,0.029178,103.87
2026-08-22 06:55,BONK,kBONK,0.003613,5.536,2.768,5.536,5.536,206713,0.012668,50.0
2026-08-22 06:55,TRUMP,TRUMP,3.24855,16.315,8.157,8.157,8.157,60156,0.037015,128.96
2026-08-22 07:00,BTC,BTC,78569.5,0.127,0.064,0.064,0.064,1593560,0.00247,16.04
2026-08-22 07:00,ETH,ETH,2517.1499999999996,0.397,0.199,0.199,0.199,7878760,0.00125,12.9
2026-08-22 07:00,SOL,SOL,99.61099999999999,0.201,0.1,0.1,0.1,264515,0.015851,53.58
2026-08-22 07:00,XRP,XRP,1.67945,0.595,0.298,0.298,0.298,272587,0.022919,73.77
2026-08-22 07:00,AVAX,AVAX,8.29555,0.121,0.06,0.06,0.06,30384,0.027606,86.42
2026-08-22 07:00,LINK,LINK,12.6065,0.793,0.397,1.19,1.983,69443,0.035306,108.65
2026-08-22 07:00,LTC,LTC,55.248999999999995,0.724,1.267,1.267,2.896,33371,0.021491,71.71
2026-08-22 07:00,ADA,ADA,0.255475,0.391,1.37,1.37,1.37,83321,0.016523,58.01
2026-08-22 07:00,DOT,DOT,1.02475,0.976,0.488,2.44,2.44,46316,0.003017,18.42
2026-08-22 07:00,UNI,UNI,4.43445,2.03,1.015,1.691,1.691,20296,0.009943,38.87
2026-08-22 07:00,AAVE,AAVE,126.97,1.575,0.788,0.788,1.575,57022,0.025973,83.3
2026-08-22 07:00,ARB,ARB,0.10814,1.849,0.925,1.849,1.849,64755,0.00125,14.35
2026-08-22 07:00,POL,POL,0.111815,0.894,0.447,0.447,0.447,38488,0.03141,97.84
2026-08-22 07:00,RENDER,RENDER,1.6400000000000001,4.878,2.439,3.049,4.268,22672,0.021596,74.35
2026-08-22 07:00,DOGE,DOGE,0.0993245,0.101,0.05,0.856,1.057,69432,0.018257,60.22
2026-08-22 07:00,SHIB,kSHIB,0.006188,3.232,1.616,1.616,1.616,225507,0.001336,15.97
2026-08-22 07:00,PEPE,kPEPE,0.0044125,2.266,1.133,1.133,5.666,266121,0.02302,75.72
2026-08-22 07:00,WIF,WIF,0.22829,2.628,1.314,1.314,1.314,18038,0.045003,137.64
2026-08-22 07:00,BONK,kBONK,0.0036420000000000003,5.491,5.491,5.491,5.491,159533,0.024922,89.76
2026-08-22 07:00,TRUMP,TRUMP,3.2727,1.222,0.611,0.611,0.611,59372,0.065466,193.53
2026-08-22 07:05,BTC,BTC,78574.5,0.127,0.064,0.064,0.064,2923021,0.002346,15.7
2026-08-22 07:05,ETH,ETH,2517.8500000000004,0.397,0.199,0.199,0.199,7819125,0.00125,12.9
2026-08-22 07:05,SOL,SOL,99.8015,0.1,0.551,0.952,0.952,243481,0.012985,46.46
2026-08-22 07:05,XRP,XRP,1.68155,0.595,0.297,0.297,0.297,323203,0.017413,58.35
2026-08-22 07:05,AVAX,AVAX,8.3072,1.204,1.685,1.926,3.009,12099,0.024233,80.22
2026-08-22 07:05,LINK,LINK,12.4905,0.801,0.4,0.4,0.4,162626,0.032448,100.65
2026-08-22 07:05,LTC,LTC,54.947,0.728,0.364,0.546,1.092,53718,0.016582,56.16
2026-08-22 07:05,ADA,ADA,0.25517500000000004,0.392,3.723,3.723,3.723,66214,0.014969,58.36
2026-08-22 07:05,DOT,DOT,1.0243,1.953,3.905,4.881,4.881,37144,0.00125,20.31
2026-08-22 07:05,UNI,UNI,4.4116,2.72,1.36,1.587,1.813,23794,0.008167,34.59
2026-08-22 07:05,AAVE,AAVE,126.55,9.482,4.741,4.741,4.741,91461,0.023671,84.76
2026-08-22 07:05,ARB,ARB,0.108055,2.776,1.388,1.388,1.388,81953,0.00125,15.28
2026-08-22 07:05,POL,POL,0.110455,0.905,0.453,0.453,0.453,21826,0.024568,78.7
2026-08-22 07:05,RENDER,RENDER,1.6282999999999999,6.141,4.913,9.212,9.826,23436,0.017784,68.62
2026-08-22 07:05,DOGE,DOGE,0.0991515,2.925,1.462,1.462,1.563,114600,0.013756,50.44
2026-08-22 07:05,SHIB,kSHIB,0.006163500000000001,1.622,0.811,0.811,2.434,110633,0.00125,14.12
2026-08-22 07:05,PEPE,kPEPE,0.0043619999999999996,4.585,2.293,2.293,2.293,316906,0.01493,55.39
2026-08-22 07:05,WIF,WIF,0.22626000000000002,4.42,6.188,6.188,6.188,11446,0.036925,124.76
2026-08-22 07:05,BONK,kBONK,0.0035735000000000003,8.395,6.996,6.996,6.996,101022,0.015433,66.2
2026-08-22 07:05,TRUMP,TRUMP,3.4612499999999997,0.289,0.144,0.144,0.144,201203,0.062943,185.53
2026-08-22 07:10,BTC,BTC,77293.0,0.518,0.259,0.259,0.259,2781448,0.00125,13.02
2026-08-22 07:10,ETH,ETH,2425.05,0.412,0.206,0.206,0.206,2423055,0.00125,12.91
2026-08-22 07:10,SOL,SOL,91.583,1.31,0.655,0.655,0.655,329201,0.007265,30.65
2026-08-22 07:10,XRP,XRP,1.4779,1.353,1.353,1.353,1.353,197725,0.00715,31.73
2026-08-22 07:10,AVAX,AVAX,7.5312,33.726,19.519,19.519,19.519,17248,0.016959,95.52
2026-08-22 07:10,LINK,LINK,11.8765,0.842,0.421,0.421,0.421,80928,0.026565,84.22
2026-08-22 07:10,LTC,LTC,51.268,3.121,1.56,1.56,1.56,56585,0.013152,48.95
2026-08-22 07:10,ADA,ADA,0.22411,9.817,4.908,4.908,4.908,349117,0.009585,45.66
2026-08-22 07:10,DOT,DOT,0.9429799999999999,7.423,3.712,3.712,3.712,108137,0.00125,19.92
2026-08-22 07:10,UNI,UNI,3.98635,27.845,13.923,13.923,23.706,352044,0.002636,44.23
2026-08-22 07:10,AAVE,AAVE,118.22,37.219,18.609,18.609,34.681,179575,0.020016,102.26
2026-08-22 07:10,ARB,ARB,0.09672,24.814,12.407,12.407,24.814,163500,0.00125,37.31
2026-08-22 07:10,POL,POL,0.10411500000000001,6.723,3.362,3.362,12.006,38273,0.01899,68.89
2026-08-22 07:10,RENDER,RENDER,1.49765,14.022,7.011,13.02,13.02,25560,0.01313,59.78
2026-08-22 07:10,DOGE,DOGE,0.0852855,31.541,15.771,15.771,21.633,1276563,0.005636,56.32
2026-08-22 07:10,SHIB,kSHIB,0.0054754999999999995,52.963,26.482,26.482,26.482,277505,0.00125,65.46
2026-08-22 07:10,PEPE,kPEPE,0.003819,20.948,10.474,10.474,10.474,176112,0.007515,50.99
2026-08-22 07:10,WIF,WIF,0.2029,58.157,29.078,91.178,91.178,11005,0.029509,149.78
2026-08-22 07:10,BONK,kBONK,0.0031925,28.191,14.096,14.096,14.096,182288,0.007503,58.2
2026-08-22 07:10,TRUMP,TRUMP,2.8118,4.268,47.656,47.656,47.656,311723,0.046773,235.28
2026-08-22 07:15,BTC,BTC,77540.5,0.387,0.193,0.193,0.193,1426807,0.00125,12.89
2026-08-22 07:15,ETH,ETH,2451.6,0.816,0.408,0.408,0.408,3927360,0.00125,13.32
2026-08-22 07:15,SOL,SOL,94.4145,0.106,0.053,0.053,0.053,750095,0.001646,13.72
2026-08-22 07:15,XRP,XRP,1.55945,13.466,7.374,7.374,7.374,648672,0.00125,27.25
2026-08-22 07:15,AVAX,AVAX,7.72175,0.13,0.065,0.065,5.245,28436,0.011158,40.37
2026-08-22 07:15,LINK,LINK,11.851500000000001,0.844,13.079,13.079,13.079,208931,0.029078,116.58
2026-08-22 07:15,LTC,LTC,52.3935,0.191,7.73,9.639,13.265,29241,0.010863,54.88
2026-08-22 07:15,ADA,ADA,0.234465,2.133,1.066,1.066,1.066,144562,0.005784,27.33
2026-08-22 07:15,DOT,DOT,0.959625,13.026,6.513,6.513,8.806,15078,0.00125,25.53
2026-08-22 07:15,UNI,UNI,4.1017,16.091,8.045,8.045,8.045,46831,0.00125,28.59
2026-08-22 07:15,AAVE,AAVE,121.015,0.826,0.413,7.024,7.024,136335,0.014976,51.76
2026-08-22 07:15,ARB,ARB,0.09914500000000001,15.129,7.565,7.565,7.565,34080,0.00125,27.63
2026-08-22 07:15,POL,POL,0.104185,6.719,3.359,7.199,11.998,22183,0.014217,55.53
2026-08-22 07:15,RENDER,RENDER,1.5131999999999999,18.504,13.217,13.217,17.843,27982,0.00189,40.73
2026-08-22 07:15,DOGE,DOGE,0.09256149999999999,13.288,9.021,9.021,9.021,181422,0.00125,30.54
2026-08-22 07:15,SHIB,kSHIB,0.0057165,12.245,6.123,11.371,13.12,121232,0.00125,24.75
2026-08-22 07:15,PEPE,kPEPE,0.0040815,2.45,1.225,1.225,6.125,217565,0.004555,24.2
2026-08-22 07:15,WIF,WIF,0.206875,14.018,11.843,11.843,11.843,15947,0.022634,96.06
2026-08-22 07:15,BONK,kBONK,0.0032405000000000003,9.258,4.629,4.629,10.801,104767,0.00125,21.76
2026-08-22 07:15,TRUMP,TRUMP,3.04695,56.778,40.532,40.532,40.532,123474,0.018878,142.92
2026-08-22 07:20,BTC,BTC,77143.5,0.13,0.065,0.065,0.065,3837062,0.00125,12.63
2026-08-22 07:20,ETH,ETH,2439.45,0.41,0.205,2.665,3.894,3433433,0.00125,12.91
2026-08-22 07:20,SOL,SOL,94.01050000000001,0.745,0.372,0.372,0.372,777572,0.00125,13.24
2026-08-22 07:20,XRP,XRP,1.5013999999999998,6.66,3.33,3.33,3.33,429281,0.00125,19.16
2026-08-22 07:20,AVAX,AVAX,7.68345,4.035,2.017,3.839,5.401,62131,0.009181,38.74
2026-08-22 07:20,LINK,LINK,11.801,3.39,1.695,1.695,1.695,235906,0.029691,95.52
2026-08-22 07:20,LTC,LTC,52.150000000000006,4.219,2.109,2.301,3.068,75308,0.010255,41.93
2026-08-22 07:20,ADA,ADA,0.228415,0.438,0.219,0.219,0.219,44882,0.004674,22.53
2026-08-22 07:20,DOT,DOT,0.956125,6.798,3.399,3.399,3.713,13083,0.00125,19.3
2026-08-22 07:20,UNI,UNI,4.1197,4.855,2.427,2.427,3.884,46357,0.00125,17.35
2026-08-22 07:20,AAVE,AAVE,122.1,6.552,3.276,3.276,3.276,47091,0.0149,57.27
2026-08-22 07:20,ARB,ARB,0.09958,8.034,4.017,4.017,6.025,61336,0.00125,20.53
2026-08-22 07:20,POL,POL,0.104875,0.954,3.337,8.105,10.965,21683,0.012127,49.63
2026-08-22 07:20,RENDER,RENDER,1.50225,7.322,10.318,12.981,16.309,15782,0.00125,33.14
2026-08-22 07:20,DOGE,DOGE,0.089997,4.0,2.0,2.778,2.778,173223,0.00125,16.5
2026-08-22 07:20,SHIB,kSHIB,0.005648,7.082,3.541,3.541,3.541,139103,0.00125,19.58
2026-08-22 07:20,PEPE,kPEPE,0.0039755,2.515,1.258,1.258,1.258,294589,0.004102,23.0
2026-08-22 07:20,WIF,WIF,0.204785,11.231,5.616,7.081,7.569,32262,0.019264,74.17
2026-08-22 07:20,BONK,kBONK,0.003216,6.219,3.109,3.109,6.219,134336,0.00125,18.72
2026-08-22 07:20,TRUMP,TRUMP,2.97995,0.336,0.168,0.168,0.168,227569,0.005172,23.82
2026-08-22 07:25,BTC,BTC,77180.5,0.13,0.065,0.065,0.065,4587045,0.00125,12.63
2026-08-22 07:25,ETH,ETH,2439.55,0.41,0.205,0.205,0.205,3805829,0.00125,12.91
2026-08-22 07:25,SOL,SOL,94.0425,0.532,2.18,2.18,2.18,327968,0.00125,16.86
2026-08-22 07:25,XRP,XRP,1.5061,3.984,1.992,1.992,1.992,859068,0.00125,16.48
2026-08-22 07:25,AVAX,AVAX,7.72525,0.906,0.583,0.583,0.841,27449,0.008445,33.81
2026-08-22 07:25,LINK,LINK,11.900500000000001,9.243,4.622,4.622,4.622,61517,0.031232,105.69
2026-08-22 07:25,LTC,LTC,52.3705,1.337,0.668,1.432,1.814,29420,0.010098,38.61
2026-08-22 07:25,ADA,ADA,0.229135,2.182,1.091,1.091,1.091,50789,0.004174,22.87
2026-08-22 07:25,DOT,DOT,0.96208,4.989,2.495,2.495,2.495,15118,0.00125,17.49
2026-08-22 07:25,UNI,UNI,4.136100000000001,2.901,1.451,1.451,2.66,20756,0.00125,15.4
2026-08-22 07:25,AAVE,AAVE,123.36,3.243,1.621,1.621,1.621,54469,0.015532,55.73
2026-08-22 07:25,ARB,ARB,0.10002,11.998,5.999,5.999,5.999,67862,0.00125,24.5
2026-08-22 07:25,POL,POL,0.10478,11.453,7.635,9.544,15.27,19553,0.010844,54.63
2026-08-22 07:25,RENDER,RENDER,1.50825,15.249,7.625,8.288,13.592,26437,0.00125,27.75
2026-08-22 07:25,DOGE,DOGE,0.0906555,0.552,0.276,0.276,1.489,99428,0.00125,13.05
2026-08-22 07:25,SHIB,kSHIB,0.0056545,12.38,6.19,6.19,6.19,134633,0.00125,24.88
2026-08-22 07:25,PEPE,kPEPE,0.003995,5.006,10.013,10.013,10.013,263576,0.003543,38.95
2026-08-22 07:25,WIF,WIF,0.20894000000000001,1.914,0.957,0.957,0.957,16014,0.018043,61.43
2026-08-22 07:25,BONK,kBONK,0.0032630000000000003,6.129,3.065,3.065,3.065,85805,0.00125,18.63
2026-08-22 07:25,TRUMP,TRUMP,2.915,18.525,9.262,9.262,9.262,125728,0.00125,31.02
2026-08-22 07:30,BTC,BTC,77199.5,0.13,0.065,0.065,0.065,1582495,0.00125,12.63
2026-08-22 07:30,ETH,ETH,2434.2,1.643,0.822,0.822,0.822,6589360,0.00125,14.14
2026-08-22 07:30,SOL,SOL,93.68950000000001,1.388,0.694,0.694,0.694,719269,0.00125,13.89
2026-08-22 07:30,XRP,XRP,1.51065,8.606,4.303,4.303,4.303,517035,0.00125,21.11
2026-08-22 07:30,AVAX,AVAX,7.72315,3.755,1.877,2.007,2.136,30724,0.008489,36.52
2026-08-22 07:30,LINK,LINK,11.8245,0.846,0.423,0.423,0.423,44352,0.031407,97.78
2026-08-22 07:30,LTC,LTC,52.076499999999996,8.641,4.321,4.321,4.321,40747,0.010317,46.53
2026-08-22 07:30,ADA,ADA,0.229325,3.925,1.962,1.962,1.962,161825,0.004072,24.33
2026-08-22 07:30,DOT,DOT,0.9626,7.48,3.74,3.74,4.259,18334,0.00125,19.98
2026-08-22 07:30,UNI,UNI,4.1059,3.41,1.705,1.705,1.705,34478,0.00125,15.91
2026-08-22 07:30,AAVE,AAVE,122.245,10.634,5.317,5.317,10.225,162336,0.015668,63.5
2026-08-22 07:30,ARB,ARB,0.09965,8.028,4.014,4.014,6.021,40860,0.00125,20.53
2026-08-22 07:30,POL,POL,0.106095,6.598,3.299,4.241,4.241,30545,0.010661,45.45
2026-08-22 07:30,RENDER,RENDER,1.5123,1.322,0.661,0.661,0.661,31968,0.00125,13.82
2026-08-22 07:30,DOGE,DOGE,0.0902395,0.332,2.383,3.158,4.488,70865,0.00125,17.27
2026-08-22 07:30,SHIB,kSHIB,0.005657499999999999,5.303,2.651,4.419,4.419,80733,0.00125,17.8
2026-08-22 07:30,PEPE,kPEPE,0.003962,5.048,2.524,2.524,2.524,273614,0.003787,24.65
2026-08-22 07:30,WIF,WIF,0.207285,3.377,2.171,7.478,8.925,10007,0.016517,59.59
2026-08-22 07:30,BONK,kBONK,0.003273,6.111,3.055,6.111,6.111,73198,0.00125,18.61
2026-08-22 07:30,TRUMP,TRUMP,2.9128499999999997,17.509,8.754,8.754,8.754,102490,0.00125,30.01
2026-08-22 07:35,BTC,BTC,77423.5,0.129,0.065,0.065,0.065,655023,0.00125,12.63
2026-08-22 07:35,ETH,ETH,2444.05,0.409,0.205,0.205,0.205,7561221,0.00125,12.91
2026-08-22 07:35,SOL,SOL,94.25450000000001,0.106,3.766,5.146,5.146,106303,0.00125,20.03
2026-08-22 07:35,XRP,XRP,1.52805,0.654,4.908,4.908,6.872,499140,0.00125,22.32
2026-08-22 07:35,AVAX,AVAX,7.7366,1.81,0.905,1.034,1.422,67162,0.008186,33.73
2026-08-22 07:35,LINK,LINK,11.878499999999999,0.842,0.421,6.314,6.314,141074,0.030366,94.87
2026-08-22 07:35,LTC,LTC,52.3655,0.955,0.477,0.668,1.241,41600,0.01038,39.02
2026-08-22 07:35,ADA,ADA,0.23244,2.581,1.721,1.721,1.721,36649,0.003814,23.12
2026-08-22 07:35,DOT,DOT,0.969885,2.371,1.186,1.186,1.598,28523,0.00125,14.87
2026-08-22 07:35,UNI,UNI,4.15385,3.13,2.046,2.046,2.046,38270,0.00125,16.59
2026-08-22 07:35,AAVE,AAVE,123.805,0.808,6.058,6.866,9.289,181329,0.01561,64.82
2026-08-22 07:35,ARB,ARB,0.10071,3.972,1.986,1.986,1.986,58279,0.00125,16.47
2026-08-22 07:35,POL,POL,0.107545,0.93,9.763,10.693,12.553,16503,0.009963,56.42
2026-08-22 07:35,RENDER,RENDER,1.52685,0.655,0.327,0.327,0.327,32218,0.00125,13.15
2026-08-22 07:35,DOGE,DOGE,0.0909225,0.11,0.055,1.815,1.815,128560,0.00125,12.61
2026-08-22 07:35,SHIB,kSHIB,0.0057245,1.747,0.873,4.367,6.114,185492,0.00125,14.25
2026-08-22 07:35,PEPE,kPEPE,0.004037499999999999,2.477,1.238,1.238,1.238,365955,0.00399,22.65
2026-08-22 07:35,WIF,WIF,0.21123,4.734,3.787,5.681,5.681,16279,0.015714,60.57
2026-08-22 07:35,BONK,kBONK,0.0032935,3.036,1.518,1.518,1.518,99002,0.00125,15.54
2026-08-22 07:35,TRUMP,TRUMP,2.96795,1.011,0.505,0.505,0.505,148107,0.00125,13.51
2026-08-22 07:40,BTC,BTC,77198.5,0.13,0.065,0.065,0.065,2212599,0.00125,12.63
2026-08-22 07:40,ETH,ETH,2432.25,0.411,2.261,2.261,2.261,6086898,0.00125,17.02
2026-08-22 07:40,SOL,SOL,93.7935,1.599,0.8,0.8,0.8,702536,0.00125,14.1
2026-08-22 07:40,XRP,XRP,1.522,5.256,2.628,2.628,2.628,430994,0.001647,18.87
2026-08-22 07:40,AVAX,AVAX,7.69195,3.25,1.625,1.625,1.625,37170,0.007781,34.04
2026-08-22 07:40,LINK,LINK,11.785499999999999,0.849,2.97,3.818,3.818,69104,0.029189,96.67
2026-08-22 07:40,LTC,LTC,51.959,2.694,3.079,4.042,4.234,63798,0.010181,43.67
2026-08-22 07:40,ADA,ADA,0.23067,2.601,1.734,1.734,1.734,102878,0.003363,21.88
2026-08-22 07:40,DOT,DOT,0.961085,1.561,0.78,0.78,1.717,13321,0.00125,14.06
2026-08-22 07:40,UNI,UNI,4.14325,0.241,0.121,0.121,0.121,93257,0.00125,12.74
2026-08-22 07:40,AAVE,AAVE,121.61,1.645,4.112,4.112,5.756,92290,0.014652,58.25
2026-08-22 07:40,ARB,ARB,0.10017000000000001,1.997,0.998,3.993,5.99,91992,0.00125,14.5
2026-08-22 07:40,POL,POL,0.108895,2.755,5.051,5.051,5.051,29143,0.009772,46.46
2026-08-22 07:40,RENDER,RENDER,1.5201,2.631,1.316,1.316,1.316,29522,0.00125,15.13
2026-08-22 07:40,DOGE,DOGE,0.09031900000000001,1.55,0.775,0.775,0.996,90631,0.00125,14.05
2026-08-22 07:40,SHIB,kSHIB,0.005683499999999999,1.759,0.88,2.639,4.399,98183,0.00125,14.26
2026-08-22 07:40,PEPE,kPEPE,0.0040435,7.419,6.183,6.183,6.183,327927,0.00409,32.82
2026-08-22 07:40,WIF,WIF,0.209145,3.347,4.064,9.802,10.28,37535,0.014813,58.6
2026-08-22 07:40,BONK,kBONK,0.0032845,3.045,1.522,1.522,1.522,126619,0.00125,15.54
2026-08-22 07:40,TRUMP,TRUMP,3.0305999999999997,0.66,0.33,0.33,0.33,120392,0.00125,13.16
2026-08-22 07:45,BTC,BTC,77174.5,0.13,0.065,0.065,0.065,3993639,0.00125,12.63
2026-08-22 07:45,ETH,ETH,2430.45,0.411,0.206,0.206,0.206,7008110,0.00125,12.91
2026-08-22 07:45,SOL,SOL,93.58449999999999,0.107,0.053,0.053,0.053,445368,0.00125,12.61
2026-08-22 07:45,XRP,XRP,1.5103499999999999,0.662,0.331,0.331,0.331,541993,0.002172,15.74
2026-08-22 07:45,AVAX,AVAX,7.63975,0.131,0.065,0.065,1.113,21585,0.007464,30.03
2026-08-22 07:45,LINK,LINK,11.752500000000001,0.851,2.978,5.531,5.531,121540,0.027883,93.03
2026-08-22 07:45,LTC,LTC,51.7875,1.738,1.834,1.834,1.834,49646,0.010041,40.78
2026-08-22 07:45,ADA,ADA,0.23099999999999998,1.732,0.866,0.866,0.866,40840,0.003002,19.14
2026-08-22 07:45,DOT,DOT,0.9603550000000001,1.978,0.989,0.989,1.822,31518,0.00125,14.48
2026-08-22 07:45,UNI,UNI,4.0991,0.488,0.244,0.244,0.244,110941,0.00125,12.99
2026-08-22 07:45,AAVE,AAVE,121.08500000000001,0.826,0.413,0.413,2.065,79580,0.014145,49.43
2026-08-22 07:45,ARB,ARB,0.09931,8.056,4.028,4.028,5.035,40967,0.00125,20.56
2026-08-22 07:45,POL,POL,0.10924,9.154,6.408,9.154,10.985,22484,0.009472,48.34
2026-08-22 07:45,RENDER,RENDER,1.50485,3.323,8.971,8.971,9.636,25958,0.00125,30.44
2026-08-22 07:45,DOGE,DOGE,0.0906125,0.11,0.386,0.386,0.386,129573,0.00125,13.27
2026-08-22 07:45,SHIB,kSHIB,0.005672,3.526,1.763,3.526,3.526,158456,0.00125,16.03
2026-08-22 07:45,PEPE,kPEPE,0.004014500000000001,2.491,1.245,1.245,1.245,442464,0.004071,22.89
2026-08-22 07:45,WIF,WIF,0.207565,7.227,6.022,6.022,6.022,59382,0.014134,60.62
2026-08-22 07:45,BONK,kBONK,0.0032125,3.113,1.556,1.556,1.556,273105,0.00125,15.61
2026-08-22 07:45,TRUMP,TRUMP,2.9472,2.714,16.287,16.626,16.626,101593,0.00125,45.07
2026-08-22 07:50,BTC,BTC,77456.5,0.129,0.065,0.065,0.065,4744767,0.00125,12.63
2026-08-22 07:50,ETH,ETH,2442.8500000000004,0.409,0.205,0.205,0.205,8030806,0.00125,12.91
2026-08-22 07:50,SOL,SOL,94.6805,0.106,0.053,0.053,0.053,445839,0.00125,12.61
2026-08-22 07:50,XRP,XRP,1.53585,0.651,5.534,5.534,6.185,736163,0.003141,28.86
2026-08-22 07:50,AVAX,AVAX,7.74875,0.129,0.065,0.968,1.871,23636,0.007651,30.55
2026-08-22 07:50,LINK,LINK,11.919,5.034,2.517,3.356,3.356,308326,0.026974,89.56
2026-08-22 07:50,LTC,LTC,52.2645,0.191,0.861,3.922,4.688,44723,0.010201,39.28
2026-08-22 07:50,ADA,ADA,0.234325,3.841,1.92,1.92,1.92,83033,0.002915,21.0
2026-08-22 07:50,DOT,DOT,0.970795,0.721,0.361,0.361,0.361,19559,0.00125,13.22
2026-08-22 07:50,UNI,UNI,4.1632,4.324,2.162,2.162,2.162,33302,0.00125,16.82
2026-08-22 07:50,AAVE,AAVE,121.92,4.921,2.461,2.461,4.101,71762,0.013662,52.17
2026-08-22 07:50,ARB,ARB,0.10085,3.966,1.983,1.983,1.983,49718,0.00125,16.47
2026-08-22 07:50,POL,POL,0.10680999999999999,3.745,1.872,1.872,1.872,23224,0.008984,37.9
2026-08-22 07:50,RENDER,RENDER,1.52455,5.903,2.952,3.608,3.608,19588,0.001613,19.42
2026-08-22 07:50,DOGE,DOGE,0.091861,0.218,0.109,0.109,0.109,57736,0.00125,12.72
2026-08-22 07:50,SHIB,kSHIB,0.0057295,1.745,0.873,2.618,2.618,150084,0.00125,14.25
2026-08-22 07:50,PEPE,kPEPE,0.004080500000000001,2.451,1.225,1.225,1.225,338454,0.004601,24.33
2026-08-22 07:50,WIF,WIF,0.210985,3.318,3.081,6.399,6.399,15312,0.013994,54.34
2026-08-22 07:50,BONK,kBONK,0.0032700000000000003,6.116,3.058,3.058,3.058,53879,0.00125,18.62
2026-08-22 07:50,TRUMP,TRUMP,3.0787,15.591,7.795,7.795,7.795,132757,0.00125,28.09
2026-08-22 07:55,BTC,BTC,77406.5,0.129,0.065,0.065,0.065,3976217,0.00125,12.63
2026-08-22 07:55,ETH,ETH,2436.75,0.41,0.205,0.205,0.205,7075441,0.00125,12.91
2026-08-22 07:55,SOL,SOL,94.295,0.848,1.273,1.273,1.273,201782,0.00125,15.05
2026-08-22 07:55,XRP,XRP,1.5315500000000002,0.653,0.326,0.326,0.326,881241,0.003658,19.9
2026-08-22 07:55,AVAX,AVAX,7.7075,1.038,0.519,0.519,1.038,23728,0.007539,31.15
2026-08-22 07:55,LINK,LINK,11.8345,2.535,1.267,1.267,1.267,140904,0.025965,84.24
2026-08-22 07:55,LTC,LTC,52.0745,0.96,0.48,0.48,0.48,33913,0.010244,38.64
2026-08-22 07:55,ADA,ADA,0.23300500000000002,1.288,3.219,3.219,3.219,71768,0.002738,23.1
2026-08-22 07:55,DOT,DOT,0.96509,2.28,1.14,1.14,1.658,22938,0.00125,14.78
2026-08-22 07:55,UNI,UNI,4.13675,1.692,2.055,4.472,4.956,29775,0.00125,16.61
2026-08-22 07:55,AAVE,AAVE,121.11,4.954,2.477,2.477,2.477,67342,0.013142,50.75
2026-08-22 07:55,ARB,ARB,0.10033500000000001,0.997,1.495,5.482,6.478,78410,0.00125,15.49
2026-08-22 07:55,POL,POL,0.10675,7.494,4.684,6.557,7.494,17824,0.008829,43.09
2026-08-22 07:55,RENDER,RENDER,1.5185,2.634,1.317,1.317,1.317,31152,0.001936,17.06
2026-08-22 07:55,DOGE,DOGE,0.091663,1.091,1.2,1.2,1.2,85899,0.00125,14.9
2026-08-22 07:55,SHIB,kSHIB,0.0057044999999999995,1.753,0.877,2.63,4.383,154101,0.00125,14.25
2026-08-22 07:55,PEPE,kPEPE,0.0040745,2.454,3.681,3.681,3.681,293273,0.004715,29.56
2026-08-22 07:55,WIF,WIF,0.21082,2.846,3.795,3.795,5.692,12602,0.01354,54.5
2026-08-22 07:55,BONK,kBONK,0.0032715,3.057,1.528,1.528,1.528,67947,0.00125,15.56
2026-08-22 07:55,TRUMP,TRUMP,2.9819500000000003,11.067,5.533,5.533,5.533,167699,0.00125,23.57
2026-08-22 08:00,BTC,BTC,77453.5,0.129,0.194,0.452,0.452,1368148,0.001747,14.28
2026-08-22 08:00,ETH,ETH,2442.55,0.409,0.205,0.205,0.205,7367766,0.00125,12.91
2026-08-22 08:00,SOL,SOL,94.39150000000001,0.106,0.053,0.053,0.053,331191,0.00125,12.61
2026-08-22 08:00,XRP,XRP,1.5324499999999999,0.653,0.326,0.326,0.326,884704,0.014867,51.28
2026-08-22 08:00,AVAX,AVAX,7.7059999999999995,1.817,1.427,2.076,2.206,31429,0.003724,22.28
2026-08-22 08:00,LINK,LINK,11.852,3.375,1.687,1.687,1.687,105599,0.015527,55.85
2026-08-22 08:00,LTC,LTC,52.075500000000005,0.96,0.672,0.864,1.056,26541,0.010564,39.92
2026-08-22 08:00,ADA,ADA,0.23339,2.571,1.285,1.285,1.285,47851,0.005059,25.74
2026-08-22 08:00,DOT,DOT,0.966235,0.103,1.708,1.708,2.432,23550,0.00125,15.92
2026-08-22 08:00,UNI,UNI,4.1373999999999995,2.417,1.208,1.208,1.934,32069,0.001303,15.06
2026-08-22 08:00,AAVE,AAVE,120.705,2.485,1.243,1.243,2.071,76893,0.013053,48.03
2026-08-22 08:00,ARB,ARB,0.100305,2.991,1.495,1.495,1.495,59813,0.00125,15.49
2026-08-22 08:00,POL,POL,0.107565,0.93,2.324,2.324,5.113,21983,0.002228,19.89
2026-08-22 08:00,RENDER,RENDER,1.5195500000000002,1.974,0.987,2.303,2.961,18424,0.007576,32.19
2026-08-22 08:00,DOGE,DOGE,0.0921445,2.496,1.248,1.899,3.527,55834,0.016619,58.03
2026-08-22 08:00,SHIB,kSHIB,0.005698,3.51,1.755,3.51,5.265,146297,0.00125,16.01
2026-08-22 08:00,PEPE,kPEPE,0.004071,4.913,2.456,2.456,2.456,307212,0.004121,25.45
2026-08-22 08:00,WIF,WIF,0.2091,4.782,4.782,4.782,7.652,13804,0.004757,31.88
2026-08-22 08:00,BONK,kBONK,0.0032595000000000002,3.068,1.534,1.534,1.534,67382,0.014442,52.51
2026-08-22 08:00,TRUMP,TRUMP,2.9846500000000002,2.345,1.173,1.173,1.173,122395,0.00125,14.85
2026-08-22 08:05,BTC,BTC,77251.5,0.129,0.065,0.065,0.065,5287787,0.00125,12.63
2026-08-22 08:05,ETH,ETH,2434.1,0.822,0.411,0.411,0.411,8892264,0.00125,13.32
2026-08-22 08:05,SOL,SOL,93.68299999999999,2.989,1.494,2.242,2.242,278457,0.00125,15.49
2026-08-22 08:05,XRP,XRP,1.5241500000000001,0.656,0.328,0.328,0.328,249163,0.014823,51.16
2026-08-22 08:05,AVAX,AVAX,7.61005,0.131,0.066,0.066,0.854,30711,0.006219,26.54
2026-08-22 08:05,LINK,LINK,11.7345,0.852,0.426,0.426,0.426,133438,0.014101,49.34
2026-08-22 08:05,LTC,LTC,51.6495,0.194,0.097,0.097,0.871,24985,0.008851,33.98
2026-08-22 08:05,ADA,ADA,0.230935,1.299,0.65,0.65,0.65,37442,0.001828,15.42
2026-08-22 08:05,DOT,DOT,0.95479,0.838,0.419,0.419,1.152,13913,0.00125,13.34
2026-08-22 08:05,UNI,UNI,4.09265,3.665,1.833,1.833,1.833,29058,0.00125,16.17
2026-08-22 08:05,AAVE,AAVE,119.13,3.358,1.679,1.679,2.518,68865,0.008386,35.84
2026-08-22 08:05,ARB,ARB,0.0983,10.173,5.086,5.086,5.086,43503,0.00125,22.67
2026-08-22 08:05,POL,POL,0.105545,0.947,1.421,1.421,3.316,28169,0.005692,27.78
2026-08-22 08:05,RENDER,RENDER,1.5028,2.662,6.654,7.32,7.32,18957,0.004346,34.48
2026-08-22 08:05,DOGE,DOGE,0.091138,2.633,1.317,1.975,2.633,42886,0.010581,41.26
2026-08-22 08:05,SHIB,kSHIB,0.0056305,5.328,2.664,4.44,4.44,125947,0.00125,17.83
2026-08-22 08:05,PEPE,kPEPE,0.0040205,7.462,3.731,3.731,3.731,339031,0.003479,26.2
2026-08-22 08:05,WIF,WIF,0.205645,8.267,6.565,7.051,8.51,31937,0.008229,45.17
2026-08-22 08:05,BONK,kBONK,0.0032135,9.336,4.668,7.78,7.78,132309,0.009948,46.19
2026-08-22 08:05,TRUMP,TRUMP,2.81295,40.882,20.441,20.441,20.441,153395,0.00125,53.38
2026-08-22 08:10,BTC,BTC,77346.5,0.129,0.065,0.065,0.065,3213428,0.00125,12.63
2026-08-22 08:10,ETH,ETH,2432.95,0.411,0.206,0.206,0.206,8574102,0.00125,12.91
2026-08-22 08:10,SOL,SOL,93.9425,0.106,0.053,0.053,0.053,433611,0.00125,12.61
2026-08-22 08:10,XRP,XRP,1.5358,2.605,1.302,1.302,1.302,347938,0.016832,58.73
2026-08-22 08:10,AVAX,AVAX,7.63975,0.131,0.065,0.065,0.065,33234,0.007241,29.41
2026-08-22 08:10,LINK,LINK,11.818000000000001,3.385,1.692,1.692,2.539,141591,0.014493,52.96
2026-08-22 08:10,LTC,LTC,51.695499999999996,0.193,0.097,0.87,1.644,33716,0.009015,34.44
2026-08-22 08:10,ADA,ADA,0.23217,2.584,1.292,1.292,1.292,47801,0.002577,18.8
2026-08-22 08:10,DOT,DOT,0.9550000000000001,3.979,1.99,1.99,2.723,13786,0.00125,16.48
2026-08-22 08:10,UNI,UNI,4.12875,3.149,1.574,1.574,2.785,40731,0.00125,15.65
2026-08-22 08:10,AAVE,AAVE,120.17500000000001,4.161,2.08,3.745,6.241,66071,0.00976,40.49
2026-08-22 08:10,ARB,ARB,0.098645,3.041,2.534,3.548,5.576,35068,0.00125,17.57
2026-08-22 08:10,POL,POL,0.10619500000000001,0.942,4.237,5.179,8.004,25557,0.006433,35.49
2026-08-22 08:10,RENDER,RENDER,1.5070000000000001,3.981,5.309,6.636,10.617,10899,0.004621,32.56
2026-08-22 08:10,DOGE,DOGE,0.0916985,0.109,0.055,0.055,0.055,23884,0.010483,38.46
2026-08-22 08:10,SHIB,kSHIB,0.0056515,1.769,0.885,2.654,4.424,92727,0.00125,14.27
2026-08-22 08:10,PEPE,kPEPE,0.004029,4.964,2.482,2.482,2.482,323730,0.004922,27.75
2026-08-22 08:10,WIF,WIF,0.206745,3.386,4.595,9.916,10.399,6044,0.009829,45.71
2026-08-22 08:10,BONK,kBONK,0.0032424999999999997,9.252,4.626,4.626,4.626,77479,0.009452,44.72
2026-08-22 08:10,TRUMP,TRUMP,2.8625,1.397,0.699,0.699,0.699,188622,7.7e-05,10.61
2026-08-22 08:15,BTC,BTC,77261.5,0.129,0.065,0.065,0.065,3750054,0.00125,12.63
2026-08-22 08:15,ETH,ETH,2431.25,0.411,0.206,0.206,0.206,10142731,0.00125,12.91
2026-08-22 08:15,SOL,SOL,93.8655,0.107,0.053,0.053,0.053,356094,0.00125,12.61
2026-08-22 08:15,XRP,XRP,1.5369,1.301,0.651,0.651,0.651,341721,0.018334,61.64
2026-08-22 08:15,AVAX,AVAX,7.64145,0.131,0.065,0.458,0.458,31422,0.006644,27.73
2026-08-22 08:15,LINK,LINK,11.8275,0.845,1.268,1.268,1.268,47301,0.014047,50.87
2026-08-22 08:15,LTC,LTC,51.822500000000005,0.193,0.096,0.096,0.096,19413,0.009439,35.62
2026-08-22 08:15,ADA,ADA,0.231475,0.432,0.216,0.216,0.216,51792,0.002085,15.27
2026-08-22 08:15,DOT,DOT,0.9564,2.091,1.046,1.046,1.046,16764,0.00125,14.59
2026-08-22 08:15,UNI,UNI,4.12605,5.574,7.15,7.15,7.15,40505,0.00125,26.8
2026-08-22 08:15,AAVE,AAVE,119.83500000000001,0.834,4.59,4.59,6.259,62598,0.009387,44.46
2026-08-22 08:15,ARB,ARB,0.098745,5.064,2.532,3.544,3.544,42509,0.00125,17.56
2026-08-22 08:15,POL,POL,0.107345,6.521,5.124,7.918,8.85,32425,0.007689,40.78
2026-08-22 08:15,RENDER,RENDER,1.5108000000000001,5.295,3.971,3.971,7.281,13987,0.00461,29.85
2026-08-22 08:15,DOGE,DOGE,0.09168,0.436,0.218,0.654,0.654,60806,0.009666,36.5
2026-08-22 08:15,SHIB,kSHIB,0.005641,3.545,1.773,3.545,5.318,167383,0.00125,16.05
2026-08-22 08:15,PEPE,kPEPE,0.0040395,2.476,1.238,1.238,1.238,354972,0.005363,26.49
2026-08-22 08:15,WIF,WIF,0.20652500000000001,3.389,4.6,6.053,6.053,34097,0.010104,46.49
2026-08-22 08:15,BONK,kBONK,0.0032255,9.301,4.65,4.65,4.65,110292,0.007922,40.48
2026-08-22 08:15,TRUMP,TRUMP,2.8485500000000004,1.755,0.878,0.878,0.878,149708,-0.001693,10.76
2026-08-22 08:20,BTC,BTC,77379.5,0.129,0.065,0.065,0.065,2961264,0.001365,12.95
2026-08-22 08:20,ETH,ETH,2431.1499999999996,0.411,0.206,0.206,0.206,7443174,0.00125,12.91
2026-08-22 08:20,SOL,SOL,94.0185,0.106,0.053,0.053,1.649,371562,0.00125,12.61
2026-08-22 08:20,XRP,XRP,1.54665,0.647,2.263,2.263,2.263,722025,0.018629,65.69
2026-08-22 08:20,AVAX,AVAX,7.6583,2.089,1.045,2.481,3.787,27074,0.006202,28.46
2026-08-22 08:20,LINK,LINK,11.8455,2.533,1.266,1.266,2.111,119143,0.013714,49.93
2026-08-22 08:20,LTC,LTC,51.915499999999994,0.193,0.096,0.096,0.674,15358,0.009588,36.04
2026-08-22 08:20,ADA,ADA,0.23239500000000002,0.43,1.506,1.506,1.506,36785,0.002125,17.96
2026-08-22 08:20,DOT,DOT,0.9591350000000001,2.189,1.095,1.095,1.199,12737,0.00125,14.69
2026-08-22 08:20,UNI,UNI,4.13365,0.242,0.121,0.121,0.121,32649,0.00125,12.74
2026-08-22 08:20,AAVE,AAVE,120.28999999999999,11.639,5.819,5.819,6.651,313035,0.009471,47.16
2026-08-22 08:20,ARB,ARB,0.09900500000000001,5.05,2.525,2.525,2.525,80290,0.00125,17.55
2026-08-22 08:20,POL,POL,0.10814499999999999,0.925,4.161,4.161,4.161,18443,0.008173,40.21
2026-08-22 08:20,RENDER,RENDER,1.5134500000000002,0.661,0.33,0.33,0.33,32377,0.005055,23.81
2026-08-22 08:20,DOGE,DOGE,0.0924175,2.489,1.244,1.244,1.244,57991,0.00939,37.78
2026-08-22 08:20,SHIB,kSHIB,0.005667500000000001,1.764,0.882,0.882,2.647,176027,0.00125,14.26
2026-08-22 08:20,PEPE,kPEPE,0.0040514999999999995,2.468,3.702,3.702,3.702,357748,0.005449,31.66
2026-08-22 08:20,WIF,WIF,0.20768,0.963,0.482,5.297,5.297,38169,0.011486,42.13
2026-08-22 08:20,BONK,kBONK,0.0032345000000000004,9.275,4.638,4.638,4.638,137898,0.007277,38.65
2026-08-22 08:20,TRUMP,TRUMP,2.91885,7.88,3.94,3.94,3.94,138987,-0.001045,16.88
2026-08-22 08:25,BTC,BTC,77440.5,0.129,0.065,0.065,0.065,3952203,0.001482,13.28
2026-08-22 08:25,ETH,ETH,2435.05,0.411,0.205,0.205,0.205,4217423,0.00125,12.91
2026-08-22 08:25,SOL,SOL,94.3505,0.106,0.053,0.053,0.053,282453,0.00125,12.61
2026-08-22 08:25,XRP,XRP,1.5611,2.562,1.281,1.281,1.281,1018826,0.018785,64.16
2026-08-22 08:25,AVAX,AVAX,7.66735,1.696,0.978,1.5,1.5,34346,0.005787,27.16
2026-08-22 08:25,LINK,LINK,11.89,1.682,0.841,0.841,0.841,51454,0.013277,47.86
2026-08-22 08:25,LTC,LTC,52.1445,0.192,0.096,0.096,0.288,19142,0.009824,36.7
2026-08-22 08:25,ADA,ADA,0.23291,0.859,0.429,0.429,0.429,53159,0.00239,16.55
2026-08-22 08:25,DOT,DOT,0.96071,1.457,0.729,0.729,0.729,11146,0.00125,13.96
2026-08-22 08:25,UNI,UNI,4.15515,1.203,0.602,2.046,2.046,27287,0.00125,13.7
2026-08-22 08:25,AAVE,AAVE,120.535,0.83,1.244,1.244,1.244,104594,0.009557,38.25
2026-08-22 08:25,ARB,ARB,0.099645,3.011,1.505,1.505,2.509,33613,0.00125,15.51
2026-08-22 08:25,POL,POL,0.108415,2.767,1.384,5.073,5.995,28694,0.008662,36.02
2026-08-22 08:25,RENDER,RENDER,1.5174500000000002,0.659,0.33,0.989,10.874,12598,0.005135,24.04
2026-08-22 08:25,DOGE,DOGE,0.0929955,0.108,0.054,0.054,0.054,47523,0.009023,34.37
2026-08-22 08:25,SHIB,kSHIB,0.005671,3.527,1.763,1.763,3.527,185324,0.00125,16.03
2026-08-22 08:25,PEPE,kPEPE,0.0040315,2.48,3.721,3.721,3.721,334469,0.005324,31.35
2026-08-22 08:25,WIF,WIF,0.20719500000000002,1.448,0.724,0.724,0.724,16464,0.011453,42.51
2026-08-22 08:25,BONK,kBONK,0.003231,6.19,3.095,3.095,3.095,76824,0.006708,33.97
2026-08-22 08:25,TRUMP,TRUMP,2.9497999999999998,0.678,9.153,9.153,9.153,93652,-0.000328,27.31
2026-08-22 08:30,BTC,BTC,77280.5,0.129,0.065,0.065,0.065,3652726,0.001427,13.13
2026-08-22 08:30,ETH,ETH,2429.05,0.412,0.206,0.206,0.206,7465888,0.00125,12.91
2026-08-22 08:30,SOL,SOL,93.87950000000001,0.107,0.053,0.053,0.053,233115,0.00125,12.61
2026-08-22 08:30,XRP,XRP,1.5549499999999998,0.643,0.322,0.322,0.322,487604,0.018462,61.34
2026-08-22 08:30,AVAX,AVAX,7.64085,1.963,0.982,1.112,1.112,37274,0.005281,25.75
2026-08-22 08:30,LINK,LINK,11.8275,0.845,0.423,0.423,0.423,137758,0.012712,45.44
2026-08-22 08:30,LTC,LTC,51.8535,0.193,0.675,1.639,1.832,20174,0.009752,37.66
2026-08-22 08:30,ADA,ADA,0.231815,0.431,0.216,0.216,0.216,47356,0.002335,15.97
2026-08-22 08:30,DOT,DOT,0.9543699999999999,0.838,1.362,1.572,2.2,20276,0.00125,15.22
2026-08-22 08:30,UNI,UNI,4.1319,1.452,0.726,0.968,0.968,30810,0.00125,13.95
2026-08-22 08:30,AAVE,AAVE,119.755,4.175,7.098,7.098,8.768,96163,0.009164,48.85
2026-08-22 08:30,ARB,ARB,0.09892000000000001,4.044,2.022,2.022,2.022,52434,0.00125,16.54
2026-08-22 08:30,POL,POL,0.109595,4.562,5.931,6.843,7.756,36431,0.009248,46.76
2026-08-22 08:30,RENDER,RENDER,1.50555,0.664,0.332,4.317,4.982,27722,0.005235,24.32
2026-08-22 08:30,DOGE,DOGE,0.0925185,0.108,0.054,0.054,0.054,64442,0.008784,33.7
2026-08-22 08:30,SHIB,kSHIB,0.0056335,1.775,0.888,0.888,2.663,103864,0.00125,14.28
2026-08-22 08:30,PEPE,kPEPE,0.004016499999999999,2.49,3.735,3.735,3.735,417907,0.004968,30.38
2026-08-22 08:30,WIF,WIF,0.20529,1.948,2.436,4.384,7.307,9638,0.011423,45.86
2026-08-22 08:30,BONK,kBONK,0.003203,6.244,3.122,3.122,3.122,152750,0.006381,33.11
2026-08-22 08:30,TRUMP,TRUMP,2.9482,14.924,7.462,7.462,7.462,127713,2.3e-05,23.99
2026-08-22 08:35,BTC,BTC,77191.5,0.13,1.101,1.101,1.101,903099,0.001325,14.91
2026-08-22 08:35,ETH,ETH,2418.8500000000004,0.413,0.207,0.207,0.207,6563043,0.00125,12.91
2026-08-22 08:35,SOL,SOL,93.5875,1.389,0.695,0.695,0.695,298238,0.00125,13.89
2026-08-22 08:35,XRP,XRP,1.55465,0.643,0.322,2.251,7.397,378306,0.01747,58.56
2026-08-22 08:35,AVAX,AVAX,7.5958000000000006,2.37,1.185,1.185,1.185,49439,0.004738,24.64
2026-08-22 08:35,LINK,LINK,11.7415,0.852,2.129,2.129,2.129,134240,0.011875,46.51
2026-08-22 08:35,LTC,LTC,51.5985,0.194,1.26,1.26,2.229,24179,0.009382,37.79
2026-08-22 08:35,ADA,ADA,0.231265,0.432,2.811,2.811,2.811,42342,0.002246,20.91
2026-08-22 08:35,DOT,DOT,0.949355,2.212,1.106,1.843,2.265,13069,0.00125,14.71
2026-08-22 08:35,UNI,UNI,4.06405,0.246,0.123,0.123,0.123,67726,0.00125,12.75
2026-08-22 08:35,AAVE,AAVE,119.245,2.516,1.258,1.258,1.258,113853,0.008886,36.4
2026-08-22 08:35,ARB,ARB,0.098705,3.039,1.52,3.546,3.546,44405,0.00125,15.54
2026-08-22 08:35,POL,POL,0.11052000000000001,3.619,2.714,4.524,5.429,22308,0.009812,41.9
2026-08-22 08:35,RENDER,RENDER,1.49465,0.669,1.004,8.363,9.032,32927,0.004002,22.21
2026-08-22 08:35,DOGE,DOGE,0.0924355,0.108,1.352,1.352,1.352,105366,0.008563,35.68
2026-08-22 08:35,SHIB,kSHIB,0.0056045,1.784,4.461,4.461,8.029,168937,0.00125,21.42
2026-08-22 08:35,PEPE,kPEPE,0.0039965,7.507,3.753,3.753,3.753,411237,0.00462,29.44
2026-08-22 08:35,WIF,WIF,0.203955,1.471,3.677,4.168,7.109,25959,0.011072,47.36
2026-08-22 08:35,BONK,kBONK,0.0031904999999999998,9.403,4.701,4.701,7.836,154255,0.005869,34.84
2026-08-22 08:35,TRUMP,TRUMP,2.9555499999999997,8.459,4.906,4.906,4.906,88931,0.0006,20.49
2026-08-22 08:40,BTC,BTC,77616.5,0.129,0.064,0.064,0.064,3362013,0.001447,13.18
2026-08-22 08:40,ETH,ETH,2439.55,0.41,0.205,0.205,0.205,5886424,0.00125,12.91
2026-08-22 08:40,SOL,SOL,95.009,0.211,0.105,0.105,0.105,567273,0.00125,12.71
2026-08-22 08:40,XRP,XRP,1.59515,9.404,4.702,4.702,5.329,500521,0.017421,67.18
2026-08-22 08:40,AVAX,AVAX,7.71335,2.204,1.102,1.102,1.75,37196,0.005015,25.25
2026-08-22 08:40,LINK,LINK,11.9205,0.839,0.419,0.419,0.419,183129,0.011765,42.78
2026-08-22 08:40,LTC,LTC,52.0945,0.96,0.48,0.864,0.864,33859,0.009322,36.06
2026-08-22 08:40,ADA,ADA,0.23461500000000002,0.426,2.77,2.77,3.197,35295,0.002683,22.05
2026-08-22 08:40,DOT,DOT,0.962345,0.104,2.754,2.858,3.481,20243,0.00125,18.01
2026-08-22 08:40,UNI,UNI,4.1217500000000005,0.728,0.849,0.849,0.849,71702,0.00125,14.2
2026-08-22 08:40,AAVE,AAVE,120.865,2.482,1.241,1.241,2.068,112673,0.009433,37.89
2026-08-22 08:40,ARB,ARB,0.09981000000000001,4.008,2.004,2.004,2.004,81912,0.00125,16.51
2026-08-22 08:40,POL,POL,0.112525,15.108,7.554,8.443,8.443,15317,0.010939,54.74
2026-08-22 08:40,RENDER,RENDER,1.51545,1.98,2.969,4.289,5.609,20474,0.00286,22.95
2026-08-22 08:40,DOGE,DOGE,0.0933965,3.533,1.767,1.767,1.767,126549,0.008798,37.17
2026-08-22 08:40,SHIB,kSHIB,0.0057205,1.748,0.874,2.622,2.622,179574,0.00125,14.25
2026-08-22 08:40,PEPE,kPEPE,0.004105,4.872,4.872,4.872,4.872,431766,0.004849,32.32
2026-08-22 08:40,WIF,WIF,0.207335,1.447,2.653,8.44,9.405,17868,0.011234,45.76
2026-08-22 08:40,BONK,kBONK,0.003251,6.152,3.076,3.076,3.076,121995,0.006381,33.02
2026-08-22 08:40,TRUMP,TRUMP,3.0381,6.583,3.292,3.292,3.292,92538,0.00125,19.08
2026-08-22 08:45,BTC,BTC,77535.5,0.129,0.064,0.064,0.064,4470647,0.001474,13.26
2026-08-22 08:45,ETH,ETH,2435.25,0.411,0.205,0.205,0.205,6615205,0.00125,12.91
2026-08-22 08:45,SOL,SOL,94.88550000000001,0.105,0.053,0.053,0.053,307227,0.00125,12.61
2026-08-22 08:45,XRP,XRP,1.59225,0.628,0.314,0.314,0.314,672334,0.01712,57.56
2026-08-22 08:45,AVAX,AVAX,7.70975,0.13,0.065,0.973,0.973,33707,0.00511,23.44
2026-08-22 08:45,LINK,LINK,11.9115,0.84,0.42,0.42,0.42,76086,0.011488,42.01
2026-08-22 08:45,LTC,LTC,52.194500000000005,0.192,3.161,3.736,4.886,15571,0.009281,41.31
2026-08-22 08:45,ADA,ADA,0.235235,0.425,1.913,1.913,2.338,27634,0.002875,20.88
2026-08-22 08:45,DOT,DOT,0.9624550000000001,0.52,0.987,1.714,2.026,11512,0.00125,14.47
2026-08-22 08:45,UNI,UNI,4.1248000000000005,1.455,0.727,0.97,0.97,56891,0.00125,13.95
2026-08-22 08:45,AAVE,AAVE,120.65,1.658,0.829,0.829,0.829,74982,0.009349,36.83
2026-08-22 08:45,ARB,ARB,0.09989,2.002,1.001,1.001,1.001,82994,0.00125,14.5
2026-08-22 08:45,POL,POL,0.113555,9.687,7.485,9.247,11.008,19488,0.011955,57.44
2026-08-22 08:45,RENDER,RENDER,1.51795,0.659,2.965,3.623,5.6,30581,0.002004,20.54
2026-08-22 08:45,DOGE,DOGE,0.0931165,0.107,0.054,0.054,0.054,61743,0.008504,32.92
2026-08-22 08:45,SHIB,kSHIB,0.0057225,1.747,0.874,0.874,2.621,173063,0.00125,14.25
2026-08-22 08:45,PEPE,kPEPE,0.0041325,7.26,3.63,3.63,3.63,381199,0.0047,29.42
2026-08-22 08:45,WIF,WIF,0.207845,1.443,6.495,7.457,8.42,32085,0.011076,53.0
2026-08-22 08:45,BONK,kBONK,0.0032414999999999996,9.255,4.627,4.627,4.627,147203,0.006339,36.0
2026-08-22 08:45,TRUMP,TRUMP,3.0625999999999998,2.612,4.898,4.898,4.898,157547,0.00125,22.3
2026-08-22 08:50,BTC,BTC,77587.5,0.129,0.064,0.064,0.064,3104765,0.001631,13.7
2026-08-22 08:50,ETH,ETH,2438.3500000000004,0.41,0.205,0.205,0.205,6786003,0.00125,12.91
2026-08-22 08:50,SOL,SOL,94.6335,0.106,0.053,0.053,0.053,374636,0.00125,12.61
2026-08-22 08:50,XRP,XRP,1.58325,0.632,0.316,0.316,0.316,442242,0.016602,56.12
2026-08-22 08:50,AVAX,AVAX,7.72375,1.942,0.971,1.489,1.618,34349,0.005079,25.16
2026-08-22 08:50,LINK,LINK,11.892,3.364,1.682,1.682,1.682,125618,0.011164,43.62
2026-08-22 08:50,LTC,LTC,52.203,1.532,0.766,1.149,3.64,25671,0.00922,36.35
2026-08-22 08:50,ADA,ADA,0.235205,0.425,0.213,0.213,0.638,29016,0.003097,18.1
2026-08-22 08:50,DOT,DOT,0.962915,0.935,0.467,0.883,1.298,23518,0.00125,13.43
2026-08-22 08:50,UNI,UNI,4.14875,0.241,0.121,0.121,0.121,68585,0.00125,12.74
2026-08-22 08:50,AAVE,AAVE,121.05,3.304,1.652,2.478,2.478,197994,0.009353,38.49
2026-08-22 08:50,ARB,ARB,0.10001499999999999,1.0,1.5,1.5,1.5,70109,0.00125,15.5
2026-08-22 08:50,POL,POL,0.112795,0.887,6.649,11.082,11.969,23374,0.012069,56.09
2026-08-22 08:50,RENDER,RENDER,1.5223,2.628,4.598,5.912,6.569,32498,0.00125,21.7
2026-08-22 08:50,DOGE,DOGE,0.09284500000000001,1.939,0.969,1.292,1.292,103844,0.008375,34.39
2026-08-22 08:50,SHIB,kSHIB,0.0057085,1.752,0.876,2.628,4.379,210857,0.00125,14.25
2026-08-22 08:50,PEPE,kPEPE,0.004127499999999999,2.423,1.211,1.211,1.211,329315,0.004877,25.08
2026-08-22 08:50,WIF,WIF,0.20726,1.93,3.377,3.377,3.377,15364,0.010928,46.35
2026-08-22 08:50,BONK,kBONK,0.0032405000000000003,9.258,4.629,4.629,4.629,75472,0.006096,35.33
2026-08-22 08:50,TRUMP,TRUMP,3.04135,9.535,4.768,4.768,4.768,95931,0.00125,22.04
2026-08-22 08:55,BTC,BTC,77479.5,0.129,0.065,0.065,0.065,1870686,0.001738,13.99
2026-08-22 08:55,ETH,ETH,2435.75,0.411,0.205,0.205,0.205,5729175,0.00125,12.91
2026-08-22 08:55,SOL,SOL,94.3275,0.106,0.477,0.477,0.477,271224,0.00125,13.45
2026-08-22 08:55,XRP,XRP,1.5687,1.275,0.637,0.637,0.637,410550,0.016035,55.17
2026-08-22 08:55,AVAX,AVAX,7.699450000000001,4.806,4.741,4.741,4.741,62247,0.005042,32.6
2026-08-22 08:55,LINK,LINK,11.8705,0.842,2.948,2.948,2.948,51121,0.010884,45.37
2026-08-22 08:55,LTC,LTC,52.0535,0.192,0.096,0.096,0.096,23976,0.009165,34.85
2026-08-22 08:55,ADA,ADA,0.23350500000000002,1.285,1.071,1.071,1.071,55628,0.003098,19.82
2026-08-22 08:55,DOT,DOT,0.9615,0.624,0.312,0.728,1.872,20314,0.00125,13.12
2026-08-22 08:55,UNI,UNI,4.16935,0.72,0.36,0.36,0.36,65688,0.00125,13.22
2026-08-22 08:55,AAVE,AAVE,121.715,0.822,0.411,3.697,3.697,126463,0.009566,36.61
2026-08-22 08:55,ARB,ARB,0.09995499999999999,1.0,0.5,0.5,0.5,67340,0.00125,13.5
2026-08-22 08:55,POL,POL,0.112155,11.591,5.796,8.47,9.362,33008,0.012277,54.97
2026-08-22 08:55,RENDER,RENDER,1.52035,0.658,0.329,0.329,0.329,20796,0.00125,13.16
2026-08-22 08:55,DOGE,DOGE,0.0929445,0.753,0.377,0.484,0.484,77523,0.008296,32.98
2026-08-22 08:55,SHIB,kSHIB,0.0057090000000000005,3.503,1.752,3.503,3.503,271006,0.00125,16.0
2026-08-22 08:55,PEPE,kPEPE,0.0041340000000000005,4.838,2.419,2.419,2.419,310026,0.00534,28.79
2026-08-22 08:55,WIF,WIF,0.20641500000000002,0.484,5.087,9.447,9.447,6045,0.010821,49.47
2026-08-22 08:55,BONK,kBONK,0.0032389999999999997,6.175,3.087,3.087,9.262,104320,0.006208,32.56
2026-08-22 08:55,TRUMP,TRUMP,3.00185,1.666,3.165,3.165,3.498,86676,0.00125,18.83
2026-08-22 09:00,BTC,BTC,77542.5,0.129,0.064,0.064,0.064,3739709,0.002911,17.28
2026-08-22 09:00,ETH,ETH,2437.25,0.41,0.205,0.205,0.205,7631038,0.00125,12.91
2026-08-22 09:00,SOL,SOL,94.3275,0.106,0.477,0.477,0.477,143024,0.001832,15.08
2026-08-22 09:00,XRP,XRP,1.5782500000000002,0.634,1.584,1.584,1.584,403743,0.013344,49.53
2026-08-22 09:00,AVAX,AVAX,7.67145,5.344,2.672,4.236,5.149,39921,0.003024,22.81
2026-08-22 09:00,LINK,LINK,11.8625,0.843,0.421,0.421,0.421,143586,0.005232,24.49
2026-08-22 09:00,LTC,LTC,52.0955,0.192,1.632,2.016,2.591,13287,0.008215,35.26
2026-08-22 09:00,ADA,ADA,0.234015,2.137,1.068,1.068,1.068,89662,0.004057,22.5
2026-08-22 09:00,DOT,DOT,0.95998,0.417,0.208,0.313,1.146,21935,0.00125,12.92
2026-08-22 09:00,UNI,UNI,4.16935,0.24,0.36,0.36,0.36,70458,0.00125,13.22
2026-08-22 09:00,AAVE,AAVE,121.86500000000001,0.821,0.41,3.693,3.693,229933,0.007228,30.06
2026-08-22 09:00,ARB,ARB,0.099925,3.002,1.501,1.501,1.501,86955,0.00125,15.5
2026-08-22 09:00,POL,POL,0.112815,4.432,9.307,9.307,9.307,25012,0.012016,61.26
2026-08-22 09:00,RENDER,RENDER,1.5246,3.935,6.559,13.118,16.398,26836,0.00125,25.62
2026-08-22 09:00,DOGE,DOGE,0.0927565,0.108,2.102,2.102,2.102,55243,0.003383,22.68
2026-08-22 09:00,SHIB,kSHIB,0.0057145,1.75,0.875,2.625,2.625,172461,0.00125,14.25
2026-08-22 09:00,PEPE,kPEPE,0.0041465,2.412,1.206,1.206,1.206,312756,0.009982,39.36
2026-08-22 09:00,WIF,WIF,0.206595,1.452,2.178,6.05,6.535,17067,0.009436,39.78
2026-08-22 09:00,BONK,kBONK,0.003258,6.139,3.069,3.069,6.139,82577,0.009136,40.72
2026-08-22 09:00,TRUMP,TRUMP,2.9846000000000004,0.67,2.68,2.68,2.68,77598,0.00572,30.38
2026-08-22 09:05,BTC,BTC,77590.5,0.129,0.064,0.064,0.064,2665204,0.002414,15.89
2026-08-22 09:05,ETH,ETH,2443.3500000000004,0.409,0.205,0.205,0.205,6589356,0.00125,12.91
2026-08-22 09:05,SOL,SOL,94.86,0.422,0.211,0.211,0.211,677792,0.001695,14.17
2026-08-22 09:05,XRP,XRP,1.5853,3.785,1.892,1.892,1.892,930745,0.017494,61.77
2026-08-22 09:05,AVAX,AVAX,7.69205,0.13,0.065,0.065,0.065,56727,0.007104,29.02
2026-08-22 09:05,LINK,LINK,11.9025,0.84,0.42,0.42,0.42,128881,0.007527,30.92
2026-08-22 09:05,LTC,LTC,52.2195,5.936,2.968,3.16,3.543,87469,0.009144,40.54
2026-08-22 09:05,ADA,ADA,0.23496499999999998,6.384,3.192,4.469,7.022,21593,0.006028,32.26
2026-08-22 09:05,DOT,DOT,0.96107,0.624,0.312,0.416,0.416,21300,0.00125,13.12
2026-08-22 09:05,UNI,UNI,4.21685,0.711,2.016,2.016,2.016,71647,0.00125,16.53
2026-08-22 09:05,AAVE,AAVE,122.515,2.449,1.224,2.857,3.673,69868,0.011159,42.69
2026-08-22 09:05,ARB,ARB,0.10085,3.966,1.983,1.983,1.983,79114,0.00125,16.47
2026-08-22 09:05,POL,POL,0.114025,0.877,8.332,9.209,10.963,14277,0.014331,65.79
2026-08-22 09:05,RENDER,RENDER,1.53235,0.653,2.937,2.937,6.852,31280,0.00125,18.37
2026-08-22 09:05,DOGE,DOGE,0.09323100000000001,1.716,0.858,1.18,1.18,74042,0.007559,31.88
2026-08-22 09:05,SHIB,kSHIB,0.00574,3.484,1.742,3.484,5.226,168065,0.00125,15.98
2026-08-22 09:05,PEPE,kPEPE,0.004183,4.781,2.391,2.391,2.391,316061,0.010513,43.22
2026-08-22 09:05,WIF,WIF,0.208295,7.201,6.481,6.961,7.441,12816,0.011983,55.52
2026-08-22 09:05,BONK,kBONK,0.0032855000000000002,3.044,1.522,1.522,4.566,118337,0.011497,44.24
2026-08-22 09:05,TRUMP,TRUMP,2.9998500000000003,3.0,2.5,2.5,2.833,55124,0.001347,17.77
2026-08-22 09:10,BTC,BTC,77450.5,0.129,0.065,0.065,0.065,2400478,0.001883,14.4
2026-08-22 09:10,ETH,ETH,2437.3500000000004,0.41,0.205,0.205,0.205,6638280,0.00125,12.91
2026-08-22 09:10,SOL,SOL,94.5915,0.106,0.053,0.053,0.053,402942,0.001709,13.89
2026-08-22 09:10,XRP,XRP,1.58705,0.63,0.315,0.315,5.986,336123,0.016741,56.51
2026-08-22 09:10,AVAX,AVAX,7.65855,1.697,1.502,1.632,1.632,41581,0.00713,31.97
2026-08-22 09:10,LINK,LINK,11.843,3.378,1.689,1.689,1.689,122016,0.007129,32.34
2026-08-22 09:10,LTC,LTC,51.9985,0.962,0.481,0.865,1.827,18855,0.008958,35.04
2026-08-22 09:10,ADA,ADA,0.233545,1.285,0.642,1.927,2.355,71410,0.006904,29.62
2026-08-22 09:10,DOT,DOT,0.955335,0.105,2.46,2.565,2.669,18509,0.00125,17.42
2026-08-22 09:10,UNI,UNI,4.18595,4.061,2.031,3.703,6.331,25955,0.00125,16.56
2026-08-22 09:10,AAVE,AAVE,121.91499999999999,0.82,2.051,2.051,2.051,209674,0.010099,41.38
2026-08-22 09:10,ARB,ARB,0.100125,2.996,1.498,1.498,1.498,59130,0.00125,15.5
2026-08-22 09:10,POL,POL,0.11332,3.53,3.53,3.53,3.53,22241,0.012127,50.02
2026-08-22 09:10,RENDER,RENDER,1.52535,3.278,1.639,8.85,8.85,34842,0.00125,15.78
2026-08-22 09:10,DOGE,DOGE,0.09285199999999999,1.292,0.646,1.185,1.4,42454,0.007486,31.25
2026-08-22 09:10,SHIB,kSHIB,0.0056895,8.788,4.394,4.394,4.394,185313,0.00125,21.29
2026-08-22 09:10,PEPE,kPEPE,0.0041475,2.411,3.617,3.617,3.617,202794,0.009408,42.57
2026-08-22 09:10,WIF,WIF,0.20643499999999998,1.453,2.664,2.664,3.633,11479,0.010131,42.69
2026-08-22 09:10,BONK,kBONK,0.003249,6.156,3.078,3.078,6.156,85369,0.010509,44.58
2026-08-22 09:10,TRUMP,TRUMP,2.94505,2.377,1.188,1.188,4.924,63653,0.00125,14.88
2026-08-22 09:15,BTC,BTC,77389.5,0.129,0.065,0.065,0.065,3842167,0.001363,12.95
2026-08-22 09:15,ETH,ETH,2432.55,0.411,0.206,0.206,0.206,8101867,0.00125,12.91
2026-08-22 09:15,SOL,SOL,94.5035,0.106,0.053,0.053,0.053,435849,0.001669,13.78
2026-08-22 09:15,XRP,XRP,1.59105,0.629,0.314,0.314,0.314,749768,0.01621,55.02
2026-08-22 09:15,AVAX,AVAX,7.655200000000001,1.568,0.784,0.914,1.568,23972,0.006763,29.5
2026-08-22 09:15,LINK,LINK,11.814499999999999,0.846,0.423,0.423,0.423,153543,0.006786,28.85
2026-08-22 09:15,LTC,LTC,52.042500000000004,0.192,0.096,0.096,0.096,41937,0.008554,33.14
2026-08-22 09:15,ADA,ADA,0.232985,0.429,0.215,0.215,1.073,39327,0.005916,25.99
2026-08-22 09:15,DOT,DOT,0.95383,0.21,0.944,1.048,1.363,16525,0.00125,14.39
2026-08-22 09:15,UNI,UNI,4.1833,2.39,1.195,1.195,1.434,28650,0.00125,14.89
2026-08-22 09:15,AAVE,AAVE,121.725,0.822,2.875,2.875,4.518,202565,0.009647,41.76
2026-08-22 09:15,ARB,ARB,0.10033500000000001,0.997,0.498,0.498,0.498,62126,0.00125,13.5
2026-08-22 09:15,POL,POL,0.11113500000000001,0.9,12.147,17.546,17.546,21982,0.011562,65.67
2026-08-22 09:15,RENDER,RENDER,1.52305,1.97,1.641,2.298,2.298,27298,0.00125,15.78
2026-08-22 09:15,DOGE,DOGE,0.09255050000000001,0.324,0.162,0.162,0.81,83264,0.007499,30.32
2026-08-22 09:15,SHIB,kSHIB,0.0056915,1.757,0.879,0.879,0.879,124334,0.00125,14.26
2026-08-22 09:15,PEPE,kPEPE,0.0041955,2.384,1.192,1.192,1.192,287026,0.009635,38.36
2026-08-22 09:15,WIF,WIF,0.207225,1.448,2.654,6.032,9.41,7591,0.010495,43.7
2026-08-22 09:15,BONK,kBONK,0.0032649999999999997,6.126,3.063,3.063,6.126,98502,0.010103,43.41
2026-08-22 09:15,TRUMP,TRUMP,2.9348,4.089,2.385,2.385,4.43,48445,0.00125,17.27
2026-08-22 09:20,BTC,BTC,77411.5,0.129,0.194,0.194,0.194,1020633,0.00125,12.89
2026-08-22 09:20,ETH,ETH,2432.8999999999996,1.644,0.822,1.233,1.233,5245874,0.00125,14.14
2026-08-22 09:20,SOL,SOL,94.53649999999999,0.317,0.159,0.159,0.159,419883,0.001663,13.97
2026-08-22 09:20,XRP,XRP,1.5911499999999998,0.628,0.314,0.314,0.314,1012809,0.016252,55.13
2026-08-22 09:20,AVAX,AVAX,7.6446000000000005,0.785,0.392,0.523,1.177,23926,0.005921,26.36
2026-08-22 09:20,LINK,LINK,11.7985,0.848,0.424,0.424,0.424,175047,0.006627,28.4
2026-08-22 09:20,LTC,LTC,52.0165,0.961,0.481,0.865,1.057,27176,0.008196,32.91
2026-08-22 09:20,ADA,ADA,0.23336,0.857,0.429,2.143,2.143,47712,0.00502,23.91
2026-08-22 09:20,DOT,DOT,0.95537,2.093,1.047,1.151,1.361,15547,0.00125,14.59
2026-08-22 09:20,UNI,UNI,4.189500000000001,2.864,3.342,3.58,4.296,34594,0.00125,19.18
2026-08-22 09:20,AAVE,AAVE,122.285,0.818,0.409,3.68,3.68,55157,0.009958,37.7
2026-08-22 09:20,ARB,ARB,0.100355,0.996,0.498,0.498,0.498,76579,0.00125,13.5
2026-08-22 09:20,POL,POL,0.109305,4.574,4.117,5.032,6.862,36808,0.010308,46.1
2026-08-22 09:20,RENDER,RENDER,1.5192999999999999,3.949,1.975,3.949,4.607,38730,0.00125,16.45
2026-08-22 09:20,DOGE,DOGE,0.0922375,2.71,5.692,8.077,8.077,29838,0.007171,40.46
2026-08-22 09:20,SHIB,kSHIB,0.0057020000000000005,3.508,1.754,1.754,3.508,225004,0.00125,16.01
2026-08-22 09:20,PEPE,kPEPE,0.0042185,2.371,3.556,5.926,5.926,259091,0.009442,42.55
2026-08-22 09:20,WIF,WIF,0.205125,5.363,2.681,2.681,2.681,25599,0.007529,35.44
2026-08-22 09:20,BONK,kBONK,0.0032585,3.069,1.534,4.603,4.603,103706,0.009425,38.46
2026-08-22 09:20,TRUMP,TRUMP,2.94985,3.729,1.865,1.865,3.221,77504,0.00125,16.23
2026-08-22 09:25,BTC,BTC,77516.5,0.129,0.065,0.065,0.065,2344426,0.00125,12.63
2026-08-22 09:25,ETH,ETH,2440.45,0.41,0.205,0.205,0.205,5797586,0.00125,12.91
2026-08-22 09:25,SOL,SOL,94.8365,0.105,0.053,0.053,0.053,260359,0.001655,13.74
2026-08-22 09:25,XRP,XRP,1.59925,0.625,0.313,0.313,0.313,469731,0.016994,57.21
2026-08-22 09:25,AVAX,AVAX,7.6930499999999995,0.13,0.065,0.065,0.065,29032,0.005289,23.94
2026-08-22 09:25,LINK,LINK,11.841999999999999,6.756,3.378,3.378,3.378,87042,0.006777,34.73
2026-08-22 09:25,LTC,LTC,52.212500000000006,0.192,0.096,0.096,0.096,35121,0.008324,32.5
2026-08-22 09:25,ADA,ADA,0.23452499999999998,2.132,1.066,1.066,1.919,63892,0.00474,24.4
2026-08-22 09:25,DOT,DOT,0.95595,4.603,2.301,2.301,2.615,18799,0.00125,17.1
2026-08-22 09:25,UNI,UNI,4.2044,0.476,0.238,1.427,1.427,37634,0.00125,12.98
2026-08-22 09:25,AAVE,AAVE,122.33500000000001,0.817,0.409,0.409,0.409,64547,0.009895,37.52
2026-08-22 09:25,ARB,ARB,0.100545,2.984,1.492,1.492,2.486,67583,0.00125,15.48
2026-08-22 09:25,POL,POL,0.11077999999999999,3.611,3.611,7.222,8.124,14226,0.010189,44.75
2026-08-22 09:25,RENDER,RENDER,1.5244499999999999,1.968,0.984,2.952,3.608,24560,0.00125,14.47
2026-08-22 09:25,DOGE,DOGE,0.0927035,0.755,0.378,0.378,0.378,140606,0.00678,28.74
2026-08-22 09:25,SHIB,kSHIB,0.0057304999999999995,5.235,2.618,2.618,2.618,185151,0.00125,17.74
2026-08-22 09:25,PEPE,kPEPE,0.004249,4.707,2.353,2.353,2.353,227875,0.009596,40.58
2026-08-22 09:25,WIF,WIF,0.20582,1.943,0.972,0.972,0.972,24739,0.006056,27.9
2026-08-22 09:25,BONK,kBONK,0.003293,6.073,3.037,3.037,3.037,79743,0.01043,44.28
2026-08-22 09:25,TRUMP,TRUMP,2.94245,2.379,1.189,1.189,2.889,64448,0.00125,14.88
2026-08-22 09:30,BTC,BTC,77534.5,0.129,0.064,0.064,0.064,1613862,0.001315,12.81
2026-08-22 09:30,ETH,ETH,2441.05,0.41,0.205,0.205,0.205,6298717,0.00125,12.91
2026-08-22 09:30,SOL,SOL,95.0895,0.105,0.053,0.053,0.053,144961,0.001708,13.89
2026-08-22 09:30,XRP,XRP,1.61665,0.619,0.309,0.309,0.309,256881,0.017786,59.42
2026-08-22 09:30,AVAX,AVAX,7.72545,0.129,0.065,1.23,2.006,38804,0.004838,22.68
2026-08-22 09:30,LINK,LINK,11.8645,0.843,1.264,1.264,2.107,130060,0.006791,30.54
2026-08-22 09:30,LTC,LTC,52.328500000000005,0.191,2.198,2.962,4.491,69352,0.008406,36.93
2026-08-22 09:30,ADA,ADA,0.235305,2.125,1.062,1.062,1.487,51519,0.004595,23.99
2026-08-22 09:30,DOT,DOT,0.95857,1.461,1.148,1.148,1.982,31828,0.00125,14.8
2026-08-22 09:30,UNI,UNI,4.2127,3.323,1.662,1.662,2.136,23305,0.00125,15.82
2026-08-22 09:30,AAVE,AAVE,122.975,0.813,4.472,5.286,6.099,230870,0.010458,47.23
2026-08-22 09:30,ARB,ARB,0.10111999999999999,3.956,2.967,4.945,4.945,52808,0.00125,18.43
2026-08-22 09:30,POL,POL,0.11221500000000001,4.456,3.119,4.01,4.01,22933,0.010461,44.53
2026-08-22 09:30,RENDER,RENDER,1.5303,1.307,0.653,1.96,3.921,21511,0.00125,13.81
2026-08-22 09:30,DOGE,DOGE,0.093282,1.715,0.858,0.858,0.858,135764,0.006815,29.8
2026-08-22 09:30,SHIB,kSHIB,0.0057695,1.733,6.066,7.8,7.8,262276,0.00125,24.63
2026-08-22 09:30,PEPE,kPEPE,0.0042535,2.351,5.878,5.878,5.878,191695,0.009381,47.02
2026-08-22 09:30,WIF,WIF,0.20630500000000002,3.393,1.697,1.697,4.12,14365,0.005254,27.1
2026-08-22 09:30,BONK,kBONK,0.00331,6.042,3.021,6.042,6.042,79582,0.010733,45.09
2026-08-22 09:30,TRUMP,TRUMP,2.9739500000000003,7.061,6.557,7.902,7.902,41140,0.00125,25.61
2026-08-22 09:35,BTC,BTC,77467.5,0.129,0.065,0.065,0.065,3728927,0.001373,12.97
2026-08-22 09:35,ETH,ETH,2438.3500000000004,0.41,0.205,0.205,0.205,7145714,0.00125,12.91
2026-08-22 09:35,SOL,SOL,95.0305,0.105,0.053,0.053,0.053,284999,0.001606,13.6
2026-08-22 09:35,XRP,XRP,1.6058,1.245,0.623,0.623,0.623,569489,0.018276,61.42
2026-08-22 09:35,AVAX,AVAX,7.70095,0.13,0.065,0.065,0.065,37333,0.004493,21.71
2026-08-22 09:35,LINK,LINK,11.824,1.691,0.846,0.846,0.846,147547,0.006855,29.89
2026-08-22 09:35,LTC,LTC,52.295500000000004,0.191,0.096,0.096,0.096,49528,0.008433,32.8
2026-08-22 09:35,ADA,ADA,0.23533500000000002,0.425,0.212,0.212,0.212,83454,0.004514,22.06
2026-08-22 09:35,DOT,DOT,0.9572849999999999,0.104,0.052,0.157,0.575,15436,0.00125,12.6
2026-08-22 09:35,UNI,UNI,4.18665,1.194,0.597,1.075,1.314,34429,0.00125,13.69
2026-08-22 09:35,AAVE,AAVE,122.815,0.814,0.407,0.407,1.221,62431,0.010824,40.12
2026-08-22 09:35,ARB,ARB,0.100755,2.978,1.489,1.489,1.489,33897,0.00125,15.48
2026-08-22 09:35,POL,POL,0.11324999999999999,1.766,6.181,6.181,10.596,21474,0.010405,50.5
2026-08-22 09:35,RENDER,RENDER,1.5323,7.831,3.916,3.916,3.916,32224,0.00125,20.33
2026-08-22 09:35,DOGE,DOGE,0.0937245,2.454,4.001,4.001,4.001,171008,0.006918,36.37
2026-08-22 09:35,SHIB,kSHIB,0.005775000000000001,6.926,3.463,3.463,3.463,178290,0.00125,19.43
2026-08-22 09:35,PEPE,kPEPE,0.0042725,2.341,1.17,1.17,8.192,121687,0.009684,38.46
2026-08-22 09:35,WIF,WIF,0.20581,11.661,7.288,7.288,7.288,22039,0.004554,36.33
2026-08-22 09:35,BONK,kBONK,0.003304,6.053,3.027,3.027,3.027,108883,0.010393,44.15
2026-08-22 09:35,TRUMP,TRUMP,2.8901000000000003,8.304,4.152,4.152,7.612,115574,0.00125,20.8
2026-08-22 09:40,BTC,BTC,77388.5,0.129,0.065,0.065,0.065,1955474,0.00144,13.16
2026-08-22 09:40,ETH,ETH,2435.05,0.411,0.205,0.205,0.205,6713443,0.00125,12.91
2026-08-22 09:40,SOL,SOL,94.6895,0.106,0.053,0.053,0.053,251820,0.00148,13.25
2026-08-22 09:40,XRP,XRP,1.5974,5.008,2.504,2.504,2.504,771848,0.01853,65.89
2026-08-22 09:40,AVAX,AVAX,7.65445,0.131,0.065,0.196,0.327,38379,0.004185,20.85
2026-08-22 09:40,LINK,LINK,11.7835,0.849,0.424,0.424,0.424,139701,0.006779,28.83
2026-08-22 09:40,LTC,LTC,52.1665,1.342,0.671,0.671,1.246,28559,0.008049,32.88
2026-08-22 09:40,ADA,ADA,0.234055,0.427,0.214,0.214,0.214,45867,0.004556,22.18
2026-08-22 09:40,DOT,DOT,0.952375,3.045,1.523,1.523,1.523,21929,0.00125,15.55
2026-08-22 09:40,UNI,UNI,4.17745,2.154,1.077,1.077,1.077,27787,0.00125,14.65
2026-08-22 09:40,AAVE,AAVE,122.57499999999999,0.816,0.408,0.408,0.408,89891,0.01104,40.73
2026-08-22 09:40,ARB,ARB,0.100175,2.995,1.497,1.497,1.497,63105,0.00125,15.49
2026-08-22 09:40,POL,POL,0.113275,23.836,11.918,11.918,11.918,22937,0.010493,62.22
2026-08-22 09:40,RENDER,RENDER,1.5251,1.311,0.656,3.934,5.901,18066,0.00125,13.81
2026-08-22 09:40,DOGE,DOGE,0.0930475,0.107,0.054,0.054,0.054,113082,0.006703,27.88
2026-08-22 09:40,SHIB,kSHIB,0.005725,3.493,1.747,3.493,3.493,174055,0.00125,15.99
2026-08-22 09:40,PEPE,kPEPE,0.004236,4.721,4.721,4.721,4.721,202721,0.009362,44.66
2026-08-22 09:40,WIF,WIF,0.204365,8.318,4.649,7.584,11.499,28340,0.00361,28.41
2026-08-22 09:40,BONK,kBONK,0.0032779999999999997,6.101,3.051,3.051,3.051,94444,0.009593,41.96
2026-08-22 09:40,TRUMP,TRUMP,2.8396999999999997,0.704,0.352,0.352,0.352,53846,0.00125,13.2
2026-08-22 09:45,BTC,BTC,77489.5,0.129,0.065,0.065,0.065,2193326,0.001394,13.03
2026-08-22 09:45,ETH,ETH,2437.75,0.41,0.205,0.205,0.205,7147880,0.00125,12.91
2026-08-22 09:45,SOL,SOL,94.9545,0.105,0.053,0.053,0.053,230232,0.001389,12.99
2026-08-22 09:45,XRP,XRP,1.5942500000000002,0.627,0.314,0.314,0.314,465486,0.017763,59.36
2026-08-22 09:45,AVAX,AVAX,7.652200000000001,0.261,1.699,1.83,1.83,37815,0.003983,23.55
2026-08-22 09:45,LINK,LINK,11.7935,0.848,0.424,0.424,0.424,149071,0.006552,28.19
2026-08-22 09:45,LTC,LTC,52.186,0.383,0.192,0.192,0.192,35983,0.007863,31.4
2026-08-22 09:45,ADA,ADA,0.23463,7.672,3.836,3.836,3.836,58000,0.004301,28.71
2026-08-22 09:45,DOT,DOT,0.9517150000000001,1.996,0.998,1.734,2.049,20416,0.00125,14.5
2026-08-22 09:45,UNI,UNI,4.1881,1.91,0.955,1.194,1.194,32864,0.00125,14.41
2026-08-22 09:45,AAVE,AAVE,122.39500000000001,0.817,0.409,0.409,0.409,63399,0.010973,40.54
2026-08-22 09:45,ARB,ARB,0.100105,2.997,1.498,1.498,2.497,77258,0.00125,15.5
2026-08-22 09:45,POL,POL,0.113655,0.88,6.599,7.479,9.238,17919,0.010376,51.25
2026-08-22 09:45,RENDER,RENDER,1.52915,3.27,1.635,1.635,5.559,29230,0.00125,15.77
2026-08-22 09:45,DOGE,DOGE,0.0931875,0.107,0.054,0.054,0.054,91436,0.006412,27.06
2026-08-22 09:45,SHIB,kSHIB,0.0057205,1.748,0.874,2.622,2.622,197802,0.00125,14.25
2026-08-22 09:45,PEPE,kPEPE,0.004196,9.533,4.766,4.766,4.766,156708,0.008803,43.18
2026-08-22 09:45,WIF,WIF,0.20380500000000001,4.416,2.699,2.699,4.171,7333,0.002726,22.03
2026-08-22 09:45,BONK,kBONK,0.0032779999999999997,6.101,3.051,3.051,3.051,85064,0.008641,39.3
2026-08-22 09:45,TRUMP,TRUMP,2.84985,3.158,1.579,1.579,1.579,109676,0.00125,15.66
2026-08-22 09:50,BTC,BTC,77378.5,0.129,0.065,0.065,0.065,2566482,0.001256,12.65
2026-08-22 09:50,ETH,ETH,2435.45,0.411,0.205,0.205,0.205,8308235,0.00125,12.91
2026-08-22 09:50,SOL,SOL,94.65350000000001,0.106,0.053,0.053,0.053,165953,0.001292,12.72
2026-08-22 09:50,XRP,XRP,1.5789499999999999,0.633,0.317,0.317,0.317,419744,0.01702,57.29
2026-08-22 09:50,AVAX,AVAX,7.63415,0.655,0.327,0.72,0.72,24051,0.003859,20.46
2026-08-22 09:50,LINK,LINK,11.7805,0.849,0.424,0.424,0.424,158679,0.006532,28.14
2026-08-22 09:50,LTC,LTC,52.0165,0.192,0.096,0.096,0.096,24706,0.007595,30.46
2026-08-22 09:50,ADA,ADA,0.23330499999999998,1.286,0.643,0.643,0.643,104611,0.004102,21.77
2026-08-22 09:50,DOT,DOT,0.9496199999999999,0.842,1.895,2.527,2.633,21582,0.00125,16.29
2026-08-22 09:50,UNI,UNI,4.1868,3.344,1.672,1.672,2.866,26567,0.00125,15.84
2026-08-22 09:50,AAVE,AAVE,122.27000000000001,1.636,2.454,2.454,4.089,236171,0.011068,44.9
2026-08-22 09:50,ARB,ARB,0.09956000000000001,2.009,1.004,2.009,4.018,31774,0.00125,14.51
2026-08-22 09:50,POL,POL,0.112955,0.885,3.099,3.099,5.755,14339,0.010085,43.44
2026-08-22 09:50,RENDER,RENDER,1.52305,0.657,0.328,0.985,0.985,35472,0.001354,13.45
2026-08-22 09:50,DOGE,DOGE,0.0929455,0.753,0.377,0.484,1.13,33435,0.006141,26.95
2026-08-22 09:50,SHIB,kSHIB,0.0056885,1.758,0.879,2.637,4.395,184875,0.00125,14.26
2026-08-22 09:50,PEPE,kPEPE,0.0041659999999999996,4.801,2.4,2.4,2.4,222136,0.008377,37.26
2026-08-22 09:50,WIF,WIF,0.20370500000000002,1.473,0.736,2.7,2.7,16980,0.002411,17.22
2026-08-22 09:50,BONK,kBONK,0.0032575,3.07,1.535,4.605,4.605,74433,0.007921,34.25
2026-08-22 09:50,TRUMP,TRUMP,2.8419,4.223,2.111,2.111,2.111,134348,0.00125,16.72
2026-08-22 09:55,BTC,BTC,77389.5,0.129,0.065,0.065,0.065,2816227,0.00125,12.63
2026-08-22 09:55,ETH,ETH,2437.45,0.41,0.205,0.205,0.205,7532250,0.00125,12.91
2026-08-22 09:55,SOL,SOL,94.7955,0.105,0.053,0.053,0.053,176417,0.00125,12.61
2026-08-22 09:55,XRP,XRP,1.5725500000000001,0.636,0.318,0.954,0.954,538659,0.01634,55.39
2026-08-22 09:55,AVAX,AVAX,7.6434999999999995,0.262,0.131,0.131,0.131,27335,0.003717,19.67
2026-08-22 09:55,LINK,LINK,11.785499999999999,0.849,0.424,0.424,1.273,153355,0.006716,28.65
2026-08-22 09:55,LTC,LTC,52.0995,0.192,0.096,0.096,0.096,38527,0.007318,29.68
2026-08-22 09:55,ADA,ADA,0.233515,1.285,0.642,0.642,0.642,106742,0.003755,20.8
2026-08-22 09:55,DOT,DOT,0.949265,0.948,0.474,1.422,1.738,13098,0.00125,13.45
2026-08-22 09:55,UNI,UNI,4.1952,2.86,1.43,2.384,4.052,27029,0.00125,15.36
2026-08-22 09:55,AAVE,AAVE,122.775,0.814,0.407,0.407,0.407,78239,0.011094,40.88
2026-08-22 09:55,ARB,ARB,0.100105,0.999,0.499,1.498,3.496,67824,0.00125,13.5
2026-08-22 09:55,POL,POL,0.11216999999999999,1.783,8.024,8.024,8.024,14196,0.009717,52.26
2026-08-22 09:55,RENDER,RENDER,1.52155,0.657,0.329,0.986,3.615,22144,0.001834,14.79
2026-08-22 09:55,DOGE,DOGE,0.0930665,0.107,0.054,0.054,0.054,140109,0.005863,25.52
2026-08-22 09:55,SHIB,kSHIB,0.005686,3.517,1.759,1.759,3.517,207310,0.00125,16.02
2026-08-22 09:55,PEPE,kPEPE,0.004174,4.792,4.792,4.792,4.792,257187,0.008402,42.11
2026-08-22 09:55,WIF,WIF,0.20445999999999998,3.913,1.956,2.445,3.913,16195,0.002641,20.31
2026-08-22 09:55,BONK,kBONK,0.003282,6.094,3.047,3.047,3.047,108594,0.007405,35.83
2026-08-22 09:55,TRUMP,TRUMP,2.8688000000000002,1.394,0.697,0.697,1.394,98651,0.00125,13.89
2026-08-22 10:00,BTC,BTC,77343.5,0.129,0.065,0.065,0.065,2478189,0.00125,12.63
2026-08-22 10:00,ETH,ETH,2433.45,0.411,0.205,0.205,0.205,5560346,0.00125,12.91
2026-08-22 10:00,SOL,SOL,94.5115,0.106,0.053,0.053,0.053,200177,0.00125,12.61
2026-08-22 10:00,XRP,XRP,1.56705,1.914,0.957,0.957,0.957,808159,0.007122,30.86
2026-08-22 10:00,AVAX,AVAX,7.616899999999999,0.263,2.626,2.757,3.807,29606,0.00125,17.75
2026-08-22 10:00,LINK,LINK,11.783000000000001,1.697,0.849,0.849,1.697,165403,0.007679,32.2
2026-08-22 10:00,LTC,LTC,52.048500000000004,0.192,0.096,1.057,2.209,18524,0.003116,17.92
2026-08-22 10:00,ADA,ADA,0.232245,0.431,0.646,0.646,0.646,101861,0.00125,13.79
2026-08-22 10:00,DOT,DOT,0.947525,2.216,1.108,1.214,1.214,26484,0.00125,14.72
2026-08-22 10:00,UNI,UNI,4.181649999999999,1.196,0.598,0.598,0.837,28282,0.00125,13.7
2026-08-22 10:00,AAVE,AAVE,122.965,0.813,0.407,3.66,3.66,97271,0.009601,36.7
2026-08-22 10:00,ARB,ARB,0.099915,5.004,2.502,2.502,2.502,79280,0.00125,17.5
2026-08-22 10:00,POL,POL,0.112905,2.657,4.871,4.871,5.757,16105,0.008577,42.76
2026-08-22 10:00,RENDER,RENDER,1.5224,2.627,3.284,8.539,9.196,23804,0.00447,28.08
2026-08-22 10:00,DOGE,DOGE,0.0931115,1.181,0.591,1.342,1.45,90274,0.001778,15.16
2026-08-22 10:00,SHIB,kSHIB,0.0056895,1.758,0.879,2.636,2.636,175404,0.00125,14.26
2026-08-22 10:00,PEPE,kPEPE,0.0041519999999999994,4.817,2.408,2.408,2.408,314315,0.006175,31.11
2026-08-22 10:00,WIF,WIF,0.20412000000000002,3.919,6.369,6.369,6.369,40434,0.00388,32.6
2026-08-22 10:00,BONK,kBONK,0.0032745,3.054,1.527,1.527,1.527,111653,0.00125,15.55
2026-08-22 10:00,TRUMP,TRUMP,2.85155,0.351,0.175,0.175,0.175,74641,6.6e-05,9.54
2026-08-22 10:05,BTC,BTC,77250.5,0.129,0.583,0.583,0.583,1158809,0.00125,13.67
2026-08-22 10:05,ETH,ETH,2430.25,0.411,0.206,0.206,1.029,6201117,0.00125,12.91
2026-08-22 10:05,SOL,SOL,94.2735,0.106,0.053,0.689,1.114,96787,0.00125,12.61
2026-08-22 10:05,XRP,XRP,1.54125,1.946,0.973,0.973,0.973,772746,0.005614,26.66
2026-08-22 10:05,AVAX,AVAX,7.5863499999999995,5.932,2.966,2.966,2.966,49983,0.00125,18.43
2026-08-22 10:05,LINK,LINK,11.752500000000001,0.851,0.425,0.425,1.276,157949,0.006655,28.49
2026-08-22 10:05,LTC,LTC,51.845,1.157,0.579,0.579,1.736,35704,0.004799,23.6
2026-08-22 10:05,ADA,ADA,0.23084,2.599,1.3,1.733,1.733,138962,0.00125,15.1
2026-08-22 10:05,DOT,DOT,0.94444,0.847,0.424,0.953,1.165,19176,0.00125,13.35
2026-08-22 10:05,UNI,UNI,4.17225,0.24,5.632,7.79,8.029,18606,0.00125,23.76
2026-08-22 10:05,AAVE,AAVE,123.0,1.626,5.691,6.504,6.504,123580,0.009825,47.89
2026-08-22 10:05,ARB,ARB,0.09909499999999999,1.009,7.568,10.596,11.605,18567,0.00125,27.64
2026-08-22 10:05,POL,POL,0.11274500000000001,6.209,3.104,7.539,8.426,23521,0.006716,34.01
2026-08-22 10:05,RENDER,RENDER,1.5151,3.96,4.62,9.24,9.9,30113,0.005739,34.31
2026-08-22 10:05,DOGE,DOGE,0.0926125,0.108,0.054,0.054,5.237,106480,0.002435,15.93
2026-08-22 10:05,SHIB,kSHIB,0.0056500000000000005,3.54,1.77,3.54,3.54,163722,0.00125,16.04
2026-08-22 10:05,PEPE,kPEPE,0.0041215,2.426,6.066,6.066,6.066,422592,0.006842,40.29
2026-08-22 10:05,WIF,WIF,0.202675,6.414,4.687,4.687,4.687,66101,0.00479,31.79
2026-08-22 10:05,BONK,kBONK,0.003261,6.133,6.133,6.133,6.133,111041,0.00125,24.77
2026-08-22 10:05,TRUMP,TRUMP,2.82765,2.476,1.238,2.652,2.652,94815,0.00125,14.98
2026-08-22 10:10,BTC,BTC,77416.5,0.129,0.969,1.485,1.485,1315373,0.00125,14.44
2026-08-22 10:10,ETH,ETH,2435.45,0.411,0.205,0.205,0.205,7391825,0.00125,12.91
2026-08-22 10:10,SOL,SOL,94.7375,0.106,1.003,1.003,1.003,135910,0.00125,14.51
2026-08-22 10:10,XRP,XRP,1.5522,3.865,1.933,1.933,1.933,784041,0.007514,33.9
2026-08-22 10:10,AVAX,AVAX,7.6423000000000005,1.57,0.785,1.178,1.309,70472,0.00125,14.07
2026-08-22 10:10,LINK,LINK,11.8065,0.847,0.423,1.27,1.27,91871,0.006889,29.14
2026-08-22 10:10,LTC,LTC,52.083,0.384,1.728,1.728,1.728,29291,0.005657,28.3
2026-08-22 10:10,ADA,ADA,0.232715,2.149,1.074,1.074,1.074,143134,0.00125,14.65
2026-08-22 10:10,DOT,DOT,0.946395,0.951,0.475,0.581,1.215,18400,0.00125,13.45
2026-08-22 10:10,UNI,UNI,4.1941500000000005,0.238,0.119,0.119,0.119,35891,0.00125,12.74
2026-08-22 10:10,AAVE,AAVE,123.775,0.808,3.636,3.636,3.636,92698,0.009405,42.61
2026-08-22 10:10,ARB,ARB,0.099665,5.017,2.508,2.508,4.515,48043,0.00125,17.52
2026-08-22 10:10,POL,POL,0.113235,2.649,1.325,3.974,5.74,29371,0.007206,31.83
2026-08-22 10:10,RENDER,RENDER,1.5243,2.624,3.936,9.185,9.185,50511,0.006697,35.62
2026-08-22 10:10,DOGE,DOGE,0.0931955,3.541,1.77,1.77,1.77,92933,0.002977,20.88
2026-08-22 10:10,SHIB,kSHIB,0.0056885,8.79,4.395,6.153,6.153,177080,0.00125,21.29
2026-08-22 10:10,PEPE,kPEPE,0.004151,4.818,2.409,4.818,4.818,291037,0.007426,34.61
2026-08-22 10:10,WIF,WIF,0.20427499999999998,3.427,6.119,6.609,8.077,19466,0.005276,36.01
2026-08-22 10:10,BONK,kBONK,0.0032779999999999997,6.101,3.051,3.051,3.051,80289,0.001734,19.96
2026-08-22 10:10,TRUMP,TRUMP,2.84825,2.458,1.229,1.229,1.229,96687,0.00125,14.96
2026-08-22 10:15,BTC,BTC,77491.5,0.129,0.065,0.065,0.065,2837557,0.00125,12.63
2026-08-22 10:15,ETH,ETH,2439.8500000000004,0.41,0.205,0.205,0.205,7719843,0.00125,12.91
2026-08-22 10:15,SOL,SOL,95.0385,0.105,0.053,0.053,0.053,150780,0.00125,12.61
2026-08-22 10:15,XRP,XRP,1.55345,0.644,0.322,0.322,0.322,968571,0.008651,33.87
2026-08-22 10:15,AVAX,AVAX,7.65125,0.131,0.065,0.065,0.065,49847,0.00125,12.63
2026-08-22 10:15,LINK,LINK,11.8345,2.535,1.267,1.267,2.112,158047,0.006745,30.42
2026-08-22 10:15,LTC,LTC,52.113,0.384,0.192,0.192,0.192,28530,0.00613,26.55
2026-08-22 10:15,ADA,ADA,0.233265,0.429,0.214,0.643,0.643,147244,0.00125,12.93
2026-08-22 10:15,DOT,DOT,0.947425,0.106,0.053,0.792,0.792,16692,0.00125,12.61
2026-08-22 10:15,UNI,UNI,4.21225,0.237,0.119,0.119,0.119,67076,0.00125,12.74
2026-08-22 10:15,AAVE,AAVE,124.025,2.419,1.209,1.209,2.016,87607,0.009349,37.6
2026-08-22 10:15,ARB,ARB,0.100235,2.993,1.496,2.494,2.494,32065,0.00125,15.49
2026-08-22 10:15,POL,POL,0.113815,0.879,6.59,10.104,10.983,19717,0.007309,42.64
2026-08-22 10:15,RENDER,RENDER,1.526,1.311,0.655,0.655,0.655,25468,0.007017,29.96
2026-08-22 10:15,DOGE,DOGE,0.0934205,0.107,0.696,0.696,0.696,112339,0.003437,20.01
2026-08-22 10:15,SHIB,kSHIB,0.0057085,1.752,0.876,2.628,4.379,185807,0.00125,14.25
2026-08-22 10:15,PEPE,kPEPE,0.0041785,2.393,3.59,3.59,3.59,289842,0.008303,39.43
2026-08-22 10:15,WIF,WIF,0.20575,2.916,2.43,3.402,3.402,19019,0.005633,29.63
2026-08-22 10:15,BONK,kBONK,0.003288,6.083,3.041,3.041,6.083,76422,0.002872,23.13
2026-08-22 10:15,TRUMP,TRUMP,2.8683,2.789,1.395,2.092,2.092,107467,0.00125,15.29
2026-08-22 10:20,BTC,BTC,77400.5,0.129,0.065,0.065,0.065,3255921,0.00125,12.63
2026-08-22 10:20,ETH,ETH,2434.75,0.411,0.205,0.205,0.205,7914362,0.00125,12.91
2026-08-22 10:20,SOL,SOL,94.5885,0.106,0.053,0.053,0.053,364239,0.00125,12.61
2026-08-22 10:20,XRP,XRP,1.54705,0.646,0.323,0.323,0.323,640691,0.00895,34.71
2026-08-22 10:20,AVAX,AVAX,7.61895,0.919,0.459,0.459,0.591,38917,0.00125,13.42
2026-08-22 10:20,LINK,LINK,11.8245,0.846,0.423,0.423,0.423,100729,0.007006,29.46
2026-08-22 10:20,LTC,LTC,51.9355,2.888,1.444,1.444,1.444,46246,0.006455,29.96
2026-08-22 10:20,ADA,ADA,0.23219499999999998,3.876,1.938,1.938,1.938,120469,0.00125,16.38
2026-08-22 10:20,DOT,DOT,0.94481,2.54,1.27,1.27,1.27,22809,0.00125,15.04
2026-08-22 10:20,UNI,UNI,4.1907499999999995,0.239,0.119,0.119,0.119,40510,0.00125,12.74
2026-08-22 10:20,AAVE,AAVE,123.705,0.808,0.404,0.404,0.404,63616,0.009109,35.31
2026-08-22 10:20,ARB,ARB,0.09987499999999999,1.001,0.501,0.501,0.501,54220,0.00125,13.5
2026-08-22 10:20,POL,POL,0.113805,7.908,3.954,4.833,4.833,35442,0.007735,38.57
2026-08-22 10:20,RENDER,RENDER,1.5135,1.321,0.661,0.661,0.661,30689,0.006901,29.64
2026-08-22 10:20,DOGE,DOGE,0.0930375,0.107,0.054,0.161,0.161,114456,0.003179,18.01
2026-08-22 10:20,SHIB,kSHIB,0.0056819999999999996,3.52,1.76,1.76,1.76,99692,0.00125,16.02
2026-08-22 10:20,PEPE,kPEPE,0.0041575,7.216,3.608,6.013,6.013,257477,0.008151,39.04
2026-08-22 10:20,WIF,WIF,0.20477499999999998,3.418,3.174,3.174,3.174,32708,0.00597,32.06
2026-08-22 10:20,BONK,kBONK,0.0032760000000000003,6.105,3.053,3.053,3.053,97793,0.003205,24.08
2026-08-22 10:20,TRUMP,TRUMP,2.8428500000000003,3.166,1.583,1.583,1.583,89644,0.00125,15.67
2026-08-22 10:25,BTC,BTC,77334.5,0.129,0.065,0.065,0.065,2138352,0.00125,12.63
2026-08-22 10:25,ETH,ETH,2432.75,0.411,0.206,0.206,0.206,8872839,0.00125,12.91
2026-08-22 10:25,SOL,SOL,94.23349999999999,0.531,0.265,0.265,0.265,532983,0.00125,13.03
2026-08-22 10:25,XRP,XRP,1.533,1.305,0.652,0.652,0.652,410279,0.00868,34.61
2026-08-22 10:25,AVAX,AVAX,7.579000000000001,1.583,0.792,0.924,0.924,52774,0.00125,14.08
2026-08-22 10:25,LINK,LINK,11.812999999999999,1.693,0.847,0.847,0.847,189694,0.00705,30.43
2026-08-22 10:25,LTC,LTC,51.638999999999996,1.937,0.968,1.356,1.549,21857,0.006653,29.56
2026-08-22 10:25,ADA,ADA,0.230535,0.434,0.217,0.217,0.217,149825,0.00125,12.93
2026-08-22 10:25,DOT,DOT,0.9375249999999999,0.107,0.053,0.053,0.053,25160,0.00125,12.61
2026-08-22 10:25,UNI,UNI,4.17075,0.24,0.12,0.12,1.798,35496,0.00125,12.74
2026-08-22 10:25,AAVE,AAVE,123.10499999999999,4.062,5.28,6.905,6.905,132662,0.008669,43.83
2026-08-22 10:25,ARB,ARB,0.09898000000000001,4.041,2.021,2.021,3.031,63599,0.00125,16.54
2026-08-22 10:25,POL,POL,0.112555,4.442,3.11,3.11,3.11,26920,0.007471,36.14
2026-08-22 10:25,RENDER,RENDER,1.5042,7.978,3.989,4.654,4.654,31724,0.00686,36.19
2026-08-22 10:25,DOGE,DOGE,0.0924855,0.108,0.054,0.054,0.162,71338,0.002934,17.32
2026-08-22 10:25,SHIB,kSHIB,0.005634500000000001,1.775,2.662,2.662,2.662,202307,0.00125,17.82
2026-08-22 10:25,PEPE,kPEPE,0.004114,4.861,2.431,2.431,2.431,361601,0.007693,35.4
2026-08-22 10:25,WIF,WIF,0.20347500000000002,3.44,1.72,2.212,2.212,51686,0.00578,28.62
2026-08-22 10:25,BONK,kBONK,0.0032455,9.244,4.622,4.622,4.622,153060,0.003144,27.05
2026-08-22 10:25,TRUMP,TRUMP,2.7794499999999998,3.958,3.058,3.058,3.058,123957,0.00125,18.62
2026-08-22 10:30,BTC,BTC,77149.5,0.389,0.194,0.194,0.194,1252638,0.00125,12.89
2026-08-22 10:30,ETH,ETH,2419.6499999999996,0.413,0.207,0.207,0.207,8001149,0.00125,12.91
2026-08-22 10:30,SOL,SOL,93.401,0.642,0.321,0.321,0.321,365685,0.00125,13.14
2026-08-22 10:30,XRP,XRP,1.50345,3.326,1.663,1.663,1.663,802807,0.007529,33.41
2026-08-22 10:30,AVAX,AVAX,7.5166,2.129,1.064,1.064,1.064,25723,0.00125,14.63
2026-08-22 10:30,LINK,LINK,11.6695,0.857,0.428,0.428,1.285,195016,0.006753,28.76
2026-08-22 10:30,LTC,LTC,51.2685,0.975,0.488,0.683,0.683,36296,0.006423,27.96
2026-08-22 10:30,ADA,ADA,0.22658,0.883,0.441,0.441,0.441,173810,0.00125,13.38
2026-08-22 10:30,DOT,DOT,0.9294150000000001,3.12,1.56,1.56,1.668,19708,0.00125,15.62
2026-08-22 10:30,UNI,UNI,4.14075,0.242,0.121,0.121,1.087,124784,0.00125,12.74
2026-08-22 10:30,AAVE,AAVE,123.03999999999999,3.251,1.625,1.625,1.625,92303,0.008272,35.41
2026-08-22 10:30,ARB,ARB,0.09797,2.041,1.021,2.041,3.062,52199,0.00125,14.54
2026-08-22 10:30,POL,POL,0.112845,0.886,4.874,4.874,7.532,22277,0.007073,38.55
2026-08-22 10:30,RENDER,RENDER,1.4938500000000001,4.686,2.343,3.012,3.012,35066,0.006447,31.74
2026-08-22 10:30,DOGE,DOGE,0.09153649999999999,0.109,0.055,0.055,0.055,168842,0.002161,15.16
2026-08-22 10:30,SHIB,kSHIB,0.0055815,1.792,4.479,6.271,8.062,61148,0.00125,21.46
2026-08-22 10:30,PEPE,kPEPE,0.0040585,2.464,3.696,6.16,6.16,305178,0.007121,36.33
2026-08-22 10:30,WIF,WIF,0.200955,5.474,2.737,3.235,7.713,66642,0.005534,29.97
2026-08-22 10:30,BONK,kBONK,0.0032294999999999997,3.096,1.548,1.548,1.548,124316,0.002685,19.62
2026-08-22 10:30,TRUMP,TRUMP,2.75435,3.994,1.997,1.997,1.997,142784,0.00125,16.49
2026-08-22 10:35,BTC,BTC,77167.0,0.259,0.13,0.907,1.685,766345,0.00125,12.76
2026-08-22 10:35,ETH,ETH,2418.55,0.413,0.207,0.207,0.207,4941546,0.00125,12.91
2026-08-22 10:35,SOL,SOL,93.3355,0.107,0.482,0.482,0.482,141180,0.00125,13.46
2026-08-22 10:35,XRP,XRP,1.5056,1.328,0.664,0.664,0.664,608955,0.006507,28.55
2026-08-22 10:35,AVAX,AVAX,7.49665,0.133,1.534,1.534,1.534,60354,0.00125,15.57
2026-08-22 10:35,LINK,LINK,11.6115,0.861,0.431,0.431,0.431,204840,0.006228,27.3
2026-08-22 10:35,LTC,LTC,51.2315,0.586,1.074,1.269,1.269,30073,0.006167,28.41
2026-08-22 10:35,ADA,ADA,0.22614499999999998,0.442,2.432,2.874,2.874,133696,0.00125,17.36
2026-08-22 10:35,DOT,DOT,0.929025,0.108,0.915,1.776,3.391,19869,0.00125,14.33
2026-08-22 10:35,UNI,UNI,4.1334,0.968,0.484,0.726,0.726,31575,0.00125,13.47
2026-08-22 10:35,AAVE,AAVE,121.81,1.642,2.463,3.284,3.284,106230,0.007499,34.92
2026-08-22 10:35,ARB,ARB,0.09850500000000001,1.015,0.508,0.508,0.508,53832,0.00125,13.52
2026-08-22 10:35,POL,POL,0.11522,5.207,2.604,13.019,14.754,24026,0.007022,33.87
2026-08-22 10:35,RENDER,RENDER,1.4931,2.679,1.339,2.009,2.009,30781,0.005931,28.29
2026-08-22 10:35,DOGE,DOGE,0.0910245,0.11,0.055,0.055,0.055,104185,0.00125,12.61
2026-08-22 10:35,SHIB,kSHIB,0.0055685000000000005,5.387,2.694,4.49,4.49,265224,0.00125,17.89
2026-08-22 10:35,PEPE,kPEPE,0.004057,4.93,2.465,2.465,4.93,439370,0.006619,32.46
2026-08-22 10:35,WIF,WIF,0.20093,3.981,4.479,4.479,4.479,45761,0.005232,32.61
2026-08-22 10:35,BONK,kBONK,0.003247,6.16,3.08,3.08,3.08,145763,0.002717,22.77
2026-08-22 10:35,TRUMP,TRUMP,2.72695,5.501,2.75,2.75,4.951,198787,0.00125,18.0
2026-08-22 10:40,BTC,BTC,77177.5,0.13,0.065,0.065,0.065,2933723,0.00125,12.63
2026-08-22 10:40,ETH,ETH,2419.8500000000004,0.413,0.207,0.207,0.207,6937952,0.00125,12.91
2026-08-22 10:40,SOL,SOL,93.3735,0.107,0.054,0.054,0.054,200598,0.00125,12.61
2026-08-22 10:40,XRP,XRP,1.49865,0.667,0.334,0.334,0.334,934327,0.005706,25.64
2026-08-22 10:40,AVAX,AVAX,7.50775,0.133,0.067,0.067,0.866,25830,0.00125,12.63
2026-08-22 10:40,LINK,LINK,11.599499999999999,0.862,0.431,0.431,0.431,194018,0.005817,26.15
2026-08-22 10:40,LTC,LTC,51.1665,0.586,0.293,0.684,0.879,35256,0.005972,26.31
2026-08-22 10:40,ADA,ADA,0.225685,0.443,0.222,0.222,0.222,132242,0.00125,12.94
2026-08-22 10:40,DOT,DOT,0.927765,1.832,0.916,1.132,1.132,18514,0.00125,14.33
2026-08-22 10:40,UNI,UNI,4.1454,5.307,4.583,4.583,4.583,32145,0.00125,21.67
2026-08-22 10:40,AAVE,AAVE,122.005,0.82,0.41,0.41,1.229,78413,0.007078,29.64
2026-08-22 10:40,ARB,ARB,0.09851499999999999,1.015,0.508,1.523,4.568,63411,0.00125,13.52
2026-08-22 10:40,POL,POL,0.116215,2.581,2.151,2.151,3.012,20693,0.006323,31.01
2026-08-22 10:40,RENDER,RENDER,1.4911500000000002,0.671,0.335,1.006,1.006,21358,0.005801,25.91
2026-08-22 10:40,DOGE,DOGE,0.0908885,0.11,0.055,0.055,0.055,97028,0.00125,12.61
2026-08-22 10:40,SHIB,kSHIB,0.005565499999999999,1.797,0.898,2.695,2.695,186621,0.00125,14.3
2026-08-22 10:40,PEPE,kPEPE,0.004059500000000001,2.463,1.232,1.232,6.158,404101,0.006422,29.45
2026-08-22 10:40,WIF,WIF,0.20146999999999998,5.956,2.978,3.971,4.467,43731,0.005064,29.14
2026-08-22 10:40,BONK,kBONK,0.003271,6.114,3.057,3.057,3.057,112222,0.003199,24.07
2026-08-22 10:40,TRUMP,TRUMP,2.7501499999999997,7.636,3.818,3.818,4.909,166167,0.00125,20.14
2026-08-22 10:45,BTC,BTC,77254.5,0.129,0.065,0.065,0.065,1650995,0.00125,12.63
2026-08-22 10:45,ETH,ETH,2421.05,0.413,0.207,0.207,0.207,7259672,0.00125,12.91
2026-08-22 10:45,SOL,SOL,93.4615,0.107,0.053,0.053,0.053,473342,0.00125,12.61
2026-08-22 10:45,XRP,XRP,1.51045,0.662,0.331,0.331,0.331,1111722,0.00513,24.03
2026-08-22 10:45,AVAX,AVAX,7.53565,0.133,0.066,0.066,0.066,61677,0.00125,12.63
2026-08-22 10:45,LINK,LINK,11.593499999999999,0.863,0.431,0.431,0.431,194778,0.005451,25.12
2026-08-22 10:45,LTC,LTC,51.293499999999995,0.195,0.097,0.097,0.292,55302,0.005798,25.43
2026-08-22 10:45,ADA,ADA,0.22636499999999998,0.442,1.988,1.988,2.871,184299,0.00125,16.48
2026-08-22 10:45,DOT,DOT,0.9304049999999999,0.107,0.054,0.054,0.054,30264,0.00125,12.61
2026-08-22 10:45,UNI,UNI,4.1523,1.927,0.963,0.963,0.963,66321,0.00125,14.43
2026-08-22 10:45,AAVE,AAVE,121.955,0.82,0.41,2.05,2.05,116302,0.006858,29.02
2026-08-22 10:45,ARB,ARB,0.099125,3.026,2.522,2.522,3.531,81348,0.00125,17.54
2026-08-22 10:45,POL,POL,0.11615,3.444,1.722,3.444,5.166,12086,0.006018,29.29
2026-08-22 10:45,RENDER,RENDER,1.4934,2.678,1.339,2.009,2.009,32282,0.006019,28.53
2026-08-22 10:45,DOGE,DOGE,0.0912285,0.11,0.055,0.055,0.603,95111,0.00125,12.61
2026-08-22 10:45,SHIB,kSHIB,0.0055835,1.791,0.895,0.895,0.895,198471,0.00125,14.29
2026-08-22 10:45,PEPE,kPEPE,0.0040774999999999995,2.452,1.226,1.226,1.226,414327,0.006119,28.59
2026-08-22 10:45,WIF,WIF,0.20299499999999998,3.448,2.217,6.158,6.65,60960,0.004723,26.66
2026-08-22 10:45,BONK,kBONK,0.003301,6.059,3.029,3.029,6.059,118045,0.003611,25.17
2026-08-22 10:45,TRUMP,TRUMP,2.7670500000000002,0.361,0.181,0.181,0.181,76982,0.00125,12.86
2026-08-22 10:50,BTC,BTC,77259.5,0.129,0.065,0.065,0.065,2843875,0.00125,12.63
2026-08-22 10:50,ETH,ETH,2423.45,0.413,0.619,0.619,0.619,5945982,0.00125,13.74
2026-08-22 10:50,SOL,SOL,93.7675,0.107,0.053,0.053,0.053,489639,0.00125,12.61
2026-08-22 10:50,XRP,XRP,1.53045,0.653,0.327,0.327,0.327,414048,0.005032,23.74
2026-08-22 10:50,AVAX,AVAX,7.55095,4.9,8.277,8.277,8.277,53709,0.00125,29.05
2026-08-22 10:50,LINK,LINK,11.608,1.723,0.861,0.861,0.861,125227,0.005366,25.75
2026-08-22 10:50,LTC,LTC,51.3815,0.195,0.097,0.097,0.097,33066,0.00573,25.24
2026-08-22 10:50,ADA,ADA,0.22725499999999998,2.2,1.1,1.1,1.54,153008,0.00125,14.7
2026-08-22 10:50,DOT,DOT,0.93162,0.215,0.215,0.215,2.039,25781,0.00125,12.93
2026-08-22 10:50,UNI,UNI,4.17565,0.239,0.12,0.12,0.12,37782,0.00125,12.74
2026-08-22 10:50,AAVE,AAVE,122.32499999999999,0.817,0.409,2.044,2.044,119792,0.006924,29.21
2026-08-22 10:50,ARB,ARB,0.09941,4.024,2.012,2.012,2.012,85720,0.00125,16.52
2026-08-22 10:50,POL,POL,0.11885499999999999,0.841,2.103,2.103,4.627,21636,0.005876,29.66
2026-08-22 10:50,RENDER,RENDER,1.498,1.335,0.668,1.335,5.34,27127,0.006234,27.79
2026-08-22 10:50,DOGE,DOGE,0.0914475,0.109,0.055,0.055,0.055,103104,0.00125,12.61
2026-08-22 10:50,SHIB,kSHIB,0.005587,3.58,1.79,1.79,3.58,265671,0.00125,16.08
2026-08-22 10:50,PEPE,kPEPE,0.004108499999999999,2.434,3.651,3.651,3.651,513235,0.006123,33.45
2026-08-22 10:50,WIF,WIF,0.20346999999999998,2.949,1.966,1.966,5.406,37666,0.004426,25.32
2026-08-22 10:50,BONK,kBONK,0.003304,6.053,3.027,3.027,6.053,128663,0.003698,25.41
2026-08-22 10:50,TRUMP,TRUMP,2.76325,1.086,0.543,0.543,0.543,92013,0.00125,13.59
2026-08-22 10:55,BTC,BTC,77204.5,0.13,0.065,0.065,0.065,1349989,0.00125,12.63
2026-08-22 10:55,ETH,ETH,2421.75,0.413,0.206,0.206,0.206,6246956,0.00125,12.91
2026-08-22 10:55,SOL,SOL,93.83449999999999,0.107,0.053,0.053,0.053,178115,0.00125,12.61
2026-08-22 10:55,XRP,XRP,1.5309499999999998,0.653,0.98,0.98,0.98,576886,0.005065,25.14
2026-08-22 10:55,AVAX,AVAX,7.5355,0.265,1.592,1.592,2.123,50996,0.00125,15.68
2026-08-22 10:55,LINK,LINK,11.592500000000001,0.863,3.019,3.019,3.882,106167,0.005305,29.89
2026-08-22 10:55,LTC,LTC,51.311,0.78,0.39,0.585,0.585,47706,0.005633,25.55
2026-08-22 10:55,ADA,ADA,0.226765,0.441,3.748,3.748,3.748,119393,0.00125,20.0
2026-08-22 10:55,DOT,DOT,0.931635,0.107,1.986,1.986,1.986,23553,0.00125,16.47
2026-08-22 10:55,UNI,UNI,4.1551,1.444,0.722,1.203,1.685,64464,0.00125,13.94
2026-08-22 10:55,AAVE,AAVE,122.44999999999999,1.633,0.817,1.633,2.45,114445,0.006903,29.96
2026-08-22 10:55,ARB,ARB,0.09928999999999999,4.029,2.014,2.014,2.014,83819,0.00125,16.53
2026-08-22 10:55,POL,POL,0.11802,5.084,2.542,2.542,4.237,24545,0.005552,29.63
2026-08-22 10:55,RENDER,RENDER,1.49315,0.67,0.335,1.005,1.674,22992,0.006321,27.37
2026-08-22 10:55,DOGE,DOGE,0.09124850000000001,1.425,0.712,0.822,0.932,136936,0.00125,13.92
2026-08-22 10:55,SHIB,kSHIB,0.005570500000000001,1.795,0.898,2.693,2.693,211042,0.00125,14.3
2026-08-22 10:55,PEPE,kPEPE,0.0041125,2.432,1.216,1.216,1.216,396990,0.005948,28.09
2026-08-22 10:55,WIF,WIF,0.20316499999999998,3.445,1.723,1.723,3.199,43061,0.004071,23.84
2026-08-22 10:55,BONK,kBONK,0.0032890000000000003,6.081,3.04,3.04,3.04,166633,0.003589,25.13
2026-08-22 10:55,TRUMP,TRUMP,2.7314499999999997,1.831,0.915,0.915,0.915,86799,0.00125,14.33
2026-08-22 11:00,BTC,BTC,77259.5,0.129,0.065,0.065,0.065,4190824,0.00125,12.63
2026-08-22 11:00,ETH,ETH,2424.45,0.412,0.206,0.206,0.206,7915967,0.00125,12.91
2026-08-22 11:00,SOL,SOL,94.0545,0.106,0.053,0.053,0.053,633428,0.00125,12.61
2026-08-22 11:00,XRP,XRP,1.52645,0.655,0.328,0.328,0.328,642757,0.00125,13.16
2026-08-22 11:00,AVAX,AVAX,7.5337499999999995,3.849,1.925,2.057,2.323,32831,0.00125,16.35
2026-08-22 11:00,LINK,LINK,11.590499999999999,0.863,0.431,0.431,0.431,181977,0.003231,18.91
2026-08-22 11:00,LTC,LTC,51.3495,0.195,0.876,0.876,1.85,49596,0.003927,21.75
2026-08-22 11:00,ADA,ADA,0.226685,0.441,0.221,0.221,0.221,129303,0.00125,12.94
2026-08-22 11:00,DOT,DOT,0.932995,3.966,1.983,2.09,2.09,44029,0.00125,16.47
2026-08-22 11:00,UNI,UNI,4.159800000000001,0.481,0.24,0.24,0.24,44533,0.00125,12.98
2026-08-22 11:00,AAVE,AAVE,122.22999999999999,3.273,1.636,1.636,1.636,68338,0.005931,28.88
2026-08-22 11:00,ARB,ARB,0.09926499999999999,1.007,0.504,0.504,1.511,54480,0.00125,13.51
2026-08-22 11:00,POL,POL,0.11893999999999999,3.363,1.682,3.363,5.885,19985,0.006291,29.98
2026-08-22 11:00,RENDER,RENDER,1.4934500000000002,2.009,2.344,2.344,4.352,25848,0.006142,30.88
2026-08-22 11:00,DOGE,DOGE,0.0912995,0.11,0.055,0.055,0.055,45235,0.00125,12.61
2026-08-22 11:00,SHIB,kSHIB,0.005566,3.593,1.797,3.593,3.593,202581,0.001318,16.28
2026-08-22 11:00,PEPE,kPEPE,0.004108499999999999,2.434,1.217,1.217,1.217,381145,0.005907,27.97
2026-08-22 11:00,WIF,WIF,0.20321,4.921,3.445,5.413,8.366,47291,0.00125,19.39
2026-08-22 11:00,BONK,kBONK,0.0032849999999999997,6.088,3.044,3.044,3.044,183244,0.003721,25.51
2026-08-22 11:00,TRUMP,TRUMP,2.73445,7.68,3.84,3.84,3.84,75004,0.00125,20.18
2026-08-22 11:05,BTC,BTC,77159.5,0.13,0.065,0.065,0.065,1162337,0.00125,12.63
2026-08-22 11:05,ETH,ETH,2417.3500000000004,0.414,0.207,0.207,0.207,6791543,0.00125,12.91
2026-08-22 11:05,SOL,SOL,93.47749999999999,0.107,0.053,0.053,0.053,479438,0.00125,12.61
2026-08-22 11:05,XRP,XRP,1.50975,0.662,0.331,0.331,0.331,516639,0.00125,13.16
2026-08-22 11:05,AVAX,AVAX,7.48405,0.134,0.2,0.735,0.869,36408,0.00125,12.9
2026-08-22 11:05,LINK,LINK,11.560500000000001,0.865,1.298,1.298,1.298,120936,0.003734,22.05
2026-08-22 11:05,LTC,LTC,51.1575,0.195,0.098,0.098,0.098,30004,0.0024,15.92
2026-08-22 11:05,ADA,ADA,0.224605,1.336,0.668,0.668,2.004,95291,0.00125,13.84
2026-08-22 11:05,DOT,DOT,0.9234899999999999,1.299,0.65,1.841,2.057,16695,0.00125,13.8
2026-08-22 11:05,UNI,UNI,4.128,2.422,1.211,1.453,1.453,52756,0.00125,14.92
2026-08-22 11:05,AAVE,AAVE,121.755,0.821,0.411,0.411,0.411,104356,0.004981,23.77
2026-08-22 11:05,ARB,ARB,0.09862,2.028,1.014,1.014,1.014,64503,0.00125,14.53
2026-08-22 11:05,POL,POL,0.11695,5.13,2.565,3.42,3.42,30799,0.00125,17.63
2026-08-22 11:05,RENDER,RENDER,1.4786,2.705,1.353,2.029,6.763,27885,0.004668,24.78
2026-08-22 11:05,DOGE,DOGE,0.0906875,0.11,0.055,0.055,0.055,158204,0.00125,12.61
2026-08-22 11:05,SHIB,kSHIB,0.0055185,5.436,4.53,4.53,6.342,187554,0.00125,21.56
2026-08-22 11:05,PEPE,kPEPE,0.0040725,2.455,3.683,3.683,3.683,487582,0.002728,24.01
2026-08-22 11:05,WIF,WIF,0.201345,4.47,3.725,3.725,4.222,67138,0.00125,19.95
2026-08-22 11:05,BONK,kBONK,0.0032485,3.078,1.539,1.539,4.618,211024,0.001468,16.19
2026-08-22 11:05,TRUMP,TRUMP,2.6201,6.87,3.435,3.435,4.58,121160,-0.001529,15.87
2026-08-22 11:10,BTC,BTC,77268.5,0.129,0.065,0.065,0.065,2398583,0.00125,12.63
2026-08-22 11:10,ETH,ETH,2421.55,0.413,0.206,0.206,0.206,7765430,0.00125,12.91
2026-08-22 11:10,SOL,SOL,93.8825,0.107,0.053,0.053,0.053,404709,0.00125,12.61
2026-08-22 11:10,XRP,XRP,1.5202499999999999,0.658,0.329,0.329,1.644,578902,0.002864,17.68
2026-08-22 11:10,AVAX,AVAX,7.5411,1.326,0.663,0.796,1.591,53395,0.00125,13.83
2026-08-22 11:10,LINK,LINK,11.6165,0.861,0.43,0.43,0.43,212933,0.0042,21.62
2026-08-22 11:10,LTC,LTC,51.6045,0.581,0.291,0.291,0.291,38033,0.002751,17.28
2026-08-22 11:10,ADA,ADA,0.225405,0.444,1.996,1.996,2.44,97753,0.00125,16.49
2026-08-22 11:10,DOT,DOT,0.926855,0.108,0.054,0.054,0.054,26116,0.00125,12.61
2026-08-22 11:10,UNI,UNI,4.14875,0.723,0.362,1.326,1.808,55043,0.00125,13.22
2026-08-22 11:10,AAVE,AAVE,122.725,0.815,0.407,2.037,2.852,121835,0.006555,28.17
2026-08-22 11:10,ARB,ARB,0.098985,3.031,1.515,2.526,2.526,59146,0.00125,15.53
2026-08-22 11:10,POL,POL,0.11003,5.453,2.727,2.727,2.727,36693,0.00125,17.95
2026-08-22 11:10,RENDER,RENDER,1.4858,1.346,0.673,2.019,4.038,18098,0.006076,27.36
2026-08-22 11:10,DOGE,DOGE,0.09121850000000001,0.767,0.384,0.384,0.384,107434,0.00125,13.27
2026-08-22 11:10,SHIB,kSHIB,0.005547,3.606,1.803,3.606,3.606,210840,0.00125,16.11
2026-08-22 11:10,PEPE,kPEPE,0.0041145,2.43,3.646,3.646,3.646,388104,0.00466,29.34
2026-08-22 11:10,WIF,WIF,0.20237,1.977,2.471,2.471,2.965,67249,0.00125,17.44
2026-08-22 11:10,BONK,kBONK,0.003281,6.096,3.048,3.048,3.048,145639,0.004417,27.46
2026-08-22 11:10,TRUMP,TRUMP,2.6353999999999997,3.036,1.518,1.518,1.518,140714,0.001229,15.48
2026-08-22 11:15,BTC,BTC,77367.0,0.259,0.129,0.129,0.129,4640638,0.00125,12.76
2026-08-22 11:15,ETH,ETH,2425.1,0.825,0.412,0.412,0.412,9100005,0.00125,13.32
2026-08-22 11:15,SOL,SOL,94.0885,0.744,0.372,0.372,0.372,375220,0.00125,13.24
2026-08-22 11:15,XRP,XRP,1.52305,0.657,0.328,0.328,0.328,566469,0.003765,20.2
2026-08-22 11:15,AVAX,AVAX,7.56885,0.132,0.066,0.859,0.991,30626,0.00125,12.63
2026-08-22 11:15,LINK,LINK,11.6665,0.857,0.429,0.429,2.143,182610,0.004629,22.82
2026-08-22 11:15,LTC,LTC,51.7665,0.193,0.097,0.097,0.097,33644,0.00284,17.14
2026-08-22 11:15,ADA,ADA,0.2262,0.884,0.442,0.884,0.884,66645,0.00125,13.38
2026-08-22 11:15,DOT,DOT,0.93038,0.645,0.322,0.645,0.645,20891,0.00125,13.14
2026-08-22 11:15,UNI,UNI,4.17045,0.24,1.079,2.518,5.155,84197,0.00125,14.66
2026-08-22 11:15,AAVE,AAVE,123.61500000000001,0.809,0.404,0.404,0.404,101512,0.007702,31.37
2026-08-22 11:15,ARB,ARB,0.099455,3.016,1.508,1.508,2.514,40990,0.00125,15.52
2026-08-22 11:15,POL,POL,0.11212,7.135,3.568,5.351,5.351,22847,0.00125,19.64
2026-08-22 11:15,RENDER,RENDER,1.4916,6.704,4.693,7.375,8.045,14589,0.006408,36.33
2026-08-22 11:15,DOGE,DOGE,0.0920165,0.326,0.163,0.163,0.163,62090,0.00125,12.83
2026-08-22 11:15,SHIB,kSHIB,0.005577,3.586,3.586,3.586,3.586,194786,0.00125,19.67
2026-08-22 11:15,PEPE,kPEPE,0.004134499999999999,2.419,3.628,3.628,3.628,439853,0.005199,30.81
2026-08-22 11:15,WIF,WIF,0.203895,4.414,2.207,2.697,3.678,35841,0.00125,16.91
2026-08-22 11:15,BONK,kBONK,0.0033169999999999996,12.059,6.03,6.03,9.044,122933,0.00455,33.8
2026-08-22 11:15,TRUMP,TRUMP,2.65325,13.191,6.596,7.726,8.857,131950,0.00125,25.69
2026-08-22 11:20,BTC,BTC,77326.5,0.129,0.065,0.065,0.065,1708624,0.00125,12.63
2026-08-22 11:20,ETH,ETH,2425.75,0.412,0.206,0.206,0.206,7152725,0.00125,12.91
2026-08-22 11:20,SOL,SOL,94.3575,0.106,0.053,0.053,0.053,422639,0.00125,12.61
2026-08-22 11:20,XRP,XRP,1.5225499999999998,0.657,0.328,0.328,0.328,972997,0.004525,22.33
2026-08-22 11:20,AVAX,AVAX,7.590999999999999,0.527,1.713,1.844,1.976,40428,0.00125,15.93
2026-08-22 11:20,LINK,LINK,11.692,1.711,0.855,2.566,3.421,104388,0.005617,26.44
2026-08-22 11:20,LTC,LTC,51.8665,0.578,0.675,0.675,0.675,42738,0.003024,18.82
2026-08-22 11:20,ADA,ADA,0.22719,0.88,1.32,1.32,2.201,61718,0.00125,15.14
2026-08-22 11:20,DOT,DOT,0.9336150000000001,2.678,1.339,2.089,2.838,23784,0.00125,15.18
2026-08-22 11:20,UNI,UNI,4.2157,2.847,1.423,1.66,1.66,39471,0.00125,15.35
2026-08-22 11:20,AAVE,AAVE,124.41499999999999,0.804,0.402,0.402,1.206,104644,0.008141,32.6
2026-08-22 11:20,ARB,ARB,0.09989,4.004,2.002,2.002,2.002,93363,0.00125,16.5
2026-08-22 11:20,POL,POL,0.11244499999999999,6.225,3.113,4.002,4.002,27976,0.00125,18.73
2026-08-22 11:20,RENDER,RENDER,1.50155,1.998,0.999,1.665,1.665,30930,0.006678,29.7
2026-08-22 11:20,DOGE,DOGE,0.0921425,0.109,0.054,0.054,0.054,195643,0.00125,12.61
2026-08-22 11:20,SHIB,kSHIB,0.005595,3.575,1.787,3.575,5.362,177129,0.00125,16.07
2026-08-22 11:20,PEPE,kPEPE,0.0041205,2.427,1.213,1.213,1.213,504676,0.005485,26.79
2026-08-22 11:20,WIF,WIF,0.20495999999999998,3.903,2.44,3.903,4.391,34474,0.00125,17.38
2026-08-22 11:20,BONK,kBONK,0.0033239999999999997,6.017,3.008,3.008,6.017,176850,0.004048,26.35
2026-08-22 11:20,TRUMP,TRUMP,2.65305,0.377,0.188,0.188,0.565,148564,0.00125,12.88
2026-08-22 11:25,BTC,BTC,77250.5,0.129,0.065,0.065,0.065,1792831,0.00125,12.63
2026-08-22 11:25,ETH,ETH,2425.45,0.412,0.618,0.618,0.618,6274867,0.00125,13.74
2026-08-22 11:25,SOL,SOL,94.3435,0.106,0.053,0.053,0.053,162764,0.00125,12.61
2026-08-22 11:25,XRP,XRP,1.51505,0.66,0.33,2.97,2.97,632316,0.004712,22.85
2026-08-22 11:25,AVAX,AVAX,7.5836500000000004,0.132,2.571,3.626,3.758,30514,0.00125,17.64
2026-08-22 11:25,LINK,LINK,11.689,1.711,0.856,0.856,2.567,191105,0.005917,27.28
2026-08-22 11:25,LTC,LTC,51.842,0.386,0.193,0.386,0.386,35033,0.00308,18.01
2026-08-22 11:25,ADA,ADA,0.226395,2.209,1.104,1.104,1.104,111598,0.00125,14.71
2026-08-22 11:25,DOT,DOT,0.9319649999999999,0.107,2.307,2.414,3.058,24581,0.00125,17.11
2026-08-22 11:25,UNI,UNI,4.19215,0.239,3.936,3.936,4.174,61656,0.00125,20.37
2026-08-22 11:25,AAVE,AAVE,124.33,1.609,0.804,0.804,3.217,108235,0.008288,33.81
2026-08-22 11:25,ARB,ARB,0.09984499999999999,1.002,1.502,2.504,4.507,49459,0.00125,15.5
2026-08-22 11:25,POL,POL,0.11321,1.767,4.417,6.183,9.716,21854,0.00125,21.33
2026-08-22 11:25,RENDER,RENDER,1.5004499999999998,1.999,1.0,1.666,1.666,24566,0.006682,29.71
2026-08-22 11:25,DOGE,DOGE,0.0919535,1.196,0.707,0.707,0.707,70813,0.00125,13.91
2026-08-22 11:25,SHIB,kSHIB,0.0055910000000000005,3.577,1.789,1.789,1.789,192424,0.00125,16.08
2026-08-22 11:25,PEPE,kPEPE,0.004092500000000001,2.443,1.222,1.222,1.222,402477,0.005525,26.91
2026-08-22 11:25,WIF,WIF,0.204715,2.442,2.687,2.687,7.083,30725,0.00125,17.87
2026-08-22 11:25,BONK,kBONK,0.0033025,3.028,1.514,1.514,1.514,130203,0.00356,22.0
2026-08-22 11:25,TRUMP,TRUMP,2.61685,0.382,0.191,0.191,0.191,183687,0.00114,12.58
2026-08-22 11:30,BTC,BTC,77211.5,0.13,0.065,0.065,0.065,4128814,0.00125,12.63
2026-08-22 11:30,ETH,ETH,2425.3500000000004,0.412,0.206,0.206,0.206,7533220,0.00125,12.91
2026-08-22 11:30,SOL,SOL,94.2525,0.106,0.053,0.053,0.053,279593,0.00125,12.61
2026-08-22 11:30,XRP,XRP,1.51605,0.66,0.33,0.33,0.33,882639,0.004753,22.97
2026-08-22 11:30,AVAX,AVAX,7.57605,0.396,0.198,0.99,1.122,41893,0.00125,12.9
2026-08-22 11:30,LINK,LINK,11.687000000000001,1.711,0.856,0.856,0.856,172303,0.006197,28.06
2026-08-22 11:30,LTC,LTC,51.8855,0.193,0.096,0.867,1.253,22056,0.003018,17.64
2026-08-22 11:30,ADA,ADA,0.226525,0.441,0.221,0.221,0.221,96195,0.00125,12.94
2026-08-22 11:30,DOT,DOT,0.9308350000000001,0.967,1.987,2.095,2.739,22624,0.00125,16.47
2026-08-22 11:30,UNI,UNI,4.2054,0.476,0.238,0.238,0.238,70753,0.00125,12.98
2026-08-22 11:30,AAVE,AAVE,124.57499999999999,0.803,1.204,2.007,2.007,109778,0.008182,34.32
2026-08-22 11:30,ARB,ARB,0.09992000000000001,4.003,2.002,2.002,2.002,73596,0.00125,16.5
2026-08-22 11:30,POL,POL,0.11415,7.008,3.504,3.504,3.504,26884,0.00125,19.51
2026-08-22 11:30,RENDER,RENDER,1.5018,5.327,2.663,3.329,4.661,14859,0.006408,32.27
2026-08-22 11:30,DOGE,DOGE,0.0916935,0.109,1.145,1.254,1.799,16377,0.00125,14.79
2026-08-22 11:30,SHIB,kSHIB,0.005583,3.582,1.791,3.582,5.373,191026,0.00125,16.08
2026-08-22 11:30,PEPE,kPEPE,0.0040975000000000004,2.441,1.22,1.22,1.22,436291,0.005729,27.48
2026-08-22 11:30,WIF,WIF,0.20477499999999998,4.395,2.686,3.663,3.663,52282,0.00125,17.87
2026-08-22 11:30,BONK,kBONK,0.003317,6.03,3.015,3.015,3.015,133277,0.003307,24.29
2026-08-22 11:30,TRUMP,TRUMP,2.5868,3.866,1.933,1.933,1.933,130408,0.000152,13.29
2026-08-22 11:35,BTC,BTC,77216.5,0.13,0.065,0.065,0.065,3428302,0.00125,12.63
2026-08-22 11:35,ETH,ETH,2423.75,0.413,0.206,0.206,0.206,8735384,0.00125,12.91
2026-08-22 11:35,SOL,SOL,94.3455,0.106,0.053,0.053,0.053,446569,0.00125,12.61
2026-08-22 11:35,XRP,XRP,1.52055,0.658,0.329,0.329,0.329,613299,0.004904,23.39
2026-08-22 11:35,AVAX,AVAX,7.5775500000000005,0.132,0.066,0.066,0.066,36188,0.00125,12.63
2026-08-22 11:35,LINK,LINK,11.686499999999999,0.856,2.139,2.139,2.139,180997,0.006538,31.59
2026-08-22 11:35,LTC,LTC,51.8525,0.193,0.096,0.096,0.675,36982,0.003025,17.66
2026-08-22 11:35,ADA,ADA,0.227045,1.321,1.101,1.542,1.982,57173,0.00125,14.7
2026-08-22 11:35,DOT,DOT,0.930415,0.107,0.914,0.914,0.914,20179,0.00125,14.33
2026-08-22 11:35,UNI,UNI,4.1924,0.477,0.239,0.716,0.716,55760,0.00125,12.98
2026-08-22 11:35,AAVE,AAVE,125.105,2.398,1.199,1.998,2.798,130187,0.008216,34.4
2026-08-22 11:35,ARB,ARB,0.099755,3.007,1.504,1.504,2.506,77603,0.00125,15.51
2026-08-22 11:35,POL,POL,0.113095,2.653,1.326,2.211,3.979,20944,0.00125,15.15
2026-08-22 11:35,RENDER,RENDER,1.4987,1.334,1.334,2.002,3.336,16817,0.006287,29.27
2026-08-22 11:35,DOGE,DOGE,0.091714,0.218,0.109,0.109,0.109,90390,0.00125,12.72
2026-08-22 11:35,SHIB,kSHIB,0.005582500000000001,1.791,2.687,2.687,4.478,181089,0.00125,17.87
2026-08-22 11:35,PEPE,kPEPE,0.004109,4.867,2.434,2.434,2.434,479617,0.005916,30.43
2026-08-22 11:35,WIF,WIF,0.20416,1.959,0.98,1.959,2.939,36265,0.00125,14.46
2026-08-22 11:35,BONK,kBONK,0.0033235,3.009,1.504,1.504,1.504,142012,0.002945,20.25
2026-08-22 11:35,TRUMP,TRUMP,2.60135,0.384,9.418,9.418,9.418,96609,0.001007,30.65
2026-08-22 11:40,BTC,BTC,77195.5,0.13,0.065,0.065,0.065,4160603,0.00125,12.63
2026-08-22 11:40,ETH,ETH,2421.95,0.413,0.619,0.619,0.619,7934768,0.00125,13.74
2026-08-22 11:40,SOL,SOL,94.2485,0.106,0.053,0.053,0.053,123201,0.00125,12.61
2026-08-22 11:40,XRP,XRP,1.51295,0.661,2.974,5.618,5.618,485903,0.004887,28.63
2026-08-22 11:40,AVAX,AVAX,7.55885,1.455,0.728,1.389,1.389,61987,0.00125,13.96
2026-08-22 11:40,LINK,LINK,11.652000000000001,1.716,0.858,1.716,1.716,180117,0.00672,29.53
2026-08-22 11:40,LTC,LTC,51.8965,0.193,0.096,0.096,2.409,29739,0.003105,17.89
2026-08-22 11:40,ADA,ADA,0.226835,3.086,1.543,1.543,1.984,150763,0.001598,16.56
2026-08-22 11:40,DOT,DOT,0.9283950000000001,2.047,1.023,1.131,1.131,26830,0.00125,14.55
2026-08-22 11:40,UNI,UNI,4.18535,0.239,0.119,2.031,2.031,54044,0.00125,12.74
2026-08-22 11:40,AAVE,AAVE,124.765,2.405,1.202,1.202,1.202,255844,0.008168,34.27
2026-08-22 11:40,ARB,ARB,0.099445,3.017,1.508,1.508,3.52,71353,0.00125,15.52
2026-08-22 11:40,POL,POL,0.11318,3.534,2.651,5.301,7.068,21067,0.00125,17.8
2026-08-22 11:40,RENDER,RENDER,1.4988000000000001,6.672,6.005,6.672,6.672,26856,0.006405,38.94
2026-08-22 11:40,DOGE,DOGE,0.0912905,0.11,1.26,1.369,1.369,79433,0.00125,15.02
2026-08-22 11:40,SHIB,kSHIB,0.0055805,1.792,2.688,2.688,2.688,294574,0.00125,17.88
2026-08-22 11:40,PEPE,kPEPE,0.004119,4.856,2.428,2.428,2.428,511061,0.005828,30.17
2026-08-22 11:40,WIF,WIF,0.20309,15.757,7.878,8.371,8.371,63381,0.00125,28.26
2026-08-22 11:40,BONK,kBONK,0.0033035,9.081,4.541,4.541,7.568,159294,0.002635,25.46
2026-08-22 11:40,TRUMP,TRUMP,2.5745,10.876,5.438,5.438,5.438,123065,0.00125,23.38
2026-08-22 11:45,BTC,BTC,77105.5,0.13,0.065,0.065,0.065,3379629,0.00125,12.63
2026-08-22 11:45,ETH,ETH,2420.25,0.413,0.207,0.207,0.207,8104392,0.00125,12.91
2026-08-22 11:45,SOL,SOL,94.0865,0.106,0.053,0.053,0.053,389403,0.00125,12.61
2026-08-22 11:45,XRP,XRP,1.50505,0.664,0.332,0.332,0.332,646887,0.004591,22.52
2026-08-22 11:45,AVAX,AVAX,7.5509,0.265,0.795,1.324,1.987,46537,0.00125,14.09
2026-08-22 11:45,LINK,LINK,11.6705,0.857,2.142,2.142,3.856,175288,0.00692,32.66
2026-08-22 11:45,LTC,LTC,51.810500000000005,0.193,0.483,0.483,1.834,23549,0.003181,18.87
2026-08-22 11:45,ADA,ADA,0.226545,0.441,2.869,2.869,2.869,110269,0.001914,20.1
2026-08-22 11:45,DOT,DOT,0.92779,1.509,0.754,0.862,1.293,9795,0.00125,14.01
2026-08-22 11:45,UNI,UNI,4.2088,0.475,0.238,0.238,0.238,54379,0.00125,12.98
2026-08-22 11:45,AAVE,AAVE,124.255,5.634,4.426,5.231,6.036,77999,0.008355,41.25
2026-08-22 11:45,ARB,ARB,0.09928999999999999,2.014,1.007,2.014,2.014,56136,0.00125,14.51
2026-08-22 11:45,POL,POL,0.11438999999999999,3.497,1.748,1.748,3.497,29062,0.00125,16.0
2026-08-22 11:45,RENDER,RENDER,1.49965,2.0,1.667,2.334,2.334,25395,0.006569,30.73
2026-08-22 11:45,DOGE,DOGE,0.0911045,0.768,1.592,2.689,3.787,38798,0.00125,15.68
2026-08-22 11:45,SHIB,kSHIB,0.00557,3.591,1.795,1.795,1.795,189870,0.00125,16.09
2026-08-22 11:45,PEPE,kPEPE,0.0040915,2.444,3.666,3.666,3.666,436807,0.005708,32.31
2026-08-22 11:45,WIF,WIF,0.20278000000000002,1.973,1.973,1.973,3.452,47437,0.00125,16.45
2026-08-22 11:45,BONK,kBONK,0.0032985,3.032,1.516,1.516,4.548,166605,0.002257,18.35
2026-08-22 11:45,TRUMP,TRUMP,2.564,3.9,1.95,1.95,1.95,121980,0.00125,16.4
2026-08-22 11:50,BTC,BTC,77026.5,0.13,0.065,0.065,0.065,4670940,0.00125,12.63
2026-08-22 11:50,ETH,ETH,2420.25,0.413,0.207,0.207,0.207,8946543,0.00125,12.91
2026-08-22 11:50,SOL,SOL,93.9365,0.106,0.053,0.053,0.053,234821,0.00125,12.61
2026-08-22 11:50,XRP,XRP,1.5008499999999998,0.666,0.333,0.333,0.333,727300,0.004322,21.77
2026-08-22 11:50,AVAX,AVAX,7.52195,0.133,0.864,0.864,1.529,26574,0.00125,14.23
2026-08-22 11:50,LINK,LINK,11.6205,0.861,0.43,0.43,0.43,167472,0.006873,29.11
2026-08-22 11:50,LTC,LTC,51.7145,0.193,0.097,0.097,0.097,31745,0.003114,17.91
2026-08-22 11:50,ADA,ADA,0.225505,0.443,3.769,3.769,3.769,107562,0.001931,21.94
2026-08-22 11:50,DOT,DOT,0.9258649999999999,0.108,2.322,2.97,3.402,11993,0.00125,17.14
2026-08-22 11:50,UNI,UNI,4.1742,1.917,0.958,0.958,1.677,55755,0.00125,14.42
2026-08-22 11:50,AAVE,AAVE,123.005,0.813,2.845,3.658,4.471,116617,0.008174,37.58
2026-08-22 11:50,ARB,ARB,0.0989,2.022,1.011,1.011,3.033,60753,0.00125,14.52
2026-08-22 11:50,POL,POL,0.11344499999999999,0.881,0.441,1.322,4.848,20875,0.00125,13.38
2026-08-22 11:50,RENDER,RENDER,1.494,1.339,0.669,2.008,2.677,28087,0.006662,28.99
2026-08-22 11:50,DOGE,DOGE,0.0907135,1.213,0.606,0.606,1.157,161982,0.00125,13.71
2026-08-22 11:50,SHIB,kSHIB,0.0055405,5.415,2.707,2.707,2.707,198341,0.00125,17.91
2026-08-22 11:50,PEPE,kPEPE,0.00407,4.914,2.457,2.457,2.457,390752,0.005526,29.39
2026-08-22 11:50,WIF,WIF,0.20207,2.969,3.959,4.454,5.444,35153,0.00125,20.42
2026-08-22 11:50,BONK,kBONK,0.003277,6.103,3.052,3.052,3.052,157007,0.001876,20.36
2026-08-22 11:50,TRUMP,TRUMP,2.5116500000000004,5.176,2.588,2.588,2.588,151087,0.00125,17.68
2026-08-22 11:55,BTC,BTC,76967.5,0.13,0.065,0.065,0.065,5377224,0.00125,12.63
2026-08-22 11:55,ETH,ETH,2418.95,2.894,1.447,1.447,1.447,3422561,0.00125,15.39
2026-08-22 11:55,SOL,SOL,93.787,1.066,0.533,0.64,0.64,200233,0.00125,13.57
2026-08-22 11:55,XRP,XRP,1.49675,0.668,0.334,0.334,0.334,432685,0.004006,20.89
2026-08-22 11:55,AVAX,AVAX,7.5257000000000005,2.392,1.196,1.462,1.86,43727,0.00125,14.89
2026-08-22 11:55,LINK,LINK,11.607,1.723,3.446,4.308,4.308,118310,0.006795,34.92
2026-08-22 11:55,LTC,LTC,51.7195,1.353,0.677,0.87,1.45,33989,0.003013,18.79
2026-08-22 11:55,ADA,ADA,0.22591,1.771,0.885,1.328,2.213,113977,0.001962,16.26
2026-08-22 11:55,DOT,DOT,0.92386,1.515,0.758,0.866,0.866,29434,0.00125,14.02
2026-08-22 11:55,UNI,UNI,4.1848,2.39,1.195,1.195,1.195,48351,0.00125,14.89
2026-08-22 11:55,AAVE,AAVE,123.10499999999999,4.062,2.031,2.031,3.655,124152,0.008042,35.58
2026-08-22 11:55,ARB,ARB,0.099025,3.03,1.515,1.515,2.525,105626,0.00125,15.53
2026-08-22 11:55,POL,POL,0.113205,2.65,3.092,4.858,5.742,24507,0.00125,18.68
2026-08-22 11:55,RENDER,RENDER,1.49505,2.007,1.672,1.672,5.685,26657,0.006774,31.31
2026-08-22 11:55,DOGE,DOGE,0.0906225,0.11,0.055,0.055,0.055,116974,0.00125,12.61
2026-08-22 11:55,SHIB,kSHIB,0.005554,3.601,1.801,3.601,5.402,273734,0.00125,16.1
2026-08-22 11:55,PEPE,kPEPE,0.004092999999999999,14.659,7.33,7.33,7.33,413619,0.005531,39.15
2026-08-22 11:55,WIF,WIF,0.20257,3.949,1.975,5.43,5.43,63332,0.00125,16.45
2026-08-22 11:55,BONK,kBONK,0.0032855000000000002,9.131,7.609,7.609,7.609,129290,0.001631,28.79
2026-08-22 11:55,TRUMP,TRUMP,2.48245,0.403,8.258,9.064,11.078,164668,0.00125,29.02
2026-08-22 12:00,BTC,BTC,77062.5,0.13,0.065,0.065,0.065,6404484,0.00125,12.63
2026-08-22 12:00,ETH,ETH,2420.3500000000004,0.413,0.207,0.207,0.207,6945402,0.00125,12.91
2026-08-22 12:00,SOL,SOL,93.9055,0.106,0.053,0.053,0.053,274333,0.00125,12.61
2026-08-22 12:00,XRP,XRP,1.4987499999999998,0.667,0.334,0.334,0.334,703447,0.00125,13.17
2026-08-22 12:00,AVAX,AVAX,7.5283,1.328,0.664,0.797,0.797,58539,0.00125,13.83
2026-08-22 12:00,LINK,LINK,11.6105,2.584,1.292,1.292,1.292,169144,0.004806,25.04
2026-08-22 12:00,LTC,LTC,51.6845,0.193,0.097,0.097,0.097,41425,0.00125,12.69
2026-08-22 12:00,ADA,ADA,0.22569,3.545,1.772,2.215,2.215,183121,0.00125,16.04
2026-08-22 12:00,DOT,DOT,0.926365,0.108,0.054,0.054,0.054,26837,0.00125,12.61
2026-08-22 12:00,UNI,UNI,4.1734,2.875,1.438,1.438,1.677,35658,0.001747,16.77
2026-08-22 12:00,AAVE,AAVE,122.58,3.263,1.632,1.632,2.447,98475,0.005663,28.12
2026-08-22 12:00,ARB,ARB,0.09899,4.041,2.02,2.02,2.02,56932,0.00125,16.54
2026-08-22 12:00,POL,POL,0.11243500000000001,4.447,2.224,3.113,4.002,18576,0.00125,16.95
2026-08-22 12:00,RENDER,RENDER,1.4941499999999999,0.669,0.335,1.673,2.342,18142,0.006218,27.08
2026-08-22 12:00,DOGE,DOGE,0.0907705,0.11,0.496,0.606,0.716,96922,0.00125,13.49
2026-08-22 12:00,SHIB,kSHIB,0.0055525,1.801,0.9,2.701,2.701,207785,0.00125,14.3
2026-08-22 12:00,PEPE,kPEPE,0.0040795,2.451,3.677,3.677,3.677,406621,0.00125,19.85
2026-08-22 12:00,WIF,WIF,0.202385,2.471,1.729,1.729,3.706,40570,0.00125,15.96
2026-08-22 12:00,BONK,kBONK,0.0032705,3.058,1.529,4.586,4.586,182031,0.00125,15.56
2026-08-22 12:00,TRUMP,TRUMP,2.5020499999999997,0.4,2.198,2.198,2.198,160680,0.00125,16.9
2026-08-22 12:05,BTC,BTC,76923.5,0.13,0.065,0.065,0.065,5609114,0.00125,12.63
2026-08-22 12:05,ETH,ETH,2412.25,0.415,0.207,0.207,0.207,5621040,0.00125,12.91
2026-08-22 12:05,SOL,SOL,93.1305,0.107,0.054,0.054,0.054,523945,0.00125,12.61
2026-08-22 12:05,XRP,XRP,1.4735,1.357,0.679,0.679,0.679,1097125,0.00125,13.86
2026-08-22 12:05,AVAX,AVAX,7.4671,0.536,1.071,1.875,2.544,49725,0.00125,14.64
2026-08-22 12:05,LINK,LINK,11.5205,0.868,1.302,2.17,2.17,169772,0.005665,27.47
2026-08-22 12:05,LTC,LTC,51.3905,0.195,1.07,1.265,2.238,45777,0.002065,16.92
2026-08-22 12:05,ADA,ADA,0.22228,1.8,3.149,3.149,4.049,99639,0.00125,18.8
2026-08-22 12:05,DOT,DOT,0.91777,1.961,0.981,1.09,1.09,42913,0.00125,14.46
2026-08-22 12:05,UNI,UNI,4.14725,1.688,0.844,0.844,0.844,70691,0.00185,15.87
2026-08-22 12:05,AAVE,AAVE,122.335,2.452,4.496,4.496,5.313,138054,0.006995,37.58
2026-08-22 12:05,ARB,ARB,0.09809000000000001,2.039,2.039,2.039,3.058,107362,0.00125,16.58
2026-08-22 12:05,POL,POL,0.110915,2.705,2.254,6.762,6.762,21633,0.00125,17.01
2026-08-22 12:05,RENDER,RENDER,1.4817,2.7,2.7,2.7,6.074,16721,0.005754,30.51
2026-08-22 12:05,DOGE,DOGE,0.08983,1.113,2.783,2.783,2.783,198303,0.00125,18.07
2026-08-22 12:05,SHIB,kSHIB,0.005489,3.644,1.822,3.644,3.644,203228,0.002055,18.4
2026-08-22 12:05,PEPE,kPEPE,0.0040245,2.485,1.242,3.727,3.727,473789,0.003474,21.21
2026-08-22 12:05,WIF,WIF,0.199775,8.51,4.255,4.755,8.259,68306,0.00125,21.01
2026-08-22 12:05,BONK,kBONK,0.0032155,3.11,1.555,1.555,4.665,152637,0.00125,15.61
2026-08-22 12:05,TRUMP,TRUMP,2.49675,4.406,2.203,2.203,2.203,154629,0.00125,16.91
2026-08-22 12:10,BTC,BTC,76871.5,0.13,0.065,0.065,0.065,3674698,0.00125,12.63
2026-08-22 12:10,ETH,ETH,2409.3500000000004,0.415,0.208,0.208,0.208,7175470,0.00125,12.92
2026-08-22 12:10,SOL,SOL,92.8425,0.108,0.054,0.054,0.054,614734,0.00125,12.61
2026-08-22 12:10,XRP,XRP,1.4705499999999998,0.68,0.34,0.34,0.34,1113531,0.00125,13.18
2026-08-22 12:10,AVAX,AVAX,7.45075,0.134,0.067,0.47,1.543,24635,0.00125,12.63
2026-08-22 12:10,LINK,LINK,11.5125,0.869,0.434,1.303,2.172,111200,0.005243,24.55
2026-08-22 12:10,LTC,LTC,51.2765,0.195,0.098,0.098,0.098,42862,0.002055,14.95
2026-08-22 12:10,ADA,ADA,0.221495,0.451,2.935,2.935,2.935,69817,0.00125,18.37
2026-08-22 12:10,DOT,DOT,0.9172549999999999,0.109,1.69,1.69,3.107,28468,0.00125,15.88
2026-08-22 12:10,UNI,UNI,4.14175,1.207,0.604,0.604,0.604,49747,0.001794,15.23
2026-08-22 12:10,AAVE,AAVE,121.845,0.821,2.873,6.976,7.797,109423,0.006257,32.27
2026-08-22 12:10,ARB,ARB,0.097925,3.064,3.574,4.595,5.617,71140,0.00125,19.65
2026-08-22 12:10,POL,POL,0.105135,2.853,16.645,16.645,17.596,43618,0.00125,45.79
2026-08-22 12:10,RENDER,RENDER,1.4781499999999999,2.03,3.044,3.721,5.074,17614,0.005688,31.02
2026-08-22 12:10,DOGE,DOGE,0.08971499999999999,2.006,1.003,1.115,1.115,180634,0.00125,14.51
2026-08-22 12:10,SHIB,kSHIB,0.005464,3.66,1.83,3.66,3.66,199085,0.00125,16.16
2026-08-22 12:10,PEPE,kPEPE,0.0040095,2.494,1.247,1.247,1.247,467225,0.002524,18.56
2026-08-22 12:10,WIF,WIF,0.19871,3.019,5.536,5.536,5.536,40646,0.00125,23.57
2026-08-22 12:10,BONK,kBONK,0.00319,6.27,3.135,3.135,3.135,171925,0.00125,18.77
2026-08-22 12:10,TRUMP,TRUMP,2.4939,8.02,5.614,5.614,5.614,99408,0.00125,23.73
2026-08-22 12:15,BTC,BTC,76772.5,0.13,0.065,1.107,1.107,2073034,0.00125,12.63
2026-08-22 12:15,ETH,ETH,2403.45,1.248,1.872,2.288,2.704,5691613,0.00125,16.24
2026-08-22 12:15,SOL,SOL,92.3965,0.108,0.92,0.92,0.92,156659,0.00125,14.34
2026-08-22 12:15,XRP,XRP,1.4659499999999999,0.682,0.341,0.341,0.341,1028262,0.00125,13.18
2026-08-22 12:15,AVAX,AVAX,7.42785,3.096,1.548,1.683,2.221,47584,0.00125,15.6
2026-08-22 12:15,LINK,LINK,11.4785,0.871,2.178,2.178,3.049,380663,0.004895,27.06
2026-08-22 12:15,LTC,LTC,50.9775,0.196,1.471,2.06,2.06,45404,0.001814,17.02
2026-08-22 12:15,ADA,ADA,0.22134500000000001,2.259,1.129,1.129,1.581,133685,0.00125,14.76
2026-08-22 12:15,DOT,DOT,0.9119250000000001,2.084,1.042,1.042,2.577,25690,0.00125,14.58
2026-08-22 12:15,UNI,UNI,4.1213999999999995,5.338,2.669,2.669,2.669,54617,0.00179,19.35
2026-08-22 12:15,AAVE,AAVE,120.83500000000001,0.828,0.414,0.414,0.414,108911,0.005616,25.55
2026-08-22 12:15,ARB,ARB,0.09733,4.11,2.055,2.055,2.055,63418,0.00125,16.61
2026-08-22 12:15,POL,POL,0.104715,2.865,1.432,1.432,1.432,26321,0.00125,15.36
2026-08-22 12:15,RENDER,RENDER,1.4691,1.361,2.723,2.723,6.807,25093,0.005126,28.8
2026-08-22 12:15,DOGE,DOGE,0.08926049999999999,2.129,1.064,1.176,1.288,92542,0.00125,14.63
2026-08-22 12:15,SHIB,kSHIB,0.00545,3.67,1.835,3.67,5.505,193096,0.001377,16.53
2026-08-22 12:15,PEPE,kPEPE,0.003981,5.024,2.512,2.512,2.512,456027,0.001894,19.33
2026-08-22 12:15,WIF,WIF,0.19784000000000002,6.066,3.033,4.044,5.055,61553,0.00125,18.57
2026-08-22 12:15,BONK,kBONK,0.0031755000000000004,9.447,4.724,4.724,4.724,158365,0.00125,21.95
2026-08-22 12:15,TRUMP,TRUMP,2.4864,1.609,0.804,0.804,0.804,184470,0.00125,14.11
2026-08-22 12:20,BTC,BTC,76727.5,0.13,0.065,0.065,0.065,5864332,0.00125,12.63
2026-08-22 12:20,ETH,ETH,2398.55,0.417,0.208,0.208,0.208,8048158,0.00125,12.92
2026-08-22 12:20,SOL,SOL,91.9485,0.109,0.054,0.054,0.054,239439,0.00125,12.61
2026-08-22 12:20,XRP,XRP,1.45965,0.685,0.343,0.343,0.343,1312351,0.00125,13.19
2026-08-22 12:20,AVAX,AVAX,7.4148499999999995,1.484,0.742,0.742,0.742,27308,0.00125,13.98
2026-08-22 12:20,LINK,LINK,11.4775,0.871,0.436,0.436,0.436,204916,0.005279,24.65
2026-08-22 12:20,LTC,LTC,50.835499999999996,0.197,0.098,0.098,0.098,49439,0.002038,14.9
2026-08-22 12:20,ADA,ADA,0.2202,5.45,2.725,3.179,3.179,164201,0.00125,17.95
2026-08-22 12:20,DOT,DOT,0.909375,2.969,1.485,1.595,1.595,35987,0.00125,15.47
2026-08-22 12:20,UNI,UNI,4.0966000000000005,0.976,0.488,1.465,1.953,47993,0.001733,14.83
2026-08-22 12:20,AAVE,AAVE,120.37,1.662,1.662,1.662,1.662,274281,0.005301,27.17
2026-08-22 12:20,ARB,ARB,0.097135,5.147,2.574,3.603,3.603,84415,0.00125,17.65
2026-08-22 12:20,POL,POL,0.104435,6.703,5.266,6.224,6.224,19871,0.00125,23.03
2026-08-22 12:20,RENDER,RENDER,1.4665,2.728,1.364,2.046,2.046,18249,0.004878,25.39
2026-08-22 12:20,DOGE,DOGE,0.088864,0.675,0.338,0.45,0.45,132987,0.00125,13.18
2026-08-22 12:20,SHIB,kSHIB,0.0054155,5.54,4.616,4.616,6.463,197977,0.001333,21.97
2026-08-22 12:20,PEPE,kPEPE,0.003957499999999999,2.527,3.79,3.79,3.79,418832,0.001692,21.32
2026-08-22 12:20,WIF,WIF,0.19688,2.032,1.524,4.063,4.063,39573,0.00125,15.55
2026-08-22 12:20,BONK,kBONK,0.0031275,3.197,1.599,1.599,1.599,163114,0.00125,15.7
2026-08-22 12:20,TRUMP,TRUMP,2.4814,13.702,6.851,6.851,6.851,172302,0.00125,26.2
2026-08-22 12:25,BTC,BTC,76631.5,0.13,0.065,0.065,0.065,5775418,0.00125,12.63
2026-08-22 12:25,ETH,ETH,2395.8500000000004,0.417,0.209,0.209,0.209,5956943,0.00125,12.92
2026-08-22 12:25,SOL,SOL,91.64099999999999,0.436,0.218,0.218,0.218,179289,0.00125,12.94
2026-08-22 12:25,XRP,XRP,1.4383499999999998,0.695,0.348,0.348,0.348,603156,0.00125,13.2
2026-08-22 12:25,AVAX,AVAX,7.37385,0.136,0.068,0.746,0.746,31944,0.00125,12.64
2026-08-22 12:25,LINK,LINK,11.3855,0.878,2.196,2.196,2.196,199956,0.005264,28.13
2026-08-22 12:25,LTC,LTC,50.581500000000005,0.198,0.099,0.099,0.494,39326,0.001903,14.53
2026-08-22 12:25,ADA,ADA,0.218505,0.458,0.229,0.229,0.229,111816,0.00125,12.96
2026-08-22 12:25,DOT,DOT,0.901215,2.108,1.054,1.054,1.054,27006,0.00125,14.61
2026-08-22 12:25,UNI,UNI,4.0443999999999996,3.462,1.731,1.731,1.978,61111,0.00125,15.96
2026-08-22 12:25,AAVE,AAVE,119.185,0.839,0.42,0.42,0.42,124169,0.00473,23.08
2026-08-22 12:25,ARB,ARB,0.09612000000000001,4.161,3.121,3.121,4.161,54828,0.00125,18.74
2026-08-22 12:25,POL,POL,0.103515,6.762,3.381,4.347,4.347,18619,0.00125,19.26
2026-08-22 12:25,RENDER,RENDER,1.45405,2.063,1.032,1.032,1.032,33633,0.004276,23.04
2026-08-22 12:25,DOGE,DOGE,0.0880385,0.114,1.988,1.988,1.988,142550,0.00125,16.48
2026-08-22 12:25,SHIB,kSHIB,0.005373,3.722,1.861,3.722,3.722,194927,0.00125,16.22
2026-08-22 12:25,PEPE,kPEPE,0.0039045,2.561,6.403,6.403,6.403,406758,0.001509,26.03
2026-08-22 12:25,WIF,WIF,0.19478,5.134,3.08,4.621,6.674,10879,0.00125,18.66
2026-08-22 12:25,BONK,kBONK,0.0030935,3.233,1.616,1.616,1.616,143326,0.00125,15.73
2026-08-22 12:25,TRUMP,TRUMP,2.42515,0.412,0.206,0.206,0.206,148876,0.00125,12.91
2026-08-22 12:30,BTC,BTC,76893.5,0.13,0.065,0.065,0.065,4881710,0.00125,12.63
2026-08-22 12:30,ETH,ETH,2405.95,0.416,0.208,0.208,0.208,8879808,0.00125,12.92
2026-08-22 12:30,SOL,SOL,92.3475,0.108,0.054,0.054,0.054,345995,0.00125,12.61
2026-08-22 12:30,XRP,XRP,1.47105,0.68,0.34,0.34,0.34,847430,0.00125,13.18
2026-08-22 12:30,AVAX,AVAX,7.44325,2.015,1.008,1.545,2.351,20946,0.00125,14.52
2026-08-22 12:30,LINK,LINK,11.4465,0.874,3.931,3.931,4.805,186307,0.005382,31.93
2026-08-22 12:30,LTC,LTC,50.947500000000005,0.981,2.846,2.846,4.024,1467396,0.002021,20.35
2026-08-22 12:30,ADA,ADA,0.220965,0.453,2.037,2.037,2.942,145599,0.00125,16.57
2026-08-22 12:30,DOT,DOT,0.9079349999999999,0.11,1.597,1.597,1.597,43799,0.00125,15.69
2026-08-22 12:30,UNI,UNI,4.074999999999999,0.982,0.491,1.963,1.963,44561,0.001341,13.74
2026-08-22 12:30,AAVE,AAVE,119.94999999999999,1.667,0.834,0.834,0.834,116104,0.005035,24.77
2026-08-22 12:30,ARB,ARB,0.097095,3.09,1.545,1.545,1.545,78739,0.00125,15.59
2026-08-22 12:30,POL,POL,0.104635,8.601,8.123,8.123,8.123,24523,0.00125,28.75
2026-08-22 12:30,RENDER,RENDER,1.4684499999999998,3.405,1.702,1.702,1.702,30168,0.003897,23.32
2026-08-22 12:30,DOGE,DOGE,0.089083,0.674,0.337,0.337,0.337,189159,0.00125,13.17
2026-08-22 12:30,SHIB,kSHIB,0.0054335,1.84,0.92,2.761,2.761,189151,0.001366,14.66
2026-08-22 12:30,PEPE,kPEPE,0.003962,5.048,2.524,2.524,2.524,583391,0.002072,19.85
2026-08-22 12:30,WIF,WIF,0.197285,5.576,5.829,5.829,7.35,27025,0.00125,24.16
2026-08-22 12:30,BONK,kBONK,0.0031325,3.192,1.596,1.596,4.789,152386,0.00125,15.69
2026-08-22 12:30,TRUMP,TRUMP,2.5289,8.699,4.35,4.35,4.35,155893,0.00125,21.2
2026-08-22 12:35,BTC,BTC,77005.5,0.13,0.065,0.065,0.065,2939008,0.00125,12.63
2026-08-22 12:35,ETH,ETH,2408.45,0.415,0.208,0.208,0.208,6901888,0.00125,12.92
2026-08-22 12:35,SOL,SOL,92.85849999999999,0.108,0.054,0.054,0.054,155099,0.00125,12.61
2026-08-22 12:35,XRP,XRP,1.4869500000000002,0.673,0.336,1.009,1.009,728022,0.00125,13.17
2026-08-22 12:35,AVAX,AVAX,7.5069,2.398,1.332,1.332,1.332,39343,0.00125,15.16
2026-08-22 12:35,LINK,LINK,11.5045,0.869,3.042,4.781,4.781,174063,0.005634,30.86
2026-08-22 12:35,LTC,LTC,51.0245,0.196,0.098,0.098,0.098,1072210,0.002009,14.82
2026-08-22 12:35,ADA,ADA,0.222695,2.245,1.123,1.123,1.123,143943,0.00125,14.75
2026-08-22 12:35,DOT,DOT,0.9153549999999999,1.202,1.147,1.147,1.256,46967,0.00125,14.79
2026-08-22 12:35,UNI,UNI,4.0988500000000005,0.732,0.366,0.366,1.342,70729,0.00159,14.18
2026-08-22 12:35,AAVE,AAVE,120.895,2.481,1.241,1.241,1.241,149854,0.00559,27.13
2026-08-22 12:35,ARB,ARB,0.097475,1.026,2.565,3.591,3.591,139536,0.00125,17.63
2026-08-22 12:35,POL,POL,0.107055,2.802,5.138,7.006,7.94,24500,0.00125,22.78
2026-08-22 12:35,RENDER,RENDER,1.4776,5.414,2.707,3.384,3.384,25261,0.004033,25.71
2026-08-22 12:35,DOGE,DOGE,0.0898575,0.779,0.39,0.501,0.612,99311,0.00125,13.28
2026-08-22 12:35,SHIB,kSHIB,0.005485,3.646,1.823,1.823,3.646,185260,0.001494,16.83
2026-08-22 12:35,PEPE,kPEPE,0.004011,4.986,2.493,2.493,2.493,604334,0.002729,21.63
2026-08-22 12:35,WIF,WIF,0.19954,5.012,3.508,4.009,6.014,11919,0.00125,19.52
2026-08-22 12:35,BONK,kBONK,0.0031595,3.165,1.583,1.583,4.748,150775,0.00125,15.67
2026-08-22 12:35,TRUMP,TRUMP,2.6061,4.605,2.302,2.302,2.302,144646,0.00125,17.1
2026-08-22 12:40,BTC,BTC,77159.5,0.13,0.065,0.065,0.065,4757630,0.00125,12.63
2026-08-22 12:40,ETH,ETH,2412.7,0.829,0.414,0.414,0.414,6385589,0.00125,13.33
2026-08-22 12:40,SOL,SOL,93.3185,0.107,0.161,0.161,1.232,98582,0.00125,12.82
2026-08-22 12:40,XRP,XRP,1.49715,0.668,0.334,0.334,0.334,407947,0.00125,13.17
2026-08-22 12:40,AVAX,AVAX,7.5451999999999995,1.59,0.795,1.723,2.121,29986,0.00125,14.09
2026-08-22 12:40,LINK,LINK,11.526,1.735,0.868,1.735,1.735,176473,0.005809,27.0
2026-08-22 12:40,LTC,LTC,51.2745,0.195,0.098,0.098,2.438,20350,0.00125,12.7
2026-08-22 12:40,ADA,ADA,0.223865,0.447,0.223,0.223,0.67,113643,0.00125,12.95
2026-08-22 12:40,DOT,DOT,0.921605,0.109,1.79,1.79,2.658,19144,0.00125,16.08
2026-08-22 12:40,UNI,UNI,4.12085,0.243,0.121,1.577,1.577,59141,0.001834,14.38
2026-08-22 12:40,AAVE,AAVE,121.775,0.821,0.411,3.695,4.517,133721,0.005894,26.33
2026-08-22 12:40,ARB,ARB,0.098185,1.018,0.509,3.565,3.565,67474,0.00125,13.52
2026-08-22 12:40,POL,POL,0.109075,4.584,5.959,5.959,5.959,25055,0.00125,24.42
2026-08-22 12:40,RENDER,RENDER,1.4844499999999998,2.021,2.358,4.379,5.726,21037,0.003993,24.9
2026-08-22 12:40,DOGE,DOGE,0.090247,0.222,1.662,1.662,1.662,142448,0.00125,15.82
2026-08-22 12:40,SHIB,kSHIB,0.005499,3.637,3.637,3.637,7.274,172362,0.001719,21.09
2026-08-22 12:40,PEPE,kPEPE,0.0040225,2.486,1.243,3.729,3.729,721576,0.003326,20.8
2026-08-22 12:40,WIF,WIF,0.201125,0.497,5.221,12.181,13.673,42978,0.00125,22.94
2026-08-22 12:40,BONK,kBONK,0.0031895,3.135,1.568,1.568,1.568,135858,0.00125,15.64
2026-08-22 12:40,TRUMP,TRUMP,2.69825,0.371,6.486,6.486,13.157,126769,0.00125,25.47
2026-08-22 12:45,BTC,BTC,77206.5,0.13,0.065,0.065,0.065,9512230,0.00125,12.63
2026-08-22 12:45,ETH,ETH,2417.1499999999996,0.414,0.207,0.207,0.207,7295201,0.00125,12.91
2026-08-22 12:45,SOL,SOL,93.2625,0.107,0.054,0.054,0.054,732384,0.00125,12.61
2026-08-22 12:45,XRP,XRP,1.4997,1.334,0.667,0.667,0.667,737712,0.001573,14.74
2026-08-22 12:45,AVAX,AVAX,7.523,4.254,2.127,2.127,2.127,29262,0.00125,16.75
2026-08-22 12:45,LINK,LINK,11.5595,0.865,0.433,0.433,0.433,112382,0.00604,26.78
2026-08-22 12:45,LTC,LTC,51.299,1.949,0.975,0.975,0.975,35513,0.00125,14.45
2026-08-22 12:45,ADA,ADA,0.22338,1.791,0.895,0.895,0.895,137176,0.00125,14.29
2026-08-22 12:45,DOT,DOT,0.921485,0.76,0.38,0.488,1.139,23640,0.00125,13.26
2026-08-22 12:45,UNI,UNI,4.1067,1.948,0.974,0.974,0.974,56772,0.002119,16.88
2026-08-22 12:45,AAVE,AAVE,121.82499999999999,0.821,0.41,2.052,2.052,145599,0.006423,27.8
2026-08-22 12:45,ARB,ARB,0.09820999999999999,2.036,1.018,2.036,2.036,51740,0.00125,14.54
2026-08-22 12:45,POL,POL,0.10885,3.675,5.512,5.512,7.35,24357,0.00125,23.52
2026-08-22 12:45,RENDER,RENDER,1.4838,4.044,4.044,4.718,4.718,16033,0.004067,28.48
2026-08-22 12:45,DOGE,DOGE,0.0903275,0.775,1.384,1.716,1.937,78541,0.00125,15.27
2026-08-22 12:45,SHIB,kSHIB,0.005507,3.632,1.816,3.632,3.632,187145,0.001829,17.75
2026-08-22 12:45,PEPE,kPEPE,0.0040245,2.485,1.242,1.242,1.242,462845,0.003837,22.23
2026-08-22 12:45,WIF,WIF,0.201265,2.484,2.236,5.217,6.708,35451,0.00125,16.97
2026-08-22 12:45,BONK,kBONK,0.0031765,3.148,1.574,1.574,1.574,143092,0.00125,15.65
2026-08-22 12:45,TRUMP,TRUMP,2.6766,7.472,3.736,3.736,3.736,67550,0.00125,19.97
2026-08-22 12:50,BTC,BTC,77104.5,0.13,0.065,0.065,0.065,4153074,0.00125,12.63
2026-08-22 12:50,ETH,ETH,2413.45,0.414,0.207,0.207,0.207,7502660,0.00125,12.91
2026-08-22 12:50,SOL,SOL,93.1815,0.107,0.054,0.054,0.054,395464,0.00125,12.61
2026-08-22 12:50,XRP,XRP,1.4917500000000001,0.67,0.335,0.335,0.335,513207,0.001803,14.72
2026-08-22 12:50,AVAX,AVAX,7.52685,0.133,0.066,0.332,0.332,30199,0.00125,12.63
2026-08-22 12:50,LINK,LINK,11.569500000000001,0.864,0.432,0.432,0.432,395823,0.006133,27.04
2026-08-22 12:50,LTC,LTC,51.2445,0.195,0.098,0.098,0.098,35223,0.00125,12.7
2026-08-22 12:50,ADA,ADA,0.22295500000000001,1.346,1.121,1.57,1.57,114835,0.00125,14.74
2026-08-22 12:50,DOT,DOT,0.921975,0.108,1.247,1.464,2.223,19500,0.00125,14.99
2026-08-22 12:50,UNI,UNI,4.09605,2.197,1.099,1.343,1.831,74075,0.002029,16.88
2026-08-22 12:50,AAVE,AAVE,121.61500000000001,0.822,2.056,2.056,2.878,136669,0.006681,31.82
2026-08-22 12:50,ARB,ARB,0.097875,3.065,1.533,1.533,1.533,106325,0.00125,15.57
2026-08-22 12:50,POL,POL,0.10939,5.485,6.399,12.798,13.712,16704,0.00125,25.3
2026-08-22 12:50,RENDER,RENDER,1.4843,4.042,4.042,7.411,8.085,15589,0.003892,27.98
2026-08-22 12:50,DOGE,DOGE,0.0900855,0.111,0.056,0.056,0.056,76366,0.00125,12.61
2026-08-22 12:50,SHIB,kSHIB,0.005481,3.649,1.824,1.824,3.649,190131,0.001452,16.72
2026-08-22 12:50,PEPE,kPEPE,0.0040095,2.494,1.247,1.247,1.247,398884,0.004073,22.9
2026-08-22 12:50,WIF,WIF,0.20011,3.998,3.498,3.998,5.997,14530,0.00125,19.5
2026-08-22 12:50,BONK,kBONK,0.0031695,3.155,1.578,1.578,1.578,167990,0.00125,15.66
2026-08-22 12:50,TRUMP,TRUMP,2.68975,4.09,2.045,2.045,2.045,141334,0.00125,16.59
2026-08-22 12:55,BTC,BTC,76975.5,0.13,0.065,0.065,0.065,6364552,0.00125,12.63
2026-08-22 12:55,ETH,ETH,2410.45,0.415,0.207,0.207,0.207,9934086,0.00125,12.91
2026-08-22 12:55,SOL,SOL,92.8635,0.108,0.054,0.054,0.054,523276,0.00125,12.61
2026-08-22 12:55,XRP,XRP,1.4815,1.35,0.675,0.675,0.675,841025,0.001991,15.92
2026-08-22 12:55,AVAX,AVAX,7.4942,0.267,0.133,0.267,0.534,42747,0.00125,12.77
2026-08-22 12:55,LINK,LINK,11.523499999999999,0.868,0.434,0.434,0.434,225064,0.00634,27.62
2026-08-22 12:55,LTC,LTC,51.1245,0.196,2.836,4.597,4.597,72489,0.00125,18.17
2026-08-22 12:55,ADA,ADA,0.22146,3.612,1.806,1.806,1.806,111069,0.00125,16.11
2026-08-22 12:55,DOT,DOT,0.91796,1.743,0.871,0.98,1.198,27498,0.00125,14.24
2026-08-22 12:55,UNI,UNI,4.082599999999999,0.98,0.49,0.49,0.49,42715,0.00188,15.24
2026-08-22 12:55,AAVE,AAVE,121.055,0.826,0.413,0.413,0.413,194091,0.007056,29.58
2026-08-22 12:55,ARB,ARB,0.09734000000000001,4.109,2.055,2.055,2.055,39680,0.00125,16.61
2026-08-22 12:55,POL,POL,0.10969999999999999,10.939,5.469,5.469,5.469,22903,0.00125,23.44
2026-08-22 12:55,RENDER,RENDER,1.4798,1.352,2.703,6.758,7.433,19670,0.003566,24.39
2026-08-22 12:55,DOGE,DOGE,0.089536,1.117,0.558,0.558,0.558,103003,0.00125,13.62
2026-08-22 12:55,SHIB,kSHIB,0.0054459999999999995,3.672,1.836,3.672,5.509,179917,0.001326,16.39
2026-08-22 12:55,PEPE,kPEPE,0.0039895,2.507,1.253,1.253,1.253,463104,0.004252,23.41
2026-08-22 12:55,WIF,WIF,0.199545,4.51,3.759,3.759,4.26,59878,0.00125,20.02
2026-08-22 12:55,BONK,kBONK,0.0031505,3.174,1.587,4.761,4.761,172305,0.00125,15.67
2026-08-22 12:55,TRUMP,TRUMP,2.6829,5.964,2.982,2.982,2.982,100909,0.00125,18.46
2026-08-22 13:00,BTC,BTC,77018.5,0.13,0.065,0.065,0.065,10062752,0.00125,12.63
2026-08-22 13:00,ETH,ETH,2413.75,0.414,0.207,0.207,0.207,7557289,0.00125,12.91
2026-08-22 13:00,SOL,SOL,92.9925,0.108,0.054,0.054,0.054,343779,0.00125,12.61
2026-08-22 13:00,XRP,XRP,1.4899499999999999,0.671,0.336,0.336,0.336,580367,0.008598,33.75
2026-08-22 13:00,AVAX,AVAX,7.5123999999999995,1.597,0.799,0.799,0.799,20679,0.00125,14.1
2026-08-22 13:00,LINK,LINK,11.5515,0.866,0.433,0.433,0.433,194954,0.007977,32.2
2026-08-22 13:00,LTC,LTC,51.3585,0.195,0.097,0.097,0.097,79454,0.00125,12.69
2026-08-22 13:00,ADA,ADA,0.222895,0.449,0.224,0.224,0.673,146759,0.002488,16.42
2026-08-22 13:00,DOT,DOT,0.9199649999999999,0.109,1.25,2.337,3.533,23769,0.00125,15.0
2026-08-22 13:00,UNI,UNI,4.0935500000000005,0.733,0.366,0.855,0.855,54361,0.00125,13.23
2026-08-22 13:00,AAVE,AAVE,121.555,0.823,0.411,0.411,0.411,102022,0.012807,45.68
2026-08-22 13:00,ARB,ARB,0.09769,2.047,1.024,1.024,1.024,49902,0.00125,14.55
2026-08-22 13:00,POL,POL,0.11182,1.789,2.683,3.577,5.366,25243,0.011348,46.14
2026-08-22 13:00,RENDER,RENDER,1.4832,2.697,4.045,6.068,7.416,24359,0.001769,22.04
2026-08-22 13:00,DOGE,DOGE,0.0898455,0.111,0.056,0.056,0.056,97844,0.003624,19.26
2026-08-22 13:00,SHIB,kSHIB,0.005474,3.654,1.827,1.827,3.654,192326,0.004624,25.6
2026-08-22 13:00,PEPE,kPEPE,0.0040015,2.499,1.25,1.25,1.25,442040,0.006662,30.15
2026-08-22 13:00,WIF,WIF,0.200555,2.493,4.238,4.737,4.737,49627,0.00125,20.98
2026-08-22 13:00,BONK,kBONK,0.0031615000000000002,3.163,1.582,1.582,1.582,144565,0.004158,23.8
2026-08-22 13:00,TRUMP,TRUMP,2.70005,5.555,2.778,2.778,2.778,200065,0.004677,27.65
2026-08-22 13:05,BTC,BTC,77071.5,0.13,0.065,0.065,0.065,4143066,0.00125,12.63
2026-08-22 13:05,ETH,ETH,2414.25,0.414,0.207,0.207,0.207,6984651,0.00125,12.91
2026-08-22 13:05,SOL,SOL,93.14750000000001,0.751,0.376,0.376,0.376,297136,0.00125,13.25
2026-08-22 13:05,XRP,XRP,1.4917,1.341,0.67,0.67,0.67,405727,0.008412,33.89
2026-08-22 13:05,AVAX,AVAX,7.51075,1.198,0.599,0.599,1.265,29731,0.00125,13.7
2026-08-22 13:05,LINK,LINK,11.5855,0.863,0.432,0.432,1.295,174487,0.008775,34.43
2026-08-22 13:05,LTC,LTC,51.2855,0.195,0.097,0.097,0.097,59020,0.00125,12.69
2026-08-22 13:05,ADA,ADA,0.223285,3.135,1.568,1.568,2.015,143016,0.002913,20.29
2026-08-22 13:05,DOT,DOT,0.920075,0.109,0.054,0.054,0.054,27319,0.00125,12.61
2026-08-22 13:05,UNI,UNI,4.0877,1.957,0.979,0.979,0.979,51921,0.00125,14.46
2026-08-22 13:05,AAVE,AAVE,121.845,0.821,0.41,0.41,0.41,130420,0.013435,47.44
2026-08-22 13:05,ARB,ARB,0.09800500000000001,1.02,0.51,3.571,4.592,41205,0.00125,13.52
2026-08-22 13:05,POL,POL,0.11185,5.364,4.47,5.364,9.835,14791,0.00125,21.44
2026-08-22 13:05,RENDER,RENDER,1.48265,3.372,3.035,3.035,5.733,17726,0.002926,23.26
2026-08-22 13:05,DOGE,DOGE,0.08987400000000001,2.225,1.113,1.113,1.113,48598,0.003074,19.83
2026-08-22 13:05,SHIB,kSHIB,0.0054795,1.825,2.737,4.562,4.562,187971,0.002617,21.8
2026-08-22 13:05,PEPE,kPEPE,0.0040135,2.492,1.246,1.246,1.246,381674,0.004776,24.86
2026-08-22 13:05,WIF,WIF,0.20063,2.991,2.492,2.492,3.489,37131,0.00125,17.48
2026-08-22 13:05,BONK,kBONK,0.0031515,3.173,1.587,1.587,1.587,135157,0.00125,15.67
2026-08-22 13:05,TRUMP,TRUMP,2.6906499999999998,0.372,2.044,2.044,2.044,68715,0.00125,16.59
2026-08-22 13:10,BTC,BTC,76971.5,0.13,0.455,0.455,0.455,4878838,0.00125,13.41
2026-08-22 13:10,ETH,ETH,2410.6499999999996,0.415,1.452,2.696,2.696,5382477,0.00125,15.4
2026-08-22 13:10,SOL,SOL,92.80250000000001,0.108,3.394,3.718,3.718,214597,0.00125,19.29
2026-08-22 13:10,XRP,XRP,1.4899499999999999,0.671,0.336,0.336,0.336,319151,0.008646,33.88
2026-08-22 13:10,AVAX,AVAX,7.4906500000000005,0.4,2.203,2.87,2.87,51622,0.00125,16.91
2026-08-22 13:10,LINK,LINK,11.561,1.73,0.865,1.73,1.73,171945,0.008151,33.55
2026-08-22 13:10,LTC,LTC,51.218,0.781,0.39,0.586,1.171,17984,0.00125,13.28
2026-08-22 13:10,ADA,ADA,0.22282000000000002,0.898,0.449,0.449,0.898,134839,0.002807,17.76
2026-08-22 13:10,DOT,DOT,0.9172849999999999,0.545,1.145,1.254,2.017,20238,0.00125,14.79
2026-08-22 13:10,UNI,UNI,4.084149999999999,1.224,0.612,0.857,0.857,46256,0.00125,13.72
2026-08-22 13:10,AAVE,AAVE,121.35499999999999,0.824,2.06,2.06,2.06,131718,0.012529,48.2
2026-08-22 13:10,ARB,ARB,0.09764500000000001,1.024,0.512,0.512,1.536,56232,0.00125,13.52
2026-08-22 13:10,POL,POL,0.111285,2.696,1.348,2.246,2.246,22794,0.00125,15.2
2026-08-22 13:10,RENDER,RENDER,1.4781499999999999,0.677,2.368,3.044,3.044,37824,0.00254,20.85
2026-08-22 13:10,DOGE,DOGE,0.0897155,0.111,1.282,1.505,1.616,61141,0.002587,18.81
2026-08-22 13:10,SHIB,kSHIB,0.005461499999999999,1.831,4.577,4.577,6.408,179051,0.001845,23.32
2026-08-22 13:10,PEPE,kPEPE,0.0040105,2.493,1.247,1.247,1.247,415731,0.004684,24.61
2026-08-22 13:10,WIF,WIF,0.200625,2.492,1.745,6.729,7.726,39182,0.00125,15.99
2026-08-22 13:10,BONK,kBONK,0.0031515,3.173,1.587,1.587,1.587,159177,0.00125,15.67
2026-08-22 13:10,TRUMP,TRUMP,2.7106000000000003,0.738,10.33,19.184,19.184,86888,0.00125,33.16
2026-08-22 13:15,BTC,BTC,76862.5,0.13,0.065,0.065,0.065,2832680,0.00125,12.63
2026-08-22 13:15,ETH,ETH,2407.75,0.415,0.623,1.454,1.454,5032850,0.00125,13.75
2026-08-22 13:15,SOL,SOL,92.79050000000001,0.323,1.024,1.024,1.024,229186,0.00125,14.55
2026-08-22 13:15,XRP,XRP,1.48915,0.672,0.336,0.336,0.336,542493,0.008561,33.64
2026-08-22 13:15,AVAX,AVAX,7.4973,1.067,0.534,0.667,1.467,30575,0.00125,13.57
2026-08-22 13:15,LINK,LINK,11.601500000000001,0.862,0.431,0.431,3.017,320971,0.008304,33.11
2026-08-22 13:15,LTC,LTC,51.1665,0.195,1.466,1.661,1.661,68530,0.00125,15.43
2026-08-22 13:15,ADA,ADA,0.222805,0.449,1.122,1.122,1.122,170171,0.002721,18.86
2026-08-22 13:15,DOT,DOT,0.91671,0.436,0.218,0.327,0.545,24988,0.00125,12.94
2026-08-22 13:15,UNI,UNI,4.0777,1.471,0.736,0.736,1.471,72273,0.00125,13.97
2026-08-22 13:15,AAVE,AAVE,121.32499999999999,0.824,2.061,2.061,2.061,100561,0.012153,47.15
2026-08-22 13:15,ARB,ARB,0.097485,3.077,1.539,2.564,2.564,53172,0.00125,15.58
2026-08-22 13:15,POL,POL,0.111445,4.487,2.243,2.243,2.243,23623,0.00125,16.99
2026-08-22 13:15,RENDER,RENDER,1.4777,2.707,4.737,4.737,4.737,17192,0.003022,26.94
2026-08-22 13:15,DOGE,DOGE,0.0897115,0.78,0.39,0.39,0.39,74162,0.003019,18.23
2026-08-22 13:15,SHIB,kSHIB,0.0054655,5.489,2.744,6.404,6.404,170958,0.00166,19.14
2026-08-22 13:15,PEPE,kPEPE,0.004014,4.983,2.491,4.983,4.983,438518,0.004399,26.3
2026-08-22 13:15,WIF,WIF,0.20015,3.997,4.996,4.996,5.996,63029,0.00125,22.49
2026-08-22 13:15,BONK,kBONK,0.003142,6.365,3.183,3.183,3.183,176647,0.00125,18.87
2026-08-22 13:15,TRUMP,TRUMP,2.68865,0.372,3.905,3.905,3.905,68864,0.00125,20.31
2026-08-22 13:20,BTC,BTC,76896.5,0.13,0.065,1.756,1.756,198711,0.00125,12.63
2026-08-22 13:20,ETH,ETH,2410.6499999999996,0.415,1.452,1.452,1.867,5912323,0.00125,15.4
2026-08-22 13:20,SOL,SOL,92.8455,0.108,0.592,0.592,0.592,249911,0.00125,13.68
2026-08-22 13:20,XRP,XRP,1.4852500000000002,0.673,4.376,4.376,4.376,650684,0.007911,39.9
2026-08-22 13:20,AVAX,AVAX,7.49245,0.133,2.336,2.469,2.469,21693,0.00125,17.17
2026-08-22 13:20,LINK,LINK,11.621500000000001,0.86,0.43,0.43,0.43,373377,0.010568,39.45
2026-08-22 13:20,LTC,LTC,51.207,0.781,0.391,0.391,1.172,38645,0.00125,13.28
2026-08-22 13:20,ADA,ADA,0.22225,4.499,2.25,2.25,2.25,124341,0.002333,20.03
2026-08-22 13:20,DOT,DOT,0.91623,0.873,2.729,2.729,3.602,16633,0.00125,17.96
2026-08-22 13:20,UNI,UNI,4.0813500000000005,0.245,0.123,2.573,2.573,68475,0.00125,12.75
2026-08-22 13:20,AAVE,AAVE,121.205,0.825,0.413,0.413,0.413,118847,0.011957,43.3
2026-08-22 13:20,ARB,ARB,0.09734000000000001,2.055,2.055,2.055,4.109,40180,0.00125,16.61
2026-08-22 13:20,POL,POL,0.11087,3.608,7.216,8.118,9.02,21772,0.00125,26.93
2026-08-22 13:20,RENDER,RENDER,1.47615,2.032,3.048,3.726,3.726,25262,0.003209,24.08
2026-08-22 13:20,DOGE,DOGE,0.0896335,1.227,0.614,0.725,1.729,119203,0.003116,18.95
2026-08-22 13:20,SHIB,kSHIB,0.00546,3.663,3.663,5.495,5.495,187340,0.001317,20.01
2026-08-22 13:20,PEPE,kPEPE,0.0039935000000000005,2.504,1.252,1.252,1.252,446153,0.004257,23.42
2026-08-22 13:20,WIF,WIF,0.200135,4.497,2.748,3.248,3.747,61057,0.00125,18.0
2026-08-22 13:20,BONK,kBONK,0.0031395,3.185,1.593,4.778,4.778,156491,0.001402,16.11
2026-08-22 13:20,TRUMP,TRUMP,2.68375,0.373,0.186,0.186,0.186,90552,0.00125,12.87
2026-08-22 13:25,BTC,BTC,76930.5,0.13,0.065,0.065,0.065,2659736,0.00125,12.63
2026-08-22 13:25,ETH,ETH,2413.95,0.414,0.207,0.207,0.207,6185738,0.00125,12.91
2026-08-22 13:25,SOL,SOL,92.9845,0.108,0.054,0.054,0.054,372553,0.00125,12.61
2026-08-22 13:25,XRP,XRP,1.4854500000000002,0.673,0.337,0.337,0.337,1030954,0.007678,31.17
2026-08-22 13:25,AVAX,AVAX,7.49045,2.003,1.001,1.135,1.135,19234,0.00125,14.5
2026-08-22 13:25,LINK,LINK,11.627500000000001,0.86,1.29,1.29,1.29,174425,0.011173,42.86
2026-08-22 13:25,LTC,LTC,51.2215,0.195,0.683,1.074,1.269,33769,0.00125,13.87
2026-08-22 13:25,ADA,ADA,0.222245,2.25,1.125,1.125,1.575,77704,0.002236,17.51
2026-08-22 13:25,DOT,DOT,0.91686,0.873,0.763,0.873,2.072,16048,0.00125,14.03
2026-08-22 13:25,UNI,UNI,4.0988500000000005,5.123,2.562,2.562,2.562,31280,0.00125,17.62
2026-08-22 13:25,AAVE,AAVE,121.335,2.472,1.236,2.06,2.885,80890,0.012148,45.49
2026-08-22 13:25,ARB,ARB,0.09734000000000001,2.055,1.027,3.082,4.109,72333,0.00125,14.55
2026-08-22 13:25,POL,POL,0.11075,1.806,5.418,6.321,7.223,26493,0.00125,23.34
2026-08-22 13:25,RENDER,RENDER,1.47505,0.678,1.017,1.017,1.017,26461,0.003268,20.18
2026-08-22 13:25,DOGE,DOGE,0.0895245,0.559,0.279,0.279,1.396,38693,0.003393,19.06
2026-08-22 13:25,SHIB,kSHIB,0.0054465,1.836,0.918,4.59,4.59,185837,0.00125,14.34
2026-08-22 13:25,PEPE,kPEPE,0.0039825,2.511,1.255,1.255,3.766,435375,0.004024,22.78
2026-08-22 13:25,WIF,WIF,0.199075,2.512,3.265,6.781,8.288,61897,0.00125,19.03
2026-08-22 13:25,BONK,kBONK,0.0031195,9.617,4.808,8.014,8.014,144489,0.001582,23.05
2026-08-22 13:25,TRUMP,TRUMP,2.652,2.262,1.131,1.131,1.131,66505,0.00125,14.76
2026-08-22 13:30,BTC,BTC,76994.5,0.13,0.065,0.065,0.065,2187040,0.00125,12.63
2026-08-22 13:30,ETH,ETH,2415.05,0.414,0.207,0.207,0.207,7381944,0.00125,12.91
2026-08-22 13:30,SOL,SOL,93.0075,0.108,0.054,0.054,0.054,320252,0.00125,12.61
2026-08-22 13:30,XRP,XRP,1.4854500000000002,0.673,0.337,0.337,0.337,634147,0.007527,30.75
2026-08-22 13:30,AVAX,AVAX,7.48885,0.134,0.067,0.067,0.067,35897,0.00125,12.63
2026-08-22 13:30,LINK,LINK,11.6785,0.856,0.428,0.428,0.428,164985,0.011653,42.48
2026-08-22 13:30,LTC,LTC,51.2635,0.195,0.098,0.098,0.098,34855,0.00125,12.7
2026-08-22 13:30,ADA,ADA,0.22242,3.597,1.798,1.798,1.798,149715,0.002125,18.55
2026-08-22 13:30,DOT,DOT,0.91713,0.872,1.963,2.072,2.072,19119,0.00125,16.43
2026-08-22 13:30,UNI,UNI,4.1038,0.487,0.244,0.244,0.244,69244,0.001301,13.13
2026-08-22 13:30,AAVE,AAVE,121.715,0.822,0.411,0.411,0.411,127371,0.01214,43.81
2026-08-22 13:30,ARB,ARB,0.097315,3.083,2.569,3.597,3.597,49607,0.00125,17.64
2026-08-22 13:30,POL,POL,0.111225,2.697,1.349,1.349,2.248,19985,0.00125,15.2
2026-08-22 13:30,RENDER,RENDER,1.4773,1.354,0.677,0.677,0.677,24312,0.003352,19.74
2026-08-22 13:30,DOGE,DOGE,0.0896365,0.112,0.167,0.167,0.167,106545,0.003447,18.99
2026-08-22 13:30,SHIB,kSHIB,0.005452500000000001,1.834,0.917,2.751,2.751,190975,0.00125,14.33
2026-08-22 13:30,PEPE,kPEPE,0.0039924999999999995,2.505,1.252,1.252,1.252,506436,0.003823,22.21
2026-08-22 13:30,WIF,WIF,0.19902999999999998,4.019,2.01,4.019,5.527,60719,0.00125,16.52
2026-08-22 13:30,BONK,kBONK,0.0031385,3.186,1.593,1.593,1.593,167244,0.002043,17.91
2026-08-22 13:30,TRUMP,TRUMP,2.6397,1.515,1.136,1.136,1.136,79158,0.00125,14.77
2026-08-22 13:35,BTC,BTC,77144.5,0.13,0.065,0.065,0.065,3274889,0.00125,12.63
2026-08-22 13:35,ETH,ETH,2419.8500000000004,0.413,0.207,0.207,0.207,7355894,0.00125,12.91
2026-08-22 13:35,SOL,SOL,93.3065,0.107,0.482,0.482,0.482,159277,0.00125,13.46
2026-08-22 13:35,XRP,XRP,1.49215,0.67,0.335,0.335,0.335,714541,0.007576,30.88
2026-08-22 13:35,AVAX,AVAX,7.51215,0.133,1.132,1.265,1.265,33425,0.00125,14.76
2026-08-22 13:35,LINK,LINK,11.692499999999999,0.855,2.138,2.138,2.993,168555,0.01186,46.48
2026-08-22 13:35,LTC,LTC,51.3365,0.195,0.097,0.097,0.097,63853,0.00125,12.69
2026-08-22 13:35,ADA,ADA,0.223655,1.341,0.671,0.671,0.671,162730,0.002188,16.47
2026-08-22 13:35,DOT,DOT,0.921755,0.108,2.983,3.092,3.526,24857,0.00125,18.47
2026-08-22 13:35,UNI,UNI,4.112500000000001,2.432,1.216,1.216,1.216,54790,0.001458,15.51
2026-08-22 13:35,AAVE,AAVE,122.83,1.628,2.442,2.442,4.885,118401,0.012134,47.86
2026-08-22 13:35,ARB,ARB,0.09803,2.04,2.04,2.04,3.06,53232,0.00125,16.58
2026-08-22 13:35,POL,POL,0.11205999999999999,3.57,7.139,8.031,10.709,23795,0.00125,26.78
2026-08-22 13:35,RENDER,RENDER,1.4833,1.348,0.674,0.674,0.674,28001,0.003842,21.1
2026-08-22 13:35,DOGE,DOGE,0.0900715,4.774,2.831,2.831,2.831,54002,0.003574,24.67
2026-08-22 13:35,SHIB,kSHIB,0.0054824999999999995,1.824,0.912,2.736,2.736,175788,0.00125,14.32
2026-08-22 13:35,PEPE,kPEPE,0.0039995,2.5,1.25,1.25,1.25,450622,0.003788,22.11
2026-08-22 13:35,WIF,WIF,0.20079000000000002,3.984,1.992,2.988,3.486,43177,0.00125,16.48
2026-08-22 13:35,BONK,kBONK,0.0031590000000000003,6.331,3.166,3.166,3.166,149892,0.002755,23.05
2026-08-22 13:35,TRUMP,TRUMP,2.69465,3.34,1.67,1.67,2.783,94990,0.00125,15.84
2026-08-22 13:40,BTC,BTC,77150.5,0.13,0.065,0.065,0.065,2701513,0.00125,12.63
2026-08-22 13:40,ETH,ETH,2421.05,0.413,0.207,0.207,0.207,6165981,0.00125,12.91
2026-08-22 13:40,SOL,SOL,93.3775,0.107,0.054,0.054,0.054,246290,0.00125,12.61
2026-08-22 13:40,XRP,XRP,1.4869500000000002,0.673,0.336,0.336,0.336,742635,0.007452,30.54
2026-08-22 13:40,AVAX,AVAX,7.53815,0.133,0.066,0.066,0.066,37018,0.00125,12.63
2026-08-22 13:40,LINK,LINK,11.7225,0.853,0.427,0.427,1.28,245175,0.012165,43.92
2026-08-22 13:40,LTC,LTC,51.4045,0.195,0.875,1.264,2.432,58221,0.00125,14.25
2026-08-22 13:40,ADA,ADA,0.223675,0.447,4.247,4.694,5.141,106305,0.002056,23.25
2026-08-22 13:40,DOT,DOT,0.923125,2.492,1.246,1.354,1.354,38385,0.00125,14.99
2026-08-22 13:40,UNI,UNI,4.14585,1.688,0.844,0.844,0.844,39442,0.002049,16.43
2026-08-22 13:40,AAVE,AAVE,123.455,0.81,4.455,4.455,4.455,139089,0.012064,51.69
2026-08-22 13:40,ARB,ARB,0.09822,2.036,2.036,2.036,3.054,64496,0.00125,16.57
2026-08-22 13:40,POL,POL,0.11247,3.557,3.557,3.557,4.446,24920,0.00125,19.61
2026-08-22 13:40,RENDER,RENDER,1.4872,1.345,1.345,2.017,2.017,13165,0.004011,22.92
2026-08-22 13:40,DOGE,DOGE,0.090175,0.222,0.111,0.111,0.111,75493,0.003687,19.55
2026-08-22 13:40,SHIB,kSHIB,0.005485500000000001,1.823,2.734,4.557,6.38,164974,0.00125,17.97
2026-08-22 13:40,PEPE,kPEPE,0.0040055,2.497,1.248,1.248,1.248,474221,0.003764,22.04
2026-08-22 13:40,WIF,WIF,0.20049499999999998,4.489,2.244,2.244,2.244,68755,0.00125,16.99
2026-08-22 13:40,BONK,kBONK,0.003166,6.317,3.159,3.159,3.159,162785,0.003115,24.04
2026-08-22 13:40,TRUMP,TRUMP,2.73025,0.366,2.747,2.747,2.747,44492,0.00125,17.99
2026-08-22 13:45,BTC,BTC,77252.5,0.129,0.065,0.065,0.065,5352133,0.00125,12.63
2026-08-22 13:45,ETH,ETH,2427.05,0.412,0.206,0.206,0.206,7300956,0.00125,12.91
2026-08-22 13:45,SOL,SOL,93.5305,0.107,0.053,0.053,0.053,446079,0.00125,12.61
2026-08-22 13:45,XRP,XRP,1.4896500000000001,0.671,0.336,0.336,0.336,593024,0.007267,30.02
2026-08-22 13:45,AVAX,AVAX,7.54335,2.519,1.259,1.392,1.392,37638,0.00125,15.02
2026-08-22 13:45,LINK,LINK,11.7355,0.852,0.426,0.426,0.426,164968,0.012488,44.82
2026-08-22 13:45,LTC,LTC,51.5095,2.912,1.456,1.65,1.65,46442,0.00125,15.41
2026-08-22 13:45,ADA,ADA,0.224205,1.338,0.669,1.561,1.561,106356,0.001917,15.71
2026-08-22 13:45,DOT,DOT,0.92386,2.165,1.082,1.082,1.082,29453,0.00125,14.66
2026-08-22 13:45,UNI,UNI,4.1337,1.935,0.968,1.21,1.21,49883,0.002709,18.52
2026-08-22 13:45,AAVE,AAVE,122.945,0.813,0.407,0.407,1.22,130678,0.011932,43.22
2026-08-22 13:45,ARB,ARB,0.098255,3.053,1.527,2.544,2.544,49588,0.00125,15.55
2026-08-22 13:45,POL,POL,0.112035,0.893,0.446,4.017,4.017,36552,0.00125,13.39
2026-08-22 13:45,RENDER,RENDER,1.48685,2.018,1.681,4.372,5.717,23011,0.004233,24.21
2026-08-22 13:45,DOGE,DOGE,0.0902755,0.111,0.055,0.055,0.055,137731,0.003927,20.11
2026-08-22 13:45,SHIB,kSHIB,0.0055,3.636,1.818,5.455,5.455,160297,0.00125,16.14
2026-08-22 13:45,PEPE,kPEPE,0.004007500000000001,2.495,1.248,1.248,1.248,523044,0.003505,21.31
2026-08-22 13:45,WIF,WIF,0.20063,4.984,2.492,2.492,2.492,50648,0.00125,17.48
2026-08-22 13:45,BONK,kBONK,0.0031685000000000003,9.468,4.734,7.89,7.89,129238,0.003302,27.71
2026-08-22 13:45,TRUMP,TRUMP,2.7357500000000003,3.29,2.741,2.741,2.741,57790,0.00125,17.98
2026-08-22 13:50,BTC,BTC,77116.5,0.13,0.065,0.065,0.065,4866137,0.00125,12.63
2026-08-22 13:50,ETH,ETH,2421.8500000000004,0.413,0.206,0.206,0.206,7173832,0.00125,12.91
2026-08-22 13:50,SOL,SOL,93.2145,0.107,0.054,0.054,0.054,152044,0.00125,12.61
2026-08-22 13:50,XRP,XRP,1.48085,0.675,0.338,0.338,0.338,1042808,0.007131,29.64
2026-08-22 13:50,AVAX,AVAX,7.51765,0.133,2.594,2.727,2.727,33181,0.00125,17.69
2026-08-22 13:50,LINK,LINK,11.689499999999999,0.855,1.283,1.283,1.283,141981,0.012596,46.83
2026-08-22 13:50,LTC,LTC,51.3855,0.195,0.097,0.097,0.681,32321,0.00125,12.69
2026-08-22 13:50,ADA,ADA,0.223435,0.448,1.119,1.119,1.119,109824,0.001791,16.25
2026-08-22 13:50,DOT,DOT,0.921945,1.627,2.44,2.766,3.525,17196,0.00125,17.38
2026-08-22 13:50,UNI,UNI,4.1343499999999995,0.242,0.121,0.121,0.121,47645,0.003287,18.44
2026-08-22 13:50,AAVE,AAVE,122.61,1.631,0.816,0.816,0.816,128395,0.011766,43.58
2026-08-22 13:50,ARB,ARB,0.09797,2.041,1.021,2.041,3.062,50437,0.00125,14.54
2026-08-22 13:50,POL,POL,0.11152000000000001,3.587,4.484,4.484,4.484,25962,0.00125,21.47
2026-08-22 13:50,RENDER,RENDER,1.4837500000000001,2.022,1.685,2.359,3.033,21551,0.004499,24.97
2026-08-22 13:50,DOGE,DOGE,0.0898735,0.556,0.278,0.389,0.501,152252,0.004014,20.8
2026-08-22 13:50,SHIB,kSHIB,0.005498,3.638,1.819,5.457,5.457,177716,0.00125,16.14
2026-08-22 13:50,PEPE,kPEPE,0.003997499999999999,2.502,1.251,1.251,1.251,457190,0.003206,20.48
2026-08-22 13:50,WIF,WIF,0.199745,0.501,0.25,0.25,0.751,43424,0.00125,13.0
2026-08-22 13:50,BONK,kBONK,0.0031609999999999997,6.327,3.164,3.164,3.164,136434,0.003296,24.56
2026-08-22 13:50,TRUMP,TRUMP,2.7169,2.208,1.84,1.84,1.84,132413,0.00125,16.18
2026-08-22 13:55,BTC,BTC,77134.5,0.13,0.065,0.065,0.065,2760447,0.00125,12.63
2026-08-22 13:55,ETH,ETH,2424.3500000000004,0.412,0.206,0.206,0.206,8441991,0.00125,12.91
2026-08-22 13:55,SOL,SOL,93.2625,0.107,0.054,0.054,0.054,385836,0.00125,12.61
2026-08-22 13:55,XRP,XRP,1.48855,0.672,0.336,0.336,0.336,617154,0.007108,29.58
2026-08-22 13:55,AVAX,AVAX,7.52775,0.133,1.262,1.262,1.262,57202,0.00125,15.02
2026-08-22 13:55,LINK,LINK,11.7055,0.854,0.427,0.427,0.427,90884,0.012644,45.26
2026-08-22 13:55,LTC,LTC,51.4025,0.195,0.097,0.097,0.097,51306,0.00125,12.69
2026-08-22 13:55,ADA,ADA,0.22379,2.681,1.341,1.787,2.234,160428,0.00183,16.8
2026-08-22 13:55,DOT,DOT,0.922775,0.108,0.054,0.054,0.054,23026,0.00125,12.61
2026-08-22 13:55,UNI,UNI,4.13825,0.242,0.121,0.121,0.121,30844,0.003764,19.78
2026-08-22 13:55,AAVE,AAVE,123.8,3.231,1.616,1.616,1.616,137781,0.01178,45.21
2026-08-22 13:55,ARB,ARB,0.098045,1.02,0.51,0.51,1.53,50686,0.00125,13.52
2026-08-22 13:55,POL,POL,0.111915,0.894,2.234,2.234,2.234,20697,0.00125,16.97
2026-08-22 13:55,RENDER,RENDER,1.4837,2.696,2.022,2.022,6.066,25288,0.004607,25.94
2026-08-22 13:55,DOGE,DOGE,0.0899525,0.111,0.056,0.056,0.056,41198,0.00401,20.34
2026-08-22 13:55,SHIB,kSHIB,0.005499,3.637,1.819,3.637,3.637,181498,0.00125,16.14
2026-08-22 13:55,PEPE,kPEPE,0.004007500000000001,2.495,1.248,1.248,3.743,440253,0.003063,20.07
2026-08-22 13:55,WIF,WIF,0.199275,2.509,2.258,4.767,5.269,37341,0.00125,17.02
2026-08-22 13:55,BONK,kBONK,0.0031585,3.166,1.583,1.583,1.583,159386,0.003203,21.14
2026-08-22 13:55,TRUMP,TRUMP,2.6857499999999996,4.84,2.42,2.42,3.165,126611,0.00125,17.34
2026-08-22 14:00,BTC,BTC,77144.5,0.13,0.065,0.065,0.065,4692213,0.00125,12.63
2026-08-22 14:00,ETH,ETH,2421.8500000000004,0.413,0.206,0.206,0.206,7362174,0.00125,12.91
2026-08-22 14:00,SOL,SOL,93.2695,0.107,0.054,0.054,0.054,179830,0.00125,12.61
2026-08-22 14:00,XRP,XRP,1.48765,0.672,0.336,0.336,0.336,820888,0.005903,26.2
2026-08-22 14:00,AVAX,AVAX,7.522,0.798,0.399,0.532,0.931,36515,0.001418,13.77
2026-08-22 14:00,LINK,LINK,11.688500000000001,0.856,0.428,1.283,1.283,160322,0.010938,40.48
2026-08-22 14:00,LTC,LTC,51.3935,0.584,0.292,0.486,0.486,18696,0.002372,16.23
2026-08-22 14:00,ADA,ADA,0.223775,0.447,0.223,2.905,2.905,109504,0.002084,15.28
2026-08-22 14:00,DOT,DOT,0.92086,0.869,2.715,3.258,3.909,23451,0.00125,17.93
2026-08-22 14:00,UNI,UNI,4.1392500000000005,0.242,4.469,4.711,5.194,20168,0.007775,39.71
2026-08-22 14:00,AAVE,AAVE,124.345,0.804,2.815,2.815,2.815,128174,0.014231,54.48
2026-08-22 14:00,ARB,ARB,0.09808,2.039,1.02,2.039,2.039,46327,0.00125,14.54
2026-08-22 14:00,POL,POL,0.11126,3.595,4.494,4.494,4.494,18205,0.00125,21.49
2026-08-22 14:00,RENDER,RENDER,1.4852,1.347,0.673,1.347,6.06,16406,0.00272,17.96
2026-08-22 14:00,DOGE,DOGE,0.089788,0.223,2.45,2.45,3.23,65683,0.00365,24.12
2026-08-22 14:00,SHIB,kSHIB,0.005504,3.634,1.817,5.451,5.451,167775,0.00125,16.13
2026-08-22 14:00,PEPE,kPEPE,0.0039970000000000006,5.004,2.502,2.502,2.502,468768,0.00125,17.5
2026-08-22 14:00,WIF,WIF,0.200065,0.5,2.249,3.749,4.249,55398,0.00125,17.0
2026-08-22 14:00,BONK,kBONK,0.0031505,3.174,1.587,4.761,4.761,176797,0.00125,15.67
2026-08-22 14:00,TRUMP,TRUMP,2.6801000000000004,0.746,0.373,0.373,0.373,90183,0.00125,13.25
2026-08-22 14:05,BTC,BTC,77178.5,0.13,0.065,0.065,0.065,4446202,0.00125,12.63
2026-08-22 14:05,ETH,ETH,2424.8500000000004,0.412,0.206,0.206,0.206,8999259,0.00125,12.91
2026-08-22 14:05,SOL,SOL,93.3265,0.107,0.054,0.054,0.054,496522,0.002136,15.09
2026-08-22 14:05,XRP,XRP,1.49925,0.667,1.668,2.335,2.335,407551,0.006419,30.31
2026-08-22 14:05,AVAX,AVAX,7.52865,0.133,0.066,0.066,0.066,46249,0.002054,14.88
2026-08-22 14:05,LINK,LINK,11.7295,0.853,0.426,0.426,0.426,178037,0.010593,39.51
2026-08-22 14:05,LTC,LTC,51.3595,0.974,0.487,0.681,0.681,18404,0.002869,18.01
2026-08-22 14:05,ADA,ADA,0.224025,0.446,0.223,0.67,0.67,139530,0.003222,18.47
2026-08-22 14:05,DOT,DOT,0.9231050000000001,0.108,0.704,1.787,3.629,33414,0.00125,13.91
2026-08-22 14:05,UNI,UNI,4.15205,0.241,0.12,0.12,0.12,32273,0.00857,33.24
2026-08-22 14:05,AAVE,AAVE,124.295,0.805,0.402,0.402,0.402,173898,0.013503,47.61
2026-08-22 14:05,ARB,ARB,0.098095,3.058,2.549,2.549,3.568,45591,0.00125,17.6
2026-08-22 14:05,POL,POL,0.109065,0.917,11.461,12.378,12.378,19686,0.00125,35.42
2026-08-22 14:05,RENDER,RENDER,1.48495,0.673,1.01,1.684,4.377,17825,0.004605,23.92
2026-08-22 14:05,DOGE,DOGE,0.0898755,0.111,2.17,2.17,2.726,80888,0.004832,26.87
2026-08-22 14:05,SHIB,kSHIB,0.005507,3.632,1.816,3.632,3.632,169292,0.00125,16.13
2026-08-22 14:05,PEPE,kPEPE,0.0040025,2.498,1.249,1.249,1.249,441925,0.001838,16.65
2026-08-22 14:05,WIF,WIF,0.199735,3.505,1.752,1.752,1.752,67401,0.00125,16.0
2026-08-22 14:05,BONK,kBONK,0.0031625,3.162,1.581,4.743,4.743,138534,0.003176,21.05
2026-08-22 14:05,TRUMP,TRUMP,2.67665,0.374,0.187,0.187,0.187,95153,0.00125,12.87
2026-08-22 14:10,BTC,BTC,77285.5,0.129,0.065,0.065,0.065,1911672,0.00125,12.63
2026-08-22 14:10,ETH,ETH,2430.8500000000004,0.411,0.206,0.206,0.206,7592631,0.00125,12.91
2026-08-22 14:10,SOL,SOL,93.7805,0.107,0.053,0.053,0.053,40806,0.002509,16.13
2026-08-22 14:10,XRP,XRP,1.5115500000000002,0.662,0.331,0.331,0.992,856272,0.007104,29.55
2026-08-22 14:10,AVAX,AVAX,7.57875,0.132,3.761,3.761,3.761,26863,0.00282,24.42
2026-08-22 14:10,LINK,LINK,11.776,1.698,0.849,0.849,1.698,67225,0.010882,41.17
2026-08-22 14:10,LTC,LTC,51.6545,1.355,0.678,1.065,1.646,24303,0.003589,20.4
2026-08-22 14:10,ADA,ADA,0.225835,1.328,1.107,1.55,2.435,160706,0.003489,20.98
2026-08-22 14:10,DOT,DOT,0.92753,1.941,0.97,0.97,0.97,14598,0.00125,14.44
2026-08-22 14:10,UNI,UNI,4.1964500000000005,0.238,0.119,0.119,1.549,24433,0.00982,36.73
2026-08-22 14:10,AAVE,AAVE,124.985,4.0,2.8,2.8,2.8,259116,0.014185,54.32
2026-08-22 14:10,ARB,ARB,0.098625,3.042,1.521,2.535,2.535,55164,0.00125,15.54
2026-08-22 14:10,POL,POL,0.108405,0.922,5.074,5.996,5.996,23773,0.00125,22.65
2026-08-22 14:10,RENDER,RENDER,1.4904,1.342,2.013,2.684,8.722,16346,0.004856,26.62
2026-08-22 14:10,DOGE,DOGE,0.09071,1.102,0.551,0.551,0.551,94394,0.005432,25.31
2026-08-22 14:10,SHIB,kSHIB,0.0055455,1.803,0.902,4.508,6.311,126950,0.00125,14.3
2026-08-22 14:10,PEPE,kPEPE,0.004037499999999999,7.43,6.192,8.669,8.669,420272,0.002917,29.55
2026-08-22 14:10,WIF,WIF,0.20179999999999998,6.938,5.451,7.929,7.929,56784,0.00125,23.4
2026-08-22 14:10,BONK,kBONK,0.0032045,9.362,4.681,4.681,4.681,146485,0.004633,31.33
2026-08-22 14:10,TRUMP,TRUMP,2.6900500000000003,1.115,0.558,0.558,0.558,82907,0.00125,13.62
2026-08-22 14:15,BTC,BTC,77287.5,0.129,0.065,0.065,0.065,3179801,0.00125,12.63
2026-08-22 14:15,ETH,ETH,2433.75,0.411,0.205,0.205,0.205,8999494,0.00125,12.91
2026-08-22 14:15,SOL,SOL,93.9085,0.106,0.905,0.905,0.905,174031,0.002501,17.81
2026-08-22 14:15,XRP,XRP,1.51565,0.66,0.33,0.33,0.33,577437,0.007049,29.4
2026-08-22 14:15,AVAX,AVAX,7.59185,0.132,2.173,2.173,2.173,24505,0.003221,22.36
2026-08-22 14:15,LINK,LINK,11.7925,0.848,1.272,1.272,2.12,160777,0.011106,42.64
2026-08-22 14:15,LTC,LTC,51.704499999999996,0.193,0.097,0.097,0.097,43321,0.003926,20.19
2026-08-22 14:15,ADA,ADA,0.226245,0.442,0.221,0.221,1.105,106894,0.003114,18.16
2026-08-22 14:15,DOT,DOT,0.9283600000000001,1.939,1.4,1.4,1.4,21273,0.00125,15.3
2026-08-22 14:15,UNI,UNI,4.2044,1.903,1.665,1.665,1.665,58341,0.010341,41.28
2026-08-22 14:15,AAVE,AAVE,126.095,3.965,1.983,1.983,1.983,165431,0.014378,53.22
2026-08-22 14:15,ARB,ARB,0.098765,3.038,1.519,1.519,2.531,103510,0.00125,15.54
2026-08-22 14:15,POL,POL,0.10850499999999999,0.922,3.226,4.147,4.147,24471,0.00125,18.95
2026-08-22 14:15,RENDER,RENDER,1.4952,2.675,2.675,2.675,4.682,15940,0.00502,28.41
2026-08-22 14:15,DOGE,DOGE,0.0908465,0.11,0.055,0.055,0.055,42970,0.005732,25.16
2026-08-22 14:15,SHIB,kSHIB,0.005546499999999999,1.803,2.704,4.507,6.31,161523,0.00125,17.91
2026-08-22 14:15,PEPE,kPEPE,0.0040465,2.471,1.236,1.236,3.707,322271,0.003475,21.2
2026-08-22 14:15,WIF,WIF,0.20244499999999999,3.458,2.717,4.693,4.693,60455,0.00125,17.93
2026-08-22 14:15,BONK,kBONK,0.00321,6.231,3.115,3.115,3.115,129182,0.004813,28.71
2026-08-22 14:15,TRUMP,TRUMP,2.6782,1.494,0.747,1.12,1.12,80095,0.00125,13.99
2026-08-22 14:20,BTC,BTC,77301.5,0.129,0.453,0.453,0.453,1782342,0.00125,13.41
2026-08-22 14:20,ETH,ETH,2434.3500000000004,0.411,0.205,0.205,0.205,5801277,0.00125,12.91
2026-08-22 14:20,SOL,SOL,94.1515,0.106,0.053,0.053,0.053,199681,0.002421,15.88
2026-08-22 14:20,XRP,XRP,1.5298500000000002,0.654,0.327,0.327,0.327,884628,0.007394,30.36
2026-08-22 14:20,AVAX,AVAX,7.59725,0.132,1.645,1.909,2.172,29598,0.003355,21.68
2026-08-22 14:20,LINK,LINK,11.8665,0.843,2.107,2.107,2.949,154339,0.011537,45.52
2026-08-22 14:20,LTC,LTC,51.6995,0.193,2.418,2.418,3.385,51464,0.00397,24.95
2026-08-22 14:20,ADA,ADA,0.2271,1.761,0.881,0.881,2.642,53180,0.003199,19.72
2026-08-22 14:20,DOT,DOT,0.9321200000000001,0.644,0.322,0.322,0.322,20787,0.00125,13.14
2026-08-22 14:20,UNI,UNI,4.22035,0.237,0.118,1.303,1.303,37085,0.011471,41.35
2026-08-22 14:20,AAVE,AAVE,126.185,2.377,1.189,1.189,1.189,118980,0.014765,52.72
2026-08-22 14:20,ARB,ARB,0.09925,4.03,2.015,3.023,4.03,66238,0.00125,16.53
2026-08-22 14:20,POL,POL,0.10957,5.476,2.738,7.301,7.301,25132,0.00125,17.98
2026-08-22 14:20,RENDER,RENDER,1.4978500000000001,2.003,4.34,4.34,5.007,23180,0.005049,31.82
2026-08-22 14:20,DOGE,DOGE,0.0910325,0.11,0.055,0.055,0.055,90080,0.00604,26.02
2026-08-22 14:20,SHIB,kSHIB,0.0055545,1.8,0.9,4.501,4.501,162128,0.00125,14.3
2026-08-22 14:20,PEPE,kPEPE,0.004047500000000001,2.471,1.235,1.235,1.235,287289,0.004109,22.98
2026-08-22 14:20,WIF,WIF,0.20302,4.926,3.448,4.926,6.896,62411,0.00125,19.4
2026-08-22 14:20,BONK,kBONK,0.0032275,3.098,1.549,1.549,7.746,146208,0.004963,25.99
2026-08-22 14:20,TRUMP,TRUMP,2.66025,0.376,6.578,8.834,8.834,154687,0.00125,25.66
2026-08-22 14:25,BTC,BTC,77353.5,0.129,0.065,0.065,0.065,4100162,0.00125,12.63
2026-08-22 14:25,ETH,ETH,2436.3500000000004,0.41,0.205,0.205,0.205,4766612,0.00125,12.91
2026-08-22 14:25,SOL,SOL,94.2125,0.106,0.053,0.053,0.053,682217,0.002445,15.95
2026-08-22 14:25,XRP,XRP,1.52595,0.655,0.328,0.328,0.328,907038,0.007183,29.77
2026-08-22 14:25,AVAX,AVAX,7.5939499999999995,0.132,0.593,0.593,0.988,27541,0.003417,19.75
2026-08-22 14:25,LINK,LINK,11.8995,0.84,0.42,0.42,0.42,100382,0.011736,42.7
2026-08-22 14:25,LTC,LTC,51.706500000000005,0.193,0.097,0.29,0.29,79833,0.004097,20.66
2026-08-22 14:25,ADA,ADA,0.22709000000000001,1.761,0.881,1.321,1.321,109988,0.00251,17.79
2026-08-22 14:25,DOT,DOT,0.931915,0.107,0.054,0.054,0.054,20712,0.00125,12.61
2026-08-22 14:25,UNI,UNI,4.22555,0.237,0.118,0.118,1.065,41387,0.011644,41.84
2026-08-22 14:25,AAVE,AAVE,126.78999999999999,3.155,1.577,1.577,3.155,107872,0.015338,55.1
2026-08-22 14:25,ARB,ARB,0.09927,4.029,2.015,2.015,4.029,37309,0.00125,16.53
2026-08-22 14:25,POL,POL,0.10999,1.818,3.637,4.546,7.273,23087,0.00125,19.77
2026-08-22 14:25,RENDER,RENDER,1.50115,1.998,3.664,4.33,6.328,15094,0.005234,30.98
2026-08-22 14:25,DOGE,DOGE,0.0912405,0.11,0.055,0.055,0.055,64448,0.006079,26.13
2026-08-22 14:25,SHIB,kSHIB,0.0055575,1.799,0.9,2.699,4.498,273857,0.00125,14.3
2026-08-22 14:25,PEPE,kPEPE,0.0040945,2.442,1.221,1.221,3.663,402409,0.005153,25.87
2026-08-22 14:25,WIF,WIF,0.20326,5.904,4.428,7.872,8.364,44474,0.00125,21.36
2026-08-22 14:25,BONK,kBONK,0.0032245,9.304,4.652,4.652,4.652,143256,0.004932,32.11
2026-08-22 14:25,TRUMP,TRUMP,2.624,9.909,4.954,4.954,5.335,160353,0.00125,22.41
2026-08-22 14:30,BTC,BTC,77331.5,0.129,0.065,0.065,0.065,4263189,0.00125,12.63
2026-08-22 14:30,ETH,ETH,2433.05,0.411,0.206,0.206,0.206,5394545,0.00125,12.91
2026-08-22 14:30,SOL,SOL,94.1215,0.106,0.053,0.053,1.222,63010,0.002367,15.73
2026-08-22 14:30,XRP,XRP,1.51465,0.66,0.99,2.311,3.631,473491,0.006734,29.84
2026-08-22 14:30,AVAX,AVAX,7.5775500000000005,4.883,2.837,3.761,3.761,54602,0.003388,24.16
2026-08-22 14:30,LINK,LINK,11.836,1.69,0.845,0.845,1.69,171308,0.011444,42.73
2026-08-22 14:30,LTC,LTC,51.693,0.774,0.387,2.515,2.708,96430,0.004067,21.16
2026-08-22 14:30,ADA,ADA,0.226505,1.324,0.662,1.545,3.311,177319,0.001861,15.53
2026-08-22 14:30,DOT,DOT,0.93048,1.934,2.794,2.902,3.224,21971,0.00125,18.09
2026-08-22 14:30,UNI,UNI,4.237,1.416,0.708,0.944,0.944,40826,0.011657,43.06
2026-08-22 14:30,AAVE,AAVE,126.315,3.958,5.938,5.938,6.729,289296,0.014902,62.6
2026-08-22 14:30,ARB,ARB,0.09914,2.017,2.017,3.026,3.026,81613,0.00125,16.53
2026-08-22 14:30,POL,POL,0.108765,2.758,5.057,5.057,5.976,27567,0.00125,22.61
2026-08-22 14:30,RENDER,RENDER,1.4945499999999998,2.007,2.342,3.011,3.011,30215,0.005307,28.54
2026-08-22 14:30,DOGE,DOGE,0.0909945,0.11,0.055,0.055,0.055,71851,0.005667,24.98
2026-08-22 14:30,SHIB,kSHIB,0.0055355000000000005,1.807,0.903,2.71,4.516,188710,0.00125,14.31
2026-08-22 14:30,PEPE,kPEPE,0.0040415,7.423,3.711,3.711,3.711,325439,0.005138,30.81
2026-08-22 14:30,WIF,WIF,0.202945,3.449,2.217,4.681,4.681,45231,0.00125,16.93
2026-08-22 14:30,BONK,kBONK,0.0032105,3.115,1.557,1.557,1.557,133345,0.004305,24.17
2026-08-22 14:30,TRUMP,TRUMP,2.57695,0.388,0.194,0.194,0.194,208644,0.00125,12.89
2026-08-22 14:35,BTC,BTC,77267.5,0.129,0.065,0.065,0.065,6976121,0.00125,12.63
2026-08-22 14:35,ETH,ETH,2430.3500000000004,0.411,0.206,0.617,0.617,5425398,0.00125,12.91
2026-08-22 14:35,SOL,SOL,93.9225,0.106,1.118,1.437,1.437,53107,0.002172,17.32
2026-08-22 14:35,XRP,XRP,1.50905,0.663,0.331,0.331,0.331,711738,0.00613,26.83
2026-08-22 14:35,AVAX,AVAX,7.5703499999999995,0.132,0.594,0.594,0.594,35845,0.003232,19.24
2026-08-22 14:35,LINK,LINK,11.822,1.692,0.846,0.846,0.846,92435,0.011164,41.95
2026-08-22 14:35,LTC,LTC,51.6355,0.194,0.097,0.29,0.871,41476,0.003841,19.95
2026-08-22 14:35,ADA,ADA,0.226185,0.442,2.874,2.874,2.874,108526,0.001434,18.76
2026-08-22 14:35,DOT,DOT,0.93023,0.43,2.043,2.15,2.15,21277,0.00125,16.59
2026-08-22 14:35,UNI,UNI,4.23915,0.236,0.118,0.118,0.118,30298,0.01143,41.24
2026-08-22 14:35,AAVE,AAVE,125.83500000000001,0.795,0.397,0.397,0.397,134283,0.014326,49.91
2026-08-22 14:35,ARB,ARB,0.09894,2.021,1.011,2.021,2.021,59372,0.00125,14.52
2026-08-22 14:35,POL,POL,0.107405,2.793,1.397,1.397,1.397,23494,0.00125,15.29
2026-08-22 14:35,RENDER,RENDER,1.48905,2.015,1.007,1.679,1.679,16526,0.005147,25.43
2026-08-22 14:35,DOGE,DOGE,0.090848,0.22,0.11,0.11,0.11,100200,0.005271,23.98
2026-08-22 14:35,SHIB,kSHIB,0.0055095000000000005,1.815,2.723,4.538,4.538,190946,0.00125,17.95
2026-08-22 14:35,PEPE,kPEPE,0.0040345,2.479,1.239,1.239,3.718,276870,0.005552,27.02
2026-08-22 14:35,WIF,WIF,0.20163999999999999,3.967,2.48,3.472,6.943,13994,0.00125,17.46
2026-08-22 14:35,BONK,kBONK,0.0032015,3.124,1.562,1.562,4.685,136741,0.0039,23.04
2026-08-22 14:35,TRUMP,TRUMP,2.5467500000000003,1.178,18.651,18.651,18.651,205164,0.00125,49.8
2026-08-22 14:40,BTC,BTC,77314.5,0.129,0.065,0.065,0.065,4878003,0.00125,12.63
2026-08-22 14:40,ETH,ETH,2428.8500000000004,0.412,0.206,0.206,0.206,4976958,0.00125,12.91
2026-08-22 14:40,SOL,SOL,94.0235,0.106,0.053,0.053,0.053,176115,0.002031,14.79
2026-08-22 14:40,XRP,XRP,1.51185,0.661,0.331,0.331,0.331,707148,0.005726,25.69
2026-08-22 14:40,AVAX,AVAX,7.58215,0.132,1.121,1.253,1.253,44337,0.003229,20.28
2026-08-22 14:40,LINK,LINK,11.8535,0.844,0.422,0.422,1.265,358665,0.011949,43.3
2026-08-22 14:40,LTC,LTC,51.7305,0.193,1.643,1.836,1.836,63560,0.003725,22.72
2026-08-22 14:40,ADA,ADA,0.226815,0.441,1.102,1.102,1.543,183773,0.00146,15.29
2026-08-22 14:40,DOT,DOT,0.9320649999999999,0.107,0.054,0.054,0.054,25229,0.00125,12.61
2026-08-22 14:40,UNI,UNI,4.2518,1.882,0.941,0.941,1.176,30553,0.010994,41.67
2026-08-22 14:40,AAVE,AAVE,126.215,3.961,1.981,1.981,1.981,113515,0.014234,52.82
2026-08-22 14:40,ARB,ARB,0.09916,2.017,2.017,2.017,2.017,57861,0.00125,16.53
2026-08-22 14:40,POL,POL,0.108095,2.775,3.238,3.238,3.238,22844,0.00125,18.98
2026-08-22 14:40,RENDER,RENDER,1.4922499999999999,2.01,2.345,3.016,3.016,30308,0.00506,27.86
2026-08-22 14:40,DOGE,DOGE,0.0911515,0.11,2.03,2.139,2.139,95038,0.005158,27.5
2026-08-22 14:40,SHIB,kSHIB,0.005527499999999999,1.809,0.905,2.714,4.523,174405,0.00125,14.31
2026-08-22 14:40,PEPE,kPEPE,0.0040455000000000005,2.472,1.236,1.236,1.236,352315,0.005961,28.16
2026-08-22 14:40,WIF,WIF,0.20235999999999998,0.988,3.459,7.907,7.907,49765,0.00125,19.42
2026-08-22 14:40,BONK,kBONK,0.003216,12.438,6.219,9.328,9.328,88847,0.003868,32.27
2026-08-22 14:40,TRUMP,TRUMP,2.5443499999999997,1.965,2.162,2.162,2.162,122036,0.00125,16.82
2026-08-22 14:45,BTC,BTC,77415.5,0.129,0.065,0.065,0.065,4983242,0.00125,12.63
2026-08-22 14:45,ETH,ETH,2432.55,0.411,0.206,0.206,0.206,6880841,0.00125,12.91
2026-08-22 14:45,SOL,SOL,94.3245,0.106,0.053,0.053,0.053,406133,0.001888,14.39
2026-08-22 14:45,XRP,XRP,1.51675,0.659,0.33,0.33,0.33,825850,0.005569,25.25
2026-08-22 14:45,AVAX,AVAX,7.5985499999999995,0.132,0.066,0.066,0.066,36163,0.00334,18.48
2026-08-22 14:45,LINK,LINK,11.9055,0.84,0.42,0.42,0.42,153690,0.012628,45.2
2026-08-22 14:45,LTC,LTC,51.8745,0.193,0.096,0.096,0.867,38071,0.003521,19.05
2026-08-22 14:45,ADA,ADA,0.227575,0.439,0.22,0.22,0.22,92907,0.001562,13.81
2026-08-22 14:45,DOT,DOT,0.932935,0.322,0.804,0.804,0.804,11154,0.00125,14.11
2026-08-22 14:45,UNI,UNI,4.2637,1.876,0.938,0.938,0.938,28396,0.010769,41.03
2026-08-22 14:45,AAVE,AAVE,125.86500000000001,0.795,0.397,0.397,1.986,101214,0.014063,49.17
2026-08-22 14:45,ARB,ARB,0.099205,1.008,0.504,1.512,1.512,51223,0.00125,13.51
2026-08-22 14:45,POL,POL,0.108075,4.626,2.313,2.313,2.313,23460,0.00125,17.13
2026-08-22 14:45,RENDER,RENDER,1.49465,2.007,5.018,6.356,7.025,13599,0.004893,32.74
2026-08-22 14:45,DOGE,DOGE,0.0919175,2.502,7.344,7.779,7.779,48652,0.005299,38.52
2026-08-22 14:45,SHIB,kSHIB,0.0055390000000000005,3.611,1.805,1.805,3.611,166688,0.00125,16.11
2026-08-22 14:45,PEPE,kPEPE,0.004051,4.937,2.469,2.469,2.469,327349,0.006261,31.47
2026-08-22 14:45,WIF,WIF,0.203005,8.374,5.172,5.172,5.172,37034,0.00125,22.84
2026-08-22 14:45,BONK,kBONK,0.003234,6.184,3.092,3.092,3.092,125647,0.004041,26.5
2026-08-22 14:45,TRUMP,TRUMP,2.56445,16.768,12.283,13.063,13.453,170583,0.00125,37.07
2026-08-22 14:50,BTC,BTC,77335.5,0.129,0.065,0.065,0.065,4306730,0.00125,12.63
2026-08-22 14:50,ETH,ETH,2429.1499999999996,0.412,0.206,0.206,0.206,5858145,0.00125,12.91
2026-08-22 14:50,SOL,SOL,94.1345,0.106,0.053,0.053,0.372,172739,0.00181,14.17
2026-08-22 14:50,XRP,XRP,1.50875,0.663,0.331,0.331,0.331,737058,0.005399,24.78
2026-08-22 14:50,AVAX,AVAX,7.58065,0.132,0.462,0.462,0.462,48841,0.003433,19.53
2026-08-22 14:50,LINK,LINK,11.909500000000001,0.84,0.42,0.42,0.42,98964,0.012938,46.07
2026-08-22 14:50,LTC,LTC,51.7735,0.193,1.642,2.221,2.801,30452,0.003302,21.53
2026-08-22 14:50,ADA,ADA,0.226725,0.441,0.221,0.221,0.221,69437,0.001632,14.01
2026-08-22 14:50,DOT,DOT,0.930635,0.107,0.054,0.054,0.054,26028,0.00125,12.61
2026-08-22 14:50,UNI,UNI,4.2571,1.879,0.94,0.94,0.94,34951,0.010486,40.24
2026-08-22 14:50,AAVE,AAVE,125.49000000000001,3.188,1.594,1.594,3.188,256290,0.013763,50.72
2026-08-22 14:50,ARB,ARB,0.099195,1.008,0.504,1.512,2.52,61411,0.00125,13.51
2026-08-22 14:50,POL,POL,0.107815,0.928,0.464,1.391,2.319,31284,0.00125,13.43
2026-08-22 14:50,RENDER,RENDER,1.4911500000000002,2.012,1.006,5.03,5.7,17341,0.004742,24.29
2026-08-22 14:50,DOGE,DOGE,0.0918715,0.109,0.054,0.054,0.054,62359,0.006182,26.42
2026-08-22 14:50,SHIB,kSHIB,0.0055295,1.808,2.713,2.713,2.713,96513,0.00125,17.93
2026-08-22 14:50,PEPE,kPEPE,0.004033500000000001,2.479,1.24,1.24,1.24,301732,0.006526,29.75
2026-08-22 14:50,WIF,WIF,0.20227,3.955,2.966,3.955,3.955,41631,0.00125,18.43
2026-08-22 14:50,BONK,kBONK,0.0032240000000000003,6.203,3.102,3.102,3.102,157472,0.003899,26.12
2026-08-22 14:50,TRUMP,TRUMP,2.5189500000000002,0.397,3.374,3.374,3.374,129563,0.00125,19.25
2026-08-22 14:55,BTC,BTC,77366.5,0.129,0.065,0.065,0.065,3131848,0.00125,12.63
2026-08-22 14:55,ETH,ETH,2429.55,0.412,0.206,0.206,0.206,5831075,0.00125,12.91
2026-08-22 14:55,SOL,SOL,94.0545,0.106,0.053,0.053,0.053,86452,0.00173,13.95
2026-08-22 14:55,XRP,XRP,1.5075500000000002,0.663,0.332,0.332,0.332,977013,0.005302,24.51
2026-08-22 14:55,AVAX,AVAX,7.5604499999999994,0.132,0.066,0.066,0.066,41569,0.003407,18.67
2026-08-22 14:55,LINK,LINK,11.872499999999999,0.842,0.421,0.421,0.421,172083,0.013108,46.54
2026-08-22 14:55,LTC,LTC,51.7115,0.58,0.29,0.483,0.483,39812,0.003098,18.26
2026-08-22 14:55,ADA,ADA,0.226495,0.442,0.221,0.662,0.662,105811,0.001512,13.68
2026-08-22 14:55,DOT,DOT,0.92698,3.021,1.51,1.618,1.618,21024,0.00125,15.52
2026-08-22 14:55,UNI,UNI,4.2485,0.942,0.471,0.471,0.706,38686,0.010297,38.77
2026-08-22 14:55,AAVE,AAVE,125.445,0.797,0.399,0.399,0.399,114953,0.013631,47.96
2026-08-22 14:55,ARB,ARB,0.09865499999999999,1.014,0.507,0.507,0.507,77581,0.00125,13.51
2026-08-22 14:55,POL,POL,0.107565,0.93,3.254,5.113,5.113,29102,0.00125,19.01
2026-08-22 14:55,RENDER,RENDER,1.488,1.344,3.36,4.032,4.032,15608,0.004708,28.9
2026-08-22 14:55,DOGE,DOGE,0.0917945,0.109,0.054,0.054,0.054,64762,0.00705,28.85
2026-08-22 14:55,SHIB,kSHIB,0.0055084999999999995,1.815,0.908,2.723,2.723,190223,0.00125,14.32
2026-08-22 14:55,PEPE,kPEPE,0.0040095,2.494,1.247,1.247,1.247,311239,0.006496,29.68
2026-08-22 14:55,WIF,WIF,0.201315,3.477,3.229,5.216,6.706,37499,0.00125,18.96
2026-08-22 14:55,BONK,kBONK,0.003202,6.246,3.123,3.123,3.123,145313,0.003715,25.65
2026-08-22 14:55,TRUMP,TRUMP,2.49535,5.21,2.605,2.605,2.605,160964,0.00125,17.71
2026-08-22 15:00,BTC,BTC,77361.5,0.129,0.065,0.065,0.065,2434726,0.001686,13.85
2026-08-22 15:00,ETH,ETH,2429.75,0.412,0.206,0.206,0.206,5233787,0.00125,12.91
2026-08-22 15:00,SOL,SOL,93.9015,0.106,0.053,0.053,0.053,160476,0.00125,12.61
2026-08-22 15:00,XRP,XRP,1.5058500000000001,0.664,0.332,0.332,0.332,535568,0.004583,22.5
2026-08-22 15:00,AVAX,AVAX,7.56295,1.983,0.992,1.124,1.124,33770,0.003571,20.98
2026-08-22 15:00,LINK,LINK,11.8945,0.841,3.783,4.624,5.465,163940,0.012802,52.41
2026-08-22 15:00,LTC,LTC,51.71,0.387,0.193,0.387,0.774,49156,0.00125,12.89
2026-08-22 15:00,ADA,ADA,0.22626000000000002,0.884,0.442,0.884,1.326,93333,0.00125,13.38
2026-08-22 15:00,DOT,DOT,0.9281600000000001,0.215,0.108,0.215,0.215,21617,0.00125,12.72
2026-08-22 15:00,UNI,UNI,4.2639,0.938,0.469,0.469,0.704,37464,0.010898,40.45
2026-08-22 15:00,AAVE,AAVE,125.8,3.18,1.59,1.59,1.59,118291,0.015664,56.04
2026-08-22 15:00,ARB,ARB,0.098685,3.04,1.52,1.52,2.533,49692,0.00125,15.54
2026-08-22 15:00,POL,POL,0.1066,1.876,3.752,4.69,8.443,20053,0.00125,20.0
2026-08-22 15:00,RENDER,RENDER,1.4888,2.687,2.015,2.687,2.687,29285,0.007543,34.15
2026-08-22 15:00,DOGE,DOGE,0.091757,1.308,0.654,0.654,0.654,38388,0.014872,51.95
2026-08-22 15:00,SHIB,kSHIB,0.0054985,1.819,0.909,2.728,4.547,186960,0.00125,14.32
2026-08-22 15:00,PEPE,kPEPE,0.0039924999999999995,2.505,1.252,1.252,3.757,299682,0.009015,36.75
2026-08-22 15:00,WIF,WIF,0.201045,3.482,2.238,4.725,5.223,55459,0.00125,16.98
2026-08-22 15:00,BONK,kBONK,0.0031955,3.129,1.565,1.565,1.565,130051,0.001586,16.57
2026-08-22 15:00,TRUMP,TRUMP,2.48305,14.096,7.048,7.048,7.451,173796,0.00125,26.6
2026-08-22 15:05,BTC,BTC,77269.5,0.129,0.065,0.065,0.065,3746037,0.001619,13.66
2026-08-22 15:05,ETH,ETH,2427.3500000000004,0.412,0.206,0.206,0.206,3922663,0.00125,12.91
2026-08-22 15:05,SOL,SOL,93.8625,0.107,1.332,1.758,2.504,92119,0.00125,15.16
2026-08-22 15:05,XRP,XRP,1.50725,0.663,0.332,0.332,0.332,649941,0.003604,19.76
2026-08-22 15:05,AVAX,AVAX,7.5657499999999995,0.132,0.066,0.066,0.066,19820,0.002519,16.19
2026-08-22 15:05,LINK,LINK,11.8995,0.84,2.101,2.101,2.101,173820,0.014324,53.31
2026-08-22 15:05,LTC,LTC,51.7585,0.58,0.29,1.063,1.449,40974,0.001521,13.84
2026-08-22 15:05,ADA,ADA,0.226225,0.442,1.547,3.315,3.315,80936,0.00125,15.59
2026-08-22 15:05,DOT,DOT,0.929435,0.108,0.054,0.054,0.054,13667,0.00125,12.61
2026-08-22 15:05,UNI,UNI,4.276249999999999,2.572,1.286,1.286,1.52,43766,0.009242,37.45
2026-08-22 15:05,AAVE,AAVE,125.67500000000001,0.796,0.398,0.398,0.398,102824,0.013118,46.53
2026-08-22 15:05,ARB,ARB,0.098795,1.012,0.506,1.518,1.518,62701,0.00125,13.51
2026-08-22 15:05,POL,POL,0.10705,1.868,0.934,0.934,0.934,25082,0.00125,14.37
2026-08-22 15:05,RENDER,RENDER,1.4884499999999998,2.016,1.68,1.68,5.039,29227,0.003498,22.15
2026-08-22 15:05,DOGE,DOGE,0.0918355,1.198,0.599,0.599,0.599,54143,0.013842,48.96
2026-08-22 15:05,SHIB,kSHIB,0.0055060000000000005,3.632,1.816,1.816,3.632,199589,0.00125,16.13
2026-08-22 15:05,PEPE,kPEPE,0.004000500000000001,2.5,1.25,1.25,1.25,347982,0.005938,28.13
2026-08-22 15:05,WIF,WIF,0.20013999999999998,2.998,2.498,2.998,4.497,35669,0.00125,17.5
2026-08-22 15:05,BONK,kBONK,0.0032135,3.112,1.556,1.556,1.556,169938,0.001526,16.38
2026-08-22 15:05,TRUMP,TRUMP,2.48055,2.016,1.008,1.008,3.427,121175,0.00125,14.52
2026-08-22 15:10,BTC,BTC,77295.5,0.129,0.065,0.065,0.065,2724622,0.001474,13.26
2026-08-22 15:10,ETH,ETH,2429.3500000000004,0.412,0.206,0.206,0.206,4677959,0.00125,12.91
2026-08-22 15:10,SOL,SOL,93.9915,0.106,0.372,0.372,0.372,104697,0.00125,13.24
2026-08-22 15:10,XRP,XRP,1.5037500000000001,0.665,0.333,0.333,0.333,715616,0.003767,20.21
2026-08-22 15:10,AVAX,AVAX,7.56545,0.132,1.917,2.181,2.313,46821,0.002534,19.93
2026-08-22 15:10,LINK,LINK,11.8955,0.841,3.783,3.783,3.783,179648,0.014397,56.88
2026-08-22 15:10,LTC,LTC,51.908500000000004,0.193,0.096,0.096,0.096,55847,0.001423,13.18
2026-08-22 15:10,ADA,ADA,0.226325,0.442,1.105,1.546,2.43,61250,0.001582,15.64
2026-08-22 15:10,DOT,DOT,0.931235,2.04,1.02,1.02,1.02,20256,0.00125,14.54
2026-08-22 15:10,UNI,UNI,4.2988,2.791,1.396,1.396,1.396,39133,0.011061,42.76
2026-08-22 15:10,AAVE,AAVE,126.025,2.38,1.19,3.571,3.571,140695,0.014212,51.17
2026-08-22 15:10,ARB,ARB,0.09875,2.025,2.025,3.038,4.051,90161,0.00125,16.55
2026-08-22 15:10,POL,POL,0.10697999999999999,1.87,3.739,3.739,3.739,23025,0.00125,19.98
2026-08-22 15:10,RENDER,RENDER,1.49305,3.349,5.023,5.023,6.363,16167,0.003062,27.62
2026-08-22 15:10,DOGE,DOGE,0.0920085,1.196,0.598,0.598,0.598,32140,0.015469,53.51
2026-08-22 15:10,SHIB,kSHIB,0.0055084999999999995,1.815,0.908,2.723,4.538,184692,0.00125,14.32
2026-08-22 15:10,PEPE,kPEPE,0.0040225,2.486,1.243,1.243,1.243,364771,0.006316,29.17
2026-08-22 15:10,WIF,WIF,0.199895,2.501,4.752,5.253,6.253,36068,0.00125,22.0
2026-08-22 15:10,BONK,kBONK,0.0032095,3.116,1.558,1.558,1.558,151578,0.00125,15.62
2026-08-22 15:10,TRUMP,TRUMP,2.4739,4.042,2.021,2.021,2.021,139582,0.00125,16.54
2026-08-22 15:15,BTC,BTC,77279.5,0.129,0.065,0.065,0.065,1669037,0.001355,12.92
2026-08-22 15:15,ETH,ETH,2427.95,0.412,0.618,0.618,0.618,4207567,0.00125,13.74
2026-08-22 15:15,SOL,SOL,94.05000000000001,0.425,0.213,0.213,0.213,172112,0.00125,12.93
2026-08-22 15:15,XRP,XRP,1.5008499999999998,0.666,0.333,0.333,0.333,860694,0.004148,21.28
2026-08-22 15:15,AVAX,AVAX,7.56465,0.132,0.991,0.991,0.991,57411,0.002869,19.02
2026-08-22 15:15,LINK,LINK,11.866,1.685,0.843,0.843,0.843,185027,0.015222,53.31
2026-08-22 15:15,LTC,LTC,51.8765,0.193,1.446,1.639,1.831,26576,0.001504,16.1
2026-08-22 15:15,ADA,ADA,0.226605,0.441,1.103,1.545,1.545,101195,0.001784,16.2
2026-08-22 15:15,DOT,DOT,0.93189,0.429,1.395,1.502,1.502,24063,0.00125,15.29
2026-08-22 15:15,UNI,UNI,4.28905,0.699,0.35,0.35,0.35,43181,0.011604,42.19
2026-08-22 15:15,AAVE,AAVE,126.155,0.793,0.396,0.396,0.396,271830,0.01489,51.48
2026-08-22 15:15,ARB,ARB,0.098895,3.034,1.517,2.528,2.528,54811,0.00125,15.53
2026-08-22 15:15,POL,POL,0.106465,0.939,0.47,0.47,0.47,23427,0.00125,13.44
2026-08-22 15:15,RENDER,RENDER,1.4947499999999998,0.669,8.363,9.032,9.032,29008,0.002705,33.3
2026-08-22 15:15,DOGE,DOGE,0.0917405,0.109,4.306,4.306,4.306,20962,0.015874,62.06
2026-08-22 15:15,SHIB,kSHIB,0.005502,3.635,3.635,3.635,5.453,170322,0.00125,19.77
2026-08-22 15:15,PEPE,kPEPE,0.004004499999999999,2.497,1.249,1.249,3.746,393775,0.006374,29.34
2026-08-22 15:15,WIF,WIF,0.199555,2.506,2.255,2.255,4.259,35024,0.00125,17.01
2026-08-22 15:15,BONK,kBONK,0.0032025,3.123,1.561,4.684,4.684,124608,0.00125,15.62
2026-08-22 15:15,TRUMP,TRUMP,2.4771,1.615,0.807,0.807,0.807,175893,0.00125,14.11
2026-08-22 15:20,BTC,BTC,77180.5,0.13,0.065,0.065,0.065,2554088,0.00125,12.63
2026-08-22 15:20,ETH,ETH,2423.95,0.413,0.206,0.206,0.206,5709147,0.00125,12.91
2026-08-22 15:20,SOL,SOL,93.71549999999999,0.107,0.053,0.053,0.053,208203,0.00125,12.61
2026-08-22 15:20,XRP,XRP,1.49615,0.668,0.334,0.334,0.334,674589,0.00421,21.46
2026-08-22 15:20,AVAX,AVAX,7.5291,1.328,1.063,1.727,1.859,26986,0.002511,18.16
2026-08-22 15:20,LINK,LINK,11.786000000000001,3.394,1.697,2.545,2.545,115882,0.015276,55.17
2026-08-22 15:20,LTC,LTC,51.7015,0.58,0.29,0.484,0.484,20923,0.001427,13.57
2026-08-22 15:20,ADA,ADA,0.225505,0.443,0.222,0.222,0.222,146739,0.001512,13.68
2026-08-22 15:20,DOT,DOT,0.926955,0.108,0.054,0.054,0.054,15809,0.00125,12.61
2026-08-22 15:20,UNI,UNI,4.241199999999999,0.943,0.472,0.472,0.472,53743,0.011136,41.12
2026-08-22 15:20,AAVE,AAVE,125.765,7.156,3.578,4.373,4.373,137720,0.015484,59.51
2026-08-22 15:20,ARB,ARB,0.09820000000000001,4.073,2.037,2.037,2.037,64888,0.00125,16.57
2026-08-22 15:20,POL,POL,0.106655,0.938,2.344,4.219,5.157,19057,0.00187,18.92
2026-08-22 15:20,RENDER,RENDER,1.4879,1.344,0.672,2.016,4.033,29046,0.002348,16.92
2026-08-22 15:20,DOGE,DOGE,0.09129799999999999,1.972,0.986,0.986,0.986,74600,0.015969,55.68
2026-08-22 15:20,SHIB,kSHIB,0.0054789999999999995,3.65,1.825,3.65,3.65,95460,0.00125,16.15
2026-08-22 15:20,PEPE,kPEPE,0.0039805,2.512,3.768,3.768,3.768,338259,0.005947,33.19
2026-08-22 15:20,WIF,WIF,0.19796,6.062,3.031,3.536,4.041,31852,0.00125,18.56
2026-08-22 15:20,BONK,kBONK,0.0031805,3.144,1.572,4.716,4.716,124949,0.00125,15.64
2026-08-22 15:20,TRUMP,TRUMP,2.45025,5.306,2.653,2.653,2.653,147975,0.00125,17.81
2026-08-22 15:25,BTC,BTC,77301.5,0.129,0.065,0.065,0.065,4372254,0.00125,12.63
2026-08-22 15:25,ETH,ETH,2430.3500000000004,0.411,0.206,0.206,0.206,6028798,0.00125,12.91
2026-08-22 15:25,SOL,SOL,94.0995,0.319,0.159,0.159,0.159,478070,0.00125,12.82
2026-08-22 15:25,XRP,XRP,1.5067499999999998,0.664,0.332,0.332,0.332,1146933,0.004042,20.98
2026-08-22 15:25,AVAX,AVAX,7.5557,3.971,1.985,2.118,2.118,28948,0.002219,19.18
2026-08-22 15:25,LINK,LINK,11.8475,2.532,1.266,1.266,1.266,138530,0.014828,53.05
2026-08-22 15:25,LTC,LTC,51.950500000000005,0.192,0.096,0.096,0.096,53798,0.00143,13.2
2026-08-22 15:25,ADA,ADA,0.2274,0.88,0.44,0.44,0.44,125070,0.001567,14.27
2026-08-22 15:25,DOT,DOT,0.92989,2.581,2.473,2.688,2.904,17242,0.00125,17.45
2026-08-22 15:25,UNI,UNI,4.26285,2.111,1.056,1.056,1.056,42215,0.011134,42.29
2026-08-22 15:25,AAVE,AAVE,125.47999999999999,1.594,0.797,1.594,1.594,130903,0.015422,53.77
2026-08-22 15:25,ARB,ARB,0.09867000000000001,2.027,1.013,1.013,1.013,41856,0.00125,14.53
2026-08-22 15:25,POL,POL,0.108155,2.774,4.161,8.784,10.633,13839,0.002517,24.37
2026-08-22 15:25,RENDER,RENDER,1.49375,4.686,2.343,3.013,7.029,35930,0.002508,20.71
2026-08-22 15:25,DOGE,DOGE,0.0917345,0.109,0.055,0.055,0.055,53461,0.016039,54.02
2026-08-22 15:25,SHIB,kSHIB,0.0055155,1.813,0.907,2.72,4.533,175763,0.00125,14.31
2026-08-22 15:25,PEPE,kPEPE,0.004014,4.983,2.491,2.491,2.491,368159,0.006163,31.24
2026-08-22 15:25,WIF,WIF,0.200875,3.485,5.227,5.227,7.716,31524,0.00125,22.95
2026-08-22 15:25,BONK,kBONK,0.003218,6.215,3.108,3.108,6.215,132095,0.00125,18.72
2026-08-22 15:25,TRUMP,TRUMP,2.46035,0.406,0.203,0.203,0.203,112894,0.00125,12.91
2026-08-22 15:30,BTC,BTC,77244.5,0.129,0.065,0.065,0.065,4684797,0.00125,12.63
2026-08-22 15:30,ETH,ETH,2428.75,0.412,0.206,0.206,0.206,6806319,0.00125,12.91
2026-08-22 15:30,SOL,SOL,93.9885,0.106,0.053,0.053,0.053,272609,0.00125,12.61
2026-08-22 15:30,XRP,XRP,1.5052500000000002,0.664,2.325,2.325,2.325,602048,0.00397,24.77
2026-08-22 15:30,AVAX,AVAX,7.54985,0.132,0.066,0.066,0.066,30829,0.002057,14.89
2026-08-22 15:30,LINK,LINK,11.8345,0.845,0.422,0.422,0.422,183768,0.014465,50.35
2026-08-22 15:30,LTC,LTC,51.9435,0.193,0.866,1.251,1.444,24496,0.001342,14.49
2026-08-22 15:30,ADA,ADA,0.226695,0.441,2.867,3.308,3.75,134079,0.001409,18.68
2026-08-22 15:30,DOT,DOT,0.929855,0.108,1.882,1.99,1.99,23432,0.00125,16.26
2026-08-22 15:30,UNI,UNI,4.2488,1.883,0.941,0.941,0.941,36413,0.010836,41.22
2026-08-22 15:30,AAVE,AAVE,125.835,2.384,1.192,1.192,1.192,110263,0.015429,54.59
2026-08-22 15:30,ARB,ARB,0.09864,2.028,1.014,2.028,3.041,60323,0.00125,14.53
2026-08-22 15:30,POL,POL,0.10825499999999999,0.924,5.081,6.004,6.004,21217,0.002579,26.38
2026-08-22 15:30,RENDER,RENDER,1.49255,4.69,4.355,4.355,7.705,18202,0.002774,25.48
2026-08-22 15:30,DOGE,DOGE,0.0916785,0.109,0.055,0.382,0.382,28313,0.016128,54.27
2026-08-22 15:30,SHIB,kSHIB,0.005516500000000001,1.813,2.719,2.719,2.719,228610,0.00125,17.94
2026-08-22 15:30,PEPE,kPEPE,0.0040025,2.498,3.748,3.748,3.748,369489,0.006245,33.98
2026-08-22 15:30,WIF,WIF,0.20179000000000002,3.965,5.947,7.929,11.398,20907,0.00125,24.39
2026-08-22 15:30,BONK,kBONK,0.0032040000000000003,6.242,3.121,3.121,6.242,159635,0.00125,18.74
2026-08-22 15:30,TRUMP,TRUMP,2.4625500000000002,4.467,2.233,2.233,2.64,123946,0.00125,16.97
2026-08-22 15:35,BTC,BTC,77177.5,0.13,0.065,0.065,0.065,4487114,0.00125,12.63
2026-08-22 15:35,ETH,ETH,2425.6499999999996,0.412,0.206,0.206,0.206,7081070,0.00125,12.91
2026-08-22 15:35,SOL,SOL,93.7435,0.107,0.053,0.053,0.053,287654,0.00125,12.61
2026-08-22 15:35,XRP,XRP,1.4978,1.335,0.668,2.671,3.338,357474,0.00378,20.92
2026-08-22 15:35,AVAX,AVAX,7.53495,0.133,0.066,0.066,0.066,62100,0.001937,14.56
2026-08-22 15:35,LINK,LINK,11.797,1.695,0.848,0.848,0.848,175975,0.013872,49.54
2026-08-22 15:35,LTC,LTC,51.7635,0.58,0.29,0.29,0.29,31445,0.00125,13.08
2026-08-22 15:35,ADA,ADA,0.225725,0.443,0.222,0.222,0.222,130462,0.00125,12.94
2026-08-22 15:35,DOT,DOT,0.926085,0.972,0.486,0.486,0.486,22308,0.00125,13.47
2026-08-22 15:35,UNI,UNI,4.21805,0.237,0.119,3.912,4.149,57329,0.010744,39.32
2026-08-22 15:35,AAVE,AAVE,124.195,12.078,6.039,6.844,6.844,127715,0.014563,61.85
2026-08-22 15:35,ARB,ARB,0.098195,1.018,0.509,1.528,2.546,35508,0.00125,13.52
2026-08-22 15:35,POL,POL,0.107575,0.93,0.465,1.394,6.972,22343,0.002492,16.91
2026-08-22 15:35,RENDER,RENDER,1.4856500000000001,2.019,1.01,2.356,3.702,10969,0.002702,18.59
2026-08-22 15:35,DOGE,DOGE,0.09118599999999999,1.535,0.768,0.877,0.877,92947,0.015774,54.7
2026-08-22 15:35,SHIB,kSHIB,0.0055,3.636,1.818,3.636,3.636,112946,0.00125,16.14
2026-08-22 15:35,PEPE,kPEPE,0.0039875,2.508,1.254,1.254,1.254,354551,0.006301,29.15
2026-08-22 15:35,WIF,WIF,0.20031500000000002,1.498,3.744,7.239,8.237,10592,0.00125,19.99
2026-08-22 15:35,BONK,kBONK,0.0031815,3.143,1.572,1.572,4.715,166140,0.00125,15.64
2026-08-22 15:35,TRUMP,TRUMP,2.4343500000000002,0.411,0.205,0.205,0.205,111184,0.00125,12.91
2026-08-22 15:40,BTC,BTC,77183.5,0.13,0.065,0.065,0.065,3572070,0.00125,12.63
2026-08-22 15:40,ETH,ETH,2424.95,0.412,0.206,0.206,0.206,7012814,0.00125,12.91
2026-08-22 15:40,SOL,SOL,93.7305,0.107,0.053,0.053,0.053,535865,0.00125,12.61
2026-08-22 15:40,XRP,XRP,1.4955500000000002,0.669,0.334,0.334,0.334,937714,0.003442,19.31
2026-08-22 15:40,AVAX,AVAX,7.53125,0.133,0.066,0.066,0.066,35967,0.001689,13.86
2026-08-22 15:40,LINK,LINK,11.7995,0.847,0.424,1.271,1.271,179013,0.013351,47.23
2026-08-22 15:40,LTC,LTC,51.8515,0.579,0.289,0.482,0.675,28588,0.00125,13.08
2026-08-22 15:40,ADA,ADA,0.22543000000000002,0.887,0.444,0.444,0.444,142505,0.00125,13.39
2026-08-22 15:40,DOT,DOT,0.926045,0.108,2.538,2.97,3.078,19032,0.00125,17.58
2026-08-22 15:40,UNI,UNI,4.22055,0.237,0.118,0.118,0.118,43996,0.010667,39.11
2026-08-22 15:40,AAVE,AAVE,124.765,0.802,0.401,1.202,2.004,45391,0.014301,49.84
2026-08-22 15:40,ARB,ARB,0.09823,2.036,1.018,1.018,1.018,61299,0.00125,14.54
2026-08-22 15:40,POL,POL,0.10733999999999999,1.863,0.932,0.932,0.932,27304,0.002595,18.13
2026-08-22 15:40,RENDER,RENDER,1.4843,2.695,1.347,2.695,4.042,24507,0.002681,19.2
2026-08-22 15:40,DOGE,DOGE,0.090979,0.22,3.078,3.078,3.078,48640,0.014707,56.33
2026-08-22 15:40,SHIB,kSHIB,0.0054935,1.82,2.73,2.73,2.73,198171,0.00125,17.96
2026-08-22 15:40,PEPE,kPEPE,0.0039900000000000005,5.013,2.506,2.506,2.506,409517,0.006312,31.69
2026-08-22 15:40,WIF,WIF,0.19979999999999998,1.001,4.505,7.508,9.009,31210,0.00125,21.51
2026-08-22 15:40,BONK,kBONK,0.003181,6.287,3.144,3.144,3.144,139757,0.00125,18.79
2026-08-22 15:40,TRUMP,TRUMP,2.51975,1.191,0.595,0.595,0.595,87813,0.00125,13.69
2026-08-22 15:45,BTC,BTC,77206.5,0.13,0.065,0.065,0.065,1885102,0.00125,12.63
2026-08-22 15:45,ETH,ETH,2425.6499999999996,0.412,0.206,0.206,0.206,6728676,0.00125,12.91
2026-08-22 15:45,SOL,SOL,93.8315,0.107,0.053,0.053,0.053,165801,0.00125,12.61
2026-08-22 15:45,XRP,XRP,1.49715,0.668,0.334,0.334,0.334,734002,0.003175,18.56
2026-08-22 15:45,AVAX,AVAX,7.5397,0.796,0.398,0.531,0.796,25065,0.00156,14.16
2026-08-22 15:45,LINK,LINK,11.8005,0.847,0.424,0.424,0.424,112490,0.01285,45.83
2026-08-22 15:45,LTC,LTC,51.8635,0.193,0.096,0.096,1.06,44633,0.00125,12.69
2026-08-22 15:45,ADA,ADA,0.225815,0.443,1.107,1.107,2.436,139892,0.00125,14.71
2026-08-22 15:45,DOT,DOT,0.927505,0.108,1.671,1.671,1.671,20520,0.00125,15.84
2026-08-22 15:45,UNI,UNI,4.225149999999999,0.71,0.355,0.355,1.775,32250,0.010817,40.0
2026-08-22 15:45,AAVE,AAVE,125.17,1.598,1.598,2.397,2.397,98912,0.014172,51.88
2026-08-22 15:45,ARB,ARB,0.098545,3.044,2.537,2.537,3.552,65179,0.00125,17.57
2026-08-22 15:45,POL,POL,0.10741999999999999,3.724,3.724,4.655,4.655,23663,0.002673,23.93
2026-08-22 15:45,RENDER,RENDER,1.48485,2.02,3.704,4.378,6.398,11087,0.002655,23.84
2026-08-22 15:45,DOGE,DOGE,0.0912845,0.11,0.055,0.383,0.383,63659,0.013839,47.86
2026-08-22 15:45,SHIB,kSHIB,0.0054995,1.818,0.909,2.728,2.728,195473,0.00125,14.32
2026-08-22 15:45,PEPE,kPEPE,0.0039985,2.501,1.25,1.25,3.751,399501,0.006362,29.31
2026-08-22 15:45,WIF,WIF,0.199965,3.501,2.25,3.751,6.251,10874,0.00125,17.0
2026-08-22 15:45,BONK,kBONK,0.0031904999999999998,3.134,1.567,1.567,4.701,109588,0.00125,15.63
2026-08-22 15:45,TRUMP,TRUMP,2.5418000000000003,3.934,1.967,3.147,3.147,133271,0.00125,16.43
2026-08-22 15:50,BTC,BTC,77333.5,0.129,0.065,0.065,0.065,1961430,0.001263,12.67
2026-08-22 15:50,ETH,ETH,2430.1499999999996,0.411,0.206,0.206,0.206,6875083,0.00125,12.91
2026-08-22 15:50,SOL,SOL,94.1805,0.106,0.053,0.053,0.053,429509,0.00125,12.61
2026-08-22 15:50,XRP,XRP,1.5044499999999998,0.665,0.332,0.332,0.997,535934,0.003097,18.34
2026-08-22 15:50,AVAX,AVAX,7.558199999999999,0.529,0.265,0.397,1.323,20783,0.001558,13.89
2026-08-22 15:50,LINK,LINK,11.8025,0.847,0.424,0.424,0.424,114572,0.012468,44.76
2026-08-22 15:50,LTC,LTC,52.1195,0.192,0.096,0.096,0.288,43822,0.001359,13.0
2026-08-22 15:50,ADA,ADA,0.226805,0.441,0.22,0.22,0.661,123377,0.001336,13.18
2026-08-22 15:50,DOT,DOT,0.93096,0.644,0.322,0.322,0.322,19930,0.00125,13.14
2026-08-22 15:50,UNI,UNI,4.269349999999999,1.171,0.586,0.82,1.991,40314,0.011047,41.1
2026-08-22 15:50,AAVE,AAVE,125.25,1.597,3.992,3.992,3.992,92710,0.013948,56.04
2026-08-22 15:50,ARB,ARB,0.09881000000000001,2.024,1.012,1.012,1.012,58669,0.00125,14.52
2026-08-22 15:50,POL,POL,0.108305,0.923,0.462,2.308,4.155,19673,0.002738,17.59
2026-08-22 15:50,RENDER,RENDER,1.49235,3.35,4.356,4.356,5.696,12513,0.002909,25.86
2026-08-22 15:50,DOGE,DOGE,0.09162400000000001,1.965,2.947,3.056,3.165,64728,0.013119,51.63
2026-08-22 15:50,SHIB,kSHIB,0.0055385,1.806,4.514,6.319,6.319,190554,0.00125,21.53
2026-08-22 15:50,PEPE,kPEPE,0.004034,4.958,2.479,2.479,4.958,338653,0.006471,32.08
2026-08-22 15:50,WIF,WIF,0.20105499999999998,9.45,6.217,7.709,10.196,11515,0.00125,24.93
2026-08-22 15:50,BONK,kBONK,0.003214,6.223,3.111,6.223,6.223,153839,0.00125,18.72
2026-08-22 15:50,TRUMP,TRUMP,2.51715,5.165,2.582,2.582,2.582,101553,0.00125,17.66
2026-08-22 15:55,BTC,BTC,77323.5,0.129,0.065,0.065,0.065,2706612,0.00134,12.88
2026-08-22 15:55,ETH,ETH,2430.1499999999996,0.411,0.206,0.206,0.206,4756820,0.00125,12.91
2026-08-22 15:55,SOL,SOL,94.0745,0.106,0.053,0.053,0.053,264750,0.00125,12.61
2026-08-22 15:55,XRP,XRP,1.50515,0.664,0.332,0.332,0.332,771890,0.00318,18.57
2026-08-22 15:55,AVAX,AVAX,7.5547,0.265,0.265,0.397,0.927,42821,0.001455,13.6
2026-08-22 15:55,LINK,LINK,11.787500000000001,0.848,0.424,0.424,0.424,136660,0.012134,43.82
2026-08-22 15:55,LTC,LTC,52.1935,1.341,0.671,0.862,0.862,100104,0.001466,14.44
2026-08-22 15:55,ADA,ADA,0.227075,0.44,0.22,0.22,1.541,89867,0.001519,13.69
2026-08-22 15:55,DOT,DOT,0.931995,4.399,2.2,2.2,2.2,26156,0.00125,16.9
2026-08-22 15:55,UNI,UNI,4.289,2.798,1.399,1.632,2.098,38138,0.011219,43.21
2026-08-22 15:55,AAVE,AAVE,124.975,0.8,0.4,0.4,0.4,78898,0.013679,48.1
2026-08-22 15:55,ARB,ARB,0.098965,1.01,0.505,0.505,0.505,55078,0.00125,13.51
2026-08-22 15:55,POL,POL,0.10789,1.854,0.927,0.927,0.927,22850,0.002567,18.04
2026-08-22 15:55,RENDER,RENDER,1.4899499999999999,4.698,2.349,3.02,3.02,29355,0.002754,21.41
2026-08-22 15:55,DOGE,DOGE,0.0914875,0.328,0.929,0.929,0.929,81520,0.012421,45.64
2026-08-22 15:55,SHIB,kSHIB,0.005526,3.619,1.81,3.619,5.429,205746,0.00125,16.12
2026-08-22 15:55,PEPE,kPEPE,0.004031,4.962,2.481,2.481,2.481,343736,0.006466,32.07
2026-08-22 15:55,WIF,WIF,0.2007,0.997,4.484,4.484,6.976,28855,0.00125,21.47
2026-08-22 15:55,BONK,kBONK,0.0032075000000000003,3.118,1.559,1.559,4.677,138496,0.00125,15.62
2026-08-22 15:55,TRUMP,TRUMP,2.4702,4.048,2.024,2.024,2.024,200790,0.00125,16.55
2026-08-22 16:00,BTC,BTC,77355.5,0.129,0.065,0.065,0.065,2187087,0.002449,15.99
2026-08-22 16:00,ETH,ETH,2432.25,0.411,0.206,0.206,0.206,5972454,0.00125,12.91
2026-08-22 16:00,SOL,SOL,94.2695,0.106,0.053,0.053,0.053,133550,0.00125,12.61
2026-08-22 16:00,XRP,XRP,1.5021499999999999,0.666,1.664,1.664,1.664,808031,0.003494,22.11
2026-08-22 16:00,AVAX,AVAX,7.55385,0.132,1.522,1.655,2.184,33252,0.00125,15.54
2026-08-22 16:00,LINK,LINK,11.7965,0.848,2.967,2.967,3.815,172857,0.008462,38.63
2026-08-22 16:00,LTC,LTC,52.289,0.382,0.191,0.382,1.147,20563,0.003421,18.96
2026-08-22 16:00,ADA,ADA,0.22676000000000002,1.764,1.764,1.764,2.205,69777,0.00125,16.03
2026-08-22 16:00,DOT,DOT,0.93204,1.287,2.79,2.79,3.326,12529,0.00125,18.08
2026-08-22 16:00,UNI,UNI,4.31515,1.159,3.592,3.592,4.287,41131,0.012622,51.52
2026-08-22 16:00,AAVE,AAVE,124.92500000000001,0.8,0.4,0.4,0.4,85982,0.010242,38.48
2026-08-22 16:00,ARB,ARB,0.09917000000000001,6.05,3.025,3.025,6.05,73372,0.00125,18.55
2026-08-22 16:00,POL,POL,0.108005,2.778,6.018,6.944,6.944,20374,0.00125,24.54
2026-08-22 16:00,RENDER,RENDER,1.4905,4.025,2.013,2.684,2.684,28727,0.00125,16.53
2026-08-22 16:00,DOGE,DOGE,0.0914665,0.109,0.601,0.601,0.601,65814,0.005274,24.97
2026-08-22 16:00,SHIB,kSHIB,0.00553,3.617,1.808,5.425,9.042,57056,0.00125,16.12
2026-08-22 16:00,PEPE,kPEPE,0.004023499999999999,2.485,1.243,1.243,1.243,291884,0.00698,31.03
2026-08-22 16:00,WIF,WIF,0.201235,5.466,3.23,5.715,9.193,23268,0.002868,23.49
2026-08-22 16:00,BONK,kBONK,0.0031995,3.125,1.563,1.563,4.688,172945,0.00305,20.67
2026-08-22 16:00,TRUMP,TRUMP,2.46045,0.406,0.203,0.203,0.203,158186,0.00125,12.91
2026-08-22 16:05,BTC,BTC,77276.5,0.129,0.065,0.065,0.065,4175415,0.0023,15.57
2026-08-22 16:05,ETH,ETH,2427.8500000000004,0.412,0.206,0.206,0.206,5195986,0.00125,12.91
2026-08-22 16:05,SOL,SOL,94.0805,0.106,0.053,0.053,0.053,348727,0.00125,12.61
2026-08-22 16:05,XRP,XRP,1.4913500000000002,0.671,0.335,0.335,0.335,567486,0.003968,20.78
2026-08-22 16:05,AVAX,AVAX,7.51345,0.133,0.067,1.531,1.664,27040,0.00125,12.63
2026-08-22 16:05,LINK,LINK,11.7725,0.849,0.425,0.425,1.274,111720,0.007694,31.39
2026-08-22 16:05,LTC,LTC,52.081500000000005,0.96,0.672,0.672,0.672,51289,0.001617,14.87
2026-08-22 16:05,ADA,ADA,0.22571000000000002,0.886,0.443,0.886,0.886,133006,0.001402,13.81
2026-08-22 16:05,DOT,DOT,0.929945,1.613,0.806,0.806,0.806,15646,0.00125,14.11
2026-08-22 16:05,UNI,UNI,4.30535,2.09,2.207,2.207,3.136,32541,0.012129,47.38
2026-08-22 16:05,AAVE,AAVE,124.10499999999999,0.806,1.209,2.014,2.82,92944,0.008991,36.59
2026-08-22 16:05,ARB,ARB,0.09856999999999999,2.029,1.015,2.029,2.029,65591,0.00125,14.53
2026-08-22 16:05,POL,POL,0.107415,4.655,2.327,2.327,2.327,24439,0.00125,17.15
2026-08-22 16:05,RENDER,RENDER,1.4832,4.045,2.023,2.697,2.697,16585,0.00125,16.55
2026-08-22 16:05,DOGE,DOGE,0.0909085,0.11,0.055,0.055,0.055,94755,0.004643,22.11
2026-08-22 16:05,SHIB,kSHIB,0.0055049999999999995,3.633,1.817,5.45,5.45,217173,0.00125,16.13
2026-08-22 16:05,PEPE,kPEPE,0.0040165,7.469,6.224,6.224,6.224,369900,0.005483,36.8
2026-08-22 16:05,WIF,WIF,0.200275,0.499,0.25,0.25,0.25,40767,0.001292,13.12
2026-08-22 16:05,BONK,kBONK,0.0031825,9.427,4.713,4.713,4.713,162800,0.00125,21.93
2026-08-22 16:05,TRUMP,TRUMP,2.4375999999999998,2.461,1.231,1.231,1.231,148176,0.00125,14.96
2026-08-22 16:10,BTC,BTC,77122.5,0.13,0.065,0.065,0.065,6716147,0.001993,14.71
2026-08-22 16:10,ETH,ETH,2418.8500000000004,0.413,0.207,0.207,0.207,4255529,0.00125,12.91
2026-08-22 16:10,SOL,SOL,93.9395,0.106,0.053,0.053,0.053,844442,0.00125,12.61
2026-08-22 16:10,XRP,XRP,1.4875500000000001,0.672,0.336,0.336,0.336,689697,0.003164,18.53
2026-08-22 16:10,AVAX,AVAX,7.49495,0.133,0.067,0.067,0.067,32803,0.00125,12.63
2026-08-22 16:10,LINK,LINK,11.7625,0.85,0.425,1.275,1.275,214572,0.007234,30.1
2026-08-22 16:10,LTC,LTC,51.931,1.541,0.77,0.963,0.963,75940,0.001402,14.46
2026-08-22 16:10,ADA,ADA,0.2247,0.89,1.78,1.78,1.78,142559,0.00125,16.06
2026-08-22 16:10,DOT,DOT,0.925055,2.27,1.459,2.108,2.54,14058,0.00125,15.42
2026-08-22 16:10,UNI,UNI,4.2737,1.872,0.936,1.638,1.872,50459,0.012143,44.87
2026-08-22 16:10,AAVE,AAVE,124.26,4.829,2.414,4.024,4.024,213392,0.009153,39.46
2026-08-22 16:10,ARB,ARB,0.09827,2.035,1.018,1.018,1.018,90771,0.00125,14.54
2026-08-22 16:10,POL,POL,0.10783999999999999,1.855,4.636,6.491,7.418,24644,0.001256,21.79
2026-08-22 16:10,RENDER,RENDER,1.4762499999999998,3.387,2.371,3.048,5.08,20112,0.001479,17.88
2026-08-22 16:10,DOGE,DOGE,0.09067249999999999,1.434,0.717,0.717,0.717,68214,0.004641,23.43
2026-08-22 16:10,SHIB,kSHIB,0.005478500000000001,1.825,2.738,2.738,4.563,201122,0.00125,17.98
2026-08-22 16:10,PEPE,kPEPE,0.003997499999999999,2.502,3.752,3.752,3.752,399198,0.004902,30.23
2026-08-22 16:10,WIF,WIF,0.199595,3.507,4.76,7.766,8.267,8367,0.00125,22.02
2026-08-22 16:10,BONK,kBONK,0.003173,6.303,3.152,3.152,6.303,173899,0.00125,18.8
2026-08-22 16:10,TRUMP,TRUMP,2.40965,0.415,1.867,1.867,1.867,150401,0.00125,16.23
2026-08-22 16:15,BTC,BTC,77122.5,0.13,0.065,0.065,0.065,3193706,0.001895,14.44
2026-08-22 16:15,ETH,ETH,2420.55,0.413,0.62,0.62,0.62,4244928,0.00125,13.74
2026-08-22 16:15,SOL,SOL,93.94149999999999,0.106,0.053,0.053,0.266,219312,0.00125,12.61
2026-08-22 16:15,XRP,XRP,1.4896500000000001,0.671,0.336,0.336,0.336,636803,0.002945,17.92
2026-08-22 16:15,AVAX,AVAX,7.4971499999999995,0.133,0.067,1.267,1.401,54473,0.00125,12.63
2026-08-22 16:15,LINK,LINK,11.773499999999999,0.849,0.425,0.425,0.425,201890,0.007593,31.11
2026-08-22 16:15,LTC,LTC,51.967,2.694,5.388,5.773,6.158,89363,0.0017,24.54
2026-08-22 16:15,ADA,ADA,0.22552499999999998,1.33,0.665,1.552,2.439,70445,0.00125,13.83
2026-08-22 16:15,DOT,DOT,0.927305,0.108,1.887,1.995,2.426,13224,0.00125,16.27
2026-08-22 16:15,UNI,UNI,4.27125,2.107,1.054,1.522,1.756,33711,0.012372,45.75
2026-08-22 16:15,AAVE,AAVE,124.10499999999999,0.806,4.432,4.432,5.238,100634,0.00924,43.73
2026-08-22 16:15,ARB,ARB,0.09848,2.031,1.015,1.015,1.015,97929,0.00125,14.53
2026-08-22 16:15,POL,POL,0.10808999999999999,1.85,0.925,2.775,4.626,22794,0.00125,14.35
2026-08-22 16:15,RENDER,RENDER,1.47805,2.03,1.691,2.368,3.721,15049,0.002542,19.5
2026-08-22 16:15,DOGE,DOGE,0.0909115,0.11,0.935,1.375,1.705,72725,0.005254,25.58
2026-08-22 16:15,SHIB,kSHIB,0.0055055,1.816,2.725,4.541,4.541,196604,0.00125,17.95
2026-08-22 16:15,PEPE,kPEPE,0.0040055,2.497,3.745,3.745,3.745,436612,0.004454,28.96
2026-08-22 16:15,WIF,WIF,0.20033,2.995,2.995,5.491,8.486,11599,0.00162,19.53
2026-08-22 16:15,BONK,kBONK,0.0031395,9.556,4.778,4.778,7.963,140326,0.00125,22.06
2026-08-22 16:15,TRUMP,TRUMP,2.38945,0.419,0.209,0.209,0.209,124668,0.00125,12.92
2026-08-22 16:20,BTC,BTC,77085.5,0.13,0.065,0.065,0.065,4532769,0.001759,14.05
2026-08-22 16:20,ETH,ETH,2417.1499999999996,0.414,0.207,0.207,0.207,4457130,0.00125,12.91
2026-08-22 16:20,SOL,SOL,93.8735,0.107,0.053,0.053,0.053,405538,0.00125,12.61
2026-08-22 16:20,XRP,XRP,1.48875,0.672,0.336,0.336,0.336,704896,0.002908,17.81
2026-08-22 16:20,AVAX,AVAX,7.49535,0.133,0.467,0.467,0.467,12690,0.00125,13.43
2026-08-22 16:20,LINK,LINK,11.755500000000001,0.851,0.425,0.425,0.425,204307,0.007583,31.08
2026-08-22 16:20,LTC,LTC,52.0445,0.192,0.865,1.633,2.018,35776,0.001937,16.15
2026-08-22 16:20,ADA,ADA,0.224965,0.445,0.222,0.222,0.667,100470,0.00125,12.94
2026-08-22 16:20,DOT,DOT,0.92772,0.431,0.216,0.216,0.431,11422,0.00125,12.93
2026-08-22 16:20,UNI,UNI,4.29305,0.233,0.349,0.349,1.514,54892,0.012423,44.48
2026-08-22 16:20,AAVE,AAVE,123.41,1.621,0.81,0.81,0.81,291291,0.008513,34.46
2026-08-22 16:20,ARB,ARB,0.098335,1.017,0.508,0.508,1.525,61866,0.00125,13.52
2026-08-22 16:20,POL,POL,0.10839499999999999,0.923,3.229,3.229,3.229,20614,0.00125,18.96
2026-08-22 16:20,RENDER,RENDER,1.4772,1.354,3.385,3.385,5.416,17931,0.00277,23.53
2026-08-22 16:20,DOGE,DOGE,0.09085750000000001,1.871,0.936,1.376,1.596,179701,0.005377,25.93
2026-08-22 16:20,SHIB,kSHIB,0.0055005,1.818,0.909,2.727,4.545,212492,0.00125,14.32
2026-08-22 16:20,PEPE,kPEPE,0.003991,5.011,2.506,2.506,2.506,556080,0.003472,23.73
2026-08-22 16:20,WIF,WIF,0.200685,3.488,1.744,1.744,4.734,40915,0.001551,16.83
2026-08-22 16:20,BONK,kBONK,0.0031375,3.187,1.594,1.594,1.594,156428,0.00125,15.69
2026-08-22 16:20,TRUMP,TRUMP,2.39295,0.418,0.209,0.209,0.209,202966,0.00125,12.92
2026-08-22 16:25,BTC,BTC,77072.5,0.13,0.065,0.065,0.065,4021829,0.001694,13.87
2026-08-22 16:25,ETH,ETH,2416.95,0.414,0.207,0.207,0.207,5578314,0.00125,12.91
2026-08-22 16:25,SOL,SOL,93.7245,0.107,0.053,0.053,0.053,435106,0.00125,12.61
2026-08-22 16:25,XRP,XRP,1.4852500000000002,0.673,0.337,0.337,0.337,471163,0.003054,18.23
2026-08-22 16:25,AVAX,AVAX,7.4656,0.804,1.072,1.206,1.206,30971,0.00125,14.64
2026-08-22 16:25,LINK,LINK,11.743500000000001,0.852,0.426,0.426,0.426,202823,0.007549,30.99
2026-08-22 16:25,LTC,LTC,52.072,0.384,0.192,0.192,1.152,107202,0.001914,14.74
2026-08-22 16:25,ADA,ADA,0.224835,0.445,0.222,0.667,1.112,91362,0.00125,12.94
2026-08-22 16:25,DOT,DOT,0.9276949999999999,0.108,1.132,1.671,2.857,10230,0.00125,14.76
2026-08-22 16:25,UNI,UNI,4.2703,3.278,1.639,4.684,4.918,36713,0.01202,45.93
2026-08-22 16:25,AAVE,AAVE,123.285,0.811,0.406,0.406,0.406,108661,0.007837,31.75
2026-08-22 16:25,ARB,ARB,0.09817999999999999,2.037,1.019,1.019,1.019,45333,0.00125,14.54
2026-08-22 16:25,POL,POL,0.10855999999999999,1.842,4.606,4.606,9.211,23113,0.00125,21.71
2026-08-22 16:25,RENDER,RENDER,1.4776500000000001,0.677,2.369,3.045,3.722,16910,0.002742,21.42
2026-08-22 16:25,DOGE,DOGE,0.0907055,0.11,3.914,4.024,4.575,92779,0.005648,32.64
2026-08-22 16:25,SHIB,kSHIB,0.005488,3.644,1.822,1.822,3.644,201048,0.00125,16.14
2026-08-22 16:25,PEPE,kPEPE,0.0039875,2.508,1.254,1.254,1.254,455997,0.002423,18.29
2026-08-22 16:25,WIF,WIF,0.2006,5.982,7.478,11.964,12.961,18880,0.001305,27.61
2026-08-22 16:25,BONK,kBONK,0.0031325,3.192,1.596,1.596,1.596,162573,0.00125,15.69
2026-08-22 16:25,TRUMP,TRUMP,2.39215,3.762,1.881,1.881,1.881,116543,0.00125,16.26
2026-08-22 16:30,BTC,BTC,77133.5,0.13,0.065,0.065,0.065,3067656,0.001753,14.04
2026-08-22 16:30,ETH,ETH,2420.55,0.413,0.207,0.207,0.207,6178954,0.00125,12.91
2026-08-22 16:30,SOL,SOL,93.8785,0.107,0.053,0.053,0.053,578751,0.00125,12.61
2026-08-22 16:30,XRP,XRP,1.47925,0.676,0.338,1.014,1.014,419657,0.003116,18.4
2026-08-22 16:30,AVAX,AVAX,7.4923,4.004,3.07,3.07,3.07,59075,0.00125,18.64
2026-08-22 16:30,LINK,LINK,11.7385,0.852,1.278,1.278,1.278,125138,0.007585,32.79
2026-08-22 16:30,LTC,LTC,52.042,1.153,0.576,0.961,0.961,46700,0.002077,15.97
2026-08-22 16:30,ADA,ADA,0.22481,0.89,0.445,0.445,0.445,103446,0.00125,13.39
2026-08-22 16:30,DOT,DOT,0.92746,1.509,0.755,0.863,1.294,24796,0.00125,14.01
2026-08-22 16:30,UNI,UNI,4.29455,1.164,0.582,1.746,1.979,46810,0.011172,41.44
2026-08-22 16:30,AAVE,AAVE,123.205,0.812,0.406,0.406,0.406,278911,0.007206,29.99
2026-08-22 16:30,ARB,ARB,0.09825,4.071,2.036,3.053,3.053,89269,0.00125,16.57
2026-08-22 16:30,POL,POL,0.108415,2.767,1.384,7.84,7.84,26119,0.00125,15.27
2026-08-22 16:30,RENDER,RENDER,1.47905,2.028,2.366,3.042,7.099,14871,0.002805,21.59
2026-08-22 16:30,DOGE,DOGE,0.0907815,0.11,0.936,0.936,0.936,67699,0.00586,27.28
2026-08-22 16:30,SHIB,kSHIB,0.0054824999999999995,1.824,2.736,2.736,4.56,199767,0.00125,17.97
2026-08-22 16:30,PEPE,kPEPE,0.004004,4.995,2.498,2.498,4.995,342319,0.002064,19.77
2026-08-22 16:30,WIF,WIF,0.20087,4.978,3.485,3.485,3.983,27857,0.001336,19.71
2026-08-22 16:30,BONK,kBONK,0.0031305,3.194,1.597,1.597,1.597,172312,0.00125,15.69
2026-08-22 16:30,TRUMP,TRUMP,2.39175,0.418,3.554,3.554,4.39,144885,0.00125,19.61
2026-08-22 16:35,BTC,BTC,77199.5,0.13,0.065,0.065,0.065,4331318,0.001763,14.07
2026-08-22 16:35,ETH,ETH,2423.8500000000004,0.413,0.206,0.206,0.206,5587089,0.00125,12.91
2026-08-22 16:35,SOL,SOL,94.0145,0.106,0.053,0.053,0.053,484816,0.00125,12.61
2026-08-22 16:35,XRP,XRP,1.4805000000000001,5.404,2.702,2.702,2.702,725453,0.003191,23.34
2026-08-22 16:35,AVAX,AVAX,7.51125,0.133,0.067,0.067,0.067,34402,0.00125,12.63
2026-08-22 16:35,LINK,LINK,11.76,3.401,1.701,1.701,1.701,183790,0.007788,34.21
2026-08-22 16:35,LTC,LTC,52.2785,0.191,0.096,0.096,0.096,61863,0.002218,15.4
2026-08-22 16:35,ADA,ADA,0.2258,0.886,0.443,1.329,1.771,135670,0.00125,13.39
2026-08-22 16:35,DOT,DOT,0.9299550000000001,2.043,1.022,1.022,1.022,16445,0.00125,14.54
2026-08-22 16:35,UNI,UNI,4.2787500000000005,1.169,0.584,0.584,0.584,42402,0.010625,39.92
2026-08-22 16:35,AAVE,AAVE,123.515,0.81,0.405,1.214,1.214,110594,0.006956,29.29
2026-08-22 16:35,ARB,ARB,0.09851,2.03,1.015,2.03,2.03,53258,0.00125,14.53
2026-08-22 16:35,POL,POL,0.10847499999999999,0.922,0.461,0.461,0.461,16902,0.00125,13.42
2026-08-22 16:35,RENDER,RENDER,1.48225,3.373,3.711,3.711,10.457,13889,0.002155,22.46
2026-08-22 16:35,DOGE,DOGE,0.0909375,2.969,1.485,1.595,1.595,110445,0.005899,28.49
2026-08-22 16:35,SHIB,kSHIB,0.005503,3.634,1.817,3.634,3.634,204701,0.00125,16.13
2026-08-22 16:35,PEPE,kPEPE,0.0040285,2.482,1.241,1.241,1.241,371866,0.002402,18.21
2026-08-22 16:35,WIF,WIF,0.20106000000000002,0.995,3.482,5.471,5.968,14886,0.001262,19.5
2026-08-22 16:35,BONK,kBONK,0.0031405,3.184,1.592,1.592,1.592,177339,0.00125,15.68
2026-08-22 16:35,TRUMP,TRUMP,2.4156,1.656,0.828,0.828,0.828,156354,0.00125,14.16
2026-08-22 16:40,BTC,BTC,77095.5,0.13,0.065,0.065,0.065,3601500,0.001646,13.74
2026-08-22 16:40,ETH,ETH,2418.75,0.413,0.207,0.207,0.207,5335445,0.00125,12.91
2026-08-22 16:40,SOL,SOL,93.7365,0.747,0.373,0.373,0.373,466445,0.00125,13.25
2026-08-22 16:40,XRP,XRP,1.46275,0.684,0.342,0.342,0.342,803642,0.003178,18.58
2026-08-22 16:40,AVAX,AVAX,7.4872,2.671,1.336,1.469,1.469,41419,0.00125,15.17
2026-08-22 16:40,LINK,LINK,11.7595,0.85,2.126,2.126,2.126,190075,0.00799,35.62
2026-08-22 16:40,LTC,LTC,52.037,1.153,0.577,0.769,0.769,46579,0.002235,16.41
2026-08-22 16:40,ADA,ADA,0.22498,0.889,0.444,0.889,0.889,87122,0.00125,13.39
2026-08-22 16:40,DOT,DOT,0.926725,1.187,0.809,0.917,0.917,18046,0.00125,14.12
2026-08-22 16:40,UNI,UNI,4.2628,3.753,1.877,1.877,2.346,67454,0.010143,41.15
2026-08-22 16:40,AAVE,AAVE,122.91,1.627,0.814,0.814,0.814,106201,0.006507,28.85
2026-08-22 16:40,ARB,ARB,0.09814,4.076,2.038,2.038,2.038,48364,0.00125,16.58
2026-08-22 16:40,POL,POL,0.10905500000000001,6.419,3.209,3.209,3.209,33383,0.00125,18.92
2026-08-22 16:40,RENDER,RENDER,1.4763,1.355,0.677,8.806,9.483,20461,0.001623,14.9
2026-08-22 16:40,DOGE,DOGE,0.090482,1.547,0.774,0.774,0.774,79953,0.005736,26.61
2026-08-22 16:40,SHIB,kSHIB,0.005480499999999999,1.825,0.912,2.737,4.562,121443,0.00125,14.32
2026-08-22 16:40,PEPE,kPEPE,0.0040155,2.49,1.245,1.245,1.245,380693,0.002681,19.0
2026-08-22 16:40,WIF,WIF,0.20028,4.993,2.497,2.497,4.993,52989,0.00125,17.49
2026-08-22 16:40,BONK,kBONK,0.0031335,3.191,1.596,1.596,1.596,179965,0.00125,15.69
2026-08-22 16:40,TRUMP,TRUMP,2.37695,1.262,3.155,3.155,3.155,78274,0.00125,18.81
2026-08-22 16:45,BTC,BTC,77021.5,0.13,0.065,0.065,0.065,4733158,0.001524,13.4
2026-08-22 16:45,ETH,ETH,2414.45,0.414,0.207,0.207,0.207,6139703,0.00125,12.91
2026-08-22 16:45,SOL,SOL,93.4545,0.107,0.054,0.054,0.054,241696,0.00125,12.61
2026-08-22 16:45,XRP,XRP,1.45665,0.687,0.343,0.343,0.343,567985,0.003397,19.2
2026-08-22 16:45,AVAX,AVAX,7.4744,2.141,1.07,1.07,1.07,48468,0.00125,14.64
2026-08-22 16:45,LINK,LINK,11.726500000000001,0.853,0.426,0.426,0.426,163374,0.007974,32.18
2026-08-22 16:45,LTC,LTC,51.6815,1.354,0.871,0.871,1.838,32046,0.002179,16.84
2026-08-22 16:45,ADA,ADA,0.224195,0.446,0.223,0.223,1.561,134001,0.00125,12.95
2026-08-22 16:45,DOT,DOT,0.924175,2.922,2.759,2.759,2.867,18987,0.00125,18.02
2026-08-22 16:45,UNI,UNI,4.2600999999999996,0.469,1.878,2.582,2.582,50980,0.009723,39.98
2026-08-22 16:45,AAVE,AAVE,123.135,2.436,1.218,2.03,2.03,130232,0.006241,28.91
2026-08-22 16:45,ARB,ARB,0.09786,2.044,1.022,3.066,4.087,42382,0.00125,14.54
2026-08-22 16:45,POL,POL,0.10860500000000001,4.604,2.302,3.223,5.985,21367,0.00125,17.1
2026-08-22 16:45,RENDER,RENDER,1.4722499999999998,6.113,3.057,3.736,3.736,30602,0.00125,18.61
2026-08-22 16:45,DOGE,DOGE,0.090137,0.222,0.111,0.111,0.111,112065,0.005534,24.72
2026-08-22 16:45,SHIB,kSHIB,0.005458,3.664,1.832,3.664,5.497,206048,0.00125,16.16
2026-08-22 16:45,PEPE,kPEPE,0.003993,5.009,2.504,2.504,2.504,416751,0.002752,21.71
2026-08-22 16:45,WIF,WIF,0.198575,4.532,3.777,3.777,5.791,29482,0.00125,20.05
2026-08-22 16:45,BONK,kBONK,0.0031245,3.201,1.6,1.6,1.6,157990,0.00125,15.7
2026-08-22 16:45,TRUMP,TRUMP,2.3486000000000002,2.555,1.277,1.277,1.277,124462,0.00125,15.05
2026-08-22 16:50,BTC,BTC,77021.5,0.13,0.065,0.065,0.065,2500874,0.001467,13.24
2026-08-22 16:50,ETH,ETH,2413.05,0.414,0.207,0.207,0.207,5091219,0.00125,12.91
2026-08-22 16:50,SOL,SOL,93.1865,0.107,0.054,0.054,0.054,341403,0.00125,12.61
2026-08-22 16:50,XRP,XRP,1.4488500000000002,0.69,0.345,0.345,0.345,890699,0.003571,19.69
2026-08-22 16:50,AVAX,AVAX,7.45815,0.134,2.883,3.017,3.151,39548,0.00125,18.27
2026-08-22 16:50,LINK,LINK,11.6945,2.565,1.283,2.138,2.138,120998,0.007851,33.55
2026-08-22 16:50,LTC,LTC,51.6525,0.194,0.097,0.29,0.678,18672,0.00209,15.05
2026-08-22 16:50,ADA,ADA,0.224055,0.446,0.223,0.223,2.008,146619,0.00125,12.95
2026-08-22 16:50,DOT,DOT,0.919725,0.979,2.338,2.338,2.338,10068,0.00125,17.18
2026-08-22 16:50,UNI,UNI,4.2425,1.414,0.707,0.707,0.707,63242,0.009585,37.25
2026-08-22 16:50,AAVE,AAVE,123.32499999999999,0.811,0.405,0.405,0.405,113461,0.006114,26.93
2026-08-22 16:50,ARB,ARB,0.09744,4.105,3.079,3.079,4.105,48896,0.00125,18.66
2026-08-22 16:50,POL,POL,0.107125,2.8,1.4,3.267,4.201,26892,0.00125,15.3
2026-08-22 16:50,RENDER,RENDER,1.47,2.721,4.082,5.442,6.122,16723,0.00125,20.66
2026-08-22 16:50,DOGE,DOGE,0.0900585,1.666,0.833,0.944,0.944,646420,0.00539,25.76
2026-08-22 16:50,SHIB,kSHIB,0.005431,3.683,1.841,3.683,3.683,106870,0.00125,16.18
2026-08-22 16:50,PEPE,kPEPE,0.00398,10.05,5.025,5.025,5.025,487439,0.002493,26.03
2026-08-22 16:50,WIF,WIF,0.19845000000000002,3.023,1.512,2.52,10.078,39489,0.00125,15.52
2026-08-22 16:50,BONK,kBONK,0.003103,6.445,3.223,3.223,3.223,158328,0.00125,18.95
2026-08-22 16:50,TRUMP,TRUMP,2.3526,0.85,0.425,0.425,0.425,117697,0.00125,13.35
2026-08-22 16:55,BTC,BTC,76995.5,0.13,0.065,0.065,0.065,2635825,0.001386,13.01
2026-08-22 16:55,ETH,ETH,2410.1499999999996,0.415,0.207,0.207,0.207,6055746,0.00125,12.91
2026-08-22 16:55,SOL,SOL,93.02850000000001,0.107,0.054,0.054,0.054,299542,0.00125,12.61
2026-08-22 16:55,XRP,XRP,1.43885,0.695,1.737,1.737,1.737,766816,0.003773,23.04
2026-08-22 16:55,AVAX,AVAX,7.452,0.268,2.147,2.147,2.415,65101,0.00125,16.79
2026-08-22 16:55,LINK,LINK,11.648499999999999,0.858,0.429,1.288,3.005,197931,0.007605,31.15
2026-08-22 16:55,LTC,LTC,51.688500000000005,0.193,1.064,1.258,1.451,50568,0.001981,16.68
2026-08-22 16:55,ADA,ADA,0.223205,1.344,0.672,1.568,1.568,122397,0.00125,13.84
2026-08-22 16:55,DOT,DOT,0.920025,0.761,1.685,1.685,1.793,19026,0.00125,15.87
2026-08-22 16:55,UNI,UNI,4.20645,0.238,0.119,0.119,0.119,53917,0.009173,34.92
2026-08-22 16:55,AAVE,AAVE,122.58500000000001,0.816,0.408,1.224,1.224,142690,0.005886,26.3
2026-08-22 16:55,ARB,ARB,0.097395,3.08,1.54,1.54,1.54,89167,0.00125,15.58
2026-08-22 16:55,POL,POL,0.107695,0.929,3.25,3.25,5.107,24923,0.00125,19.0
2026-08-22 16:55,RENDER,RENDER,1.4611,1.369,4.106,4.106,6.16,20486,0.00125,20.71
2026-08-22 16:55,DOGE,DOGE,0.0899765,0.111,4.279,4.39,4.39,68722,0.005156,31.99
2026-08-22 16:55,SHIB,kSHIB,0.005431,3.683,1.841,1.841,3.683,179667,0.00125,16.18
2026-08-22 16:55,PEPE,kPEPE,0.0039875,2.508,1.254,1.254,1.254,480075,0.002168,17.58
2026-08-22 16:55,WIF,WIF,0.1986,3.021,3.525,5.035,5.539,16397,0.00125,19.55
2026-08-22 16:55,BONK,kBONK,0.0031115,3.214,1.607,1.607,1.607,218110,0.00125,15.71
2026-08-22 16:55,TRUMP,TRUMP,2.33835,0.428,0.214,0.214,1.497,106484,0.00125,12.93
2026-08-22 17:00,BTC,BTC,77037.5,0.13,0.065,0.065,0.065,1986208,0.00125,12.63
2026-08-22 17:00,ETH,ETH,2412.95,0.414,0.207,0.207,0.207,7217973,0.00125,12.91
2026-08-22 17:00,SOL,SOL,93.2105,0.107,0.054,0.054,0.054,202858,0.00125,12.61
2026-08-22 17:00,XRP,XRP,1.4497499999999999,0.69,0.345,0.345,0.345,738706,0.006457,27.77
2026-08-22 17:00,AVAX,AVAX,7.468500000000001,0.268,1.473,1.741,1.875,33084,0.00125,15.45
2026-08-22 17:00,LINK,LINK,11.659500000000001,0.858,0.429,0.429,0.429,128588,0.005545,25.38
2026-08-22 17:00,LTC,LTC,51.8845,0.193,0.096,1.06,1.06,93617,0.00125,12.69
2026-08-22 17:00,ADA,ADA,0.223975,0.446,0.223,0.223,0.223,169260,0.00125,12.95
2026-08-22 17:00,DOT,DOT,0.921665,0.108,0.054,0.054,0.054,17685,0.00125,12.61
2026-08-22 17:00,UNI,UNI,4.22335,1.184,0.592,0.592,2.013,30859,0.004172,21.87
2026-08-22 17:00,AAVE,AAVE,122.755,2.444,1.222,2.037,2.037,162726,0.00125,14.94
2026-08-22 17:00,ARB,ARB,0.097445,3.079,1.539,2.566,2.566,43689,0.00125,15.58
2026-08-22 17:00,POL,POL,0.107925,12.045,8.802,10.656,11.582,25340,0.00125,30.1
2026-08-22 17:00,RENDER,RENDER,1.462,2.736,1.368,2.052,2.052,28572,0.002683,19.25
2026-08-22 17:00,DOGE,DOGE,0.0901835,1.442,0.721,1.275,1.83,99220,0.00125,13.94
2026-08-22 17:00,SHIB,kSHIB,0.0054445,1.837,2.755,4.592,4.592,191882,0.00125,18.01
2026-08-22 17:00,PEPE,kPEPE,0.004011,4.986,2.493,2.493,4.986,375163,0.00125,17.49
2026-08-22 17:00,WIF,WIF,0.19905499999999998,3.517,1.758,1.758,3.265,17816,0.00125,16.02
2026-08-22 17:00,BONK,kBONK,0.0031205,3.205,1.602,1.602,1.602,193495,0.00125,15.7
2026-08-22 17:00,TRUMP,TRUMP,2.3521,2.551,1.275,1.275,1.275,146930,0.00125,15.05
2026-08-22 17:05,BTC,BTC,77059.5,0.13,0.065,0.065,0.065,3292839,0.001664,13.79
2026-08-22 17:05,ETH,ETH,2413.45,0.414,0.207,0.207,0.207,5842901,0.00125,12.91
2026-08-22 17:05,SOL,SOL,93.2185,0.107,0.054,0.054,0.054,439158,0.00125,12.61
2026-08-22 17:05,XRP,XRP,1.4374500000000001,0.696,1.739,3.826,4.522,636817,0.008227,35.51
2026-08-22 17:05,AVAX,AVAX,7.4636,2.144,1.072,1.072,1.206,51155,0.00125,14.64
2026-08-22 17:05,LINK,LINK,11.6495,0.858,0.429,0.429,1.288,205802,0.007728,31.5
2026-08-22 17:05,LTC,LTC,52.0035,0.961,1.058,1.442,2.019,76901,0.001595,15.58
2026-08-22 17:05,ADA,ADA,0.22415000000000002,0.892,0.446,0.892,0.892,135431,0.002035,15.59
2026-08-22 17:05,DOT,DOT,0.922125,1.41,2.223,4.175,4.284,11915,0.00125,16.95
2026-08-22 17:05,UNI,UNI,4.2321,1.89,0.945,0.945,0.945,25932,0.005509,26.32
2026-08-22 17:05,AAVE,AAVE,122.905,0.814,2.848,2.848,2.848,98933,0.002337,21.24
2026-08-22 17:05,ARB,ARB,0.097405,3.08,1.54,2.567,2.567,89783,0.00125,15.58
2026-08-22 17:05,POL,POL,0.10880999999999999,1.838,5.514,5.514,6.433,24083,0.00125,23.53
2026-08-22 17:05,RENDER,RENDER,1.4589500000000002,0.685,0.343,0.343,0.343,15094,0.003699,20.04
2026-08-22 17:05,DOGE,DOGE,0.09017700000000001,1.996,0.998,0.998,0.998,102306,0.001845,16.16
2026-08-22 17:05,SHIB,kSHIB,0.0054494999999999995,1.835,0.918,0.918,2.753,198107,0.00125,14.34
2026-08-22 17:05,PEPE,kPEPE,0.0040184999999999995,2.488,1.244,1.244,3.733,475023,0.00125,14.99
2026-08-22 17:05,WIF,WIF,0.19913,3.013,2.009,5.022,6.026,18842,0.002641,20.41
2026-08-22 17:05,BONK,kBONK,0.0031285,3.196,1.598,1.598,1.598,158053,0.00125,15.7
2026-08-22 17:05,TRUMP,TRUMP,2.33975,0.427,4.488,4.488,4.488,148443,0.00125,21.48
2026-08-22 17:10,BTC,BTC,77045.5,0.13,0.065,0.065,0.065,2904138,0.001938,14.56
2026-08-22 17:10,ETH,ETH,2410.6499999999996,0.415,0.207,0.207,0.207,8536627,0.00125,12.91
2026-08-22 17:10,SOL,SOL,93.2305,0.107,0.054,0.054,0.054,182619,0.00125,12.61
2026-08-22 17:10,XRP,XRP,1.4389500000000002,0.695,0.347,0.347,0.347,504018,0.008113,32.41
2026-08-22 17:10,AVAX,AVAX,7.45915,0.938,1.005,1.274,1.408,52836,0.00125,14.51
2026-08-22 17:10,LINK,LINK,11.6035,0.862,0.431,0.431,0.431,202860,0.00769,31.39
2026-08-22 17:10,LTC,LTC,51.9935,0.192,0.096,0.096,0.096,54028,0.001468,13.3
2026-08-22 17:10,ADA,ADA,0.223785,0.447,0.223,1.117,1.564,63383,0.00125,12.95
2026-08-22 17:10,DOT,DOT,0.920655,1.412,1.466,1.575,1.575,12960,0.00125,15.43
2026-08-22 17:10,UNI,UNI,4.22795,1.656,0.828,1.064,1.774,33459,0.005331,25.58
2026-08-22 17:10,AAVE,AAVE,122.445,0.817,0.408,1.225,2.858,103437,0.002755,17.53
2026-08-22 17:10,ARB,ARB,0.09723499999999999,1.028,0.514,0.514,0.514,117806,0.00125,13.53
2026-08-22 17:10,POL,POL,0.10821,1.848,2.772,4.621,7.393,26055,0.00125,18.04
2026-08-22 17:10,RENDER,RENDER,1.4572500000000002,2.059,1.029,1.029,1.029,32015,0.004268,23.01
2026-08-22 17:10,DOGE,DOGE,0.0901065,0.111,0.055,1.276,1.72,124527,0.00218,15.21
2026-08-22 17:10,SHIB,kSHIB,0.005439,3.677,1.839,3.677,5.516,189538,0.00125,16.18
2026-08-22 17:10,PEPE,kPEPE,0.0040105,2.493,1.247,1.247,3.74,748096,0.00125,14.99
2026-08-22 17:10,WIF,WIF,0.199115,1.507,1.256,3.767,4.771,15485,0.003289,20.72
2026-08-22 17:10,BONK,kBONK,0.0031279999999999997,6.394,3.197,3.197,6.394,173002,0.00125,18.89
2026-08-22 17:10,TRUMP,TRUMP,2.346,1.705,0.853,0.853,0.853,92071,0.00125,14.21
2026-08-22 17:15,BTC,BTC,76984.5,0.13,0.065,0.065,0.065,3362505,0.002005,14.74
2026-08-22 17:15,ETH,ETH,2407.55,0.415,0.208,0.208,0.208,7320790,0.00125,12.92
2026-08-22 17:15,SOL,SOL,93.0215,0.108,0.054,0.054,0.054,123832,0.00125,12.61
2026-08-22 17:15,XRP,XRP,1.43735,0.696,0.348,0.348,0.348,905757,0.006853,28.88
2026-08-22 17:15,AVAX,AVAX,7.441,1.075,0.538,1.075,1.881,19439,0.00125,13.58
2026-08-22 17:15,LINK,LINK,11.5715,0.864,0.432,0.432,0.432,204075,0.007699,31.42
2026-08-22 17:15,LTC,LTC,51.8125,0.193,1.641,1.641,1.641,69383,0.00125,15.78
2026-08-22 17:15,ADA,ADA,0.22266999999999998,0.898,2.245,3.144,3.593,136133,0.00125,16.99
2026-08-22 17:15,DOT,DOT,0.917575,0.327,2.67,3.324,4.087,9416,0.00125,17.84
2026-08-22 17:15,UNI,UNI,4.2047,1.903,0.951,1.189,1.903,20838,0.00457,23.7
2026-08-22 17:15,AAVE,AAVE,121.795,0.821,0.411,0.411,0.411,121889,0.00238,16.49
2026-08-22 17:15,ARB,ARB,0.09716,2.058,1.029,1.029,1.029,94772,0.00125,14.56
2026-08-22 17:15,POL,POL,0.108025,2.777,3.24,3.24,5.091,17729,0.00125,18.98
2026-08-22 17:15,RENDER,RENDER,1.4522,1.377,0.689,1.377,1.377,16427,0.004017,21.63
2026-08-22 17:15,DOGE,DOGE,0.089794,0.445,0.223,0.334,0.334,59073,0.002168,15.52
2026-08-22 17:15,SHIB,kSHIB,0.0054185,1.846,0.923,2.768,4.614,202497,0.00125,14.35
2026-08-22 17:15,PEPE,kPEPE,0.0039945,2.503,1.252,1.252,1.252,430433,0.00125,15.0
2026-08-22 17:15,WIF,WIF,0.19762,3.036,5.06,5.566,5.566,45885,0.00317,28.0
2026-08-22 17:15,BONK,kBONK,0.0031175,3.208,1.604,1.604,1.604,250532,0.00125,15.71
2026-08-22 17:15,TRUMP,TRUMP,2.3447,0.853,6.824,6.824,7.25,103815,0.00125,26.15
2026-08-22 17:20,BTC,BTC,77008.5,0.13,0.065,0.065,0.065,4575535,0.001943,14.57
2026-08-22 17:20,ETH,ETH,2409.1499999999996,0.415,0.208,0.208,0.208,7615778,0.00125,12.92
2026-08-22 17:20,SOL,SOL,93.1065,0.107,0.054,0.054,0.054,157065,0.00125,12.61
2026-08-22 17:20,XRP,XRP,1.43885,0.695,0.347,0.347,0.347,1005597,0.006295,27.32
2026-08-22 17:20,AVAX,AVAX,7.44835,0.134,0.067,0.067,0.067,65104,0.00125,12.63
2026-08-22 17:20,LINK,LINK,11.566500000000001,0.865,2.161,2.161,2.161,186626,0.00775,35.02
2026-08-22 17:20,LTC,LTC,51.676500000000004,0.194,0.097,0.097,0.097,97594,0.00125,12.69
2026-08-22 17:20,ADA,ADA,0.222185,0.45,0.225,0.675,0.675,140941,0.00125,12.95
2026-08-22 17:20,DOT,DOT,0.9183049999999999,0.109,3.321,3.757,3.975,28395,0.00125,19.14
2026-08-22 17:20,UNI,UNI,4.19905,1.667,0.834,0.834,1.31,36568,0.004127,22.22
2026-08-22 17:20,AAVE,AAVE,121.595,0.822,2.878,2.878,4.523,141662,0.002641,22.15
2026-08-22 17:20,ARB,ARB,0.097315,3.083,1.541,1.541,2.569,86340,0.00125,15.58
2026-08-22 17:20,POL,POL,0.108215,0.924,3.234,3.234,5.082,30428,0.00125,18.97
2026-08-22 17:20,RENDER,RENDER,1.4448500000000002,0.692,0.346,1.038,1.038,17022,0.00397,20.81
2026-08-22 17:20,DOGE,DOGE,0.0899275,1.223,0.612,0.612,0.612,79079,0.002334,16.76
2026-08-22 17:20,SHIB,kSHIB,0.0054115,1.848,0.924,2.772,4.62,190011,0.00125,14.35
2026-08-22 17:20,PEPE,kPEPE,0.0040055,2.497,1.248,3.745,3.745,411654,0.001463,15.59
2026-08-22 17:20,WIF,WIF,0.19798500000000002,1.515,2.273,2.273,3.283,11659,0.003027,22.02
2026-08-22 17:20,BONK,kBONK,0.0031235,3.202,1.601,1.601,1.601,190194,0.00125,15.7
2026-08-22 17:20,TRUMP,TRUMP,2.34485,0.426,7.463,7.463,7.463,159349,0.00125,27.43
2026-08-22 17:25,BTC,BTC,77019.5,0.13,0.065,0.974,1.104,1766257,0.001884,14.4
2026-08-22 17:25,ETH,ETH,2409.8500000000004,0.415,0.207,0.207,0.207,7099335,0.00125,12.91
2026-08-22 17:25,SOL,SOL,93.1445,0.107,0.054,0.054,0.376,112952,0.00125,12.61
2026-08-22 17:25,XRP,XRP,1.44205,0.693,0.347,0.347,0.347,974794,0.005853,26.08
2026-08-22 17:25,AVAX,AVAX,7.45155,0.134,0.067,0.067,0.067,58905,0.00125,12.63
2026-08-22 17:25,LINK,LINK,11.560500000000001,0.865,1.298,2.163,3.028,193642,0.007664,33.05
2026-08-22 17:25,LTC,LTC,51.686499999999995,0.967,0.484,0.871,1.064,88097,0.001393,13.87
2026-08-22 17:25,ADA,ADA,0.22222,2.7,1.35,2.25,3.15,139419,0.00125,15.2
2026-08-22 17:25,DOT,DOT,0.918095,0.109,3.213,4.411,4.411,31576,0.00125,18.93
2026-08-22 17:25,UNI,UNI,4.19715,1.668,0.834,1.072,1.072,40822,0.003764,21.21
2026-08-22 17:25,AAVE,AAVE,121.85,1.641,1.641,1.641,1.641,162423,0.002585,19.52
2026-08-22 17:25,ARB,ARB,0.097225,3.086,1.543,1.543,2.571,51898,0.00125,15.59
2026-08-22 17:25,POL,POL,0.10863500000000001,0.921,5.063,5.983,10.586,21624,0.00125,22.63
2026-08-22 17:25,RENDER,RENDER,1.4480499999999998,2.072,1.036,1.726,1.726,20663,0.004693,24.21
2026-08-22 17:25,DOGE,DOGE,0.09003900000000001,2.443,1.222,1.222,1.222,123494,0.002375,18.09
2026-08-22 17:25,SHIB,kSHIB,0.005411,3.696,1.848,3.696,5.544,190770,0.00125,16.2
2026-08-22 17:25,PEPE,kPEPE,0.0040254999999999996,2.484,1.242,1.242,1.242,524856,0.001683,16.2
2026-08-22 17:25,WIF,WIF,0.1981,3.029,2.524,4.543,5.553,40584,0.003267,23.2
2026-08-22 17:25,BONK,kBONK,0.0031255,3.199,1.6,1.6,1.6,148435,0.00125,15.7
2026-08-22 17:25,TRUMP,TRUMP,2.36895,0.422,0.211,0.211,0.211,134187,0.00125,12.92
2026-08-22 17:30,BTC,BTC,77030.5,0.13,0.065,0.065,0.065,2558614,0.00183,14.25
2026-08-22 17:30,ETH,ETH,2411.45,0.415,0.207,0.207,0.207,6732314,0.00125,12.91
2026-08-22 17:30,SOL,SOL,93.27600000000001,0.214,0.107,0.107,2.895,51259,0.00125,12.71
2026-08-22 17:30,XRP,XRP,1.4521,2.755,3.443,3.443,3.443,341856,0.005729,31.93
2026-08-22 17:30,AVAX,AVAX,7.4736,1.873,0.937,0.937,0.937,53066,0.00125,14.37
2026-08-22 17:30,LINK,LINK,11.6065,0.862,2.154,3.877,3.877,159451,0.007821,35.21
2026-08-22 17:30,LTC,LTC,51.8395,0.193,1.447,1.64,1.64,95631,0.001588,16.34
2026-08-22 17:30,ADA,ADA,0.22346,1.79,0.895,1.343,1.343,143086,0.00125,14.29
2026-08-22 17:30,DOT,DOT,0.92153,2.17,2.17,3.255,3.69,15599,0.00125,16.84
2026-08-22 17:30,UNI,UNI,4.18975,1.193,0.597,0.597,0.597,45241,0.003815,20.88
2026-08-22 17:30,AAVE,AAVE,122.08000000000001,6.553,3.277,4.915,4.915,88972,0.002912,23.71
2026-08-22 17:30,ARB,ARB,0.097445,3.079,2.566,3.592,3.592,90118,0.00125,17.63
2026-08-22 17:30,POL,POL,0.10958999999999999,7.3,5.475,5.475,7.3,24396,0.00125,23.45
2026-08-22 17:30,RENDER,RENDER,1.4526,1.377,1.377,1.377,1.377,35388,0.005358,26.76
2026-08-22 17:30,DOGE,DOGE,0.09042549999999999,3.649,3.152,3.152,3.152,86791,0.00252,22.36
2026-08-22 17:30,SHIB,kSHIB,0.0054205,1.845,0.922,2.767,6.457,181355,0.00125,14.34
2026-08-22 17:30,PEPE,kPEPE,0.004042499999999999,2.474,1.237,1.237,1.237,474384,0.001605,15.97
2026-08-22 17:30,WIF,WIF,0.199105,2.511,2.762,6.78,7.785,13423,0.003383,24.0
2026-08-22 17:30,BONK,kBONK,0.0031345,3.19,1.595,1.595,1.595,135227,0.00125,15.69
2026-08-22 17:30,TRUMP,TRUMP,2.38585,0.419,0.21,0.21,0.21,54556,0.00125,12.92
2026-08-22 17:35,BTC,BTC,77144.5,0.13,0.065,0.065,0.065,4318334,0.001834,14.27
2026-08-22 17:35,ETH,ETH,2415.55,0.414,0.207,0.207,0.207,7420776,0.00125,12.91
2026-08-22 17:35,SOL,SOL,93.5775,0.107,0.053,0.053,0.053,178979,0.00125,12.61
2026-08-22 17:35,XRP,XRP,1.45065,0.689,0.345,0.345,0.345,564145,0.005977,26.42
2026-08-22 17:35,AVAX,AVAX,7.50915,0.133,0.067,0.067,0.067,58976,0.00125,12.63
2026-08-22 17:35,LINK,LINK,11.6365,0.859,0.43,1.289,1.289,180678,0.00835,33.24
2026-08-22 17:35,LTC,LTC,52.181,3.833,1.916,1.916,1.916,124687,0.001944,18.28
2026-08-22 17:35,ADA,ADA,0.22464499999999998,2.226,2.003,2.448,2.893,96366,0.00125,16.51
2026-08-22 17:35,DOT,DOT,0.9263,0.648,1.403,1.511,1.511,4615,0.00125,15.31
2026-08-22 17:35,UNI,UNI,4.207800000000001,0.951,0.475,0.951,0.951,54688,0.004173,21.64
2026-08-22 17:35,AAVE,AAVE,122.555,0.816,0.408,1.224,1.224,125783,0.003219,18.83
2026-08-22 17:35,ARB,ARB,0.09814500000000001,1.019,0.509,1.528,2.547,59677,0.00125,13.52
2026-08-22 17:35,POL,POL,0.11063,5.423,5.423,5.423,5.423,21224,0.00125,23.35
2026-08-22 17:35,RENDER,RENDER,1.4570500000000002,2.059,2.402,3.775,4.461,27139,0.005928,30.4
2026-08-22 17:35,DOGE,DOGE,0.0906825,0.11,0.055,0.055,0.055,130453,0.00269,16.64
2026-08-22 17:35,SHIB,kSHIB,0.0054315000000000006,1.841,2.762,4.603,4.603,106615,0.00125,18.02
2026-08-22 17:35,PEPE,kPEPE,0.0040315,2.48,1.24,1.24,1.24,370319,0.001501,15.68
2026-08-22 17:35,WIF,WIF,0.199845,3.503,1.751,1.751,4.754,15914,0.00359,22.55
2026-08-22 17:35,BONK,kBONK,0.0031450000000000002,6.359,3.18,3.18,3.18,141053,0.00125,18.86
2026-08-22 17:35,TRUMP,TRUMP,2.42665,6.181,3.091,3.091,4.739,117675,0.00125,18.68
2026-08-22 17:40,BTC,BTC,77076.5,0.13,0.065,0.065,0.065,1646880,0.001845,14.29
2026-08-22 17:40,ETH,ETH,2411.75,0.415,0.207,0.207,0.207,6840639,0.00125,12.91
2026-08-22 17:40,SOL,SOL,93.2835,0.107,0.268,0.268,0.268,111616,0.00125,13.04
2026-08-22 17:40,XRP,XRP,1.43545,0.697,4.528,8.011,10.798,400088,0.006028,34.93
2026-08-22 17:40,AVAX,AVAX,7.4796499999999995,2.273,1.538,1.538,1.538,43591,0.00125,15.58
2026-08-22 17:40,LINK,LINK,11.6115,0.861,0.431,0.431,0.431,362776,0.009201,35.62
2026-08-22 17:40,LTC,LTC,51.975,1.154,0.77,0.962,1.539,42364,0.001952,16.01
2026-08-22 17:40,ADA,ADA,0.223435,2.238,1.119,1.566,2.014,86725,0.00125,14.74
2026-08-22 17:40,DOT,DOT,0.9229350000000001,0.542,0.813,0.813,0.813,7045,0.00125,14.13
2026-08-22 17:40,UNI,UNI,4.1886,1.432,0.716,0.716,0.716,66985,0.004814,23.91
2026-08-22 17:40,AAVE,AAVE,121.905,0.82,0.41,1.23,2.051,117391,0.003365,19.24
2026-08-22 17:40,ARB,ARB,0.097605,3.074,1.537,1.537,1.537,64379,0.00125,15.57
2026-08-22 17:40,POL,POL,0.110025,2.727,1.363,2.272,2.272,27296,0.00125,15.23
2026-08-22 17:40,RENDER,RENDER,1.4497,1.38,0.69,0.69,0.69,23284,0.005921,26.96
2026-08-22 17:40,DOGE,DOGE,0.090202,0.665,0.333,0.333,0.333,126563,0.002695,17.21
2026-08-22 17:40,SHIB,kSHIB,0.0054075,1.849,0.925,4.623,4.623,191422,0.00125,14.35
2026-08-22 17:40,PEPE,kPEPE,0.0040025,2.498,3.748,3.748,3.748,376657,0.001518,20.75
2026-08-22 17:40,WIF,WIF,0.19894,3.016,1.508,2.513,5.529,41617,0.003415,21.58
2026-08-22 17:40,BONK,kBONK,0.0031285,3.196,1.598,1.598,1.598,151319,0.00125,15.7
2026-08-22 17:40,TRUMP,TRUMP,2.41115,3.733,1.866,2.281,2.281,125068,0.00125,16.23
2026-08-22 17:45,BTC,BTC,77134.5,0.13,0.324,0.843,1.361,727667,0.001844,14.81
2026-08-22 17:45,ETH,ETH,2414.25,0.414,0.207,0.207,0.207,6502188,0.00125,12.91
2026-08-22 17:45,SOL,SOL,93.3995,0.107,0.054,0.054,2.516,143864,0.00125,12.61
2026-08-22 17:45,XRP,XRP,1.44375,0.693,0.346,0.346,0.346,565120,0.006125,26.84
2026-08-22 17:45,AVAX,AVAX,7.489,1.068,0.534,0.668,0.668,48906,0.00125,13.57
2026-08-22 17:45,LINK,LINK,11.6165,0.861,3.874,3.874,3.874,370423,0.009834,44.28
2026-08-22 17:45,LTC,LTC,52.039500000000004,0.192,2.21,2.594,2.594,87568,0.001976,18.95
2026-08-22 17:45,ADA,ADA,0.223915,0.447,2.903,3.349,3.796,69627,0.00125,18.31
2026-08-22 17:45,DOT,DOT,0.92589,0.432,0.972,0.972,4.644,8717,0.00125,14.44
2026-08-22 17:45,UNI,UNI,4.19855,0.238,0.119,0.119,1.548,30450,0.005281,24.03
2026-08-22 17:45,AAVE,AAVE,122.13499999999999,0.819,2.866,3.684,3.684,153192,0.003714,25.13
2026-08-22 17:45,ARB,ARB,0.09787,2.044,1.022,2.044,2.044,81781,0.00125,14.54
2026-08-22 17:45,POL,POL,0.11044,5.433,3.622,4.527,6.338,12227,0.00125,19.74
2026-08-22 17:45,RENDER,RENDER,1.45235,2.066,3.098,3.787,7.23,28224,0.006345,32.96
2026-08-22 17:45,DOGE,DOGE,0.09052750000000001,0.994,0.497,0.497,0.497,111461,0.002824,17.9
2026-08-22 17:45,SHIB,kSHIB,0.0054304999999999996,1.841,0.921,2.762,4.604,180699,0.00125,14.34
2026-08-22 17:45,PEPE,kPEPE,0.004028,4.965,2.483,2.483,4.965,549816,0.001709,18.75
2026-08-22 17:45,WIF,WIF,0.199525,3.508,8.27,8.27,9.773,36546,0.003481,35.29
2026-08-22 17:45,BONK,kBONK,0.0031415,3.183,1.592,1.592,1.592,174666,0.00125,15.68
2026-08-22 17:45,TRUMP,TRUMP,2.4277499999999996,3.707,1.854,1.854,1.854,172862,0.00125,16.21
2026-08-22 17:50,BTC,BTC,77053.5,0.13,0.065,0.065,0.065,6378108,0.001819,14.22
2026-08-22 17:50,ETH,ETH,2411.6499999999996,0.415,0.207,0.207,0.207,8262780,0.00125,12.91
2026-08-22 17:50,SOL,SOL,93.2305,0.107,0.054,0.054,0.054,302871,0.00125,12.61
2026-08-22 17:50,XRP,XRP,1.4396499999999999,0.695,0.347,0.347,0.347,841123,0.00627,27.25
2026-08-22 17:50,AVAX,AVAX,7.4685500000000005,0.937,0.469,0.469,0.469,63840,0.00125,13.44
2026-08-22 17:50,LINK,LINK,11.593499999999999,0.863,0.431,1.294,1.294,170308,0.010062,38.04
2026-08-22 17:50,LTC,LTC,51.9255,0.193,0.096,0.096,0.096,72958,0.001997,14.78
2026-08-22 17:50,ADA,ADA,0.223185,0.448,0.224,0.224,0.224,138800,0.00125,12.95
2026-08-22 17:50,DOT,DOT,0.9248350000000001,0.108,0.054,0.054,0.054,7781,0.00125,12.61
2026-08-22 17:50,UNI,UNI,4.19445,0.238,0.119,0.119,0.119,45940,0.005677,25.13
2026-08-22 17:50,AAVE,AAVE,121.93,3.281,1.64,2.46,2.46,266495,0.004057,23.64
2026-08-22 17:50,ARB,ARB,0.09790499999999999,1.021,0.511,1.532,2.553,69892,0.00125,13.52
2026-08-22 17:50,POL,POL,0.109335,2.744,1.372,2.287,3.201,18250,0.00125,15.24
2026-08-22 17:50,RENDER,RENDER,1.44705,2.073,1.037,1.728,1.728,18003,0.006589,29.52
2026-08-22 17:50,DOGE,DOGE,0.0902775,0.111,0.72,0.831,0.831,175660,0.002828,18.36
2026-08-22 17:50,SHIB,kSHIB,0.0054234999999999995,1.844,0.922,0.922,2.766,192226,0.00125,14.34
2026-08-22 17:50,PEPE,kPEPE,0.0040195000000000005,2.488,1.244,1.244,1.244,425539,0.001936,16.91
2026-08-22 17:50,WIF,WIF,0.198925,2.514,2.765,4.776,9.3,37855,0.003646,24.74
2026-08-22 17:50,BONK,kBONK,0.003138,6.373,3.187,3.187,3.187,169638,0.00125,18.87
2026-08-22 17:50,TRUMP,TRUMP,2.42415,0.413,0.206,0.206,0.206,140364,0.00125,12.91
2026-08-22 17:55,BTC,BTC,77054.5,0.13,0.584,0.584,0.584,2799248,0.001828,15.29
2026-08-22 17:55,ETH,ETH,2412.05,0.415,0.207,0.207,0.207,6936068,0.00125,12.91
2026-08-22 17:55,SOL,SOL,93.2625,0.107,0.054,0.054,0.054,131003,0.00125,12.61
2026-08-22 17:55,XRP,XRP,1.43995,0.694,0.347,0.347,0.347,401320,0.00647,27.81
2026-08-22 17:55,AVAX,AVAX,7.4711,0.268,0.535,0.669,0.669,55523,0.00125,13.57
2026-08-22 17:55,LINK,LINK,11.625499999999999,0.86,0.43,2.15,2.15,97416,0.0101,38.14
2026-08-22 17:55,LTC,LTC,52.0035,0.577,0.288,0.481,0.673,12964,0.002024,15.24
2026-08-22 17:55,ADA,ADA,0.22325499999999998,0.448,0.224,0.224,1.12,139757,0.00125,12.95
2026-08-22 17:55,DOT,DOT,0.925845,0.108,0.054,0.054,0.054,12945,0.00125,12.61
2026-08-22 17:55,UNI,UNI,4.196899999999999,0.953,0.477,0.715,0.715,31598,0.005861,26.36
2026-08-22 17:55,AAVE,AAVE,122.41499999999999,0.817,0.408,0.408,0.408,114043,0.004344,21.98
2026-08-22 17:55,ARB,ARB,0.09804,2.04,1.02,3.06,3.06,77725,0.00125,14.54
2026-08-22 17:55,POL,POL,0.110665,0.904,6.777,7.681,9.488,19574,0.00125,26.05
2026-08-22 17:55,RENDER,RENDER,1.4478499999999999,2.072,3.108,3.108,5.18,15897,0.006838,34.36
2026-08-22 17:55,DOGE,DOGE,0.0905605,0.11,2.043,2.374,2.485,93512,0.002887,21.17
2026-08-22 17:55,SHIB,kSHIB,0.0054255,1.843,2.765,4.608,6.451,188022,0.00125,18.03
2026-08-22 17:55,PEPE,kPEPE,0.0040225,2.486,1.243,1.243,1.243,505600,0.00219,17.62
2026-08-22 17:55,WIF,WIF,0.19924,4.015,3.011,3.513,4.517,6206,0.003788,25.63
2026-08-22 17:55,BONK,kBONK,0.0031375,3.187,1.594,1.594,1.594,182898,0.00125,15.69
2026-08-22 17:55,TRUMP,TRUMP,2.4389000000000003,6.56,3.28,3.28,3.28,188489,0.00125,19.06
2026-08-22 18:00,BTC,BTC,77052.5,0.13,0.065,0.065,0.065,8206377,0.003019,17.58
2026-08-22 18:00,ETH,ETH,2412.7,0.829,0.414,0.414,0.414,4868596,0.00125,13.33
2026-08-22 18:00,SOL,SOL,93.2205,0.107,0.054,0.054,0.054,138011,0.00125,12.61
2026-08-22 18:00,XRP,XRP,1.44345,0.693,0.346,0.346,1.039,637096,0.010328,38.61
2026-08-22 18:00,AVAX,AVAX,7.462249999999999,3.618,1.943,1.943,2.747,54480,0.002996,21.27
2026-08-22 18:00,LINK,LINK,11.6215,2.581,1.291,1.291,1.291,180209,0.007196,31.73
2026-08-22 18:00,LTC,LTC,51.977999999999994,0.77,0.385,0.577,0.577,27534,0.00125,13.27
2026-08-22 18:00,ADA,ADA,0.222935,1.346,0.673,1.121,1.121,97505,0.003885,21.22
2026-08-22 18:00,DOT,DOT,0.923585,0.108,0.271,0.379,0.379,13124,0.00125,13.04
2026-08-22 18:00,UNI,UNI,4.18145,1.674,0.837,1.794,2.033,47124,0.006181,27.98
2026-08-22 18:00,AAVE,AAVE,121.975,2.46,1.23,2.05,2.869,135187,0.00765,32.88
2026-08-22 18:00,ARB,ARB,0.098095,1.019,0.51,1.529,2.549,40211,0.00125,13.52
2026-08-22 18:00,POL,POL,0.109945,0.91,4.093,4.093,5.003,17233,0.00125,20.69
2026-08-22 18:00,RENDER,RENDER,1.4467500000000002,0.691,0.346,4.493,5.184,21144,0.009728,36.93
2026-08-22 18:00,DOGE,DOGE,0.0904565,0.111,0.166,0.166,0.166,106201,0.003866,20.16
2026-08-22 18:00,SHIB,kSHIB,0.005419500000000001,1.845,0.923,0.923,2.768,188499,0.00125,14.35
2026-08-22 18:00,PEPE,kPEPE,0.0040125000000000004,2.492,1.246,1.246,3.738,373672,0.00428,23.48
2026-08-22 18:00,WIF,WIF,0.1987,3.02,2.013,3.523,4.529,13652,0.002134,19.0
2026-08-22 18:00,BONK,kBONK,0.0031355000000000003,3.189,1.595,1.595,1.595,205598,0.00125,15.69
2026-08-22 18:00,TRUMP,TRUMP,2.4395,4.919,6.149,6.149,6.149,346013,0.00125,24.8
2026-08-22 18:05,BTC,BTC,77076.5,0.13,0.065,0.065,0.065,4463339,0.001955,14.6
2026-08-22 18:05,ETH,ETH,2414.3500000000004,0.414,0.207,0.207,0.207,6317822,0.00125,12.91
2026-08-22 18:05,SOL,SOL,93.3725,0.107,0.054,0.054,0.054,284670,0.00125,12.61
2026-08-22 18:05,XRP,XRP,1.4505499999999998,0.689,0.345,0.345,0.345,879122,0.009914,37.45
2026-08-22 18:05,AVAX,AVAX,7.48775,0.401,0.2,0.2,0.2,52697,0.003457,19.08
2026-08-22 18:05,LINK,LINK,11.6235,0.86,3.011,3.011,3.011,168768,0.007607,36.32
2026-08-22 18:05,LTC,LTC,52.0445,0.192,0.096,0.096,0.096,56121,0.00125,12.69
2026-08-22 18:05,ADA,ADA,0.223655,1.341,0.671,0.671,1.565,72393,0.00125,13.84
2026-08-22 18:05,DOT,DOT,0.925775,0.108,2.322,3.079,5.023,13907,0.00125,17.14
2026-08-22 18:05,UNI,UNI,4.1859,0.956,0.478,0.956,1.433,43685,0.006309,27.62
2026-08-22 18:05,AAVE,AAVE,122.155,0.819,3.684,3.684,3.684,132359,0.008053,38.92
2026-08-22 18:05,ARB,ARB,0.09834999999999999,2.034,1.017,1.017,1.017,48757,0.00125,14.53
2026-08-22 18:05,POL,POL,0.11119000000000001,21.585,10.792,11.692,11.692,36918,0.00125,34.08
2026-08-22 18:05,RENDER,RENDER,1.4488500000000002,0.69,1.726,7.937,7.937,35264,0.007601,33.73
2026-08-22 18:05,DOGE,DOGE,0.0906515,0.11,0.055,0.055,0.055,92274,0.00244,15.94
2026-08-22 18:05,SHIB,kSHIB,0.005438,3.678,1.839,3.678,5.517,262092,0.00125,16.18
2026-08-22 18:05,PEPE,kPEPE,0.0040315,2.48,3.721,3.721,3.721,421201,0.004056,27.8
2026-08-22 18:05,WIF,WIF,0.199875,3.502,2.251,2.251,5.253,16849,0.006253,31.01
2026-08-22 18:05,BONK,kBONK,0.0031644999999999998,9.48,4.74,4.74,4.74,186845,0.00125,21.98
2026-08-22 18:05,TRUMP,TRUMP,2.45565,2.851,7.126,7.126,10.384,102067,0.00125,26.75
2026-08-22 18:10,BTC,BTC,77072.5,0.13,0.065,0.065,0.065,3386780,0.00204,14.84
2026-08-22 18:10,ETH,ETH,2413.55,0.414,0.207,0.207,0.207,6976700,0.00125,12.91
2026-08-22 18:10,SOL,SOL,93.3745,0.107,0.482,0.482,0.482,115353,0.00125,13.46
2026-08-22 18:10,XRP,XRP,1.4448500000000002,0.692,0.346,0.346,0.346,989077,0.007955,31.97
2026-08-22 18:10,AVAX,AVAX,7.479900000000001,0.267,0.134,0.134,0.134,59973,0.003682,19.58
2026-08-22 18:10,LINK,LINK,11.601500000000001,0.862,0.431,0.431,0.431,96179,0.007243,30.14
2026-08-22 18:10,LTC,LTC,51.9705,0.192,0.673,0.866,2.213,40987,0.00125,13.85
2026-08-22 18:10,ADA,ADA,0.223435,0.448,0.224,2.014,2.014,104432,0.00125,12.95
2026-08-22 18:10,DOT,DOT,0.922485,0.108,3.415,3.74,3.848,6828,0.00125,19.33
2026-08-22 18:10,UNI,UNI,4.1794,1.436,0.718,0.718,1.914,44053,0.006633,29.01
2026-08-22 18:10,AAVE,AAVE,121.83500000000001,4.104,2.873,2.873,3.694,118369,0.008071,37.34
2026-08-22 18:10,ARB,ARB,0.09786,2.044,1.022,1.022,1.022,72813,0.00125,14.54
2026-08-22 18:10,POL,POL,0.110685,0.903,0.452,1.355,1.355,21096,0.00125,13.4
2026-08-22 18:10,RENDER,RENDER,1.4519,2.755,1.378,2.066,4.821,29318,0.007326,32.27
2026-08-22 18:10,DOGE,DOGE,0.090257,3.989,2.881,2.881,2.881,65743,0.002155,20.79
2026-08-22 18:10,SHIB,kSHIB,0.005439,3.677,1.839,3.677,5.516,175868,0.00125,16.18
2026-08-22 18:10,PEPE,kPEPE,0.0040265000000000006,2.484,1.242,1.242,3.725,420301,0.003124,20.23
2026-08-22 18:10,WIF,WIF,0.20002999999999999,5.999,3.499,5.999,7.999,49045,0.005926,32.59
2026-08-22 18:10,BONK,kBONK,0.003158,6.333,3.167,3.167,3.167,185657,0.00125,18.83
2026-08-22 18:10,TRUMP,TRUMP,2.47375,0.404,0.202,0.202,0.202,199270,0.00125,12.9
2026-08-22 18:15,BTC,BTC,77152.0,0.259,0.13,0.13,0.13,8579907,0.002176,15.35
2026-08-22 18:15,ETH,ETH,2416.8500000000004,0.414,0.207,0.207,0.207,6971523,0.00125,12.91
2026-08-22 18:15,SOL,SOL,93.5735,0.107,0.053,0.053,0.053,310649,0.00125,12.61
2026-08-22 18:15,XRP,XRP,1.4520499999999998,0.689,0.344,0.344,0.344,647195,0.007322,30.19
2026-08-22 18:15,AVAX,AVAX,7.50005,1.467,0.733,0.733,0.867,50928,0.00323,19.51
2026-08-22 18:15,LINK,LINK,11.6075,0.862,0.431,0.431,0.431,188036,0.006996,29.45
2026-08-22 18:15,LTC,LTC,52.1335,0.192,0.096,0.096,2.014,27174,0.00125,12.69
2026-08-22 18:15,ADA,ADA,0.224195,0.446,0.223,2.007,2.007,100979,0.00125,12.95
2026-08-22 18:15,DOT,DOT,0.92433,0.433,0.216,0.216,2.272,5360,0.00125,12.93
2026-08-22 18:15,UNI,UNI,4.200049999999999,2.619,1.31,1.31,1.31,33153,0.006789,30.63
2026-08-22 18:15,AAVE,AAVE,122.21000000000001,1.637,0.818,1.637,2.455,122361,0.008521,34.5
2026-08-22 18:15,ARB,ARB,0.09817999999999999,2.037,2.037,2.037,2.037,50451,0.00125,16.57
2026-08-22 18:15,POL,POL,0.110825,2.707,5.865,5.865,6.767,20992,0.00125,24.23
2026-08-22 18:15,RENDER,RENDER,1.456,1.374,2.747,5.495,6.181,16164,0.007501,35.5
2026-08-22 18:15,DOGE,DOGE,0.0905355,0.11,0.055,0.055,0.055,85114,0.002152,15.14
2026-08-22 18:15,SHIB,kSHIB,0.005461,3.662,1.831,3.662,3.662,193740,0.00125,16.16
2026-08-22 18:15,PEPE,kPEPE,0.004042499999999999,2.474,1.237,1.237,3.711,544056,0.002961,19.76
2026-08-22 18:15,WIF,WIF,0.200385,2.495,1.747,1.747,6.737,24202,0.005739,28.56
2026-08-22 18:15,BONK,kBONK,0.0031725,3.152,1.576,1.576,4.728,177752,0.00125,15.65
2026-08-22 18:15,TRUMP,TRUMP,2.4876,4.02,2.01,4.02,4.422,58898,0.00125,16.52
2026-08-22 18:20,BTC,BTC,77237.5,0.129,0.065,0.065,0.065,1599088,0.002376,15.78
2026-08-22 18:20,ETH,ETH,2420.75,0.413,0.207,0.207,0.207,7714817,0.00125,12.91
2026-08-22 18:20,SOL,SOL,93.9395,0.106,2.289,2.289,2.289,73037,0.00125,17.08
2026-08-22 18:20,XRP,XRP,1.46275,0.684,1.709,2.393,4.444,253862,0.007514,33.46
2026-08-22 18:20,AVAX,AVAX,7.5253,0.266,0.133,0.133,0.133,39081,0.003546,19.19
2026-08-22 18:20,LINK,LINK,11.6405,0.859,1.289,1.289,2.148,166089,0.007201,31.74
2026-08-22 18:20,LTC,LTC,52.295,1.53,2.103,2.103,2.295,39541,0.00125,16.71
2026-08-22 18:20,ADA,ADA,0.225785,0.443,1.107,1.993,2.436,131721,0.00125,14.71
2026-08-22 18:20,DOT,DOT,0.9301550000000001,0.108,2.634,2.634,2.634,3320,0.00125,17.77
2026-08-22 18:20,UNI,UNI,4.22525,2.13,1.065,1.065,1.065,61473,0.00703,30.81
2026-08-22 18:20,AAVE,AAVE,122.69,3.26,2.445,3.26,3.26,243920,0.008847,38.66
2026-08-22 18:20,ARB,ARB,0.0988,2.024,3.036,3.036,3.036,72754,0.00125,18.57
2026-08-22 18:20,POL,POL,0.112515,2.666,7.555,7.555,7.555,24747,0.00125,27.61
2026-08-22 18:20,RENDER,RENDER,1.4651,2.73,1.365,2.048,3.413,16726,0.007599,33.01
2026-08-22 18:20,DOGE,DOGE,0.0912215,0.767,0.384,0.384,0.384,114541,0.002454,16.64
2026-08-22 18:20,SHIB,kSHIB,0.0054995,1.818,2.728,4.546,6.364,188450,0.00125,17.96
2026-08-22 18:20,PEPE,kPEPE,0.0041005,2.439,1.219,1.219,1.219,694290,0.003389,20.93
2026-08-22 18:20,WIF,WIF,0.2021,2.969,1.484,2.474,5.938,9777,0.005531,27.45
2026-08-22 18:20,BONK,kBONK,0.0032245,3.101,1.551,1.551,1.551,121452,0.00125,15.6
2026-08-22 18:20,TRUMP,TRUMP,2.5218499999999997,0.397,0.198,0.198,0.198,156406,0.00125,12.9
2026-08-22 18:25,BTC,BTC,77264.5,0.129,0.065,0.065,0.065,2589923,0.002692,16.67
2026-08-22 18:25,ETH,ETH,2421.1499999999996,0.413,0.207,0.207,0.207,6843857,0.00125,12.91
2026-08-22 18:25,SOL,SOL,94.04400000000001,0.213,0.106,0.106,0.106,300386,0.00125,12.71
2026-08-22 18:25,XRP,XRP,1.47315,0.679,0.339,0.339,0.339,647219,0.007638,31.06
2026-08-22 18:25,AVAX,AVAX,7.53035,0.133,0.066,0.066,0.066,58138,0.00411,20.64
2026-08-22 18:25,LINK,LINK,11.6875,0.856,0.428,0.428,0.428,85232,0.007405,30.59
2026-08-22 18:25,LTC,LTC,52.3625,0.191,0.095,0.095,0.095,33049,0.00125,12.69
2026-08-22 18:25,ADA,ADA,0.226485,2.208,1.104,2.87,3.311,88680,0.00125,14.71
2026-08-22 18:25,DOT,DOT,0.930005,0.108,0.054,0.054,0.054,12251,0.00125,12.61
2026-08-22 18:25,UNI,UNI,4.23485,0.236,0.118,0.826,1.063,30008,0.007482,30.18
2026-08-22 18:25,AAVE,AAVE,123.825,2.423,2.827,2.827,2.827,104064,0.00926,40.58
2026-08-22 18:25,ARB,ARB,0.09909,2.018,1.009,1.009,1.009,36803,0.00125,14.52
2026-08-22 18:25,POL,POL,0.11230499999999999,0.89,3.117,6.678,8.459,23506,0.00125,18.73
2026-08-22 18:25,RENDER,RENDER,1.46465,2.048,3.755,4.438,5.121,15259,0.007612,37.82
2026-08-22 18:25,DOGE,DOGE,0.0912265,0.11,2.795,2.905,2.905,112038,0.00253,21.67
2026-08-22 18:25,SHIB,kSHIB,0.0055215,1.811,4.528,4.528,6.339,116946,0.00125,21.56
2026-08-22 18:25,PEPE,kPEPE,0.004111500000000001,2.432,1.216,1.216,3.648,342075,0.003893,22.33
2026-08-22 18:25,WIF,WIF,0.20255499999999999,2.468,2.715,2.715,3.703,10830,0.005581,30.06
2026-08-22 18:25,BONK,kBONK,0.0032505,3.076,1.538,1.538,1.538,103997,0.00125,15.58
2026-08-22 18:25,TRUMP,TRUMP,2.54805,5.887,2.943,2.943,2.943,74714,0.00125,18.39
2026-08-22 18:30,BTC,BTC,77248.5,0.129,0.065,0.065,0.065,1462444,0.002569,16.32
2026-08-22 18:30,ETH,ETH,2420.6499999999996,0.413,0.207,0.207,0.207,5841159,0.00125,12.91
2026-08-22 18:30,SOL,SOL,93.9425,0.106,0.053,0.053,0.053,114469,0.00125,12.61
2026-08-22 18:30,XRP,XRP,1.4703499999999998,0.68,0.34,0.34,0.34,544518,0.007546,30.81
2026-08-22 18:30,AVAX,AVAX,7.53045,0.133,0.066,0.066,0.066,42031,0.004459,21.62
2026-08-22 18:30,LINK,LINK,11.683,1.712,0.856,1.712,1.712,181754,0.007538,31.82
2026-08-22 18:30,LTC,LTC,52.406499999999994,0.191,0.095,0.477,0.668,20298,0.00125,12.69
2026-08-22 18:30,ADA,ADA,0.2264,0.883,0.442,0.442,0.442,102343,0.00125,13.38
2026-08-22 18:30,DOT,DOT,0.933335,0.107,3.268,3.589,3.911,7607,0.00125,19.04
2026-08-22 18:30,UNI,UNI,4.2650500000000005,1.172,0.586,0.586,1.524,64445,0.007683,31.68
2026-08-22 18:30,AAVE,AAVE,124.16499999999999,4.027,4.43,5.235,5.235,97200,0.009531,44.55
2026-08-22 18:30,ARB,ARB,0.09908,2.019,1.009,1.009,2.019,54588,0.00125,14.52
2026-08-22 18:30,POL,POL,0.11186499999999999,0.894,3.129,4.023,5.811,98220,0.00125,18.76
2026-08-22 18:30,RENDER,RENDER,1.4642499999999998,2.049,1.707,2.39,2.39,28017,0.007573,33.62
2026-08-22 18:30,DOGE,DOGE,0.09131700000000001,0.876,0.438,0.438,0.438,113039,0.002704,17.45
2026-08-22 18:30,SHIB,kSHIB,0.0055060000000000005,3.632,3.632,3.632,3.632,187116,0.00125,19.76
2026-08-22 18:30,PEPE,kPEPE,0.0040985,2.44,1.22,1.22,1.22,321997,0.003796,22.07
2026-08-22 18:30,WIF,WIF,0.20241,4.94,2.47,2.964,5.435,11942,0.005402,29.07
2026-08-22 18:30,BONK,kBONK,0.0032495,3.077,1.539,1.539,1.539,118730,0.003029,20.56
2026-08-22 18:30,TRUMP,TRUMP,2.5618499999999997,1.952,0.976,0.976,2.928,147897,0.00125,14.45
2026-08-22 18:35,BTC,BTC,77273.5,0.129,0.065,0.065,0.065,1709502,0.002495,16.12
2026-08-22 18:35,ETH,ETH,2420.1499999999996,0.413,0.207,0.207,0.207,6214725,0.00125,12.91
2026-08-22 18:35,SOL,SOL,94.0075,0.106,0.053,0.053,0.053,211446,0.00125,12.61
2026-08-22 18:35,XRP,XRP,1.4646499999999998,0.683,0.341,0.341,0.341,542525,0.007412,30.44
2026-08-22 18:35,AVAX,AVAX,7.5428,1.326,0.663,1.061,1.061,55663,0.00472,23.54
2026-08-22 18:35,LINK,LINK,11.656500000000001,0.858,0.429,0.429,0.429,370233,0.007635,31.24
2026-08-22 18:35,LTC,LTC,52.230000000000004,0.383,0.574,0.766,0.957,26763,0.00125,13.65
2026-08-22 18:35,ADA,ADA,0.225795,0.443,0.221,1.993,2.436,95178,0.00125,12.94
2026-08-22 18:35,DOT,DOT,0.930685,0.107,1.988,2.632,2.847,10933,0.00125,16.48
2026-08-22 18:35,UNI,UNI,4.247249999999999,2.59,1.295,1.766,2.001,40033,0.007544,32.71
2026-08-22 18:35,AAVE,AAVE,123.695,4.042,2.83,2.83,3.638,244004,0.009415,41.02
2026-08-22 18:35,ARB,ARB,0.09911500000000001,1.009,0.504,0.504,1.513,84441,0.00125,13.51
2026-08-22 18:35,POL,POL,0.111155,6.298,4.948,4.948,6.747,14462,0.00125,22.4
2026-08-22 18:35,RENDER,RENDER,1.4663,2.728,3.41,3.41,6.82,13768,0.007585,37.06
2026-08-22 18:35,DOGE,DOGE,0.0912595,1.425,0.712,0.712,0.712,68423,0.002868,18.45
2026-08-22 18:35,SHIB,kSHIB,0.0055125,1.814,2.721,4.535,4.535,196002,0.00125,17.94
2026-08-22 18:35,PEPE,kPEPE,0.0041075,2.435,1.217,1.217,1.217,288085,0.003767,21.98
2026-08-22 18:35,WIF,WIF,0.203025,0.493,0.246,6.649,7.142,13924,0.005194,24.04
2026-08-22 18:35,BONK,kBONK,0.0032700000000000003,6.116,3.058,3.058,6.116,108598,0.00461,28.02
2026-08-22 18:35,TRUMP,TRUMP,2.57805,0.388,1.746,1.746,2.909,157891,0.00125,15.99
2026-08-22 18:40,BTC,BTC,77412.5,0.129,0.065,0.065,0.065,3813650,0.002492,16.11
2026-08-22 18:40,ETH,ETH,2424.75,0.412,0.206,0.206,0.206,7250024,0.00125,12.91
2026-08-22 18:40,SOL,SOL,94.4115,0.106,0.053,0.053,0.053,144496,0.00125,12.61
2026-08-22 18:40,XRP,XRP,1.47785,0.677,0.338,0.338,0.338,704885,0.00748,30.62
2026-08-22 18:40,AVAX,AVAX,7.59175,0.132,0.066,0.066,0.066,58120,0.004933,22.95
2026-08-22 18:40,LINK,LINK,11.7285,0.853,0.426,0.426,1.279,99456,0.008202,32.82
2026-08-22 18:40,LTC,LTC,52.438500000000005,0.191,1.621,2.384,2.956,28300,0.00125,15.74
2026-08-22 18:40,ADA,ADA,0.22738,1.759,2.199,2.199,2.199,97892,0.00125,16.9
2026-08-22 18:40,DOT,DOT,0.93757,2.133,1.067,2.027,2.88,29225,0.00125,14.63
2026-08-22 18:40,UNI,UNI,4.2771,0.468,0.234,0.468,0.468,50905,0.007768,31.22
2026-08-22 18:40,AAVE,AAVE,124.08500000000001,0.806,0.403,3.627,3.627,210382,0.00943,36.21
2026-08-22 18:40,ARB,ARB,0.0996,10.04,5.02,9.036,9.036,61986,0.00125,22.54
2026-08-22 18:40,POL,POL,0.111645,0.896,0.448,1.344,1.344,25794,0.00125,13.4
2026-08-22 18:40,RENDER,RENDER,1.4749500000000002,2.034,10.509,11.187,13.221,27681,0.007503,51.03
2026-08-22 18:40,DOGE,DOGE,0.0917615,1.417,0.708,1.471,1.471,124794,0.00317,19.29
2026-08-22 18:40,SHIB,kSHIB,0.005539499999999999,1.805,2.708,6.318,6.318,258242,0.00125,17.92
2026-08-22 18:40,PEPE,kPEPE,0.0041235,2.425,1.213,1.213,1.213,306342,0.003776,22.0
2026-08-22 18:40,WIF,WIF,0.204515,6.357,3.178,4.645,4.645,22017,0.005032,29.45
2026-08-22 18:40,BONK,kBONK,0.0032719999999999997,6.112,3.056,3.056,6.112,91124,0.005039,29.22
2026-08-22 18:40,TRUMP,TRUMP,2.60095,1.153,0.577,0.577,2.884,73660,0.00125,13.65
2026-08-22 18:45,BTC,BTC,77480.5,0.129,0.194,0.194,0.194,881095,0.00247,16.3
2026-08-22 18:45,ETH,ETH,2426.75,0.412,0.206,0.206,0.206,6515745,0.00125,12.91
2026-08-22 18:45,SOL,SOL,94.6615,0.106,0.053,0.158,0.37,85086,0.00125,12.61
2026-08-22 18:45,XRP,XRP,1.4875500000000001,0.672,0.336,0.336,0.336,541193,0.007673,31.16
2026-08-22 18:45,AVAX,AVAX,7.62805,0.131,0.066,0.066,0.066,63358,0.005071,23.33
2026-08-22 18:45,LINK,LINK,11.750499999999999,0.851,0.426,0.426,0.426,96398,0.009253,35.76
2026-08-22 18:45,LTC,LTC,52.5275,0.19,0.095,0.095,1.047,27615,0.00125,12.69
2026-08-22 18:45,ADA,ADA,0.227335,1.32,0.66,0.66,1.54,157794,0.001253,13.83
2026-08-22 18:45,DOT,DOT,0.938585,0.107,0.053,0.053,0.053,15232,0.00125,12.61
2026-08-22 18:45,UNI,UNI,4.30095,2.558,1.279,1.511,1.744,44657,0.008198,34.51
2026-08-22 18:45,AAVE,AAVE,124.875,0.801,0.4,0.4,0.4,85515,0.009671,36.88
2026-08-22 18:45,ARB,ARB,0.0997,2.006,1.003,1.003,1.003,79840,0.00125,14.51
2026-08-22 18:45,POL,POL,0.11208499999999999,0.892,3.123,4.015,4.015,25928,0.00125,18.75
2026-08-22 18:45,RENDER,RENDER,1.4795,4.055,2.028,2.704,4.055,14317,0.007451,33.92
2026-08-22 18:45,DOGE,DOGE,0.0919865,0.109,0.054,0.054,0.054,104418,0.003321,18.41
2026-08-22 18:45,SHIB,kSHIB,0.005544,3.608,1.804,3.608,5.411,174653,0.00125,16.11
2026-08-22 18:45,PEPE,kPEPE,0.0041855,2.389,8.362,8.362,8.362,261341,0.004022,36.99
2026-08-22 18:45,WIF,WIF,0.20459,3.91,4.888,5.377,5.377,21898,0.004922,32.56
2026-08-22 18:45,BONK,kBONK,0.0032615,3.066,4.599,4.599,7.665,80854,0.005519,33.65
2026-08-22 18:45,TRUMP,TRUMP,2.58805,0.386,3.671,3.671,4.83,121734,0.00125,19.84
2026-08-22 18:50,BTC,BTC,77456.5,0.129,0.065,0.065,0.065,1136500,0.002479,16.07
2026-08-22 18:50,ETH,ETH,2426.1499999999996,0.412,0.206,0.206,0.206,6977638,0.00125,12.91
2026-08-22 18:50,SOL,SOL,94.4645,0.106,0.053,0.053,0.053,71897,0.00125,12.61
2026-08-22 18:50,XRP,XRP,1.4861499999999999,0.673,0.336,0.336,0.336,867838,0.00779,31.49
2026-08-22 18:50,AVAX,AVAX,7.61625,2.232,1.116,1.116,1.116,45582,0.004965,25.13
2026-08-22 18:50,LINK,LINK,11.7895,0.848,1.272,2.121,2.121,108168,0.009956,39.42
2026-08-22 18:50,LTC,LTC,52.3645,0.573,0.286,0.286,0.286,80455,0.00125,13.07
2026-08-22 18:50,ADA,ADA,0.227355,0.44,0.22,0.22,0.22,92244,0.00135,13.22
2026-08-22 18:50,DOT,DOT,0.93723,0.213,0.107,0.107,0.107,15022,0.00125,12.71
2026-08-22 18:50,UNI,UNI,4.2803,2.804,1.402,1.402,1.402,29799,0.008542,35.72
2026-08-22 18:50,AAVE,AAVE,124.68,1.604,2.406,2.406,4.01,78030,0.009768,41.16
2026-08-22 18:50,ARB,ARB,0.09952,2.01,1.005,1.005,1.005,67013,0.00125,14.51
2026-08-22 18:50,POL,POL,0.111935,0.893,3.127,3.127,4.914,25321,0.00125,18.75
2026-08-22 18:50,RENDER,RENDER,1.4743499999999998,2.035,1.017,2.374,3.052,20186,0.007326,31.55
2026-08-22 18:50,DOGE,DOGE,0.091854,0.218,0.327,0.435,0.435,142224,0.003457,19.33
2026-08-22 18:50,SHIB,kSHIB,0.0055390000000000005,3.611,3.611,3.611,3.611,196519,0.00125,19.72
2026-08-22 18:50,PEPE,kPEPE,0.0041375000000000006,2.417,1.208,3.625,6.042,281052,0.004131,22.98
2026-08-22 18:50,WIF,WIF,0.203515,3.44,3.194,4.668,5.651,18123,0.004778,28.77
2026-08-22 18:50,BONK,kBONK,0.0032535,3.074,4.61,7.684,7.684,117012,0.005909,34.77
2026-08-22 18:50,TRUMP,TRUMP,2.5862,5.413,2.707,2.707,2.707,184508,0.00125,17.91
2026-08-22 18:55,BTC,BTC,77380.5,0.129,0.065,0.065,0.065,1433134,0.002434,15.95
2026-08-22 18:55,ETH,ETH,2423.95,0.413,0.206,0.206,0.206,7610181,0.00125,12.91
2026-08-22 18:55,SOL,SOL,94.4625,0.106,0.053,0.053,0.053,194261,0.00125,12.61
2026-08-22 18:55,XRP,XRP,1.4816500000000001,0.675,0.337,1.012,1.012,481059,0.007765,31.42
2026-08-22 18:55,AVAX,AVAX,7.608700000000001,1.577,0.789,1.446,1.446,42058,0.004828,24.1
2026-08-22 18:55,LINK,LINK,11.7635,0.85,2.125,2.975,2.975,138737,0.010136,41.63
2026-08-22 18:55,LTC,LTC,52.3195,2.867,2.58,4.3,4.3,56709,0.00125,17.66
2026-08-22 18:55,ADA,ADA,0.22694999999999999,0.881,0.441,0.441,0.441,73051,0.00125,13.38
2026-08-22 18:55,DOT,DOT,0.93496,2.567,2.567,2.781,2.888,11383,0.00125,17.63
2026-08-22 18:55,UNI,UNI,4.28695,0.233,0.117,0.117,0.117,31690,0.008943,34.27
2026-08-22 18:55,AAVE,AAVE,125.165,2.397,1.198,1.198,1.198,65290,0.009787,38.8
2026-08-22 18:55,ARB,ARB,0.099385,3.019,1.509,1.509,2.515,86464,0.00125,15.52
2026-08-22 18:55,POL,POL,0.11135,1.796,0.898,2.694,2.694,26611,0.00125,14.3
2026-08-22 18:55,RENDER,RENDER,1.4734500000000001,3.393,2.375,2.375,13.913,18903,0.007349,34.33
2026-08-22 18:55,DOGE,DOGE,0.091838,0.871,0.436,0.436,0.436,33222,0.003527,19.75
2026-08-22 18:55,SHIB,kSHIB,0.005533,3.615,1.807,1.807,1.807,374790,0.00125,16.11
2026-08-22 18:55,PEPE,kPEPE,0.004118,4.857,2.428,2.428,2.428,387148,0.003992,25.04
2026-08-22 18:55,WIF,WIF,0.20335,0.984,1.475,1.475,5.409,29267,0.004821,25.45
2026-08-22 18:55,BONK,kBONK,0.0032325,3.094,1.547,1.547,1.547,122453,0.006333,29.83
2026-08-22 18:55,TRUMP,TRUMP,2.5389,3.151,8.271,8.271,11.422,105617,0.00125,29.04
2026-08-22 19:00,BTC,BTC,77344.5,0.129,0.065,0.065,0.065,1027679,0.00125,12.63
2026-08-22 19:00,ETH,ETH,2424.1499999999996,0.413,0.206,0.206,0.206,6872421,0.00125,12.91
2026-08-22 19:00,SOL,SOL,94.4295,0.529,0.265,0.265,0.265,350569,0.003438,19.16
2026-08-22 19:00,XRP,XRP,1.4818500000000001,0.675,0.337,0.337,0.337,729642,0.003868,20.5
2026-08-22 19:00,AVAX,AVAX,7.60545,0.131,0.46,0.46,0.592,37545,0.00405,21.26
2026-08-22 19:00,LINK,LINK,11.7635,0.85,0.425,2.125,2.125,81075,0.009663,36.91
2026-08-22 19:00,LTC,LTC,52.3855,0.191,0.095,0.095,1.432,36697,0.002088,15.04
2026-08-22 19:00,ADA,ADA,0.226795,0.441,0.22,0.22,0.22,128227,0.00125,12.94
2026-08-22 19:00,DOT,DOT,0.93606,2.137,1.068,1.175,1.175,26657,0.00125,14.64
2026-08-22 19:00,UNI,UNI,4.28945,2.098,1.049,1.049,1.049,34672,0.012487,46.06
2026-08-22 19:00,AAVE,AAVE,124.85499999999999,0.801,0.4,1.201,2.002,114564,0.007778,31.58
2026-08-22 19:00,ARB,ARB,0.09937499999999999,1.006,0.503,0.503,0.503,48208,0.00125,13.51
2026-08-22 19:00,POL,POL,0.111145,0.9,0.45,2.249,3.149,22552,0.00125,13.4
2026-08-22 19:00,RENDER,RENDER,1.4741499999999998,2.035,7.801,7.801,9.158,14761,0.00125,28.1
2026-08-22 19:00,DOGE,DOGE,0.09171699999999999,1.526,0.763,0.763,0.763,141926,0.003478,20.27
2026-08-22 19:00,SHIB,kSHIB,0.005541,3.609,1.805,3.609,3.609,213025,0.00125,16.11
2026-08-22 19:00,PEPE,kPEPE,0.0041305000000000005,2.421,1.211,1.211,3.632,289230,0.009293,37.44
2026-08-22 19:00,WIF,WIF,0.203155,4.43,2.707,3.2,5.168,29641,0.005815,30.7
2026-08-22 19:00,BONK,kBONK,0.0032385,3.088,1.544,1.544,1.544,133696,0.012579,47.31
2026-08-22 19:00,TRUMP,TRUMP,2.56435,0.39,3.315,4.875,4.875,130343,0.001921,21.01
2026-08-22 19:05,BTC,BTC,77331.5,0.129,0.065,0.065,0.065,1489499,0.001668,13.8
2026-08-22 19:05,ETH,ETH,2423.55,0.413,0.206,0.206,0.206,8239244,0.00125,12.91
2026-08-22 19:05,SOL,SOL,94.3015,0.106,0.053,0.053,0.053,159689,0.003268,18.26
2026-08-22 19:05,XRP,XRP,1.47655,0.677,0.339,0.339,0.339,772202,0.003969,20.79
2026-08-22 19:05,AVAX,AVAX,7.56975,1.717,0.859,0.859,0.859,55586,0.003515,20.56
2026-08-22 19:05,LINK,LINK,11.7225,0.853,0.427,0.427,1.28,181254,0.010744,39.94
2026-08-22 19:05,LTC,LTC,52.2765,0.191,1.626,1.626,1.817,38874,0.00125,15.75
2026-08-22 19:05,ADA,ADA,0.226235,0.442,0.221,0.221,0.221,60392,0.00125,12.94
2026-08-22 19:05,DOT,DOT,0.935385,0.321,0.16,0.16,0.16,24285,0.00125,12.82
2026-08-22 19:05,UNI,UNI,4.2756,2.339,1.169,1.169,1.169,41804,0.012905,47.47
2026-08-22 19:05,AAVE,AAVE,124.6,1.605,1.605,1.605,3.21,83806,0.00878,36.79
2026-08-22 19:05,ARB,ARB,0.099335,1.007,0.503,0.503,1.51,70563,0.00125,13.51
2026-08-22 19:05,POL,POL,0.110455,0.905,3.169,4.074,4.979,26288,0.00125,18.84
2026-08-22 19:05,RENDER,RENDER,1.4719,4.076,2.718,2.718,4.756,16898,0.002449,21.29
2026-08-22 19:05,DOGE,DOGE,0.0915155,0.109,0.055,0.055,0.055,88238,0.004267,21.06
2026-08-22 19:05,SHIB,kSHIB,0.005523500000000001,1.81,2.716,2.716,4.526,198501,0.00125,17.93
2026-08-22 19:05,PEPE,kPEPE,0.004127499999999999,2.423,1.211,3.634,3.634,318975,0.008285,34.62
2026-08-22 19:05,WIF,WIF,0.20243,4.94,2.47,4.446,6.422,26163,0.002278,20.32
2026-08-22 19:05,BONK,kBONK,0.0032355,3.091,4.636,4.636,7.727,128783,0.01165,50.89
2026-08-22 19:05,TRUMP,TRUMP,2.56395,1.17,1.365,1.365,1.365,76356,0.00402,22.99
2026-08-22 19:10,BTC,BTC,77341.5,0.129,0.065,0.065,0.065,2197571,0.001949,14.59
2026-08-22 19:10,ETH,ETH,2424.3500000000004,0.412,0.206,0.206,0.206,6472072,0.00125,12.91
2026-08-22 19:10,SOL,SOL,94.3735,0.106,0.053,0.053,0.053,160002,0.002826,17.02
2026-08-22 19:10,XRP,XRP,1.47025,0.68,0.34,0.34,0.34,607444,0.003645,19.89
2026-08-22 19:10,AVAX,AVAX,7.57765,0.132,0.066,0.066,0.066,91847,0.003959,20.22
2026-08-22 19:10,LINK,LINK,11.7295,0.853,0.426,0.426,0.426,191975,0.012483,44.8
2026-08-22 19:10,LTC,LTC,52.335,0.382,1.529,1.72,2.293,96391,0.00125,15.56
2026-08-22 19:10,ADA,ADA,0.226515,0.441,0.221,0.221,0.221,103669,0.00125,12.94
2026-08-22 19:10,DOT,DOT,0.936415,3.097,1.976,2.082,2.082,21970,0.00125,16.45
2026-08-22 19:10,UNI,UNI,4.2639,0.938,0.469,0.704,0.938,20857,0.012452,44.8
2026-08-22 19:10,AAVE,AAVE,124.61,1.605,0.803,0.803,0.803,106363,0.00906,35.97
2026-08-22 19:10,ARB,ARB,0.099355,1.006,0.503,0.503,0.503,46120,0.00125,13.51
2026-08-22 19:10,POL,POL,0.110375,2.718,2.265,3.171,4.077,19209,0.00125,17.03
2026-08-22 19:10,RENDER,RENDER,1.4739499999999999,0.678,1.018,1.018,4.41,28375,0.005084,25.27
2026-08-22 19:10,DOGE,DOGE,0.0918375,0.109,0.054,0.054,0.054,24436,0.004961,23.0
2026-08-22 19:10,SHIB,kSHIB,0.005548,3.605,1.802,3.605,3.605,215996,0.00125,16.1
2026-08-22 19:10,PEPE,kPEPE,0.0041405,2.415,1.208,1.208,1.208,402964,0.008377,34.87
2026-08-22 19:10,WIF,WIF,0.20283,2.958,1.479,2.958,3.451,25448,0.001909,17.3
2026-08-22 19:10,BONK,kBONK,0.0032424999999999997,3.084,7.71,7.71,7.71,121988,0.011658,57.06
2026-08-22 19:10,TRUMP,TRUMP,2.57625,0.388,1.359,3.299,3.688,128620,0.005425,26.91
2026-08-22 19:15,BTC,BTC,77344.5,0.129,0.065,0.065,0.065,414673,0.00236,15.74
2026-08-22 19:15,ETH,ETH,2425.6499999999996,0.412,0.206,0.206,0.206,6825496,0.00125,12.91
2026-08-22 19:15,SOL,SOL,94.2935,0.106,0.795,0.795,0.795,108416,0.002708,18.17
2026-08-22 19:15,XRP,XRP,1.4779499999999999,0.677,0.338,0.338,0.338,945756,0.003942,20.71
2026-08-22 19:15,AVAX,AVAX,7.59035,0.922,0.461,0.593,0.593,51853,0.004352,22.11
2026-08-22 19:15,LINK,LINK,11.7485,0.851,2.128,2.128,2.128,159573,0.012839,49.21
2026-08-22 19:15,LTC,LTC,52.4965,0.19,0.095,0.857,2.0,19812,0.00125,12.69
2026-08-22 19:15,ADA,ADA,0.227295,0.44,1.54,1.54,1.54,102264,0.001283,15.67
2026-08-22 19:15,DOT,DOT,0.936715,0.107,2.295,2.936,4.537,21112,0.00125,17.09
2026-08-22 19:15,UNI,UNI,4.27445,1.17,0.585,1.521,1.521,31818,0.012324,44.68
2026-08-22 19:15,AAVE,AAVE,125.525,0.797,3.585,3.585,5.178,93508,0.009382,42.44
2026-08-22 19:15,ARB,ARB,0.099275,3.022,2.518,3.526,3.526,60581,0.00125,17.54
2026-08-22 19:15,POL,POL,0.111775,0.895,5.815,6.71,7.605,22584,0.00125,24.13
2026-08-22 19:15,RENDER,RENDER,1.4739499999999999,0.678,0.339,7.124,11.194,28762,0.005949,26.34
2026-08-22 19:15,DOGE,DOGE,0.092166,0.651,0.325,0.542,0.542,94667,0.00523,24.29
2026-08-22 19:15,SHIB,kSHIB,0.005553499999999999,1.801,0.9,4.502,4.502,265785,0.00125,14.3
2026-08-22 19:15,PEPE,kPEPE,0.0041635000000000005,2.402,1.201,1.201,1.201,437213,0.00894,36.43
2026-08-22 19:15,WIF,WIF,0.203815,3.434,2.208,4.17,5.642,14491,0.002333,19.95
2026-08-22 19:15,BONK,kBONK,0.0032515,3.076,1.538,1.538,4.613,115231,0.011118,43.21
2026-08-22 19:15,TRUMP,TRUMP,2.5808,4.65,2.325,2.325,2.325,90329,0.006977,33.19
2026-08-22 19:20,BTC,BTC,77360.5,0.129,0.065,0.065,0.065,2299867,0.002604,16.42
2026-08-22 19:20,ETH,ETH,2427.75,0.412,0.206,0.206,0.206,7713927,0.00125,12.91
2026-08-22 19:20,SOL,SOL,94.2715,0.106,0.053,0.053,0.053,415775,0.002597,16.38
2026-08-22 19:20,XRP,XRP,1.4762499999999998,0.677,0.339,0.339,0.339,533088,0.003998,20.87
2026-08-22 19:20,AVAX,AVAX,7.592700000000001,2.371,1.317,1.317,1.317,41048,0.004731,24.88
2026-08-22 19:20,LINK,LINK,11.7575,0.851,2.126,2.126,2.126,176574,0.013111,49.96
2026-08-22 19:20,LTC,LTC,52.533500000000004,0.952,1.237,1.237,1.237,28476,0.00125,14.97
2026-08-22 19:20,ADA,ADA,0.22756500000000002,0.439,0.22,0.22,0.22,77511,0.001963,14.94
2026-08-22 19:20,DOT,DOT,0.935425,0.107,0.588,0.588,0.588,23454,0.00125,13.68
2026-08-22 19:20,UNI,UNI,4.27025,1.639,0.82,0.82,1.054,42090,0.012418,45.41
2026-08-22 19:20,AAVE,AAVE,125.47999999999999,1.594,0.797,1.594,1.594,103660,0.009187,36.32
2026-08-22 19:20,ARB,ARB,0.09961,4.016,3.012,4.016,4.016,82548,0.00125,18.52
2026-08-22 19:20,POL,POL,0.110955,0.901,0.451,0.451,0.451,32522,0.00125,13.4
2026-08-22 19:20,RENDER,RENDER,1.4742,2.713,2.035,2.713,4.07,18268,0.006502,31.28
2026-08-22 19:20,DOGE,DOGE,0.092934,2.582,1.291,1.399,1.399,105846,0.005393,26.68
2026-08-22 19:20,SHIB,kSHIB,0.0055525,1.801,2.701,2.701,2.701,202032,0.00125,17.9
2026-08-22 19:20,PEPE,kPEPE,0.004151500000000001,2.409,1.204,1.204,1.204,332646,0.008665,35.67
2026-08-22 19:20,WIF,WIF,0.20577499999999999,5.346,6.561,8.018,9.476,18529,0.002605,29.41
2026-08-22 19:20,BONK,kBONK,0.0032795,3.049,4.574,4.574,4.574,84359,0.010816,48.43
2026-08-22 19:20,TRUMP,TRUMP,2.58695,8.118,4.059,4.059,4.059,98431,0.00722,37.33
2026-08-22 19:25,BTC,BTC,77357.5,0.129,0.065,0.065,0.065,2530402,0.002946,17.38
2026-08-22 19:25,ETH,ETH,2426.25,0.412,0.206,0.206,0.206,7965336,0.00125,12.91
2026-08-22 19:25,SOL,SOL,94.24549999999999,0.106,0.796,0.796,0.796,90787,0.002592,17.85
2026-08-22 19:25,XRP,XRP,1.47825,0.676,1.691,2.368,2.368,588023,0.004108,23.89
2026-08-22 19:25,AVAX,AVAX,7.59795,0.132,0.066,0.066,0.066,84652,0.004972,23.05
2026-08-22 19:25,LINK,LINK,11.785499999999999,0.849,0.424,0.424,1.273,160908,0.01324,46.92
2026-08-22 19:25,LTC,LTC,52.6005,0.19,1.806,2.186,2.376,34522,0.00125,16.11
2026-08-22 19:25,ADA,ADA,0.22805,1.754,0.877,0.877,0.877,101459,0.002204,16.93
2026-08-22 19:25,DOT,DOT,0.93569,0.641,2.351,2.672,3.206,10902,0.00125,17.2
2026-08-22 19:25,UNI,UNI,4.277699999999999,0.935,0.468,0.701,0.701,36614,0.01251,44.96
2026-08-22 19:25,AAVE,AAVE,125.865,2.384,2.781,3.575,3.575,34285,0.009471,41.08
2026-08-22 19:25,ARB,ARB,0.09959,2.008,1.004,1.004,1.004,79328,0.00125,14.51
2026-08-22 19:25,POL,POL,0.110985,0.901,1.352,3.154,3.154,32291,0.00125,15.2
2026-08-22 19:25,RENDER,RENDER,1.4758,4.066,4.066,4.743,4.743,20091,0.006981,36.68
2026-08-22 19:25,DOGE,DOGE,0.092738,1.725,4.098,4.205,4.205,161116,0.005382,32.26
2026-08-22 19:25,SHIB,kSHIB,0.0055650000000000005,3.594,3.594,3.594,3.594,214781,0.00125,19.69
2026-08-22 19:25,PEPE,kPEPE,0.004125500000000001,2.424,1.212,1.212,1.212,287745,0.007875,33.47
2026-08-22 19:25,WIF,WIF,0.20398,2.941,1.961,4.412,7.354,16701,0.002426,19.72
2026-08-22 19:25,BONK,kBONK,0.0032760000000000003,6.105,6.105,6.105,6.105,93336,0.010167,49.68
2026-08-22 19:25,TRUMP,TRUMP,2.5886,9.271,4.636,5.408,5.795,95606,0.007594,39.54
2026-08-22 19:30,BTC,BTC,77193.5,0.13,0.324,0.324,0.324,2287661,0.002988,18.02
2026-08-22 19:30,ETH,ETH,2422.1499999999996,0.413,0.206,0.206,0.206,6415861,0.00125,12.91
2026-08-22 19:30,SOL,SOL,94.09649999999999,0.106,0.053,0.053,0.053,100390,0.002575,16.32
2026-08-22 19:30,XRP,XRP,1.4745499999999998,0.678,0.339,0.339,0.339,799428,0.004187,21.4
2026-08-22 19:30,AVAX,AVAX,7.57845,1.451,0.726,0.726,0.726,46835,0.004996,24.44
2026-08-22 19:30,LINK,LINK,11.724499999999999,0.853,2.985,2.985,2.985,159572,0.0132,51.93
2026-08-22 19:30,LTC,LTC,52.5975,0.19,2.757,2.757,3.137,28087,0.00125,18.01
2026-08-22 19:30,ADA,ADA,0.22663,0.882,1.324,1.324,1.765,131195,0.002021,17.3
2026-08-22 19:30,DOT,DOT,0.93238,0.429,2.896,3.003,3.11,12593,0.00125,18.29
2026-08-22 19:30,UNI,UNI,4.2689,1.406,0.703,0.703,0.703,32484,0.01265,45.83
2026-08-22 19:30,AAVE,AAVE,125.47999999999999,1.594,3.188,3.985,4.782,89251,0.009681,42.48
2026-08-22 19:30,ARB,ARB,0.099295,3.021,3.525,4.532,5.539,48844,0.00125,19.55
2026-08-22 19:30,POL,POL,0.110095,2.725,1.362,1.362,1.362,26759,0.00125,15.22
2026-08-22 19:30,RENDER,RENDER,1.47125,2.039,3.738,4.418,4.418,28962,0.007098,36.35
2026-08-22 19:30,DOGE,DOGE,0.0923455,0.108,2.112,2.22,2.22,40937,0.00545,28.48
2026-08-22 19:30,SHIB,kSHIB,0.005518,3.625,3.625,3.625,3.625,204209,0.00125,19.75
2026-08-22 19:30,PEPE,kPEPE,0.004078,4.904,2.452,2.452,4.904,371175,0.007299,34.34
2026-08-22 19:30,WIF,WIF,0.20237,3.953,2.965,3.953,4.941,21353,0.002364,21.55
2026-08-22 19:30,BONK,kBONK,0.0032635,3.064,1.532,4.596,4.596,129734,0.009901,39.79
2026-08-22 19:30,TRUMP,TRUMP,2.57905,0.388,4.459,4.459,6.01,106575,0.008339,41.27
2026-08-22 19:35,BTC,BTC,77231.5,0.129,0.065,0.065,0.065,3103928,0.002878,17.19
2026-08-22 19:35,ETH,ETH,2424.55,0.412,0.206,0.206,0.206,7159405,0.00125,12.91
2026-08-22 19:35,SOL,SOL,94.1645,0.106,0.053,0.053,0.053,118509,0.002621,16.44
2026-08-22 19:35,XRP,XRP,1.47595,0.678,0.339,0.339,0.339,645793,0.004286,21.68
2026-08-22 19:35,AVAX,AVAX,7.5979,0.79,0.395,0.395,0.395,65623,0.005015,23.83
2026-08-22 19:35,LINK,LINK,11.744499999999999,0.851,1.277,2.129,2.129,154916,0.013076,48.17
2026-08-22 19:35,LTC,LTC,52.733,1.138,0.569,0.569,2.276,23830,0.00125,13.64
2026-08-22 19:35,ADA,ADA,0.227125,0.44,1.541,1.541,1.541,78005,0.002321,18.58
2026-08-22 19:35,DOT,DOT,0.936105,1.602,0.801,0.801,0.801,23745,0.00125,14.1
2026-08-22 19:35,UNI,UNI,4.28505,0.233,0.117,0.117,2.217,24112,0.012874,45.28
2026-08-22 19:35,AAVE,AAVE,126.465,0.791,3.558,3.558,3.558,72743,0.009875,43.77
2026-08-22 19:35,ARB,ARB,0.09977,2.005,2.005,3.007,4.009,55931,0.00125,16.51
2026-08-22 19:35,POL,POL,0.11011499999999999,0.908,1.362,2.27,5.903,22249,0.00125,15.22
2026-08-22 19:35,RENDER,RENDER,1.475,1.356,4.746,6.102,10.847,19739,0.007543,39.61
2026-08-22 19:35,DOGE,DOGE,0.0928395,0.108,0.808,0.808,0.808,98515,0.005582,26.25
2026-08-22 19:35,SHIB,kSHIB,0.0055445,1.804,0.902,4.509,4.509,194486,0.00125,14.3
2026-08-22 19:35,PEPE,kPEPE,0.004080500000000001,2.451,1.225,3.676,3.676,520026,0.007727,33.09
2026-08-22 19:35,WIF,WIF,0.20315,0.984,2.461,2.953,5.415,16284,0.002265,20.27
2026-08-22 19:35,BONK,kBONK,0.0032735,3.055,4.582,7.637,7.637,83393,0.010299,47.0
2026-08-22 19:35,TRUMP,TRUMP,2.6060499999999998,0.384,4.413,4.413,5.18,116178,0.009374,44.07
2026-08-22 19:40,BTC,BTC,77236.5,0.129,0.065,0.065,0.065,4338651,0.002789,16.94
2026-08-22 19:40,ETH,ETH,2424.45,0.412,0.206,0.206,0.206,8246819,0.00125,12.91
2026-08-22 19:40,SOL,SOL,94.2555,0.106,0.053,0.053,0.053,192042,0.002685,16.62
2026-08-22 19:40,XRP,XRP,1.4743499999999998,0.678,0.339,0.339,0.339,551473,0.004261,21.61
2026-08-22 19:40,AVAX,AVAX,7.59445,0.395,0.724,0.724,0.856,40639,0.00517,24.92
2026-08-22 19:40,LINK,LINK,11.7335,0.852,4.687,4.687,5.54,77270,0.012716,53.98
2026-08-22 19:40,LTC,LTC,52.7275,0.19,1.802,1.802,1.991,32125,0.00125,16.1
2026-08-22 19:40,ADA,ADA,0.227625,0.439,1.977,1.977,2.416,99337,0.002502,19.96
2026-08-22 19:40,DOT,DOT,0.9374750000000001,0.107,0.053,0.053,0.053,30152,0.00125,12.61
2026-08-22 19:40,UNI,UNI,4.28825,0.233,0.117,0.117,3.848,39526,0.013139,46.02
2026-08-22 19:40,AAVE,AAVE,126.745,0.789,0.394,0.394,0.394,104902,0.00996,37.68
2026-08-22 19:40,ARB,ARB,0.10041,3.984,1.992,2.988,3.984,28785,0.00125,16.48
2026-08-22 19:40,POL,POL,0.109875,2.73,4.096,5.006,5.006,27036,0.00125,20.69
2026-08-22 19:40,RENDER,RENDER,1.47655,0.677,0.339,8.466,9.82,29274,0.007347,30.25
2026-08-22 19:40,DOGE,DOGE,0.0929125,0.108,0.161,0.161,0.161,99933,0.005508,24.75
2026-08-22 19:40,SHIB,kSHIB,0.005548,3.605,1.802,1.802,1.802,195763,0.00125,16.1
2026-08-22 19:40,PEPE,kPEPE,0.0040915,2.444,1.222,1.222,3.666,336723,0.007967,33.75
2026-08-22 19:40,WIF,WIF,0.203225,2.46,1.722,3.69,5.659,11384,0.002114,18.36
2026-08-22 19:40,BONK,kBONK,0.0032754999999999998,3.053,4.579,4.579,4.579,120665,0.010232,46.81
2026-08-22 19:40,TRUMP,TRUMP,2.5961,2.311,1.156,1.156,1.156,109319,0.009566,38.1
2026-08-22 19:45,BTC,BTC,77274.5,0.129,0.065,0.065,0.065,1446642,0.002748,16.82
2026-08-22 19:45,ETH,ETH,2425.55,0.412,0.618,0.618,0.618,7327923,0.00125,13.74
2026-08-22 19:45,SOL,SOL,94.3245,0.106,0.053,0.053,0.053,70601,0.002749,16.8
2026-08-22 19:45,XRP,XRP,1.4774500000000002,0.677,0.338,0.338,0.338,876721,0.0043,21.72
2026-08-22 19:45,AVAX,AVAX,7.5953,0.263,0.132,0.132,0.132,58613,0.005404,24.39
2026-08-22 19:45,LINK,LINK,11.7375,0.852,1.278,1.278,2.13,162710,0.012553,46.71
2026-08-22 19:45,LTC,LTC,52.7195,0.19,2.75,2.75,3.13,37754,0.00125,18.0
2026-08-22 19:45,ADA,ADA,0.227885,0.439,3.73,4.169,4.169,168605,0.002697,24.01
2026-08-22 19:45,DOT,DOT,0.938075,3.305,1.652,2.612,2.612,27280,0.00125,15.8
2026-08-22 19:45,UNI,UNI,4.29165,0.233,0.117,0.117,1.981,25355,0.013296,46.46
2026-08-22 19:45,AAVE,AAVE,126.46000000000001,3.163,1.582,3.163,3.954,101981,0.010028,40.24
2026-08-22 19:45,ARB,ARB,0.100855,2.975,1.487,1.487,1.487,81135,0.00125,15.47
2026-08-22 19:45,POL,POL,0.10999500000000001,0.909,2.273,2.273,2.273,28824,0.00125,17.05
2026-08-22 19:45,RENDER,RENDER,1.47925,3.38,3.718,3.718,5.07,16181,0.007189,36.56
2026-08-22 19:45,DOGE,DOGE,0.0935195,0.535,0.267,0.267,0.267,95304,0.005744,25.62
2026-08-22 19:45,SHIB,kSHIB,0.005548,3.605,3.605,3.605,3.605,208771,0.00125,19.71
2026-08-22 19:45,PEPE,kPEPE,0.0041025,2.438,1.219,1.219,1.219,509738,0.008229,34.48
2026-08-22 19:45,WIF,WIF,0.203735,3.436,2.209,4.172,7.117,10595,0.002067,19.2
2026-08-22 19:45,BONK,kBONK,0.0032955,3.034,1.517,1.517,7.586,122936,0.010472,41.36
2026-08-22 19:45,TRUMP,TRUMP,2.59865,2.694,1.347,1.347,1.347,80006,0.009863,39.31
2026-08-22 19:50,BTC,BTC,77393.5,0.129,0.065,0.065,0.065,4569317,0.002678,16.63
2026-08-22 19:50,ETH,ETH,2429.1499999999996,0.412,0.206,0.206,0.206,7424043,0.00125,12.91
2026-08-22 19:50,SOL,SOL,94.5745,0.106,0.053,0.053,0.053,195420,0.002831,17.03
2026-08-22 19:50,XRP,XRP,1.48345,0.674,0.337,0.337,0.337,665548,0.004319,21.77
2026-08-22 19:50,AVAX,AVAX,7.6,0.263,0.263,0.263,0.395,87654,0.005708,25.51
2026-08-22 19:50,LINK,LINK,11.7685,0.85,0.425,1.275,1.275,173082,0.012388,44.54
2026-08-22 19:50,LTC,LTC,52.7425,0.19,0.095,0.095,0.095,28119,0.00125,12.69
2026-08-22 19:50,ADA,ADA,0.229105,0.436,0.218,1.091,1.528,89562,0.002725,17.07
2026-08-22 19:50,DOT,DOT,0.938715,0.533,0.266,0.373,0.373,26151,0.00125,13.03
2026-08-22 19:50,UNI,UNI,4.30095,0.233,0.116,1.976,3.371,26400,0.013633,47.41
2026-08-22 19:50,AAVE,AAVE,126.63,1.579,1.579,1.579,2.369,95002,0.010113,40.47
2026-08-22 19:50,ARB,ARB,0.100805,0.992,2.48,3.472,4.464,38265,0.00125,17.46
2026-08-22 19:50,POL,POL,0.11033499999999999,0.906,4.985,5.891,5.891,26419,0.00125,22.47
2026-08-22 19:50,RENDER,RENDER,1.48475,3.368,2.357,3.031,4.378,26958,0.007038,33.42
2026-08-22 19:50,DOGE,DOGE,0.0933305,0.107,0.804,1.339,2.518,94698,0.005878,27.06
2026-08-22 19:50,SHIB,kSHIB,0.005553,3.602,1.801,3.602,3.602,328767,0.00125,16.1
2026-08-22 19:50,PEPE,kPEPE,0.0041135,2.431,1.216,1.216,1.216,673806,0.008475,35.16
2026-08-22 19:50,WIF,WIF,0.20669,10.644,5.322,5.322,11.612,32375,0.001999,25.24
2026-08-22 19:50,BONK,kBONK,0.0033014999999999997,9.087,4.543,7.572,10.601,86772,0.010707,48.07
2026-08-22 19:50,TRUMP,TRUMP,2.5961499999999997,0.385,0.193,0.193,0.193,97053,0.01027,38.14
2026-08-22 19:55,BTC,BTC,77342.5,0.129,0.065,0.065,0.065,3017315,0.002631,16.5
2026-08-22 19:55,ETH,ETH,2428.25,0.412,0.206,0.206,0.206,8661171,0.00125,12.91
2026-08-22 19:55,SOL,SOL,94.3255,0.106,0.053,0.053,0.053,337332,0.002987,17.47
2026-08-22 19:55,XRP,XRP,1.4810500000000002,0.675,0.338,0.338,0.338,861539,0.004361,21.89
2026-08-22 19:55,AVAX,AVAX,7.59445,0.132,0.329,0.329,0.988,73869,0.005973,26.38
2026-08-22 19:55,LINK,LINK,11.7545,0.851,0.425,0.425,0.425,186862,0.01224,44.12
2026-08-22 19:55,LTC,LTC,52.706500000000005,0.949,1.802,1.992,1.992,48432,0.00125,16.1
2026-08-22 19:55,ADA,ADA,0.228435,0.438,2.408,2.408,2.845,109196,0.002593,21.07
2026-08-22 19:55,DOT,DOT,0.936645,0.107,2.936,3.043,3.577,23867,0.00125,18.37
2026-08-22 19:55,UNI,UNI,4.281700000000001,0.934,0.467,0.467,1.168,29488,0.013571,47.93
2026-08-22 19:55,AAVE,AAVE,126.985,0.787,1.969,2.756,2.756,82346,0.010159,41.38
2026-08-22 19:55,ARB,ARB,0.100635,0.994,2.484,2.484,2.484,31187,0.00125,17.47
2026-08-22 19:55,POL,POL,0.110015,0.909,4.09,5.908,6.817,27369,0.00125,20.68
2026-08-22 19:55,RENDER,RENDER,1.4795,1.352,0.676,1.352,4.055,16417,0.006675,29.04
2026-08-22 19:55,DOGE,DOGE,0.0932655,0.107,2.734,2.841,2.841,102292,0.006014,31.31
2026-08-22 19:55,SHIB,kSHIB,0.005543,3.608,1.804,1.804,1.804,217488,0.00125,16.11
2026-08-22 19:55,PEPE,kPEPE,0.0041055,2.436,1.218,1.218,1.218,390065,0.008451,35.1
2026-08-22 19:55,WIF,WIF,0.206155,3.396,3.153,3.153,4.608,24026,0.001572,19.71
2026-08-22 19:55,BONK,kBONK,0.0033025,3.028,1.514,1.514,1.514,99675,0.010945,42.67
2026-08-22 19:55,TRUMP,TRUMP,2.5646500000000003,0.39,0.195,0.195,0.195,120048,0.010586,39.03
2026-08-22 20:00,BTC,BTC,77322.5,0.129,0.065,0.065,0.065,1394047,0.00125,12.63
2026-08-22 20:00,ETH,ETH,2426.95,0.412,0.206,0.206,0.206,6514124,0.00125,12.91
2026-08-22 20:00,SOL,SOL,94.3155,0.106,0.053,0.053,0.053,101760,0.002986,17.47
2026-08-22 20:00,XRP,XRP,1.4810500000000002,0.675,0.338,0.338,0.338,682509,0.003269,18.83
2026-08-22 20:00,AVAX,AVAX,7.58565,1.186,0.725,1.516,1.516,43923,0.007799,32.29
2026-08-22 20:00,LINK,LINK,11.7375,0.852,1.278,1.278,2.13,163520,0.010222,40.18
2026-08-22 20:00,LTC,LTC,52.6845,0.949,0.475,0.475,0.475,84304,0.00125,13.45
2026-08-22 20:00,ADA,ADA,0.228595,2.187,1.094,1.094,1.094,146076,0.003503,21.0
2026-08-22 20:00,DOT,DOT,0.935675,1.389,0.695,0.695,0.695,37795,0.00125,13.89
2026-08-22 20:00,UNI,UNI,4.275449999999999,0.702,0.585,1.754,3.391,32745,0.012113,44.09
2026-08-22 20:00,AAVE,AAVE,126.39,1.582,1.582,2.374,3.165,80807,0.009328,38.28
2026-08-22 20:00,ARB,ARB,0.10077,1.985,0.992,0.992,1.985,82380,0.00125,14.48
2026-08-22 20:00,POL,POL,0.109785,2.733,2.277,4.099,4.099,27200,0.00125,17.05
2026-08-22 20:00,RENDER,RENDER,1.4776500000000001,0.677,3.722,4.399,5.076,28111,0.00621,33.83
2026-08-22 20:00,DOGE,DOGE,0.0933615,0.107,0.91,2.089,2.089,113497,0.009852,38.41
2026-08-22 20:00,SHIB,kSHIB,0.005542,3.609,1.804,1.804,1.804,217837,0.00125,16.11
2026-08-22 20:00,PEPE,kPEPE,0.004106500000000001,2.435,1.218,3.653,3.653,321173,0.004424,23.82
2026-08-22 20:00,WIF,WIF,0.206335,3.393,2.181,4.12,4.12,20464,0.001778,18.34
2026-08-22 20:00,BONK,kBONK,0.0033045,3.026,7.565,7.565,7.565,124980,0.018872,76.97
2026-08-22 20:00,TRUMP,TRUMP,2.56215,0.39,2.147,2.147,4.098,81174,0.014074,52.7
2026-08-22 20:05,BTC,BTC,77399.5,0.129,0.065,0.065,0.065,958982,0.00125,12.63
2026-08-22 20:05,ETH,ETH,2431.1499999999996,0.411,0.206,0.206,0.206,7975778,0.00125,12.91
2026-08-22 20:05,SOL,SOL,94.4295,0.106,0.053,0.053,0.053,254616,0.003856,19.9
2026-08-22 20:05,XRP,XRP,1.48785,0.672,0.336,0.336,0.336,635266,0.00425,21.57
2026-08-22 20:05,AVAX,AVAX,7.5852,2.109,1.055,1.055,1.055,49861,0.007214,31.31
2026-08-22 20:05,LINK,LINK,11.7615,0.85,0.425,1.275,1.275,186206,0.011054,40.8
2026-08-22 20:05,LTC,LTC,52.759,0.758,0.379,0.379,0.379,76368,0.00125,13.26
2026-08-22 20:05,ADA,ADA,0.22898000000000002,0.873,0.873,0.873,1.747,63513,0.002567,17.94
2026-08-22 20:05,DOT,DOT,0.935685,0.962,0.481,0.695,0.695,26856,0.00125,13.46
2026-08-22 20:05,UNI,UNI,4.2771,1.87,0.935,0.935,2.338,33081,0.011789,43.88
2026-08-22 20:05,AAVE,AAVE,126.57499999999999,0.79,3.555,3.555,3.555,119785,0.00867,40.39
2026-08-22 20:05,ARB,ARB,0.100825,0.992,0.496,1.488,1.488,61936,0.00125,13.49
2026-08-22 20:05,POL,POL,0.10973,3.645,1.823,1.823,2.734,29438,0.00125,16.15
2026-08-22 20:05,RENDER,RENDER,1.4785,1.353,0.676,0.676,0.676,29996,0.007128,30.31
2026-08-22 20:05,DOGE,DOGE,0.0933605,0.107,0.054,0.054,0.803,86157,0.008478,32.85
2026-08-22 20:05,SHIB,kSHIB,0.005541,3.609,1.805,3.609,3.609,345021,0.00125,16.11
2026-08-22 20:05,PEPE,kPEPE,0.0041025,2.438,1.219,1.219,1.219,285774,0.006171,28.72
2026-08-22 20:05,WIF,WIF,0.205115,2.438,3.656,5.119,5.119,26133,0.00125,19.81
2026-08-22 20:05,BONK,kBONK,0.0033020000000000002,6.057,3.028,3.028,6.057,104207,0.017173,63.14
2026-08-22 20:05,TRUMP,TRUMP,2.5887000000000002,4.636,3.863,3.863,3.863,23724,0.017649,66.14
2026-08-22 20:10,BTC,BTC,77301.5,0.129,0.065,0.065,0.065,2977252,0.00125,12.63
2026-08-22 20:10,ETH,ETH,2427.8500000000004,0.412,0.206,0.206,0.206,6734253,0.00125,12.91
2026-08-22 20:10,SOL,SOL,94.27250000000001,0.106,0.053,0.053,0.053,204424,0.00387,19.94
2026-08-22 20:10,XRP,XRP,1.4833500000000002,0.674,0.337,0.337,0.337,833596,0.003279,18.85
2026-08-22 20:10,AVAX,AVAX,7.5779499999999995,0.396,0.198,0.198,0.198,46402,0.00735,29.98
2026-08-22 20:10,LINK,LINK,11.7315,0.852,0.426,0.426,0.426,199832,0.01098,40.6
2026-08-22 20:10,LTC,LTC,52.7145,0.569,0.285,0.285,0.285,41641,0.00125,13.07
2026-08-22 20:10,ADA,ADA,0.22839500000000001,1.314,0.657,0.657,0.657,133356,0.002421,17.09
2026-08-22 20:10,DOT,DOT,0.93286,2.144,1.179,1.179,1.179,25951,0.00125,14.86
2026-08-22 20:10,UNI,UNI,4.2527,1.411,0.705,0.941,1.881,25925,0.010986,41.17
2026-08-22 20:10,AAVE,AAVE,126.045,2.38,1.983,2.777,3.57,177033,0.00838,36.43
2026-08-22 20:10,ARB,ARB,0.10031999999999999,1.994,0.997,0.997,0.997,55879,0.00125,14.49
2026-08-22 20:10,POL,POL,0.10964,1.824,0.912,3.648,4.56,26441,0.00125,14.32
2026-08-22 20:10,RENDER,RENDER,1.4773,2.708,2.031,2.708,2.708,29005,0.006531,31.35
2026-08-22 20:10,DOGE,DOGE,0.092863,0.215,0.108,0.108,0.108,97134,0.007589,30.46
2026-08-22 20:10,SHIB,kSHIB,0.0055309999999999995,3.616,1.808,3.616,3.616,207789,0.00125,16.12
2026-08-22 20:10,PEPE,kPEPE,0.0040835,2.449,1.224,1.224,1.224,363071,0.005656,27.29
2026-08-22 20:10,WIF,WIF,0.20369500000000001,4.418,2.209,3.682,6.628,20169,0.00125,16.92
2026-08-22 20:10,BONK,kBONK,0.0032955,3.034,1.517,1.517,4.552,150393,0.015188,54.56
2026-08-22 20:10,TRUMP,TRUMP,2.57295,1.166,0.583,2.915,2.915,126209,0.015315,53.05
2026-08-22 20:15,BTC,BTC,77317.5,0.129,0.065,0.065,0.065,2257178,0.001309,12.79
2026-08-22 20:15,ETH,ETH,2428.6499999999996,0.412,0.206,0.206,0.206,5848545,0.00125,12.91
2026-08-22 20:15,SOL,SOL,94.3485,0.106,0.053,0.053,0.053,39821,0.003695,19.45
2026-08-22 20:15,XRP,XRP,1.4877500000000001,0.672,1.008,2.353,2.353,405256,0.003037,19.52
2026-08-22 20:15,AVAX,AVAX,7.5877,0.264,0.132,0.132,0.264,64360,0.007268,29.61
2026-08-22 20:15,LINK,LINK,11.8045,0.847,0.424,0.424,0.424,96604,0.010987,40.61
2026-08-22 20:15,LTC,LTC,52.7665,0.948,0.474,0.474,0.474,25786,0.00125,13.45
2026-08-22 20:15,ADA,ADA,0.228945,0.437,0.218,0.655,1.529,90483,0.002639,16.83
2026-08-22 20:15,DOT,DOT,0.932925,1.179,1.34,1.876,1.876,15345,0.00125,15.18
2026-08-22 20:15,UNI,UNI,4.259,1.409,0.704,0.704,0.704,28863,0.010752,40.52
2026-08-22 20:15,AAVE,AAVE,125.84,1.589,1.589,3.179,3.179,188473,0.008127,34.93
2026-08-22 20:15,ARB,ARB,0.10024,1.995,0.998,0.998,0.998,58632,0.00125,14.5
2026-08-22 20:15,POL,POL,0.109315,0.915,0.457,3.202,3.202,21794,0.00125,13.41
2026-08-22 20:15,RENDER,RENDER,1.47875,4.734,2.367,2.367,7.101,33354,0.007011,33.36
2026-08-22 20:15,DOGE,DOGE,0.0930335,0.107,5.321,5.643,6.396,42029,0.006858,38.84
2026-08-22 20:15,SHIB,kSHIB,0.0055485,1.802,0.901,2.703,2.703,206539,0.00125,14.3
2026-08-22 20:15,PEPE,kPEPE,0.0040865,2.447,1.224,1.224,3.671,332429,0.006148,28.66
2026-08-22 20:15,WIF,WIF,0.20409,1.96,0.98,2.45,3.43,20668,0.001833,16.09
2026-08-22 20:15,BONK,kBONK,0.0033135,3.018,1.509,4.527,7.545,116234,0.014815,53.5
2026-08-22 20:15,TRUMP,TRUMP,2.59025,0.386,1.737,1.737,1.737,66059,0.013848,51.25
2026-08-22 20:20,BTC,BTC,77333.5,0.129,0.711,0.711,0.711,1971735,0.001466,14.53
2026-08-22 20:20,ETH,ETH,2429.6499999999996,0.412,0.206,0.206,0.206,6392301,0.00125,12.91
2026-08-22 20:20,SOL,SOL,94.4345,0.106,0.053,0.053,0.053,95656,0.00387,19.94
2026-08-22 20:20,XRP,XRP,1.49215,0.67,2.346,2.346,2.346,821778,0.003356,23.09
2026-08-22 20:20,AVAX,AVAX,7.5875,1.582,0.791,0.791,1.054,91823,0.00747,31.5
2026-08-22 20:20,LINK,LINK,11.775500000000001,0.849,2.123,2.123,2.123,205795,0.011176,44.54
2026-08-22 20:20,LTC,LTC,52.789500000000004,0.189,0.095,0.095,0.095,43933,0.00125,12.69
2026-08-22 20:20,ADA,ADA,0.229215,0.436,1.091,1.527,1.527,99794,0.00289,19.27
2026-08-22 20:20,DOT,DOT,0.93407,1.285,1.392,1.499,2.141,24635,0.00125,15.28
2026-08-22 20:20,UNI,UNI,4.27045,1.171,0.585,0.82,0.82,15145,0.01083,40.49
2026-08-22 20:20,AAVE,AAVE,126.42,1.582,1.582,2.373,3.164,168774,0.008713,36.56
2026-08-22 20:20,ARB,ARB,0.10024,1.995,0.998,1.995,2.993,54071,0.00125,14.5
2026-08-22 20:20,POL,POL,0.10941000000000001,3.656,3.656,4.57,5.484,25722,0.00125,19.81
2026-08-22 20:20,RENDER,RENDER,1.48075,0.675,3.714,3.714,5.74,14290,0.006451,34.49
2026-08-22 20:20,DOGE,DOGE,0.09335750000000001,0.964,0.482,0.482,0.482,55237,0.006889,29.25
2026-08-22 20:20,SHIB,kSHIB,0.0055515,1.801,2.702,4.503,4.503,208783,0.00125,17.9
2026-08-22 20:20,PEPE,kPEPE,0.0041025,2.438,1.219,1.219,3.656,392940,0.007095,31.3
2026-08-22 20:20,WIF,WIF,0.20500000000000002,0.976,0.488,3.902,4.878,16428,0.00189,15.27
2026-08-22 20:20,BONK,kBONK,0.0033235,3.009,4.513,4.513,4.513,123877,0.014972,59.95
2026-08-22 20:20,TRUMP,TRUMP,2.5993,1.539,0.769,0.769,0.769,58064,0.012912,46.69
2026-08-22 20:25,BTC,BTC,77361.5,0.129,0.065,0.065,0.065,2366704,0.001612,13.64
2026-08-22 20:25,ETH,ETH,2432.6499999999996,0.411,0.206,0.206,0.206,6478277,0.00125,12.91
2026-08-22 20:25,SOL,SOL,94.4685,0.106,0.053,0.053,0.053,162472,0.004245,20.99
2026-08-22 20:25,XRP,XRP,1.4920499999999999,0.67,0.335,0.335,0.335,444149,0.003645,19.88
2026-08-22 20:25,AVAX,AVAX,7.58835,0.132,0.066,0.066,0.066,55034,0.007811,31.0
2026-08-22 20:25,LINK,LINK,11.8065,0.847,0.423,0.423,2.117,185645,0.011573,42.25
2026-08-22 20:25,LTC,LTC,53.004000000000005,0.755,0.377,0.377,0.377,50080,0.00125,13.25
2026-08-22 20:25,ADA,ADA,0.22952499999999998,1.307,1.525,1.525,1.525,65620,0.003261,21.18
2026-08-22 20:25,DOT,DOT,0.9357500000000001,2.351,1.282,1.282,1.282,27515,0.00125,15.06
2026-08-22 20:25,UNI,UNI,4.2719000000000005,1.873,0.936,1.17,1.639,40263,0.010508,40.29
2026-08-22 20:25,AAVE,AAVE,126.74000000000001,1.578,1.578,2.367,2.367,177910,0.009033,37.45
2026-08-22 20:25,ARB,ARB,0.100765,0.992,4.466,4.466,4.466,85295,0.00125,21.43
2026-08-22 20:25,POL,POL,0.109815,2.732,1.366,1.366,3.187,22106,0.00125,15.23
2026-08-22 20:25,RENDER,RENDER,1.48225,2.024,1.012,5.06,5.735,28478,0.007282,31.41
2026-08-22 20:25,DOGE,DOGE,0.0935235,0.321,1.657,1.657,1.657,21483,0.006871,31.55
2026-08-22 20:25,SHIB,kSHIB,0.005553499999999999,1.801,0.9,2.701,2.701,216280,0.00125,14.3
2026-08-22 20:25,PEPE,kPEPE,0.0040955,2.442,1.221,3.663,3.663,269981,0.007936,33.66
2026-08-22 20:25,WIF,WIF,0.20462,0.977,0.489,4.887,4.887,17886,0.001637,14.56
2026-08-22 20:25,BONK,kBONK,0.0033365,2.997,1.499,1.499,1.499,152977,0.015122,54.34
2026-08-22 20:25,TRUMP,TRUMP,2.57985,0.388,2.52,2.52,2.52,75253,0.012344,48.6
2026-08-22 20:30,BTC,BTC,77345.5,0.129,0.065,0.065,0.065,4350278,0.001789,14.14
2026-08-22 20:30,ETH,ETH,2431.55,0.411,0.206,0.206,0.206,7835752,0.00125,12.91
2026-08-22 20:30,SOL,SOL,94.4175,0.106,0.053,0.053,0.053,65437,0.004525,21.78
2026-08-22 20:30,XRP,XRP,1.49085,0.671,0.335,0.335,0.335,913458,0.003788,20.28
2026-08-22 20:30,AVAX,AVAX,7.5813,1.055,0.528,0.528,0.528,67338,0.008068,32.64
2026-08-22 20:30,LINK,LINK,11.745000000000001,1.703,0.851,0.851,0.851,181067,0.011719,43.52
2026-08-22 20:30,LTC,LTC,52.915,0.756,0.378,0.378,0.378,116167,0.00125,13.26
2026-08-22 20:30,ADA,ADA,0.229095,0.437,0.218,0.218,0.218,103445,0.003143,18.24
2026-08-22 20:30,DOT,DOT,0.932955,1.608,0.911,0.911,0.911,28846,0.00125,14.32
2026-08-22 20:30,UNI,UNI,4.2553,0.47,0.47,0.47,0.47,26721,0.01044,39.17
2026-08-22 20:30,AAVE,AAVE,126.08500000000001,0.793,0.397,1.19,2.776,141305,0.009408,36.14
2026-08-22 20:30,ARB,ARB,0.10037,1.993,0.996,0.996,0.996,88509,0.00125,14.49
2026-08-22 20:30,POL,POL,0.10891999999999999,3.672,1.836,2.754,3.672,27705,0.00125,16.17
2026-08-22 20:30,RENDER,RENDER,1.4759,2.71,4.065,4.065,4.743,20509,0.007016,36.78
2026-08-22 20:30,DOGE,DOGE,0.09358,2.137,1.069,1.069,1.069,72981,0.007143,31.14
2026-08-22 20:30,SHIB,kSHIB,0.0055455,1.803,0.902,2.705,4.508,221640,0.00125,14.3
2026-08-22 20:30,PEPE,kPEPE,0.0040865,2.447,3.671,3.671,3.671,354922,0.008464,40.04
2026-08-22 20:30,WIF,WIF,0.204395,2.446,1.712,1.712,6.605,20169,0.001463,16.52
2026-08-22 20:30,BONK,kBONK,0.003317,6.03,3.015,3.015,3.015,100668,0.014552,55.77
2026-08-22 20:30,TRUMP,TRUMP,2.5730500000000003,1.166,0.583,0.583,0.583,72678,0.011753,43.07
2026-08-22 20:35,BTC,BTC,77338.5,0.129,0.065,0.065,0.065,6258894,0.001865,14.35
2026-08-22 20:35,ETH,ETH,2432.45,0.411,0.206,0.206,0.206,8122871,0.00125,12.91
2026-08-22 20:35,SOL,SOL,94.5075,0.106,0.053,0.053,0.053,324033,0.004522,21.77
2026-08-22 20:35,XRP,XRP,1.49315,0.67,0.335,0.335,0.335,588436,0.003863,20.49
2026-08-22 20:35,AVAX,AVAX,7.5847,0.264,0.132,0.132,1.055,39586,0.008186,32.18
2026-08-22 20:35,LINK,LINK,11.7385,0.852,0.426,1.278,2.13,108875,0.011801,42.89
2026-08-22 20:35,LTC,LTC,52.930499999999995,0.945,0.472,0.472,1.039,35305,0.00125,13.44
2026-08-22 20:35,ADA,ADA,0.229455,0.436,1.961,3.269,3.704,82008,0.00297,21.24
2026-08-22 20:35,DOT,DOT,0.933745,2.035,1.232,1.339,1.339,29599,0.00125,14.96
2026-08-22 20:35,UNI,UNI,4.2561,0.47,0.235,0.235,0.235,26501,0.010533,38.96
2026-08-22 20:35,AAVE,AAVE,126.12,1.586,0.793,0.793,1.586,127761,0.009636,37.57
2026-08-22 20:35,ARB,ARB,0.10016,1.997,0.998,0.998,0.998,34309,0.00125,14.5
2026-08-22 20:35,POL,POL,0.109085,2.75,1.375,1.375,1.375,45410,0.001321,15.45
2026-08-22 20:35,RENDER,RENDER,1.4769999999999999,4.062,2.708,3.385,5.416,14420,0.00689,33.71
2026-08-22 20:35,DOGE,DOGE,0.0936945,0.107,0.694,1.548,1.548,89925,0.007282,30.78
2026-08-22 20:35,SHIB,kSHIB,0.005551,3.603,3.603,5.404,5.404,232770,0.00125,19.71
2026-08-22 20:35,PEPE,kPEPE,0.004089499999999999,2.445,1.223,1.223,1.223,359589,0.00886,36.25
2026-08-22 20:35,WIF,WIF,0.20448,1.956,2.934,4.89,5.869,17976,0.001387,18.75
2026-08-22 20:35,BONK,kBONK,0.003321,6.022,3.011,3.011,3.011,140298,0.014031,54.31
2026-08-22 20:35,TRUMP,TRUMP,2.5917000000000003,5.402,2.701,2.701,2.701,96245,0.011695,47.15
2026-08-22 20:40,BTC,BTC,77299.5,0.129,0.065,0.065,0.065,6449068,0.00186,14.34
2026-08-22 20:40,ETH,ETH,2429.05,0.412,0.206,0.206,0.206,6512328,0.00125,12.91
2026-08-22 20:40,SOL,SOL,94.3545,0.106,0.053,0.053,0.053,293456,0.004653,22.13
2026-08-22 20:40,XRP,XRP,1.4886499999999998,0.672,0.336,0.336,0.336,1403895,0.003809,20.34
2026-08-22 20:40,AVAX,AVAX,7.56595,1.454,0.727,0.727,0.859,63409,0.008156,33.29
2026-08-22 20:40,LINK,LINK,11.7225,0.853,1.28,1.28,1.28,165599,0.012064,45.34
2026-08-22 20:40,LTC,LTC,52.8255,0.568,0.284,0.473,0.663,49279,0.00125,13.07
2026-08-22 20:40,ADA,ADA,0.228885,0.437,0.218,0.218,0.218,104377,0.002752,17.14
2026-08-22 20:40,DOT,DOT,0.93092,2.363,1.289,1.289,1.289,27310,0.00125,15.08
2026-08-22 20:40,UNI,UNI,4.25355,0.235,0.118,1.763,2.233,34678,0.010627,38.99
2026-08-22 20:40,AAVE,AAVE,125.825,2.384,1.192,2.782,2.782,159313,0.009815,38.87
2026-08-22 20:40,ARB,ARB,0.09978000000000001,6.013,4.009,4.009,4.009,95946,0.00125,20.52
2026-08-22 20:40,POL,POL,0.108915,4.591,2.295,2.295,2.295,30176,0.001632,18.16
2026-08-22 20:40,RENDER,RENDER,1.4744,2.713,2.035,2.713,2.713,28079,0.006739,31.94
2026-08-22 20:40,DOGE,DOGE,0.093307,0.429,0.214,0.429,0.643,96010,0.007205,29.6
2026-08-22 20:40,SHIB,kSHIB,0.0055385,1.806,2.708,2.708,2.708,210578,0.00125,17.92
2026-08-22 20:40,PEPE,kPEPE,0.004075499999999999,2.454,1.227,1.227,1.227,320853,0.008958,36.53
2026-08-22 20:40,WIF,WIF,0.20418999999999998,6.856,3.918,4.897,5.877,19422,0.001498,21.03
2026-08-22 20:40,BONK,kBONK,0.0033115,3.02,1.51,4.53,4.53,132009,0.013611,50.13
2026-08-22 20:40,TRUMP,TRUMP,2.5848,2.321,1.161,1.161,1.161,79864,0.01165,43.94
2026-08-22 20:45,BTC,BTC,77258.5,0.129,0.065,0.065,0.065,6375982,0.001819,14.22
2026-08-22 20:45,ETH,ETH,2427.75,0.412,0.206,0.206,0.206,5434416,0.00125,12.91
2026-08-22 20:45,SOL,SOL,94.1695,0.106,0.053,0.053,0.053,326102,0.004644,22.11
2026-08-22 20:45,XRP,XRP,1.48435,0.674,0.337,0.337,0.337,544267,0.003744,20.16
2026-08-22 20:45,AVAX,AVAX,7.55305,2.251,1.125,1.258,1.92,39157,0.007965,33.55
2026-08-22 20:45,LINK,LINK,11.712499999999999,0.854,0.427,0.427,0.427,82444,0.012213,44.05
2026-08-22 20:45,LTC,LTC,52.7675,1.327,1.042,1.042,1.99,49163,0.00125,14.58
2026-08-22 20:45,ADA,ADA,0.22794999999999999,5.264,2.632,2.632,3.071,122721,0.002538,21.37
2026-08-22 20:45,DOT,DOT,0.927725,0.323,0.162,0.162,0.162,10354,0.00125,12.82
2026-08-22 20:45,UNI,UNI,4.23445,0.236,4.133,5.077,8.62,41242,0.010616,46.99
2026-08-22 20:45,AAVE,AAVE,125.67,1.591,1.591,1.591,2.387,179948,0.009858,39.79
2026-08-22 20:45,ARB,ARB,0.099615,3.012,1.506,2.51,3.514,51787,0.00125,15.51
2026-08-22 20:45,POL,POL,0.10821,1.848,0.924,3.697,5.545,16791,0.001874,16.1
2026-08-22 20:45,RENDER,RENDER,1.4692500000000002,0.681,2.382,2.382,3.743,12058,0.006316,31.45
2026-08-22 20:45,DOGE,DOGE,0.09283,1.939,0.97,0.97,0.97,104327,0.007039,30.65
2026-08-22 20:45,SHIB,kSHIB,0.0055055,1.816,2.725,2.725,4.541,100173,0.00125,17.95
2026-08-22 20:45,PEPE,kPEPE,0.004057,4.93,2.465,4.93,4.93,359347,0.009099,39.41
2026-08-22 20:45,WIF,WIF,0.20262999999999998,3.948,2.961,2.961,5.429,20743,0.001468,19.03
2026-08-22 20:45,BONK,kBONK,0.0033025,3.028,1.514,1.514,1.514,138144,0.013265,49.17
2026-08-22 20:45,TRUMP,TRUMP,2.44745,15.935,7.967,7.967,7.967,80285,0.011369,56.77
2026-08-22 20:50,BTC,BTC,77228.5,0.129,0.065,0.065,0.065,3395098,0.001738,14.0
2026-08-22 20:50,ETH,ETH,2425.75,0.412,0.206,0.206,0.206,4607490,0.00125,12.91
2026-08-22 20:50,SOL,SOL,94.25450000000001,0.106,0.053,0.053,0.053,213708,0.004549,21.84
2026-08-22 20:50,XRP,XRP,1.4837500000000001,0.674,0.337,0.337,0.337,1080832,0.003676,19.97
2026-08-22 20:50,AVAX,AVAX,7.5423,1.591,0.796,0.796,1.458,60072,0.007581,31.82
2026-08-22 20:50,LINK,LINK,11.681000000000001,1.712,0.856,0.856,0.856,94873,0.012007,44.33
2026-08-22 20:50,LTC,LTC,52.7855,2.084,1.042,1.989,2.368,50263,0.00125,14.58
2026-08-22 20:50,ADA,ADA,0.22778500000000002,0.439,1.098,1.537,1.976,57560,0.002146,17.2
2026-08-22 20:50,DOT,DOT,0.92636,1.511,0.756,0.972,1.079,20371,0.00125,14.01
2026-08-22 20:50,UNI,UNI,4.2433499999999995,0.236,2.474,2.474,2.71,26715,0.010632,43.72
2026-08-22 20:50,AAVE,AAVE,124.78,3.206,3.206,4.007,4.007,212229,0.009743,42.69
2026-08-22 20:50,ARB,ARB,0.099415,1.006,0.503,0.503,0.503,44889,0.00125,13.51
2026-08-22 20:50,POL,POL,0.108195,2.773,1.386,3.235,4.159,23312,0.001774,16.74
2026-08-22 20:50,RENDER,RENDER,1.4687000000000001,1.362,0.681,1.362,1.362,30076,0.006294,27.98
2026-08-22 20:50,DOGE,DOGE,0.0927445,0.108,0.054,0.054,0.054,90997,0.006693,27.85
2026-08-22 20:50,SHIB,kSHIB,0.005495,3.64,3.64,3.64,3.64,203821,0.00125,19.78
2026-08-22 20:50,PEPE,kPEPE,0.004059500000000001,2.463,1.232,1.232,1.232,388397,0.008906,36.4
2026-08-22 20:50,WIF,WIF,0.20241,2.964,2.47,2.47,3.458,12281,0.001392,17.84
2026-08-22 20:50,BONK,kBONK,0.003299,6.062,3.031,3.031,3.031,149517,0.01303,51.55
2026-08-22 20:50,TRUMP,TRUMP,2.46365,0.406,0.203,0.203,0.203,128479,0.010824,39.71
2026-08-22 20:55,BTC,BTC,77243.5,0.129,0.065,0.065,0.065,467227,0.001669,13.8
2026-08-22 20:55,ETH,ETH,2425.45,0.412,0.206,0.206,0.206,4296891,0.00125,12.91
2026-08-22 20:55,SOL,SOL,94.25450000000001,0.106,0.053,0.053,0.053,217833,0.004422,21.49
2026-08-22 20:55,XRP,XRP,1.4854500000000002,0.673,0.337,0.337,0.337,753632,0.00382,20.37
2026-08-22 20:55,AVAX,AVAX,7.54535,1.723,0.861,0.861,0.994,45651,0.007148,30.74
2026-08-22 20:55,LINK,LINK,11.688500000000001,0.856,0.428,1.283,1.283,96354,0.011662,42.51
2026-08-22 20:55,LTC,LTC,52.840500000000006,0.189,0.095,1.987,2.744,51141,0.00125,12.69
2026-08-22 20:55,ADA,ADA,0.22818,0.877,0.438,0.438,2.191,64693,0.001868,15.11
2026-08-22 20:55,DOT,DOT,0.9258649999999999,1.62,2.862,2.862,2.862,27048,0.00125,18.22
2026-08-22 20:55,UNI,UNI,4.234500000000001,0.945,0.472,0.708,1.417,25824,0.010467,39.25
2026-08-22 20:55,AAVE,AAVE,124.395,2.412,1.206,2.01,2.01,197941,0.009579,38.23
2026-08-22 20:55,ARB,ARB,0.099495,1.005,0.503,0.503,0.503,89102,0.00125,13.51
2026-08-22 20:55,POL,POL,0.10816999999999999,3.698,2.773,4.622,5.547,29191,0.001565,18.93
2026-08-22 20:55,RENDER,RENDER,1.46795,4.769,5.79,6.472,6.472,28597,0.006203,37.95
2026-08-22 20:55,DOGE,DOGE,0.0925045,0.108,0.378,0.378,0.378,54311,0.006463,27.85
2026-08-22 20:55,SHIB,kSHIB,0.0054985,1.819,0.909,4.547,4.547,210772,0.00125,14.32
2026-08-22 20:55,PEPE,kPEPE,0.0040575,2.465,1.232,1.232,1.232,445039,0.008751,35.97
2026-08-22 20:55,WIF,WIF,0.20203500000000002,4.455,2.227,3.712,5.197,18177,0.001293,17.07
2026-08-22 20:55,BONK,kBONK,0.0033005,3.03,1.515,1.515,1.515,163066,0.012888,48.12
2026-08-22 20:55,TRUMP,TRUMP,2.4701500000000003,3.644,1.822,1.822,1.822,169180,0.010158,41.09
2026-08-22 21:00,BTC,BTC,77318.5,0.129,0.065,0.065,0.065,1710967,0.001314,12.81
2026-08-22 21:00,ETH,ETH,2428.1499999999996,0.412,0.206,0.206,0.206,3806039,0.00125,12.91
2026-08-22 21:00,SOL,SOL,94.53450000000001,0.106,0.053,0.053,0.053,110926,0.003027,17.58
2026-08-22 21:00,XRP,XRP,1.48835,0.672,1.008,1.008,1.68,532755,0.001405,14.95
2026-08-22 21:00,AVAX,AVAX,7.5672,1.586,0.793,0.793,0.925,51024,0.002538,17.69
2026-08-22 21:00,LINK,LINK,11.7165,0.853,1.28,2.134,2.134,160088,0.008691,35.9
2026-08-22 21:00,LTC,LTC,52.967,1.133,0.566,0.566,1.133,35269,0.00125,13.63
2026-08-22 21:00,ADA,ADA,0.229735,0.435,1.959,1.959,2.829,54632,0.00125,16.42
2026-08-22 21:00,DOT,DOT,0.92894,0.431,0.215,1.615,2.584,25032,0.00125,12.93
2026-08-22 21:00,UNI,UNI,4.25395,0.705,0.353,0.588,0.588,37008,0.007966,32.01
2026-08-22 21:00,AAVE,AAVE,126.17500000000001,0.793,1.981,2.774,4.359,180610,0.009112,38.48
2026-08-22 21:00,ARB,ARB,0.099935,3.002,1.501,1.501,1.501,70050,0.00125,15.5
2026-08-22 21:00,POL,POL,0.10824500000000001,2.771,4.157,5.081,5.081,18865,0.00125,20.81
2026-08-22 21:00,RENDER,RENDER,1.4730500000000002,2.037,2.376,3.055,3.055,28569,0.005044,27.87
2026-08-22 21:00,DOGE,DOGE,0.092989,0.43,0.215,0.215,0.215,75972,0.005541,24.94
2026-08-22 21:00,SHIB,kSHIB,0.0055125,1.814,0.907,4.535,4.535,193512,0.00125,14.31
2026-08-22 21:00,PEPE,kPEPE,0.0040655,2.46,1.23,1.23,1.23,368548,0.002605,18.75
2026-08-22 21:00,WIF,WIF,0.20251000000000002,3.95,2.469,4.938,5.926,13813,0.002585,21.18
2026-08-22 21:00,BONK,kBONK,0.0033065,3.024,4.537,4.537,4.537,146483,0.01035,47.05
2026-08-22 21:00,TRUMP,TRUMP,2.4843,1.61,0.805,0.805,2.013,124852,0.003783,21.2
2026-08-22 21:05,BTC,BTC,77314.5,0.129,0.065,0.065,0.065,2318874,0.001966,14.63
2026-08-22 21:05,ETH,ETH,2428.3500000000004,0.412,0.206,0.206,0.206,4871326,0.00125,12.91
2026-08-22 21:05,SOL,SOL,94.47149999999999,0.106,0.053,0.053,0.053,170655,0.002763,16.84
2026-08-22 21:05,XRP,XRP,1.4907499999999998,0.671,0.335,0.335,0.335,629216,0.002305,16.13
2026-08-22 21:05,AVAX,AVAX,7.5667,1.586,0.793,0.925,1.718,50416,0.004173,22.27
2026-08-22 21:05,LINK,LINK,11.746500000000001,0.851,2.128,2.128,2.128,168245,0.009116,38.78
2026-08-22 21:05,LTC,LTC,53.0085,0.943,0.472,0.66,1.792,46011,0.00125,13.44
2026-08-22 21:05,ADA,ADA,0.229555,1.307,0.653,0.653,0.653,60240,0.00125,13.81
2026-08-22 21:05,DOT,DOT,0.929945,0.108,0.054,0.806,1.452,21495,0.00125,12.61
2026-08-22 21:05,UNI,UNI,4.27145,0.234,1.288,1.288,1.99,19230,0.009715,38.78
2026-08-22 21:05,AAVE,AAVE,126.52000000000001,3.162,1.581,2.371,3.162,171537,0.009267,38.11
2026-08-22 21:05,ARB,ARB,0.09975500000000001,1.002,0.501,0.501,0.501,53670,0.00125,13.5
2026-08-22 21:05,POL,POL,0.108045,2.777,3.239,5.09,6.016,26857,0.00125,18.98
2026-08-22 21:05,RENDER,RENDER,1.47235,6.113,3.736,4.415,7.131,15359,0.004984,30.43
2026-08-22 21:05,DOGE,DOGE,0.092747,1.294,0.647,0.755,0.755,64494,0.004649,23.31
2026-08-22 21:05,SHIB,kSHIB,0.005511,3.629,3.629,3.629,5.444,262770,0.00125,19.76
2026-08-22 21:05,PEPE,kPEPE,0.0040745,2.454,1.227,1.227,1.227,376672,0.004473,23.98
2026-08-22 21:05,WIF,WIF,0.2024,1.976,2.964,2.964,3.953,19855,0.00125,18.43
2026-08-22 21:05,BONK,kBONK,0.0033049999999999998,6.051,3.026,3.026,3.026,144811,0.010202,43.62
2026-08-22 21:05,TRUMP,TRUMP,2.5058499999999997,0.399,0.2,0.2,0.2,142654,0.006004,26.21
2026-08-22 21:10,BTC,BTC,77326.5,0.129,0.065,0.065,0.065,1708574,0.00189,14.42
2026-08-22 21:10,ETH,ETH,2428.95,0.412,0.206,0.206,0.206,3805549,0.00125,12.91
2026-08-22 21:10,SOL,SOL,94.5495,0.106,0.053,0.053,0.37,111836,0.003367,18.53
2026-08-22 21:10,XRP,XRP,1.49125,0.671,0.335,0.335,0.335,882825,0.002591,16.93
2026-08-22 21:10,AVAX,AVAX,7.55665,1.985,0.993,0.993,0.993,34617,0.00399,22.16
2026-08-22 21:10,LINK,LINK,11.755500000000001,0.851,0.425,0.425,0.425,205554,0.008293,33.07
2026-08-22 21:10,LTC,LTC,52.979,0.378,0.189,0.755,0.944,42099,0.00125,12.88
2026-08-22 21:10,ADA,ADA,0.229405,0.436,1.09,1.09,2.833,76314,0.00125,14.68
2026-08-22 21:10,DOT,DOT,0.9302349999999999,1.612,0.806,0.914,1.021,18911,0.00125,14.11
2026-08-22 21:10,UNI,UNI,4.2801,1.402,0.701,0.701,1.168,15398,0.009871,38.04
2026-08-22 21:10,AAVE,AAVE,126.435,2.373,1.186,2.768,2.768,243103,0.00962,38.31
2026-08-22 21:10,ARB,ARB,0.09983500000000001,1.002,4.507,5.509,5.509,41744,0.00125,21.51
2026-08-22 21:10,POL,POL,0.10830999999999999,3.693,3.693,5.54,6.463,17392,0.00125,19.89
2026-08-22 21:10,RENDER,RENDER,1.4744,1.356,1.356,2.035,2.035,19486,0.004657,24.75
2026-08-22 21:10,DOGE,DOGE,0.0927455,0.108,2.857,2.857,2.857,35765,0.004538,27.42
2026-08-22 21:10,SHIB,kSHIB,0.005516,3.626,1.813,3.626,3.626,212510,0.00125,16.13
2026-08-22 21:10,PEPE,kPEPE,0.0040774999999999995,2.452,1.226,1.226,3.679,680844,0.004538,24.16
2026-08-22 21:10,WIF,WIF,0.20244499999999999,2.47,1.235,1.235,4.693,30072,0.00125,14.97
2026-08-22 21:10,BONK,kBONK,0.003339,5.99,2.995,2.995,2.995,151219,0.011313,46.67
2026-08-22 21:10,TRUMP,TRUMP,2.4762500000000003,0.404,0.202,0.202,0.202,110111,0.003603,19.49
2026-08-22 21:15,BTC,BTC,77381.5,0.129,0.065,0.065,0.065,1356517,0.002089,14.98
2026-08-22 21:15,ETH,ETH,2431.05,0.411,0.206,0.206,0.206,4136360,0.00125,12.91
2026-08-22 21:15,SOL,SOL,94.6825,0.106,0.053,0.053,0.053,96405,0.003454,18.78
2026-08-22 21:15,XRP,XRP,1.4970500000000002,0.668,0.334,0.334,0.334,595228,0.002454,16.54
2026-08-22 21:15,AVAX,AVAX,7.56855,0.132,0.727,0.727,0.859,67744,0.004291,22.47
2026-08-22 21:15,LINK,LINK,11.7715,0.85,0.425,0.425,0.425,187716,0.007797,31.68
2026-08-22 21:15,LTC,LTC,52.9725,1.321,0.661,0.661,0.661,51320,0.00125,13.82
2026-08-22 21:15,ADA,ADA,0.229915,0.435,0.217,0.217,0.217,92762,0.00125,12.93
2026-08-22 21:15,DOT,DOT,0.933615,1.178,1.446,1.66,1.66,20486,0.00125,15.39
2026-08-22 21:15,UNI,UNI,4.2893,1.399,0.699,1.399,1.399,15120,0.010252,39.11
2026-08-22 21:15,AAVE,AAVE,127.055,0.787,0.394,1.968,2.755,53769,0.010048,37.92
2026-08-22 21:15,ARB,ARB,0.099675,3.01,1.505,1.505,1.505,37814,0.00125,15.51
2026-08-22 21:15,POL,POL,0.10761000000000001,3.717,1.859,3.717,6.505,23698,0.00125,16.22
2026-08-22 21:15,RENDER,RENDER,1.47895,2.028,1.014,1.69,1.69,35436,0.005286,25.83
2026-08-22 21:15,DOGE,DOGE,0.0930455,0.107,0.054,0.054,0.054,134472,0.004971,23.02
2026-08-22 21:15,SHIB,kSHIB,0.005527,3.619,3.619,5.428,5.428,198375,0.00125,19.74
2026-08-22 21:15,PEPE,kPEPE,0.004105,4.872,2.436,2.436,2.436,505554,0.004839,27.42
2026-08-22 21:15,WIF,WIF,0.202185,2.473,3.215,3.215,6.182,22687,0.00125,18.93
2026-08-22 21:15,BONK,kBONK,0.003325,6.015,3.008,6.015,6.015,120479,0.010767,45.16
2026-08-22 21:15,TRUMP,TRUMP,2.4627999999999997,2.436,1.218,1.218,1.624,136889,0.002751,19.14
2026-08-22 21:20,BTC,BTC,77335.5,0.129,0.065,0.065,0.065,1949607,0.002019,14.78
2026-08-22 21:20,ETH,ETH,2429.05,0.412,0.206,0.206,0.206,5027127,0.00125,12.91
2026-08-22 21:20,SOL,SOL,94.461,0.423,0.212,0.212,0.212,326178,0.003393,18.92
2026-08-22 21:20,XRP,XRP,1.4911500000000002,0.671,0.335,0.335,0.335,883944,0.002682,17.18
2026-08-22 21:20,AVAX,AVAX,7.5573,1.323,0.662,0.662,0.794,50124,0.004644,23.33
2026-08-22 21:20,LINK,LINK,11.7275,0.853,0.426,0.426,0.426,99428,0.00725,30.15
2026-08-22 21:20,LTC,LTC,52.938,0.756,0.378,0.567,0.756,31901,0.00125,13.26
2026-08-22 21:20,ADA,ADA,0.22947499999999998,2.179,1.089,1.089,1.525,134695,0.00125,14.68
2026-08-22 21:20,DOT,DOT,0.93108,1.504,1.074,1.074,1.074,19704,0.00125,14.65
2026-08-22 21:20,UNI,UNI,4.2753,0.468,0.702,0.702,1.17,28011,0.010392,39.5
2026-08-22 21:20,AAVE,AAVE,126.47999999999999,3.163,1.581,1.581,3.163,197531,0.009897,39.87
2026-08-22 21:20,ARB,ARB,0.09934,2.013,2.013,2.013,3.02,46920,0.00125,16.53
2026-08-22 21:20,POL,POL,0.107325,4.659,2.329,3.261,5.125,26769,0.00125,17.16
2026-08-22 21:20,RENDER,RENDER,1.47405,2.035,2.374,2.374,3.053,28014,0.00543,28.95
2026-08-22 21:20,DOGE,DOGE,0.09277099999999999,0.647,0.431,0.431,0.431,99246,0.005292,24.68
2026-08-22 21:20,SHIB,kSHIB,0.0055095000000000005,1.815,2.723,2.723,4.538,201331,0.00125,17.95
2026-08-22 21:20,PEPE,kPEPE,0.0041075,2.435,1.217,1.217,1.217,463994,0.005007,25.45
2026-08-22 21:20,WIF,WIF,0.20139,2.979,1.986,1.986,6.455,17703,0.00125,16.47
2026-08-22 21:20,BONK,kBONK,0.0033105,3.021,4.531,4.531,7.552,141499,0.010319,46.96
2026-08-22 21:20,TRUMP,TRUMP,2.45175,1.224,0.612,0.612,1.02,127755,0.002532,17.31
2026-08-22 21:25,BTC,BTC,77315.5,0.129,0.065,0.065,0.065,2634305,0.001989,14.7
2026-08-22 21:25,ETH,ETH,2428.8500000000004,0.412,0.206,0.206,0.206,6101175,0.00125,12.91
2026-08-22 21:25,SOL,SOL,94.40950000000001,0.106,0.053,0.053,0.053,183303,0.003247,18.2
2026-08-22 21:25,XRP,XRP,1.4886499999999998,0.672,0.336,0.336,0.336,541954,0.002809,17.54
2026-08-22 21:25,AVAX,AVAX,7.5413,0.796,1.193,1.193,1.459,42673,0.004612,24.3
2026-08-22 21:25,LINK,LINK,11.7165,0.853,0.427,0.427,1.28,182112,0.006666,28.52
2026-08-22 21:25,LTC,LTC,52.997,0.377,0.189,0.566,0.755,27711,0.00125,12.88
2026-08-22 21:25,ADA,ADA,0.228885,0.437,5.461,5.461,5.461,125749,0.00125,23.42
2026-08-22 21:25,DOT,DOT,0.93048,2.579,1.29,1.612,1.934,26811,0.00125,15.08
2026-08-22 21:25,UNI,UNI,4.2722999999999995,0.468,1.638,1.638,1.873,22944,0.010318,41.17
2026-08-22 21:25,AAVE,AAVE,126.185,2.377,1.189,1.981,2.774,182426,0.010038,39.48
2026-08-22 21:25,ARB,ARB,0.09928999999999999,2.014,2.014,4.029,4.029,42642,0.00125,16.53
2026-08-22 21:25,POL,POL,0.10736000000000001,3.726,2.794,2.794,6.52,28413,0.00125,18.09
2026-08-22 21:25,RENDER,RENDER,1.4732500000000002,0.679,0.339,1.018,1.018,28443,0.005619,25.41
2026-08-22 21:25,DOGE,DOGE,0.0926775,0.108,1.133,1.349,1.565,133272,0.005604,26.96
2026-08-22 21:25,SHIB,kSHIB,0.0055055,1.816,2.725,2.725,2.725,212462,0.00125,17.95
2026-08-22 21:25,PEPE,kPEPE,0.0040945,2.442,1.221,3.663,3.663,377249,0.005483,26.79
2026-08-22 21:25,WIF,WIF,0.20116499999999998,3.48,1.74,5.717,8.202,13850,0.00125,15.98
2026-08-22 21:25,BONK,kBONK,0.0033014999999999997,3.029,4.543,4.543,4.543,119619,0.009785,45.48
2026-08-22 21:25,TRUMP,TRUMP,2.45555,2.851,1.425,1.425,1.425,147575,0.002125,17.8
2026-08-22 21:30,BTC,BTC,77348.5,0.129,0.065,0.065,0.065,2309665,0.00196,14.62
2026-08-22 21:30,ETH,ETH,2430.05,0.412,0.206,0.206,0.206,3780050,0.00125,12.91
2026-08-22 21:30,SOL,SOL,94.5085,0.106,0.053,0.053,0.053,77775,0.003132,17.87
2026-08-22 21:30,XRP,XRP,1.4928499999999998,0.67,0.335,0.335,0.335,735871,0.002971,17.99
2026-08-22 21:30,AVAX,AVAX,7.55905,0.132,1.786,1.786,1.918,40304,0.004489,25.14
2026-08-22 21:30,LINK,LINK,11.716999999999999,1.707,0.853,0.853,0.853,200042,0.006305,28.36
2026-08-22 21:30,LTC,LTC,53.1235,0.565,0.282,0.282,1.035,42534,0.00125,13.06
2026-08-22 21:30,ADA,ADA,0.229565,0.436,0.653,0.653,1.089,101643,0.00125,13.81
2026-08-22 21:30,DOT,DOT,0.93204,1.931,0.966,1.502,1.609,21493,0.00125,14.43
2026-08-22 21:30,UNI,UNI,4.2755,1.403,0.702,0.702,0.702,31505,0.010515,39.85
2026-08-22 21:30,AAVE,AAVE,126.085,2.379,1.983,2.776,3.569,119585,0.009925,40.76
2026-08-22 21:30,ARB,ARB,0.09950500000000001,1.005,0.502,0.502,2.512,45274,0.00125,13.5
2026-08-22 21:30,POL,POL,0.106775,2.81,3.278,4.214,4.214,21375,0.00125,19.06
2026-08-22 21:30,RENDER,RENDER,1.4745499999999998,2.035,3.73,3.73,4.408,19926,0.005591,32.11
2026-08-22 21:30,DOGE,DOGE,0.0929775,0.108,1.452,1.452,1.882,102197,0.005922,28.49
2026-08-22 21:30,SHIB,kSHIB,0.005511,3.629,1.815,1.815,3.629,210860,0.00125,16.13
2026-08-22 21:30,PEPE,kPEPE,0.0041175,2.429,1.214,1.214,1.214,431399,0.005549,26.97
2026-08-22 21:30,WIF,WIF,0.20095000000000002,4.976,3.483,4.479,4.976,37114,0.00125,19.47
2026-08-22 21:30,BONK,kBONK,0.003313,6.037,3.018,3.018,3.018,189617,0.009672,42.12
2026-08-22 21:30,TRUMP,TRUMP,2.4749499999999998,2.02,1.01,1.01,1.01,85474,0.002235,17.28
2026-08-22 21:35,BTC,BTC,77387.5,0.129,0.065,0.065,0.065,2582792,0.002092,14.99
2026-08-22 21:35,ETH,ETH,2432.1499999999996,0.411,0.206,0.206,0.206,8343183,0.00125,12.91
2026-08-22 21:35,SOL,SOL,94.6185,0.106,0.053,0.053,0.053,139971,0.003019,17.56
2026-08-22 21:35,XRP,XRP,1.4936500000000001,0.67,1.004,1.004,1.004,1035443,0.00298,19.35
2026-08-22 21:35,AVAX,AVAX,7.5632,1.058,0.529,0.661,1.19,50992,0.004175,21.75
2026-08-22 21:35,LINK,LINK,11.726500000000001,0.853,0.426,0.426,0.426,224651,0.006124,27.0
2026-08-22 21:35,LTC,LTC,53.156,0.376,0.188,1.129,2.634,30864,0.00125,12.88
2026-08-22 21:35,ADA,ADA,0.230255,0.434,3.257,3.692,3.692,129228,0.00125,19.01
2026-08-22 21:35,DOT,DOT,0.9349799999999999,1.925,0.963,1.176,1.283,31671,0.00125,14.43
2026-08-22 21:35,UNI,UNI,4.28545,0.233,0.583,0.583,2.217,28096,0.010614,39.89
2026-08-22 21:35,AAVE,AAVE,126.285,2.376,1.188,1.188,2.772,165721,0.009886,39.06
2026-08-22 21:35,ARB,ARB,0.099715,1.003,1.504,3.51,3.51,41251,0.00125,15.51
2026-08-22 21:35,POL,POL,0.106795,2.809,1.405,1.405,1.405,27831,0.00125,15.31
2026-08-22 21:35,RENDER,RENDER,1.47885,0.676,4.395,5.072,5.072,27507,0.005635,33.57
2026-08-22 21:35,DOGE,DOGE,0.0933795,0.107,1.232,1.339,1.874,115693,0.006148,28.68
2026-08-22 21:35,SHIB,kSHIB,0.005523,3.621,1.811,1.811,5.432,191866,0.00125,16.12
2026-08-22 21:35,PEPE,kPEPE,0.0041335,2.419,1.21,1.21,1.21,383426,0.00555,26.96
2026-08-22 21:35,WIF,WIF,0.201915,2.476,2.229,2.724,3.714,6003,0.00125,16.96
2026-08-22 21:35,BONK,kBONK,0.0033415,2.993,1.496,4.489,7.482,186440,0.009847,39.56
2026-08-22 21:35,TRUMP,TRUMP,2.4641,1.623,0.812,2.029,2.029,265020,0.002279,17.01
2026-08-22 21:40,BTC,BTC,77430.5,0.129,0.065,0.065,0.065,4188133,0.002238,15.4
2026-08-22 21:40,ETH,ETH,2433.05,0.411,0.206,0.206,0.206,5780195,0.00125,12.91
2026-08-22 21:40,SOL,SOL,94.6385,0.106,0.053,0.053,0.053,147301,0.002969,17.42
2026-08-22 21:40,XRP,XRP,1.49485,0.669,0.334,0.334,0.334,757074,0.003064,18.25
2026-08-22 21:40,AVAX,AVAX,7.57275,1.717,0.858,0.858,0.858,37950,0.004023,21.98
2026-08-22 21:40,LINK,LINK,11.751000000000001,1.702,0.851,0.851,2.553,258332,0.006021,27.56
2026-08-22 21:40,LTC,LTC,53.2605,0.563,0.282,0.469,1.22,56726,0.00125,13.06
2026-08-22 21:40,ADA,ADA,0.230265,0.434,0.217,1.086,1.52,95646,0.00125,12.93
2026-08-22 21:40,DOT,DOT,0.9352050000000001,1.604,0.802,0.909,0.909,25693,0.00125,14.1
2026-08-22 21:40,UNI,UNI,4.3073999999999995,0.929,0.464,0.696,0.929,22244,0.010898,40.44
2026-08-22 21:40,AAVE,AAVE,126.28,1.584,1.584,2.376,2.376,125571,0.009862,39.78
2026-08-22 21:40,ARB,ARB,0.099705,3.009,1.504,1.504,2.507,42301,0.00125,15.51
2026-08-22 21:40,POL,POL,0.10742499999999999,2.793,2.327,5.12,6.982,34523,0.00125,17.15
2026-08-22 21:40,RENDER,RENDER,1.4796,1.352,4.731,4.731,6.759,15224,0.005398,33.58
2026-08-22 21:40,DOGE,DOGE,0.0933625,0.107,0.054,0.054,0.054,121171,0.006324,26.81
2026-08-22 21:40,SHIB,kSHIB,0.0055215,1.811,0.906,2.717,4.528,198520,0.00125,14.31
2026-08-22 21:40,PEPE,kPEPE,0.004125500000000001,2.424,1.212,1.212,1.212,399621,0.005367,26.45
2026-08-22 21:40,WIF,WIF,0.201835,3.468,1.734,2.725,6.193,20352,0.00125,15.97
2026-08-22 21:40,BONK,kBONK,0.0033499999999999997,5.97,2.985,2.985,2.985,153479,0.009715,42.17
2026-08-22 21:40,TRUMP,TRUMP,2.48215,0.403,0.201,0.201,0.201,165419,0.00291,17.55
2026-08-22 21:45,BTC,BTC,77483.5,0.129,0.065,0.065,0.065,4528745,0.002389,15.82
2026-08-22 21:45,ETH,ETH,2434.95,0.411,0.205,0.205,0.205,5080402,0.00125,12.91
2026-08-22 21:45,SOL,SOL,94.7535,0.106,0.053,0.053,0.053,146785,0.002961,17.4
2026-08-22 21:45,XRP,XRP,1.4995500000000002,0.667,0.333,0.333,0.333,636680,0.003132,18.44
2026-08-22 21:45,AVAX,AVAX,7.585050000000001,0.396,0.461,0.593,1.121,19779,0.004007,21.14
2026-08-22 21:45,LINK,LINK,11.7485,0.851,1.277,2.128,2.979,208614,0.005976,28.29
2026-08-22 21:45,LTC,LTC,53.288,0.751,0.375,0.375,2.252,68299,0.00125,13.25
2026-08-22 21:45,ADA,ADA,0.231025,0.433,0.216,0.649,1.515,129225,0.00125,12.93
2026-08-22 21:45,DOT,DOT,0.936645,4.164,2.082,2.295,2.295,27257,0.00125,16.66
2026-08-22 21:45,UNI,UNI,4.308450000000001,0.232,1.277,1.509,1.741,19797,0.010742,41.63
2026-08-22 21:45,AAVE,AAVE,126.705,2.368,1.184,2.762,3.552,82242,0.009949,39.22
2026-08-22 21:45,ARB,ARB,0.099965,3.001,1.501,1.501,2.501,56519,0.00125,15.5
2026-08-22 21:45,POL,POL,0.1078,3.711,2.783,3.711,3.711,28148,0.00125,18.07
2026-08-22 21:45,RENDER,RENDER,1.48325,2.023,4.382,5.056,6.405,14833,0.005577,33.38
2026-08-22 21:45,DOGE,DOGE,0.09363250000000001,0.107,2.617,2.617,3.257,142293,0.006462,32.33
2026-08-22 21:45,SHIB,kSHIB,0.0055379999999999995,3.611,1.806,3.611,3.611,208858,0.00125,16.11
2026-08-22 21:45,PEPE,kPEPE,0.0041545,2.407,1.204,1.204,1.204,348018,0.006161,28.66
2026-08-22 21:45,WIF,WIF,0.20210499999999998,3.464,1.732,2.227,4.206,8951,0.00125,15.96
2026-08-22 21:45,BONK,kBONK,0.0033455,2.989,1.495,4.484,4.484,132297,0.009416,38.36
2026-08-22 21:45,TRUMP,TRUMP,2.50745,0.399,7.378,7.378,8.973,258485,0.003627,33.91
2026-08-22 21:50,BTC,BTC,77507.5,0.129,0.065,0.065,0.065,1059332,0.002463,16.02
2026-08-22 21:50,ETH,ETH,2439.75,0.41,0.615,0.615,0.615,4460063,0.00125,13.73
2026-08-22 21:50,SOL,SOL,94.73949999999999,0.106,0.053,0.053,0.053,102116,0.002922,17.29
2026-08-22 21:50,XRP,XRP,1.5033500000000002,0.665,0.998,0.998,0.998,645013,0.003293,20.22
2026-08-22 21:50,AVAX,AVAX,7.600899999999999,1.316,0.658,0.789,1.184,26363,0.003996,21.5
2026-08-22 21:50,LINK,LINK,11.7715,0.85,2.124,2.124,2.124,218552,0.005883,29.72
2026-08-22 21:50,LTC,LTC,53.7255,2.047,1.21,1.582,2.699,24523,0.00125,14.92
2026-08-22 21:50,ADA,ADA,0.23172500000000001,1.295,0.647,2.374,2.374,121414,0.00125,13.79
2026-08-22 21:50,DOT,DOT,0.93652,0.641,0.32,0.32,0.32,25620,0.00125,13.14
2026-08-22 21:50,UNI,UNI,4.31825,0.232,1.274,1.505,1.505,11612,0.010645,41.35
2026-08-22 21:50,AAVE,AAVE,126.745,2.367,1.183,2.761,4.339,44394,0.009955,39.24
2026-08-22 21:50,ARB,ARB,0.100045,1.0,0.5,0.5,0.5,36445,0.00125,13.5
2026-08-22 21:50,POL,POL,0.10749500000000001,2.791,1.395,1.395,1.395,43267,0.00125,15.29
2026-08-22 21:50,RENDER,RENDER,1.4833500000000002,2.022,1.011,4.382,5.056,28426,0.005501,26.42
2026-08-22 21:50,DOGE,DOGE,0.0937375,0.107,0.053,0.053,0.053,127233,0.006558,27.47
2026-08-22 21:50,SHIB,kSHIB,0.0055385,1.806,2.708,4.514,6.319,303087,0.00125,17.92
2026-08-22 21:50,PEPE,kPEPE,0.0041335,2.419,1.21,1.21,1.21,249650,0.006643,30.02
2026-08-22 21:50,WIF,WIF,0.20222,2.967,1.484,4.945,5.44,15429,0.00125,15.47
2026-08-22 21:50,BONK,kBONK,0.0033369999999999997,5.993,2.997,2.997,2.997,137138,0.009281,40.98
2026-08-22 21:50,TRUMP,TRUMP,2.5286,2.373,3.164,3.164,3.559,148453,0.004492,27.91
2026-08-22 21:55,BTC,BTC,77528.5,0.129,0.064,0.064,0.064,4594698,0.002672,16.61
2026-08-22 21:55,ETH,ETH,2443.05,0.409,0.205,0.205,0.205,4958837,0.00125,12.91
2026-08-22 21:55,SOL,SOL,94.7005,0.106,0.053,0.053,0.053,80508,0.002938,17.33
2026-08-22 21:55,XRP,XRP,1.5027499999999998,0.665,0.333,0.333,0.333,570341,0.003362,19.08
2026-08-22 21:55,AVAX,AVAX,7.59095,0.132,0.066,0.461,0.461,31464,0.004052,20.48
2026-08-22 21:55,LINK,LINK,11.765,1.7,0.85,1.7,1.7,219794,0.005786,26.9
2026-08-22 21:55,LTC,LTC,53.5165,0.187,0.093,0.093,0.093,106324,0.00125,12.69
2026-08-22 21:55,ADA,ADA,0.231175,0.433,0.216,0.216,0.649,96626,0.00125,12.93
2026-08-22 21:55,DOT,DOT,0.935635,2.672,1.977,2.512,2.619,27946,0.00125,16.45
2026-08-22 21:55,UNI,UNI,4.32095,1.157,0.579,0.81,1.041,9636,0.010518,39.61
2026-08-22 21:55,AAVE,AAVE,126.455,2.372,1.186,1.977,1.977,151790,0.009864,38.99
2026-08-22 21:55,ARB,ARB,0.10013,1.997,0.999,0.999,1.997,66427,0.00125,14.5
2026-08-22 21:55,POL,POL,0.107305,2.796,1.398,1.398,1.398,34557,0.00125,15.3
2026-08-22 21:55,RENDER,RENDER,1.48785,3.361,2.352,6.385,7.057,26931,0.005384,28.78
2026-08-22 21:55,DOGE,DOGE,0.093871,0.426,0.213,0.213,0.213,123606,0.006635,28.0
2026-08-22 21:55,SHIB,kSHIB,0.0055335,1.807,0.904,2.711,2.711,213911,0.00125,14.31
2026-08-22 21:55,PEPE,kPEPE,0.0041495,2.41,1.205,1.205,1.205,303940,0.007046,31.14
2026-08-22 21:55,WIF,WIF,0.2021,1.979,1.484,5.443,9.896,13540,0.00125,15.47
2026-08-22 21:55,BONK,kBONK,0.0033285,3.004,1.502,4.507,4.507,162421,0.009179,37.71
2026-08-22 21:55,TRUMP,TRUMP,2.51365,0.398,0.199,0.199,0.199,189273,0.004926,23.19
2026-08-22 22:00,BTC,BTC,77484.5,0.129,0.065,0.065,0.065,1129347,0.003484,18.88
2026-08-22 22:00,ETH,ETH,2441.25,0.41,0.205,0.205,0.205,5639807,0.00125,12.91
2026-08-22 22:00,SOL,SOL,94.5995,0.106,0.053,0.053,0.053,77028,0.002476,16.04
2026-08-22 22:00,XRP,XRP,1.50495,0.664,0.332,0.332,0.332,973561,0.004442,22.1
2026-08-22 22:00,AVAX,AVAX,7.58215,0.132,1.78,2.44,2.44,55518,0.007416,33.33
2026-08-22 22:00,LINK,LINK,11.7685,0.85,0.425,0.425,0.425,220647,0.005716,25.85
2026-08-22 22:00,LTC,LTC,53.361999999999995,0.375,0.187,0.187,0.562,119108,0.00125,12.87
2026-08-22 22:00,ADA,ADA,0.231425,0.432,2.377,2.377,3.241,63943,0.00125,17.25
2026-08-22 22:00,DOT,DOT,0.9347099999999999,2.354,1.177,1.284,1.284,23346,0.00125,14.85
2026-08-22 22:00,UNI,UNI,4.3223,0.925,0.463,0.694,1.157,16426,0.009574,36.73
2026-08-22 22:00,AAVE,AAVE,126.16,3.171,1.585,2.378,2.378,106729,0.007395,32.88
2026-08-22 22:00,ARB,ARB,0.10003999999999999,1.999,1.0,1.0,1.0,56008,0.00125,14.5
2026-08-22 22:00,POL,POL,0.10713,3.734,1.867,4.667,4.667,30092,0.00125,16.23
2026-08-22 22:00,RENDER,RENDER,1.48695,3.363,2.354,3.026,3.026,26022,0.00125,17.21
2026-08-22 22:00,DOGE,DOGE,0.093822,0.213,1.279,1.279,1.492,37007,0.007539,32.67
2026-08-22 22:00,SHIB,kSHIB,0.0055335,1.807,0.904,2.711,4.518,306756,0.00125,14.31
2026-08-22 22:00,PEPE,kPEPE,0.004153499999999999,2.408,1.204,3.611,3.611,306563,0.011481,43.56
2026-08-22 22:00,WIF,WIF,0.202075,4.454,2.227,3.217,4.701,14311,0.003929,24.46
2026-08-22 22:00,BONK,kBONK,0.0033325,3.001,1.5,1.5,1.5,151132,0.008807,36.66
2026-08-22 22:00,TRUMP,TRUMP,2.4941000000000004,0.802,0.401,0.401,1.203,18469,0.006968,29.31
2026-08-22 22:05,BTC,BTC,77442.5,0.129,0.065,0.065,0.065,3969149,0.002374,15.78
2026-08-22 22:05,ETH,ETH,2438.95,0.41,0.205,0.205,0.205,5820176,0.00125,12.91
2026-08-22 22:05,SOL,SOL,94.5535,0.106,0.053,0.053,0.053,300182,0.001449,13.16
2026-08-22 22:05,XRP,XRP,1.4976500000000001,0.668,0.334,0.334,0.334,902943,0.003566,19.65
2026-08-22 22:05,AVAX,AVAX,7.57285,0.924,0.462,0.594,0.594,25455,0.005557,25.48
2026-08-22 22:05,LINK,LINK,11.7655,0.85,0.425,0.425,0.425,144927,0.004846,23.42
2026-08-22 22:05,LTC,LTC,53.2485,0.563,0.282,1.784,2.535,34366,0.00125,13.06
2026-08-22 22:05,ADA,ADA,0.231775,0.431,2.373,2.373,2.373,100831,0.00125,17.25
2026-08-22 22:05,DOT,DOT,0.93321,2.572,1.286,1.393,1.393,21631,0.00125,15.07
2026-08-22 22:05,UNI,UNI,4.32045,0.231,0.116,0.116,0.116,35218,0.010953,39.9
2026-08-22 22:05,AAVE,AAVE,126.195,2.377,1.189,1.981,1.981,114628,0.005945,28.02
2026-08-22 22:05,ARB,ARB,0.10027,1.995,0.997,1.995,1.995,40541,0.00125,14.49
2026-08-22 22:05,POL,POL,0.107025,2.803,1.402,2.336,4.205,24553,0.00125,15.3
2026-08-22 22:05,RENDER,RENDER,1.48575,0.673,5.048,5.048,7.74,21179,0.001744,23.98
2026-08-22 22:05,DOGE,DOGE,0.0936915,0.107,0.8,1.334,1.441,150258,0.005933,27.21
2026-08-22 22:05,SHIB,kSHIB,0.005530500000000001,1.808,0.904,2.712,6.329,251688,0.00125,14.31
2026-08-22 22:05,PEPE,kPEPE,0.004161,4.807,2.403,2.403,2.403,401705,0.012865,49.83
2026-08-22 22:05,WIF,WIF,0.20196,2.971,2.476,4.951,6.932,39223,0.002145,19.96
2026-08-22 22:05,BONK,kBONK,0.0033495,2.986,4.478,4.478,4.478,148750,0.009326,44.07
2026-08-22 22:05,TRUMP,TRUMP,2.50235,0.4,0.2,0.2,0.2,135604,0.009821,36.9
2026-08-22 22:10,BTC,BTC,77489.5,0.387,0.194,0.194,0.194,2122059,0.00276,17.11
2026-08-22 22:10,ETH,ETH,2442.55,0.409,0.205,0.205,0.205,6281194,0.00125,12.91
2026-08-22 22:10,SOL,SOL,94.7185,0.106,0.053,0.053,0.053,339144,0.001535,13.4
2026-08-22 22:10,XRP,XRP,1.51085,0.662,0.331,0.331,0.331,752953,0.004913,23.42
2026-08-22 22:10,AVAX,AVAX,7.58775,0.395,0.198,0.461,0.461,43185,0.006552,27.74
2026-08-22 22:10,LINK,LINK,11.7965,0.848,1.272,1.272,1.272,231295,0.00492,25.32
2026-08-22 22:10,LTC,LTC,53.4585,0.187,0.094,0.094,0.655,46252,0.00125,12.69
2026-08-22 22:10,ADA,ADA,0.232405,1.291,1.506,1.936,2.367,105226,0.00125,15.51
2026-08-22 22:10,DOT,DOT,0.9366650000000001,1.601,0.801,1.014,1.228,20182,0.00125,14.1
2026-08-22 22:10,UNI,UNI,4.34325,0.23,1.036,1.036,4.72,80058,0.011393,42.97
2026-08-22 22:10,AAVE,AAVE,126.795,2.366,1.972,1.972,3.549,99738,0.006699,31.7
2026-08-22 22:10,ARB,ARB,0.100415,0.996,0.498,0.498,1.494,48536,0.00125,13.5
2026-08-22 22:10,POL,POL,0.107945,2.779,1.39,4.169,5.095,28166,0.00125,15.28
2026-08-22 22:10,RENDER,RENDER,1.48815,2.016,1.008,2.352,3.024,30249,0.001529,15.3
2026-08-22 22:10,DOGE,DOGE,0.0942585,0.743,0.796,0.796,0.796,111444,0.005753,26.7
2026-08-22 22:10,SHIB,kSHIB,0.005549500000000001,1.802,0.901,6.307,6.307,182820,0.00125,14.3
2026-08-22 22:10,PEPE,kPEPE,0.0041645,2.401,1.201,1.201,1.201,289853,0.012277,45.78
2026-08-22 22:10,WIF,WIF,0.202395,0.494,7.658,8.152,11.611,20254,0.002064,30.09
2026-08-22 22:10,BONK,kBONK,0.0033404999999999997,2.994,1.497,1.497,4.49,170059,0.009388,38.28
2026-08-22 22:10,TRUMP,TRUMP,2.5060000000000002,2.394,1.197,1.995,1.995,51982,0.01008,39.62
2026-08-22 22:15,BTC,BTC,77463.5,0.129,0.065,0.065,0.065,1032139,0.002946,17.38
2026-08-22 22:15,ETH,ETH,2442.05,0.409,0.205,0.205,0.205,5128973,0.00125,12.91
2026-08-22 22:15,SOL,SOL,94.75450000000001,0.106,0.053,0.053,0.053,264976,0.001461,13.2
2026-08-22 22:15,XRP,XRP,1.51045,0.662,0.331,0.331,0.331,381972,0.005814,25.94
2026-08-22 22:15,AVAX,AVAX,7.60145,1.447,0.724,0.855,1.644,41413,0.006555,28.8
2026-08-22 22:15,LINK,LINK,11.7985,0.848,0.424,0.424,0.424,210003,0.00498,23.79
2026-08-22 22:15,LTC,LTC,53.4465,0.936,0.468,0.655,0.655,80168,0.00125,13.44
2026-08-22 22:15,ADA,ADA,0.233335,4.714,3.214,4.071,4.5,89798,0.00125,18.93
2026-08-22 22:15,DOT,DOT,0.936495,3.31,1.975,2.082,2.082,14682,0.00125,16.45
2026-08-22 22:15,UNI,UNI,4.3508,1.839,0.919,0.919,1.379,31194,0.012539,45.95
2026-08-22 22:15,AAVE,AAVE,127.045,0.787,0.394,0.394,0.394,164644,0.006861,29.0
2026-08-22 22:15,ARB,ARB,0.1003,1.994,0.997,1.994,1.994,75034,0.00125,14.49
2026-08-22 22:15,POL,POL,0.108765,2.758,2.299,4.137,4.137,24282,0.00125,17.1
2026-08-22 22:15,RENDER,RENDER,1.4874,1.345,1.345,2.017,4.034,29982,0.00125,15.19
2026-08-22 22:15,DOGE,DOGE,0.0950365,4.525,2.262,2.262,2.262,164907,0.005733,29.58
2026-08-22 22:15,SHIB,kSHIB,0.0055815,1.792,2.687,2.687,4.479,206712,0.00125,17.87
2026-08-22 22:15,PEPE,kPEPE,0.004167499999999999,2.4,1.2,1.2,1.2,329868,0.011754,44.31
2026-08-22 22:15,WIF,WIF,0.20269500000000001,2.467,1.233,1.233,5.18,13975,0.001656,16.1
2026-08-22 22:15,BONK,kBONK,0.003345,5.979,2.99,5.979,5.979,139998,0.009511,41.61
2026-08-22 22:15,TRUMP,TRUMP,2.49945,1.2,1.0,1.0,1.8,47545,0.010127,39.36
2026-08-22 22:20,BTC,BTC,77385.5,0.129,0.065,0.065,0.065,1003260,0.002789,16.94
2026-08-22 22:20,ETH,ETH,2440.55,0.41,0.205,0.205,0.205,5326336,0.00125,12.91
2026-08-22 22:20,SOL,SOL,94.5435,0.106,0.159,0.159,0.159,97797,0.001304,12.97
2026-08-22 22:20,XRP,XRP,1.50915,0.663,0.331,0.331,0.331,488904,0.006094,26.73
2026-08-22 22:20,AVAX,AVAX,7.57005,0.66,0.727,0.727,0.727,48070,0.00609,27.5
2026-08-22 22:20,LINK,LINK,11.776499999999999,0.849,0.425,1.274,1.274,234105,0.004818,23.34
2026-08-22 22:20,LTC,LTC,53.294,1.501,0.751,0.751,0.751,91060,0.00125,14.0
2026-08-22 22:20,ADA,ADA,0.232145,0.431,2.8,3.231,3.231,63582,0.00125,18.1
2026-08-22 22:20,DOT,DOT,0.933315,2.036,1.018,1.232,1.232,24814,0.00125,14.54
2026-08-22 22:20,UNI,UNI,4.34565,1.151,2.186,2.186,2.416,38891,0.013054,49.92
2026-08-22 22:20,AAVE,AAVE,126.565,0.79,0.395,1.185,1.185,188386,0.00676,28.72
2026-08-22 22:20,ARB,ARB,0.09989,2.002,1.001,2.002,2.002,73915,0.00125,14.5
2026-08-22 22:20,POL,POL,0.108255,2.771,3.233,4.157,5.081,23094,0.00125,18.97
2026-08-22 22:20,RENDER,RENDER,1.4812500000000002,0.675,0.338,0.338,0.338,24630,0.00125,13.18
2026-08-22 22:20,DOGE,DOGE,0.0942945,0.106,0.053,0.053,0.053,127942,0.005616,24.83
2026-08-22 22:20,SHIB,kSHIB,0.005530500000000001,1.808,0.904,0.904,0.904,202286,0.00125,14.31
2026-08-22 22:20,PEPE,kPEPE,0.00414,4.831,2.415,2.415,2.415,339197,0.010707,43.81
2026-08-22 22:20,WIF,WIF,0.20163999999999999,2.976,1.488,1.488,5.951,21798,0.001269,15.53
2026-08-22 22:20,BONK,kBONK,0.00333,6.006,3.003,6.006,6.006,131404,0.009403,41.33
2026-08-22 22:20,TRUMP,TRUMP,2.48,1.613,1.613,2.016,2.419,61478,0.009877,39.88
2026-08-22 22:25,BTC,BTC,77401.5,0.129,0.065,0.065,0.065,2800681,0.00269,16.66
2026-08-22 22:25,ETH,ETH,2440.6499999999996,0.41,0.205,0.205,0.205,5053203,0.00125,12.91
2026-08-22 22:25,SOL,SOL,94.6515,0.106,0.053,0.053,0.053,147014,0.001329,12.83
2026-08-22 22:25,XRP,XRP,1.51355,0.661,0.33,0.33,0.33,470719,0.006585,28.1
2026-08-22 22:25,AVAX,AVAX,7.5785,1.583,0.792,1.188,1.979,30183,0.005811,26.85
2026-08-22 22:25,LINK,LINK,11.781500000000001,0.849,0.424,0.424,1.273,216001,0.004831,23.38
2026-08-22 22:25,LTC,LTC,53.2,1.504,0.752,0.94,1.316,83686,0.00125,14.0
2026-08-22 22:25,ADA,ADA,0.231965,0.431,0.216,0.216,0.647,94679,0.00125,12.93
2026-08-22 22:25,DOT,DOT,0.933925,2.034,1.017,1.767,1.874,19142,0.00125,14.53
2026-08-22 22:25,UNI,UNI,4.35985,0.688,0.803,1.262,1.72,34034,0.013525,48.48
2026-08-22 22:25,AAVE,AAVE,126.735,2.367,1.184,1.973,2.762,189836,0.006718,30.18
2026-08-22 22:25,ARB,ARB,0.10023499999999999,0.998,0.499,0.499,0.499,53701,0.00125,13.5
2026-08-22 22:25,POL,POL,0.10861,5.524,3.683,3.683,3.683,30468,0.00125,19.87
2026-08-22 22:25,RENDER,RENDER,1.482,2.699,2.699,2.699,4.049,25644,0.00125,17.9
2026-08-22 22:25,DOGE,DOGE,0.094309,1.697,0.848,0.848,0.848,110670,0.005861,27.11
2026-08-22 22:25,SHIB,kSHIB,0.005544,3.608,1.804,3.608,5.411,298328,0.00125,16.11
2026-08-22 22:25,PEPE,kPEPE,0.004164,4.803,2.402,2.402,2.402,343261,0.010248,42.5
2026-08-22 22:25,WIF,WIF,0.202505,2.469,1.728,1.728,3.704,14365,0.00125,15.96
2026-08-22 22:25,BONK,kBONK,0.0033569999999999997,5.958,2.979,2.979,5.958,126395,0.009626,41.91
2026-08-22 22:25,TRUMP,TRUMP,2.4934000000000003,0.802,0.401,1.203,1.203,64650,0.00952,36.46
2026-08-22 22:30,BTC,BTC,77367.5,0.129,0.065,0.065,0.065,1285620,0.002634,16.5
2026-08-22 22:30,ETH,ETH,2438.8500000000004,0.41,0.205,0.205,0.205,6179582,0.00125,12.91
2026-08-22 22:30,SOL,SOL,94.5435,0.106,0.053,0.053,0.053,380779,0.001434,13.12
2026-08-22 22:30,XRP,XRP,1.50505,0.664,0.332,0.332,0.332,622942,0.006666,28.33
2026-08-22 22:30,AVAX,AVAX,7.57,1.585,0.793,1.321,1.453,48307,0.00583,26.91
2026-08-22 22:30,LINK,LINK,11.7715,0.85,0.425,0.425,0.425,230901,0.004716,23.05
2026-08-22 22:30,LTC,LTC,53.217,0.376,0.188,0.564,0.752,40585,0.00125,12.88
2026-08-22 22:30,ADA,ADA,0.231175,0.433,0.216,0.216,0.216,66691,0.00125,12.93
2026-08-22 22:30,DOT,DOT,0.93268,1.287,0.643,0.751,0.751,23629,0.00125,13.79
2026-08-22 22:30,UNI,UNI,4.3361,3.229,1.614,1.845,1.845,34150,0.01385,51.01
2026-08-22 22:30,AAVE,AAVE,126.65,3.158,1.579,1.579,2.369,189711,0.006833,31.29
2026-08-22 22:30,ARB,ARB,0.099925,1.001,0.5,0.5,0.5,55459,0.00125,13.5
2026-08-22 22:30,POL,POL,0.10841,5.535,2.767,3.69,4.612,30103,0.00125,18.03
2026-08-22 22:30,RENDER,RENDER,1.4806499999999998,0.675,1.013,2.364,5.065,15909,0.00125,14.53
2026-08-22 22:30,DOGE,DOGE,0.094499,3.386,4.233,4.233,4.233,117257,0.006192,34.8
2026-08-22 22:30,SHIB,kSHIB,0.0055425000000000006,1.804,0.902,2.706,4.511,178896,0.00125,14.3
2026-08-22 22:30,PEPE,kPEPE,0.0041615,2.403,1.201,1.201,1.201,404611,0.009919,39.18
2026-08-22 22:30,WIF,WIF,0.20217,2.968,1.979,3.462,5.936,12742,0.00125,16.46
2026-08-22 22:30,BONK,kBONK,0.0033435,8.973,4.486,4.486,4.486,144361,0.009599,44.85
2026-08-22 22:30,TRUMP,TRUMP,2.50175,1.199,2.198,2.998,3.797,93057,0.009612,40.31
2026-08-22 22:35,BTC,BTC,77332.5,0.129,0.453,0.841,0.841,210393,0.002554,17.06
2026-08-22 22:35,ETH,ETH,2437.55,0.41,0.205,0.205,0.205,5778887,0.00125,12.91
2026-08-22 22:35,SOL,SOL,94.4765,0.106,1.111,1.111,1.217,121635,0.001482,15.37
2026-08-22 22:35,XRP,XRP,1.5033500000000002,0.665,0.333,0.333,0.333,970789,0.006731,28.51
2026-08-22 22:35,AVAX,AVAX,7.55825,2.778,1.389,1.389,1.389,79872,0.005761,27.91
2026-08-22 22:35,LINK,LINK,11.752500000000001,0.851,0.425,0.425,0.425,227223,0.00452,22.51
2026-08-22 22:35,LTC,LTC,53.152,0.753,0.376,0.564,1.129,88711,0.00125,13.25
2026-08-22 22:35,ADA,ADA,0.230855,2.166,1.516,1.516,2.382,27797,0.00125,15.53
2026-08-22 22:35,DOT,DOT,0.9318500000000001,1.717,0.859,0.966,0.966,28298,0.00125,14.22
2026-08-22 22:35,UNI,UNI,4.3443000000000005,0.46,2.072,2.072,2.072,39679,0.01412,52.68
2026-08-22 22:35,AAVE,AAVE,126.665,2.368,1.184,1.184,1.184,143427,0.007168,31.44
2026-08-22 22:35,ARB,ARB,0.09939,2.012,1.006,1.006,1.006,78309,0.00125,14.51
2026-08-22 22:35,POL,POL,0.107735,2.785,4.177,4.177,4.177,25589,0.00125,20.85
2026-08-22 22:35,RENDER,RENDER,1.47565,0.678,1.694,4.405,5.083,36191,0.00125,15.89
2026-08-22 22:35,DOGE,DOGE,0.09439449999999999,0.318,0.159,0.159,0.159,164173,0.006207,26.7
2026-08-22 22:35,SHIB,kSHIB,0.0055295,1.808,0.904,4.521,4.521,203375,0.00125,14.31
2026-08-22 22:35,PEPE,kPEPE,0.0041315,2.42,1.21,1.21,1.21,398149,0.009536,38.12
2026-08-22 22:35,WIF,WIF,0.20117000000000002,3.977,2.485,3.977,3.977,19582,0.00125,17.47
2026-08-22 22:35,BONK,kBONK,0.003347,5.976,2.988,2.988,2.988,163435,0.009465,41.48
2026-08-22 22:35,TRUMP,TRUMP,2.48535,1.207,0.604,1.408,1.408,176964,0.009481,36.75
2026-08-22 22:40,BTC,BTC,77445.5,0.129,0.065,0.065,0.065,6121993,0.002687,16.65
2026-08-22 22:40,ETH,ETH,2438.55,0.41,0.205,0.205,0.205,5350446,0.00125,12.91
2026-08-22 22:40,SOL,SOL,94.6495,0.106,0.053,0.053,0.053,189446,0.00161,13.61
2026-08-22 22:40,XRP,XRP,1.5077500000000001,0.663,0.332,0.332,0.332,591134,0.007001,29.26
2026-08-22 22:40,AVAX,AVAX,7.58545,0.923,0.461,1.252,1.648,42428,0.005897,26.44
2026-08-22 22:40,LINK,LINK,11.776,1.698,0.849,1.698,1.698,263195,0.004273,22.66
2026-08-22 22:40,LTC,LTC,53.3335,1.687,0.844,0.844,1.406,32852,0.00125,14.19
2026-08-22 22:40,ADA,ADA,0.23254,0.86,0.43,0.86,0.86,134772,0.00125,13.36
2026-08-22 22:40,DOT,DOT,0.934035,2.891,1.767,1.981,2.623,25096,0.00125,16.03
2026-08-22 22:40,UNI,UNI,4.3721,0.457,2.287,2.287,2.287,22545,0.014312,53.65
2026-08-22 22:40,AAVE,AAVE,127.405,5.494,2.747,2.747,3.532,80700,0.007602,35.78
2026-08-22 22:40,ARB,ARB,0.09975500000000001,1.002,0.501,1.504,1.504,54713,0.00125,13.5
2026-08-22 22:40,POL,POL,0.107815,0.928,0.464,0.464,0.464,39038,0.00125,13.43
2026-08-22 22:40,RENDER,RENDER,1.4798,1.352,4.73,5.406,6.082,30102,0.001845,23.63
2026-08-22 22:40,DOGE,DOGE,0.0950355,0.105,1.526,1.526,2.262,88022,0.006579,30.47
2026-08-22 22:40,SHIB,kSHIB,0.0055639999999999995,3.595,1.797,5.392,5.392,190875,0.00125,16.09
2026-08-22 22:40,PEPE,kPEPE,0.0041525,2.408,1.204,1.204,1.204,326917,0.00949,37.98
2026-08-22 22:40,WIF,WIF,0.20205,2.97,1.98,3.464,7.424,15646,0.00125,16.46
2026-08-22 22:40,BONK,kBONK,0.0033505,2.985,1.492,4.477,4.477,142443,0.009504,38.6
2026-08-22 22:40,TRUMP,TRUMP,2.4876,1.608,0.804,2.01,2.01,76455,0.009906,38.34
2026-08-22 22:45,BTC,BTC,77435.5,0.129,0.065,0.065,0.065,2705543,0.002961,17.42
2026-08-22 22:45,ETH,ETH,2437.95,0.41,0.205,0.205,0.205,4764678,0.00125,12.91
2026-08-22 22:45,SOL,SOL,94.58449999999999,0.106,0.053,0.053,0.053,385716,0.001785,14.1
2026-08-22 22:45,XRP,XRP,1.5132500000000002,0.661,0.33,0.33,0.33,1156901,0.007559,30.83
2026-08-22 22:45,AVAX,AVAX,7.5746,1.584,0.792,0.792,1.452,50393,0.006018,27.43
2026-08-22 22:45,LINK,LINK,11.749500000000001,0.851,0.426,0.426,0.426,269232,0.003978,20.99
2026-08-22 22:45,LTC,LTC,53.2225,0.188,0.094,0.094,0.282,35085,0.00125,12.69
2026-08-22 22:45,ADA,ADA,0.23199,1.724,0.862,0.862,0.862,133452,0.00125,14.22
2026-08-22 22:45,DOT,DOT,0.933725,1.821,0.91,1.66,2.517,18277,0.00125,14.32
2026-08-22 22:45,UNI,UNI,4.3782499999999995,0.228,0.114,0.114,1.028,30804,0.014405,49.56
2026-08-22 22:45,AAVE,AAVE,127.425,2.354,1.177,1.177,1.177,101589,0.007959,33.64
2026-08-22 22:45,ARB,ARB,0.09962,2.008,1.004,1.004,1.004,51460,0.00125,14.51
2026-08-22 22:45,POL,POL,0.108085,2.776,2.313,3.238,4.163,31097,0.00125,17.13
2026-08-22 22:45,RENDER,RENDER,1.4776,2.707,1.354,1.354,1.354,21887,0.002312,18.18
2026-08-22 22:45,DOGE,DOGE,0.0947125,0.106,0.053,0.053,0.053,159456,0.00651,27.33
2026-08-22 22:45,SHIB,kSHIB,0.0055580000000000004,3.598,1.799,3.598,3.598,204109,0.00125,16.1
2026-08-22 22:45,PEPE,kPEPE,0.0041495,2.41,1.205,1.205,1.205,397360,0.009282,37.4
2026-08-22 22:45,WIF,WIF,0.20166499999999998,1.488,1.736,1.736,3.223,30992,0.00125,15.97
2026-08-22 22:45,BONK,kBONK,0.0033375,2.996,1.498,1.498,1.498,106750,0.009428,38.39
2026-08-22 22:45,TRUMP,TRUMP,2.47285,1.213,0.607,1.011,1.82,70619,0.010004,38.22
2026-08-22 22:50,BTC,BTC,77396.5,0.129,0.065,0.065,0.065,1807625,0.003184,18.04
2026-08-22 22:50,ETH,ETH,2436.6499999999996,0.41,0.205,0.205,0.205,6285167,0.00125,12.91
2026-08-22 22:50,SOL,SOL,94.5995,0.106,0.053,0.053,0.053,360093,0.001894,14.41
2026-08-22 22:50,XRP,XRP,1.5046499999999998,0.665,0.332,0.332,0.332,644319,0.007837,31.61
2026-08-22 22:50,AVAX,AVAX,7.5682,1.057,1.453,1.586,1.586,32540,0.006051,28.85
2026-08-22 22:50,LINK,LINK,11.7195,0.853,0.427,0.427,0.427,264511,0.003807,20.51
2026-08-22 22:50,LTC,LTC,52.94,1.889,0.944,0.944,0.944,53806,0.00125,14.39
2026-08-22 22:50,ADA,ADA,0.23128500000000002,0.432,1.513,1.946,1.946,95262,0.00125,15.53
2026-08-22 22:50,DOT,DOT,0.931955,1.824,0.912,1.019,1.019,16701,0.00125,14.32
2026-08-22 22:50,UNI,UNI,4.36475,0.229,1.947,2.177,2.177,30290,0.014327,53.01
2026-08-22 22:50,AAVE,AAVE,127.10499999999999,0.787,0.393,1.18,1.18,157411,0.008267,32.93
2026-08-22 22:50,ARB,ARB,0.09941,2.012,1.006,1.006,2.012,41899,0.00125,14.51
2026-08-22 22:50,POL,POL,0.10725,5.594,2.797,4.662,5.594,28942,0.00125,18.09
2026-08-22 22:50,RENDER,RENDER,1.4756,4.066,4.066,5.422,5.422,27844,0.002638,24.52
2026-08-22 22:50,DOGE,DOGE,0.0949735,0.105,0.053,0.474,1.211,112878,0.00661,27.61
2026-08-22 22:50,SHIB,kSHIB,0.0055475,1.803,2.704,4.507,6.309,114211,0.00125,17.91
2026-08-22 22:50,PEPE,kPEPE,0.0041405,2.415,1.208,1.208,1.208,388367,0.009094,36.88
2026-08-22 22:50,WIF,WIF,0.201115,2.486,1.74,1.74,4.724,15597,0.00125,15.98
2026-08-22 22:50,BONK,kBONK,0.0033220000000000003,6.02,3.01,3.01,3.01,112036,0.009284,41.02
2026-08-22 22:50,TRUMP,TRUMP,2.4484500000000002,0.408,0.204,0.204,0.204,43565,0.009928,37.21
2026-08-22 22:55,BTC,BTC,77377.5,0.129,0.065,0.065,0.065,3750815,0.003363,18.55
2026-08-22 22:55,ETH,ETH,2435.55,0.411,0.205,0.205,0.205,4631610,0.00125,12.91
2026-08-22 22:55,SOL,SOL,94.5385,0.106,0.053,0.053,0.053,289320,0.002018,14.76
2026-08-22 22:55,XRP,XRP,1.50435,0.665,0.332,0.332,0.332,853850,0.008151,32.49
2026-08-22 22:55,AVAX,AVAX,7.57335,0.132,0.066,0.066,0.066,73844,0.006157,26.37
2026-08-22 22:55,LINK,LINK,11.717500000000001,0.853,0.427,0.427,0.427,242603,0.003764,20.39
2026-08-22 22:55,LTC,LTC,52.914500000000004,0.945,0.472,0.661,0.661,89145,0.00125,13.44
2026-08-22 22:55,ADA,ADA,0.23119499999999998,1.298,0.649,0.649,1.081,66545,0.00125,13.8
2026-08-22 22:55,DOT,DOT,0.9317,2.361,1.825,1.825,1.825,20755,0.00125,16.15
2026-08-22 22:55,UNI,UNI,4.3694500000000005,0.229,0.114,0.114,0.801,26539,0.014368,49.46
2026-08-22 22:55,AAVE,AAVE,127.11500000000001,0.787,0.393,0.393,0.393,128729,0.008587,33.83
2026-08-22 22:55,ARB,ARB,0.09926499999999999,3.022,2.519,2.519,2.519,96151,0.00125,17.54
2026-08-22 22:55,POL,POL,0.10764,3.716,1.858,1.858,1.858,31410,0.00125,16.22
2026-08-22 22:55,RENDER,RENDER,1.4759,4.065,3.388,5.42,7.453,16119,0.002939,24.0
2026-08-22 22:55,DOGE,DOGE,0.0947535,0.106,1.847,1.847,1.952,138466,0.006624,31.24
2026-08-22 22:55,SHIB,kSHIB,0.0055485,1.802,2.703,2.703,4.506,96771,0.00125,17.91
2026-08-22 22:55,PEPE,kPEPE,0.004135,4.837,2.418,2.418,2.418,399079,0.008902,38.76
2026-08-22 22:55,WIF,WIF,0.20096999999999998,4.976,4.478,8.957,9.454,39509,0.00125,21.46
2026-08-22 22:55,BONK,kBONK,0.003317,6.03,3.015,3.015,3.015,177611,0.009112,40.54
2026-08-22 22:55,TRUMP,TRUMP,2.4579500000000003,0.407,0.203,1.017,1.424,8845,0.009933,37.22
2026-08-22 23:00,BTC,BTC,77338.5,0.129,0.065,0.065,0.065,3452491,0.003711,19.52
2026-08-22 23:00,ETH,ETH,2430.75,0.411,0.206,0.206,0.206,5740481,0.00125,12.91
2026-08-22 23:00,SOL,SOL,94.3655,0.106,0.053,0.053,0.053,281919,0.00125,12.61
2026-08-22 23:00,XRP,XRP,1.50175,0.666,0.333,0.333,0.333,389273,0.011449,41.72
2026-08-22 23:00,AVAX,AVAX,7.5718499999999995,0.132,1.915,2.707,4.292,38109,0.005705,28.8
2026-08-22 23:00,LINK,LINK,11.7045,0.854,0.427,0.427,0.427,253684,0.002062,15.63
2026-08-22 23:00,LTC,LTC,52.9375,0.189,0.094,0.094,0.094,88055,0.001706,13.97
2026-08-22 23:00,ADA,ADA,0.23028500000000002,0.434,2.388,2.823,2.823,92675,0.00125,17.28
2026-08-22 23:00,DOT,DOT,0.930685,2.256,1.128,1.988,2.203,23460,0.00125,14.76
2026-08-22 23:00,UNI,UNI,4.372,0.915,0.457,0.686,0.915,17196,0.011278,41.49
2026-08-22 23:00,AAVE,AAVE,127.23,4.716,3.93,3.93,3.93,120772,0.008045,39.39
2026-08-22 23:00,ARB,ARB,0.09897500000000001,3.031,2.526,2.526,3.536,66082,0.00125,17.55
2026-08-22 23:00,POL,POL,0.10718,1.866,0.933,3.732,4.665,32152,0.00125,14.37
2026-08-22 23:00,RENDER,RENDER,1.47195,0.679,3.057,3.057,5.095,20735,0.003063,23.69
2026-08-22 23:00,DOGE,DOGE,0.0939675,0.106,0.053,0.053,0.053,57813,0.0027,16.67
2026-08-22 23:00,SHIB,kSHIB,0.0055405,1.805,0.902,2.707,4.512,191707,0.00125,14.3
2026-08-22 23:00,PEPE,kPEPE,0.0041165,7.288,3.644,3.644,3.644,435267,0.005892,32.79
2026-08-22 23:00,WIF,WIF,0.19978,3.003,1.502,4.004,5.006,22551,0.00125,15.5
2026-08-22 23:00,BONK,kBONK,0.0032975,3.033,1.516,4.549,4.549,149376,0.006075,29.04
2026-08-22 23:00,TRUMP,TRUMP,2.454,1.63,0.815,0.815,1.222,63332,0.003912,21.58
2026-08-22 23:05,BTC,BTC,77165.5,0.13,0.065,0.065,0.065,6361976,0.003122,17.87
2026-08-22 23:05,ETH,ETH,2423.1499999999996,0.413,0.206,0.206,0.206,6882925,0.00125,12.91
2026-08-22 23:05,SOL,SOL,93.8415,0.107,0.053,0.053,0.053,191482,0.001357,12.91
2026-08-22 23:05,XRP,XRP,1.49125,0.671,0.335,0.335,0.335,579571,0.01009,37.92
2026-08-22 23:05,AVAX,AVAX,7.52705,1.727,1.262,1.528,1.926,25897,0.003826,22.24
2026-08-22 23:05,LINK,LINK,11.627500000000001,0.86,0.43,0.43,0.43,266006,0.001556,14.22
2026-08-22 23:05,LTC,LTC,52.675,1.519,0.759,0.759,0.759,82195,0.001989,16.09
2026-08-22 23:05,ADA,ADA,0.22836499999999998,0.438,0.219,0.219,0.657,123300,0.00125,12.94
2026-08-22 23:05,DOT,DOT,0.92442,0.865,0.433,0.433,0.433,20811,0.00125,13.37
2026-08-22 23:05,UNI,UNI,4.33975,1.152,0.576,0.576,0.576,32815,0.008561,34.12
2026-08-22 23:05,AAVE,AAVE,126.78,1.578,0.789,0.789,1.578,101680,0.008752,35.08
2026-08-22 23:05,ARB,ARB,0.098305,1.017,0.509,1.526,2.543,67476,0.00125,13.52
2026-08-22 23:05,POL,POL,0.106215,2.824,3.295,6.12,6.12,26097,0.00125,19.09
2026-08-22 23:05,RENDER,RENDER,1.4613,2.737,4.106,4.106,4.79,16149,0.002963,25.51
2026-08-22 23:05,DOGE,DOGE,0.0939465,0.106,0.053,0.053,0.053,168306,0.004927,22.9
2026-08-22 23:05,SHIB,kSHIB,0.005503,3.634,3.634,3.634,5.452,201347,0.00125,19.77
2026-08-22 23:05,PEPE,kPEPE,0.004092500000000001,2.443,1.222,1.222,1.222,355759,0.006778,30.42
2026-08-22 23:05,WIF,WIF,0.19856000000000001,4.029,2.015,4.533,7.554,39330,0.00125,16.53
2026-08-22 23:05,BONK,kBONK,0.003254,6.146,3.073,6.146,6.146,131573,0.004378,27.4
2026-08-22 23:05,TRUMP,TRUMP,2.44445,0.409,0.205,0.205,0.205,110967,0.004495,22.0
2026-08-22 23:10,BTC,BTC,77194.5,0.13,0.065,0.065,0.065,3556465,0.003087,17.77
2026-08-22 23:10,ETH,ETH,2423.25,0.413,0.206,0.206,0.206,6884127,0.00125,12.91
2026-08-22 23:10,SOL,SOL,93.8655,0.107,0.053,0.053,0.053,260660,0.00125,12.61
2026-08-22 23:10,XRP,XRP,1.4915500000000002,0.67,0.335,0.335,0.335,623818,0.009383,35.94
2026-08-22 23:10,AVAX,AVAX,7.53425,1.46,0.73,1.792,1.792,59982,0.003492,20.24
2026-08-22 23:10,LINK,LINK,11.625499999999999,0.86,0.43,0.43,0.43,268579,0.001718,14.67
2026-08-22 23:10,LTC,LTC,52.7825,1.326,0.663,0.663,0.853,107031,0.0023,16.77
2026-08-22 23:10,ADA,ADA,0.228335,1.314,0.657,1.533,1.971,96088,0.00125,13.81
2026-08-22 23:10,DOT,DOT,0.926355,1.619,0.81,0.918,0.918,13603,0.00125,14.12
2026-08-22 23:10,UNI,UNI,4.33335,1.615,0.808,0.808,0.808,27490,0.00878,35.2
2026-08-22 23:10,AAVE,AAVE,126.10499999999999,0.793,0.396,0.396,0.396,112524,0.008191,32.73
2026-08-22 23:10,ARB,ARB,0.098315,1.017,0.509,1.526,3.56,65848,0.00125,13.52
2026-08-22 23:10,POL,POL,0.106115,0.942,1.414,3.298,4.241,28914,0.00125,15.33
2026-08-22 23:10,RENDER,RENDER,1.4604499999999998,0.685,2.397,2.397,6.505,15933,0.00244,20.63
2026-08-22 23:10,DOGE,DOGE,0.093969,1.703,0.851,0.851,0.851,127487,0.005387,25.79
2026-08-22 23:10,SHIB,kSHIB,0.0055155,1.813,4.533,4.533,6.346,203433,0.00125,21.57
2026-08-22 23:10,PEPE,kPEPE,0.0040915,2.444,1.222,1.222,1.222,400583,0.00762,32.78
2026-08-22 23:10,WIF,WIF,0.19798,3.031,3.536,8.587,9.092,31662,0.00125,19.57
2026-08-22 23:10,BONK,kBONK,0.0032570000000000003,6.141,3.07,3.07,3.07,161404,0.0054,30.26
2026-08-22 23:10,TRUMP,TRUMP,2.4585,1.627,2.441,2.441,4.068,120780,0.006803,32.93
2026-08-22 23:15,BTC,BTC,77156.5,0.13,0.065,0.065,0.065,3774796,0.00302,17.58
2026-08-22 23:15,ETH,ETH,2417.3500000000004,0.414,0.207,0.207,0.207,6684756,0.00125,12.91
2026-08-22 23:15,SOL,SOL,93.6885,0.107,0.053,0.053,0.053,231752,0.00125,12.61
2026-08-22 23:15,XRP,XRP,1.48795,0.672,1.008,1.008,1.68,718602,0.008782,35.61
2026-08-22 23:15,AVAX,AVAX,7.52175,0.931,0.465,0.598,0.731,37879,0.002846,17.9
2026-08-22 23:15,LINK,LINK,11.5975,0.862,0.431,0.431,1.293,266868,0.001442,13.9
2026-08-22 23:15,LTC,LTC,52.6065,1.331,0.665,1.045,1.426,39346,0.00184,15.48
2026-08-22 23:15,ADA,ADA,0.22730499999999998,1.32,0.66,1.54,1.98,134535,0.00125,13.82
2026-08-22 23:15,DOT,DOT,0.92208,1.085,1.085,1.844,2.603,21357,0.00125,14.67
2026-08-22 23:15,UNI,UNI,4.31185,0.232,0.116,0.116,1.507,42887,0.009061,34.6
2026-08-22 23:15,AAVE,AAVE,125.44999999999999,1.594,0.797,0.797,2.391,257099,0.007813,32.47
2026-08-22 23:15,ARB,ARB,0.098005,3.061,1.531,1.531,2.551,96661,0.00125,15.56
2026-08-22 23:15,POL,POL,0.105595,2.841,2.368,3.315,3.315,27571,0.00125,17.24
2026-08-22 23:15,RENDER,RENDER,1.45995,2.055,1.027,2.397,3.082,35606,0.001812,16.13
2026-08-22 23:15,DOGE,DOGE,0.0936085,0.107,0.053,0.16,0.588,117321,0.004848,22.68
2026-08-22 23:15,SHIB,kSHIB,0.005503,3.634,3.634,5.452,7.269,263346,0.00125,19.77
2026-08-22 23:15,PEPE,kPEPE,0.0040680000000000004,4.916,2.458,2.458,2.458,476669,0.006452,31.98
2026-08-22 23:15,WIF,WIF,0.19713999999999998,4.058,2.536,2.536,3.044,28409,0.00125,17.57
2026-08-22 23:15,BONK,kBONK,0.0032465000000000003,3.08,1.54,1.54,4.62,168170,0.00505,26.22
2026-08-22 23:15,TRUMP,TRUMP,2.43605,3.695,5.952,5.952,5.952,106970,0.006518,39.15
2026-08-22 23:20,BTC,BTC,77265.5,0.129,0.065,0.065,0.065,1935466,0.003066,17.71
2026-08-22 23:20,ETH,ETH,2421.55,0.413,0.206,0.206,0.206,6160095,0.00125,12.91
2026-08-22 23:20,SOL,SOL,93.94149999999999,0.106,0.053,0.053,0.053,252303,0.00125,12.61
2026-08-22 23:20,XRP,XRP,1.4913500000000002,0.671,0.335,0.335,0.335,600828,0.008913,34.63
2026-08-22 23:20,AVAX,AVAX,7.54015,0.133,0.995,1.26,2.056,40362,0.0026,18.27
2026-08-22 23:20,LINK,LINK,11.6325,0.86,0.43,0.43,0.43,242176,0.001643,14.46
2026-08-22 23:20,LTC,LTC,52.81,0.379,0.189,0.379,0.379,55934,0.001882,14.65
2026-08-22 23:20,ADA,ADA,0.228335,0.438,1.095,1.971,3.285,78167,0.00125,14.69
2026-08-22 23:20,DOT,DOT,0.923335,2.924,1.679,1.895,2.004,13487,0.00125,15.86
2026-08-22 23:20,UNI,UNI,4.3313500000000005,0.693,0.346,0.346,0.808,11019,0.009233,35.54
2026-08-22 23:20,AAVE,AAVE,126.495,0.791,3.557,3.557,3.557,111430,0.008766,40.66
2026-08-22 23:20,ARB,ARB,0.09842000000000001,2.032,1.016,1.016,2.032,160550,0.00125,14.53
2026-08-22 23:20,POL,POL,0.106045,0.943,1.414,1.414,2.357,23727,0.00125,15.33
2026-08-22 23:20,RENDER,RENDER,1.46495,6.144,3.072,3.072,3.072,29007,0.002341,21.7
2026-08-22 23:20,DOGE,DOGE,0.0938645,0.107,0.053,0.053,0.053,77058,0.004752,22.41
2026-08-22 23:20,SHIB,kSHIB,0.0055405,1.805,0.902,0.902,6.317,224602,0.00125,14.3
2026-08-22 23:20,PEPE,kPEPE,0.0040915,2.444,1.222,1.222,1.222,486293,0.006669,30.12
2026-08-22 23:20,WIF,WIF,0.19792500000000002,0.505,1.768,2.274,4.8,20458,0.00125,16.04
2026-08-22 23:20,BONK,kBONK,0.003261,6.133,3.067,6.133,6.133,174753,0.004832,28.66
2026-08-22 23:20,TRUMP,TRUMP,2.46585,1.217,0.608,1.419,3.042,71433,0.006516,28.46
2026-08-22 23:25,BTC,BTC,77187.5,0.13,0.194,0.194,0.194,1148596,0.002992,17.77
2026-08-22 23:25,ETH,ETH,2418.8500000000004,0.413,0.207,0.207,0.207,6318529,0.00125,12.91
2026-08-22 23:25,SOL,SOL,93.8275,0.107,0.053,0.053,0.053,239084,0.00125,12.61
2026-08-22 23:25,XRP,XRP,1.48515,0.673,0.337,0.337,0.337,1130150,0.008938,34.7
2026-08-22 23:25,AVAX,AVAX,7.5235,0.798,0.399,0.532,0.532,64580,0.002441,16.63
2026-08-22 23:25,LINK,LINK,11.6035,0.862,0.431,0.431,0.431,251782,0.001624,14.41
2026-08-22 23:25,LTC,LTC,52.712500000000006,1.328,0.664,0.854,0.854,39180,0.001777,15.3
2026-08-22 23:25,ADA,ADA,0.227745,0.439,0.22,0.22,0.22,78559,0.00125,12.94
2026-08-22 23:25,DOT,DOT,0.922415,2.277,1.789,2.548,2.764,17132,0.00125,16.08
2026-08-22 23:25,UNI,UNI,4.3206500000000005,2.083,1.042,1.042,1.273,42990,0.0093,37.12
2026-08-22 23:25,AAVE,AAVE,126.485,0.791,0.395,0.395,0.395,98401,0.009264,35.73
2026-08-22 23:25,ARB,ARB,0.09811,2.039,1.019,1.019,1.019,75962,0.00125,14.54
2026-08-22 23:25,POL,POL,0.105755,2.837,1.418,2.364,2.364,27626,0.00125,15.34
2026-08-22 23:25,RENDER,RENDER,1.46225,2.052,2.394,3.077,3.077,29872,0.002538,20.89
2026-08-22 23:25,DOGE,DOGE,0.0933585,0.107,0.054,0.054,0.054,81304,0.004589,21.96
2026-08-22 23:25,SHIB,kSHIB,0.005520499999999999,1.811,0.906,0.906,6.34,175715,0.00125,14.31
2026-08-22 23:25,PEPE,kPEPE,0.0040935,2.443,1.221,1.221,1.221,548247,0.006009,28.27
2026-08-22 23:25,WIF,WIF,0.197565,3.543,1.772,3.29,6.833,47745,0.00125,16.04
2026-08-22 23:25,BONK,kBONK,0.0032630000000000003,6.129,3.065,3.065,3.065,197761,0.004993,29.11
2026-08-22 23:25,TRUMP,TRUMP,2.45245,2.039,1.019,2.243,2.243,97095,0.006258,28.56
2026-08-22 23:30,BTC,BTC,77255.5,0.129,0.065,0.065,0.065,2497188,0.003041,17.65
2026-08-22 23:30,ETH,ETH,2423.1499999999996,0.413,0.206,0.206,0.206,5982141,0.00125,12.91
2026-08-22 23:30,SOL,SOL,93.8905,0.107,0.053,0.053,0.053,172854,0.00125,12.61
2026-08-22 23:30,XRP,XRP,1.48535,0.673,0.337,0.337,0.337,1152763,0.008858,34.48
2026-08-22 23:30,AVAX,AVAX,7.5329,2.124,1.062,1.593,1.859,33454,0.00257,18.32
2026-08-22 23:30,LINK,LINK,11.6155,0.861,0.43,1.291,1.291,279806,0.001518,14.11
2026-08-22 23:30,LTC,LTC,52.772000000000006,0.379,0.189,0.379,1.137,92709,0.001727,14.21
2026-08-22 23:30,ADA,ADA,0.228245,0.438,0.219,0.657,1.095,63129,0.00125,12.94
2026-08-22 23:30,DOT,DOT,0.92197,1.518,3.254,3.471,3.579,13805,0.00125,19.01
2026-08-22 23:30,UNI,UNI,4.32435,1.619,0.809,1.041,1.041,38828,0.009616,37.54
2026-08-22 23:30,AAVE,AAVE,127.91,3.127,1.564,3.127,3.127,75121,0.009433,38.54
2026-08-22 23:30,ARB,ARB,0.09823,2.036,1.018,1.018,1.018,61839,0.00125,14.54
2026-08-22 23:30,POL,POL,0.10591,1.888,0.944,1.888,1.888,27668,0.00125,14.39
2026-08-22 23:30,RENDER,RENDER,1.46285,2.051,5.127,5.811,11.279,20269,0.002484,26.21
2026-08-22 23:30,DOGE,DOGE,0.09342600000000001,0.856,0.428,0.428,0.428,136169,0.004469,22.37
2026-08-22 23:30,SHIB,kSHIB,0.005524,3.621,3.621,3.621,7.241,210372,0.00125,19.74
2026-08-22 23:30,PEPE,kPEPE,0.0041075,2.435,3.652,3.652,3.652,472394,0.005393,31.4
2026-08-22 23:30,WIF,WIF,0.197855,2.527,1.769,2.274,2.78,19286,0.00125,16.04
2026-08-22 23:30,BONK,kBONK,0.003282,6.094,3.047,3.047,3.047,193498,0.005725,31.12
2026-08-22 23:30,TRUMP,TRUMP,2.4555499999999997,0.407,0.204,1.018,2.24,117518,0.006393,27.31
2026-08-22 23:35,BTC,BTC,77149.5,0.13,0.065,0.065,0.065,2643745,0.003089,17.78
2026-08-22 23:35,ETH,ETH,2417.45,0.414,0.207,0.207,0.207,5092940,0.00125,12.91
2026-08-22 23:35,SOL,SOL,93.5655,0.107,0.053,0.053,0.053,267230,0.00125,12.61
2026-08-22 23:35,XRP,XRP,1.47445,0.678,0.339,0.339,0.339,1492134,0.008238,32.74
2026-08-22 23:35,AVAX,AVAX,7.502800000000001,0.267,0.133,0.133,1.2,21018,0.002421,16.04
2026-08-22 23:35,LINK,LINK,11.5855,0.863,0.432,0.432,0.432,278746,0.001434,13.88
2026-08-22 23:35,LTC,LTC,52.4585,1.334,0.667,0.667,0.858,105014,0.001451,14.4
2026-08-22 23:35,ADA,ADA,0.22694,0.881,1.322,1.763,1.763,114254,0.00125,15.14
2026-08-22 23:35,DOT,DOT,0.91646,3.055,1.528,2.291,3.383,21037,0.00125,15.56
2026-08-22 23:35,UNI,UNI,4.30725,0.697,0.348,0.348,0.58,38731,0.009649,36.71
2026-08-22 23:35,AAVE,AAVE,126.81,3.154,1.577,2.366,2.366,87478,0.00917,37.83
2026-08-22 23:35,ARB,ARB,0.09752,2.051,1.025,1.025,1.025,95240,0.00125,14.55
2026-08-22 23:35,POL,POL,0.10513,3.805,1.902,2.854,2.854,25974,0.00125,16.3
2026-08-22 23:35,RENDER,RENDER,1.4561,2.747,1.374,2.06,3.434,34223,0.002157,17.79
2026-08-22 23:35,DOGE,DOGE,0.0930185,0.108,0.269,1.129,3.064,68253,0.004211,21.33
2026-08-22 23:35,SHIB,kSHIB,0.0054765000000000005,1.826,2.739,4.565,6.391,218942,0.00125,17.98
2026-08-22 23:35,PEPE,kPEPE,0.004079,4.903,2.452,2.452,2.452,467059,0.004893,27.6
2026-08-22 23:35,WIF,WIF,0.196285,2.547,2.293,2.293,7.897,22530,0.00125,17.09
2026-08-22 23:35,BONK,kBONK,0.003256,6.143,3.071,3.071,3.071,190761,0.006087,32.19
2026-08-22 23:35,TRUMP,TRUMP,2.40125,0.416,0.208,1.458,2.707,84988,0.00668,28.12
2026-08-22 23:40,BTC,BTC,77033.5,0.13,0.065,0.065,0.065,5696823,0.002948,17.39
2026-08-22 23:40,ETH,ETH,2410.45,0.415,0.207,0.207,0.207,9458480,0.00125,12.91
2026-08-22 23:40,SOL,SOL,93.2065,0.107,0.054,0.054,0.054,97777,0.00125,12.61
2026-08-22 23:40,XRP,XRP,1.4547500000000002,0.687,0.344,0.344,0.344,1346130,0.007268,30.04
2026-08-22 23:40,AVAX,AVAX,7.4719,0.803,0.402,0.535,0.535,48839,0.0021,15.68
2026-08-22 23:40,LINK,LINK,11.529499999999999,0.867,0.434,0.434,0.434,263258,0.00125,13.37
2026-08-22 23:40,LTC,LTC,52.262,0.765,0.383,0.383,2.296,65082,0.00125,13.27
2026-08-22 23:40,ADA,ADA,0.225005,0.444,1.111,1.556,3.333,137931,0.00125,14.72
2026-08-22 23:40,DOT,DOT,0.910955,1.866,0.933,2.141,2.47,11081,0.00125,14.37
2026-08-22 23:40,UNI,UNI,4.2593499999999995,0.235,0.117,0.117,0.352,28173,0.009164,34.89
2026-08-22 23:40,AAVE,AAVE,125.61,3.184,2.388,2.388,2.388,89972,0.00872,38.19
2026-08-22 23:40,ARB,ARB,0.09726,2.056,1.028,1.028,3.085,63577,0.00125,14.56
2026-08-22 23:40,POL,POL,0.104645,2.867,2.389,2.389,2.389,27149,0.00125,17.28
2026-08-22 23:40,RENDER,RENDER,1.44455,3.461,3.115,5.884,6.576,27824,0.001622,19.77
2026-08-22 23:40,DOGE,DOGE,0.09259300000000001,1.728,0.864,0.864,0.864,88921,0.003903,21.66
2026-08-22 23:40,SHIB,kSHIB,0.005438500000000001,1.839,4.597,4.597,4.597,190554,0.00125,21.69
2026-08-22 23:40,PEPE,kPEPE,0.00407,4.914,2.457,2.457,2.457,482039,0.004417,26.28
2026-08-22 23:40,WIF,WIF,0.19485,3.079,2.053,3.079,3.079,39842,0.00125,16.61
2026-08-22 23:40,BONK,kBONK,0.003223,6.205,3.103,3.103,3.103,161638,0.006107,32.31
2026-08-22 23:40,TRUMP,TRUMP,2.2704,10.571,5.285,5.285,5.285,98310,0.005453,34.84
2026-08-22 23:45,BTC,BTC,77055.5,0.13,0.065,0.065,0.065,2095668,0.002848,17.1
2026-08-22 23:45,ETH,ETH,2414.8500000000004,0.414,0.207,0.207,0.207,6251789,0.00125,12.91
2026-08-22 23:45,SOL,SOL,93.38550000000001,0.107,0.054,0.054,0.054,478373,0.00125,12.61
2026-08-22 23:45,XRP,XRP,1.46745,0.681,1.704,1.704,1.704,988348,0.006751,31.31
2026-08-22 23:45,AVAX,AVAX,7.489800000000001,1.335,0.668,0.668,1.602,43360,0.001791,15.35
2026-08-22 23:45,LINK,LINK,11.555499999999999,0.865,0.433,0.433,0.433,229971,0.00125,13.37
2026-08-22 23:45,LTC,LTC,52.308499999999995,0.191,0.287,0.86,1.434,28859,0.00125,13.07
2026-08-22 23:45,ADA,ADA,0.225585,0.443,0.222,1.552,1.552,189855,0.00125,12.94
2026-08-22 23:45,DOT,DOT,0.913095,2.3,1.917,2.683,2.902,18797,0.00125,16.33
2026-08-22 23:45,UNI,UNI,4.29375,2.096,1.048,3.61,3.843,28859,0.009038,36.4
2026-08-22 23:45,AAVE,AAVE,126.545,0.79,0.395,0.395,0.395,141740,0.008883,34.66
2026-08-22 23:45,ARB,ARB,0.097535,3.076,1.538,1.538,1.538,122639,0.00125,15.58
2026-08-22 23:45,POL,POL,0.10486000000000001,3.815,1.907,5.722,5.722,26823,0.00125,16.31
2026-08-22 23:45,RENDER,RENDER,1.4487,4.142,6.212,6.212,11.735,13374,0.00146,25.51
2026-08-22 23:45,DOGE,DOGE,0.0927295,0.108,0.054,0.054,0.054,161089,0.003822,19.81
2026-08-22 23:45,SHIB,kSHIB,0.0054529999999999995,3.668,3.668,3.668,5.502,200361,0.00125,19.84
2026-08-22 23:45,PEPE,kPEPE,0.004076,4.907,2.453,2.453,2.453,497326,0.004113,25.42
2026-08-22 23:45,WIF,WIF,0.195285,0.512,0.256,0.768,4.865,19542,0.00125,13.01
2026-08-22 23:45,BONK,kBONK,0.0032345,3.092,4.638,4.638,7.729,160100,0.006483,36.43
2026-08-22 23:45,TRUMP,TRUMP,2.26325,3.977,11.709,11.709,12.593,285808,0.004849,45.99
2026-08-22 23:50,BTC,BTC,77019.5,0.13,0.065,0.065,0.065,2484002,0.002752,16.84
2026-08-22 23:50,ETH,ETH,2412.8500000000004,0.414,0.207,1.451,1.451,5713828,0.00125,12.91
2026-08-22 23:50,SOL,SOL,93.1125,0.107,0.591,0.591,0.591,473706,0.00125,13.68
2026-08-22 23:50,XRP,XRP,1.4625499999999998,0.684,0.342,0.342,0.342,1259914,0.006525,27.95
2026-08-22 23:50,AVAX,AVAX,7.46795,0.134,0.067,0.067,0.067,57595,0.001422,13.12
2026-08-22 23:50,LINK,LINK,11.535499999999999,0.867,0.433,0.433,0.433,479770,0.00125,13.37
2026-08-22 23:50,LTC,LTC,52.1065,0.192,1.056,1.247,2.015,51568,0.00125,14.61
2026-08-22 23:50,ADA,ADA,0.224715,0.445,0.668,1.113,1.113,126271,0.00125,13.84
2026-08-22 23:50,DOT,DOT,0.9112750000000001,1.866,0.933,2.03,2.579,46650,0.00125,14.37
2026-08-22 23:50,UNI,UNI,4.277200000000001,1.403,0.701,0.701,0.701,46119,0.008739,34.87
2026-08-22 23:50,AAVE,AAVE,125.685,2.387,1.193,1.989,2.785,124902,0.008614,35.51
2026-08-22 23:50,ARB,ARB,0.097135,1.029,0.515,0.515,0.515,124976,0.00125,13.53
2026-08-22 23:50,POL,POL,0.10489,1.907,2.86,2.86,4.767,22333,0.00125,18.22
2026-08-22 23:50,RENDER,RENDER,1.44115,3.469,8.674,8.674,11.449,28216,0.00125,29.85
2026-08-22 23:50,DOGE,DOGE,0.0920835,0.109,0.054,0.054,0.054,178958,0.003632,19.28
2026-08-22 23:50,SHIB,kSHIB,0.005432,3.682,3.682,3.682,5.523,203089,0.00125,19.86
2026-08-22 23:50,PEPE,kPEPE,0.0040325,2.48,3.72,3.72,3.72,402373,0.003665,26.7
2026-08-22 23:50,WIF,WIF,0.19314,2.071,1.036,2.071,5.178,35372,0.00125,14.57
2026-08-22 23:50,BONK,kBONK,0.0032105,3.115,1.557,1.557,1.557,178264,0.006673,30.8
2026-08-22 23:50,TRUMP,TRUMP,2.2763,1.757,0.879,2.197,2.197,120951,0.004112,22.27
2026-08-22 23:55,BTC,BTC,76983.5,0.13,0.065,0.065,0.065,6058627,0.002652,16.56
2026-08-22 23:55,ETH,ETH,2407.95,0.415,0.208,0.208,0.208,7853918,0.00125,12.92
2026-08-22 23:55,SOL,SOL,92.9425,0.108,0.054,0.054,0.054,571313,0.00125,12.61
2026-08-22 23:55,XRP,XRP,1.45995,0.685,1.027,1.027,1.027,1087921,0.006307,28.72
2026-08-22 23:55,AVAX,AVAX,7.46455,0.134,0.067,0.067,0.067,45610,0.00125,12.63
2026-08-22 23:55,LINK,LINK,11.526499999999999,0.868,0.434,0.434,0.434,202697,0.00125,13.37
2026-08-22 23:55,LTC,LTC,52.053,0.768,0.384,0.576,0.576,60337,0.00125,13.27
2026-08-22 23:55,ADA,ADA,0.224305,0.446,0.223,0.223,0.223,131808,0.00125,12.95
2026-08-22 23:55,DOT,DOT,0.909035,0.11,0.055,0.165,0.165,21358,0.00125,12.61
2026-08-22 23:55,UNI,UNI,4.2752,0.468,0.234,0.234,0.234,26817,0.008444,33.11
2026-08-22 23:55,AAVE,AAVE,126.095,0.793,0.397,0.397,0.397,137864,0.008557,33.75
2026-08-22 23:55,ARB,ARB,0.09695000000000001,2.063,1.031,1.031,2.063,55553,0.00125,14.56
2026-08-22 23:55,POL,POL,0.105155,2.853,2.377,4.279,7.132,24444,0.00125,17.25
2026-08-22 23:55,RENDER,RENDER,1.4421499999999998,2.08,1.734,1.734,1.734,28627,0.00125,15.97
2026-08-22 23:55,DOGE,DOGE,0.0919625,0.109,0.054,0.054,0.054,197440,0.00352,18.97
2026-08-22 23:55,SHIB,kSHIB,0.005402499999999999,1.851,2.776,4.627,6.478,138986,0.00125,18.05
2026-08-22 23:55,PEPE,kPEPE,0.0040184999999999995,2.488,1.244,1.244,1.244,473605,0.00324,20.56
2026-08-22 23:55,WIF,WIF,0.19272,4.151,2.594,8.821,8.821,40848,0.00125,17.69
2026-08-22 23:55,BONK,kBONK,0.0031995,3.125,1.563,4.688,4.688,161056,0.006632,30.69
2026-08-22 23:55,TRUMP,TRUMP,2.2792000000000003,0.878,0.439,1.755,3.071,145236,0.003411,19.43
2026-08-23 00:00,BTC,BTC,76945.5,0.13,0.065,0.065,0.065,6161352,0.00201,14.76
2026-08-23 00:00,ETH,ETH,2411.05,0.415,0.207,0.207,0.207,8761827,0.00125,12.91
2026-08-23 00:00,SOL,SOL,93.0435,0.107,0.054,0.054,0.054,455588,0.00125,12.61
2026-08-23 00:00,XRP,XRP,1.45975,0.685,0.343,0.343,0.343,587461,0.003801,20.33
2026-08-23 00:00,AVAX,AVAX,7.47265,2.007,1.004,1.004,1.004,58558,0.00125,14.51
2026-08-23 00:00,LINK,LINK,11.5465,7.795,3.897,3.897,3.897,268771,0.001529,21.08
2026-08-23 00:00,LTC,LTC,52.1415,0.959,0.479,1.822,2.397,29210,0.001749,14.86
2026-08-23 00:00,ADA,ADA,0.22423500000000002,0.446,0.223,0.223,0.223,158448,0.004657,22.49
2026-08-23 00:00,DOT,DOT,0.909975,4.725,2.363,2.802,7.857,10792,0.00125,17.23
2026-08-23 00:00,UNI,UNI,4.3014,6.51,3.255,3.487,4.882,51345,0.00507,29.7
2026-08-23 00:00,AAVE,AAVE,126.235,2.377,1.188,2.773,2.773,82751,0.009008,36.6
2026-08-23 00:00,ARB,ARB,0.09714,4.118,2.059,3.088,5.147,42666,0.00125,16.62
2026-08-23 00:00,POL,POL,0.10556499999999999,2.842,3.315,3.315,5.21,27965,0.00125,19.13
2026-08-23 00:00,RENDER,RENDER,1.44165,3.468,1.734,1.734,1.734,26649,0.00125,15.97
2026-08-23 00:00,DOGE,DOGE,0.0919925,0.978,3.098,3.098,3.207,112850,0.00125,18.7
2026-08-23 00:00,SHIB,kSHIB,0.0054234999999999995,1.844,2.766,2.766,4.61,128395,0.001526,18.8
2026-08-23 00:00,PEPE,kPEPE,0.0040265000000000006,2.484,1.242,1.242,1.242,460501,0.00125,14.98
2026-08-23 00:00,WIF,WIF,0.19318000000000002,2.071,5.694,6.729,7.765,28282,0.00125,23.89
2026-08-23 00:00,BONK,kBONK,0.003201,6.248,3.124,3.124,3.124,196993,0.004013,26.49
2026-08-23 00:00,TRUMP,TRUMP,2.28845,3.933,1.966,2.403,3.277,134548,0.00125,16.43
2026-08-23 00:05,BTC,BTC,77119.5,0.13,0.065,0.065,0.065,4602374,0.001993,14.71
2026-08-23 00:05,ETH,ETH,2415.55,0.414,0.207,0.207,0.207,5217070,0.00125,12.91
2026-08-23 00:05,SOL,SOL,93.2495,1.18,0.59,0.59,0.697,535094,0.00125,13.68
2026-08-23 00:05,XRP,XRP,1.46225,0.684,0.342,0.342,0.342,768275,0.003287,18.89
2026-08-23 00:05,AVAX,AVAX,7.47675,3.611,1.806,1.806,1.806,43544,0.00125,16.11
2026-08-23 00:05,LINK,LINK,11.555499999999999,0.865,2.163,2.163,2.163,387661,0.00125,16.83
2026-08-23 00:05,LTC,LTC,52.177499999999995,0.192,0.096,0.096,1.437,90270,0.00125,12.69
2026-08-23 00:05,ADA,ADA,0.225155,0.444,0.222,0.222,0.222,115814,0.00125,12.94
2026-08-23 00:05,DOT,DOT,0.911255,1.427,0.713,1.043,2.908,16496,0.00125,13.93
2026-08-23 00:05,UNI,UNI,4.29435,0.233,0.116,0.815,0.815,29416,0.003358,18.64
2026-08-23 00:05,AAVE,AAVE,126.845,2.365,1.183,1.971,2.759,117030,0.007935,33.58
2026-08-23 00:05,ARB,ARB,0.09722,2.057,2.057,3.086,3.086,83466,0.00125,16.61
2026-08-23 00:05,POL,POL,0.105535,2.843,1.421,2.369,5.212,27157,0.00125,15.34
2026-08-23 00:05,RENDER,RENDER,1.44495,2.076,2.422,2.422,2.422,33036,0.00125,17.34
2026-08-23 00:05,DOGE,DOGE,0.0920735,0.109,0.054,0.054,0.054,145462,0.00125,12.61
2026-08-23 00:05,SHIB,kSHIB,0.0054210000000000005,3.689,1.845,1.845,1.845,198875,0.00125,16.19
2026-08-23 00:05,PEPE,kPEPE,0.0040395,2.476,3.713,6.189,6.189,418523,0.00125,19.93
2026-08-23 00:05,WIF,WIF,0.19391999999999998,4.125,2.063,3.094,4.641,40823,0.00125,16.63
2026-08-23 00:05,BONK,kBONK,0.0032085,3.117,1.558,4.675,7.792,170251,0.004762,25.45
2026-08-23 00:05,TRUMP,TRUMP,2.2792,5.265,2.633,3.071,3.071,128198,0.00125,17.77
2026-08-23 00:10,BTC,BTC,77144.5,0.13,0.065,0.065,0.065,1768680,0.002333,15.66
2026-08-23 00:10,ETH,ETH,2418.55,0.413,0.207,0.207,0.207,8887445,0.00125,12.91
2026-08-23 00:10,SOL,SOL,93.5815,0.107,0.053,0.053,0.053,332463,0.001262,12.64
2026-08-23 00:10,XRP,XRP,1.46645,0.682,0.341,0.341,0.341,1235797,0.003523,19.55
2026-08-23 00:10,AVAX,AVAX,7.4928,3.737,1.868,1.868,1.868,38478,0.00125,16.24
2026-08-23 00:10,LINK,LINK,11.5745,0.864,0.432,0.432,0.432,271607,0.00125,13.36
2026-08-23 00:10,LTC,LTC,52.408,1.908,0.954,1.145,1.908,26915,0.00125,14.41
2026-08-23 00:10,ADA,ADA,0.226165,1.326,0.663,1.548,1.99,109512,0.00125,13.83
2026-08-23 00:10,DOT,DOT,0.9151450000000001,1.639,0.82,1.147,1.147,22376,0.00125,14.14
2026-08-23 00:10,UNI,UNI,4.325699999999999,0.925,0.462,0.694,0.694,32445,0.003868,20.75
2026-08-23 00:10,AAVE,AAVE,126.675,2.368,1.184,1.184,1.184,187978,0.007249,31.67
2026-08-23 00:10,ARB,ARB,0.097495,3.077,1.539,2.564,4.616,51671,0.00125,15.58
2026-08-23 00:10,POL,POL,0.10556499999999999,2.842,1.421,3.315,3.315,31446,0.00125,15.34
2026-08-23 00:10,RENDER,RENDER,1.4471500000000002,2.073,5.183,6.565,7.256,18713,0.00125,22.87
2026-08-23 00:10,DOGE,DOGE,0.0922975,0.108,0.054,2.546,2.546,125261,0.001959,14.59
2026-08-23 00:10,SHIB,kSHIB,0.005447499999999999,1.836,2.754,6.425,6.425,198240,0.00125,18.01
2026-08-23 00:10,PEPE,kPEPE,0.004098,4.88,2.44,2.44,2.44,488062,0.00125,17.38
2026-08-23 00:10,WIF,WIF,0.19463999999999998,1.028,5.651,5.651,5.651,55083,0.00125,23.8
2026-08-23 00:10,BONK,kBONK,0.0032385,3.088,1.544,1.544,1.544,191627,0.005487,27.45
2026-08-23 00:10,TRUMP,TRUMP,2.2725999999999997,0.88,0.44,0.88,1.76,90603,0.00125,13.38
2026-08-23 00:15,BTC,BTC,77156.5,0.13,0.065,0.065,0.065,9016010,0.002492,16.11
2026-08-23 00:15,ETH,ETH,2419.8500000000004,0.413,0.207,0.207,0.207,6235989,0.00125,12.91
2026-08-23 00:15,SOL,SOL,93.6315,0.107,0.053,0.053,0.053,427001,0.001258,12.63
2026-08-23 00:15,XRP,XRP,1.4717500000000001,0.679,0.34,0.34,0.34,1353560,0.004097,21.15
2026-08-23 00:15,AVAX,AVAX,7.50595,0.133,0.067,0.067,0.2,70085,0.00125,12.63
2026-08-23 00:15,LINK,LINK,11.579,1.727,0.864,0.864,0.864,283607,0.00125,14.23
2026-08-23 00:15,LTC,LTC,52.4865,1.715,0.857,1.048,1.048,70616,0.001498,14.91
2026-08-23 00:15,ADA,ADA,0.22653,2.649,1.324,1.324,1.766,141226,0.00125,15.15
2026-08-23 00:15,DOT,DOT,0.916555,0.109,0.055,0.055,0.055,20034,0.00125,12.61
2026-08-23 00:15,UNI,UNI,4.33685,2.536,1.268,1.268,1.499,24376,0.003965,22.64
2026-08-23 00:15,AAVE,AAVE,126.66499999999999,0.789,0.395,1.974,2.763,163285,0.007019,29.44
2026-08-23 00:15,ARB,ARB,0.097745,3.069,1.535,1.535,3.581,58771,0.00125,15.57
2026-08-23 00:15,POL,POL,0.10556,1.895,1.895,1.895,3.789,25631,0.00125,16.29
2026-08-23 00:15,RENDER,RENDER,1.45075,2.068,7.238,7.238,8.616,12979,0.00125,26.98
2026-08-23 00:15,DOGE,DOGE,0.0924185,0.108,0.054,0.054,0.054,104973,0.002404,15.84
2026-08-23 00:15,SHIB,kSHIB,0.0054595,1.832,2.748,2.748,4.579,184598,0.00125,18.0
2026-08-23 00:15,PEPE,kPEPE,0.0041125,2.432,1.216,1.216,1.216,428872,0.00125,14.93
2026-08-23 00:15,WIF,WIF,0.19537500000000002,3.583,2.815,5.374,6.398,17835,0.00125,18.13
2026-08-23 00:15,BONK,kBONK,0.0032485,3.078,1.539,4.618,4.618,155871,0.00542,27.25
2026-08-23 00:15,TRUMP,TRUMP,2.28625,0.437,0.219,0.656,2.406,63650,0.00125,12.94
2026-08-23 00:20,BTC,BTC,77193.5,0.13,0.065,0.065,0.065,6336401,0.002812,17.0
2026-08-23 00:20,ETH,ETH,2422.25,0.413,0.206,0.206,0.206,6401483,0.00125,12.91
2026-08-23 00:20,SOL,SOL,93.7635,0.107,1.866,1.866,1.866,212367,0.001266,16.28
2026-08-23 00:20,XRP,XRP,1.47075,2.04,1.02,1.02,1.02,1029105,0.004269,22.99
2026-08-23 00:20,AVAX,AVAX,7.5100999999999996,0.799,0.399,0.533,0.533,69869,0.00125,13.3
2026-08-23 00:20,LINK,LINK,11.586500000000001,0.863,2.158,2.158,2.158,282952,0.00125,16.82
2026-08-23 00:20,LTC,LTC,52.6035,0.19,0.095,0.475,0.665,32786,0.00156,13.56
2026-08-23 00:20,ADA,ADA,0.226655,2.206,1.103,2.427,2.427,99801,0.00125,14.71
2026-08-23 00:20,DOT,DOT,0.917375,1.635,0.818,1.581,1.799,20687,0.00125,14.14
2026-08-23 00:20,UNI,UNI,4.333399999999999,0.923,0.462,0.462,0.462,27027,0.004072,21.32
2026-08-23 00:20,AAVE,AAVE,126.785,2.366,1.183,2.761,3.549,122148,0.00711,31.27
2026-08-23 00:20,ARB,ARB,0.098075,3.059,1.529,2.549,2.549,53182,0.00125,15.56
2026-08-23 00:20,POL,POL,0.104865,2.861,1.43,1.43,1.43,33100,0.00125,15.36
2026-08-23 00:20,RENDER,RENDER,1.4527999999999999,2.753,1.377,2.065,2.065,26787,0.00125,15.25
2026-08-23 00:20,DOGE,DOGE,0.0923325,0.108,0.054,0.054,0.054,106032,0.002495,16.09
2026-08-23 00:20,SHIB,kSHIB,0.0054725,1.827,0.914,4.568,6.396,192564,0.00125,14.33
2026-08-23 00:20,PEPE,kPEPE,0.004118500000000001,2.428,3.642,3.642,3.642,430336,0.00125,19.78
2026-08-23 00:20,WIF,WIF,0.195755,4.598,3.831,3.831,4.342,39904,0.00125,20.16
2026-08-23 00:20,BONK,kBONK,0.003254,6.146,3.073,3.073,3.073,181981,0.005269,29.9
2026-08-23 00:20,TRUMP,TRUMP,2.2935499999999998,3.924,4.578,4.578,4.578,81642,0.00125,21.66
2026-08-23 00:25,BTC,BTC,77194.5,0.13,0.583,0.583,0.583,4274849,0.002818,18.06
2026-08-23 00:25,ETH,ETH,2424.25,0.412,0.206,0.206,0.206,4338144,0.00125,12.91
2026-08-23 00:25,SOL,SOL,93.95750000000001,0.319,0.16,0.16,0.16,248599,0.00125,12.82
2026-08-23 00:25,XRP,XRP,1.4711500000000002,0.68,0.34,0.34,0.34,609959,0.00431,21.75
2026-08-23 00:25,AVAX,AVAX,7.5103,2.13,1.864,2.663,2.796,49836,0.00125,16.23
2026-08-23 00:25,LINK,LINK,11.594999999999999,1.725,0.862,1.725,1.725,457411,0.001737,15.59
2026-08-23 00:25,LTC,LTC,52.6,1.141,0.57,0.57,1.141,39208,0.001735,15.0
2026-08-23 00:25,ADA,ADA,0.226605,0.441,1.986,1.986,3.31,114117,0.00125,16.47
2026-08-23 00:25,DOT,DOT,0.91821,1.525,0.762,2.178,3.594,14059,0.00125,14.02
2026-08-23 00:25,UNI,UNI,4.33865,3.457,1.729,2.42,2.42,50666,0.004398,24.77
2026-08-23 00:25,AAVE,AAVE,126.525,0.79,0.395,5.137,5.928,259076,0.007243,30.07
2026-08-23 00:25,ARB,ARB,0.09842999999999999,2.032,2.032,2.032,3.048,83247,0.00125,16.56
2026-08-23 00:25,POL,POL,0.10508,1.903,0.952,0.952,0.952,36210,0.00125,14.4
2026-08-23 00:25,RENDER,RENDER,1.4556499999999999,4.809,2.404,3.091,3.091,33645,0.00125,17.31
2026-08-23 00:25,DOGE,DOGE,0.0924735,0.108,0.811,0.811,0.811,95159,0.00269,18.15
2026-08-23 00:25,SHIB,kSHIB,0.005476,3.652,1.826,3.652,3.652,323008,0.00125,16.15
2026-08-23 00:25,PEPE,kPEPE,0.004111500000000001,2.432,1.216,3.648,3.648,442938,0.00125,14.93
2026-08-23 00:25,WIF,WIF,0.19594499999999998,3.572,2.807,6.89,6.89,21831,0.00125,18.11
2026-08-23 00:25,BONK,kBONK,0.0032665,3.061,1.531,4.592,7.653,185881,0.00541,27.21
2026-08-23 00:25,TRUMP,TRUMP,2.318,3.451,1.726,3.451,3.451,95067,0.00125,15.95
2026-08-23 00:30,BTC,BTC,77123.5,0.13,0.065,0.065,0.065,2427861,0.002846,17.1
2026-08-23 00:30,ETH,ETH,2423.8500000000004,0.413,0.206,0.206,0.206,5108835,0.00125,12.91
2026-08-23 00:30,SOL,SOL,93.9865,0.106,0.053,0.053,0.053,246539,0.00125,12.61
2026-08-23 00:30,XRP,XRP,1.47315,0.679,0.339,0.339,0.339,1145611,0.004547,22.41
2026-08-23 00:30,AVAX,AVAX,7.5200499999999995,1.197,0.598,0.598,1.13,68657,0.00125,13.7
2026-08-23 00:30,LINK,LINK,11.6115,0.861,0.431,0.431,0.431,234328,0.002417,16.63
2026-08-23 00:30,LTC,LTC,52.694,0.759,0.38,0.569,0.949,94040,0.001823,14.86
2026-08-23 00:30,ADA,ADA,0.227115,0.44,1.101,1.101,1.981,138310,0.00125,14.7
2026-08-23 00:30,DOT,DOT,0.91996,1.957,0.978,1.087,1.087,19741,0.00125,14.46
2026-08-23 00:30,UNI,UNI,4.3556,1.378,0.689,0.918,1.837,21473,0.004683,23.49
2026-08-23 00:30,AAVE,AAVE,126.695,0.789,0.395,0.395,1.184,104275,0.007365,30.41
2026-08-23 00:30,ARB,ARB,0.09881999999999999,2.024,1.012,1.012,1.012,77056,0.00125,14.52
2026-08-23 00:30,POL,POL,0.105675,2.839,1.419,2.366,3.312,24936,0.00125,15.34
2026-08-23 00:30,RENDER,RENDER,1.4566,4.119,6.179,6.179,9.611,16026,0.00125,24.86
2026-08-23 00:30,DOGE,DOGE,0.0923495,6.389,3.194,3.303,3.411,99000,0.002838,23.34
2026-08-23 00:30,SHIB,kSHIB,0.0054730000000000004,3.654,3.654,3.654,3.654,193751,0.00125,19.81
2026-08-23 00:30,PEPE,kPEPE,0.004122499999999999,2.426,1.213,1.213,1.213,475769,0.00125,14.93
2026-08-23 00:30,WIF,WIF,0.196025,0.51,0.255,0.765,1.275,25946,0.00125,13.01
2026-08-23 00:30,BONK,kBONK,0.0032760000000000003,6.105,3.053,3.053,3.053,167929,0.005388,30.19
2026-08-23 00:30,TRUMP,TRUMP,2.3217999999999996,0.861,0.431,2.154,2.154,59680,0.00125,13.36
2026-08-23 00:35,BTC,BTC,77035.5,0.13,0.065,0.065,0.065,1387027,0.002922,17.31
2026-08-23 00:35,ETH,ETH,2415.05,0.414,0.207,0.207,0.207,4698839,0.00125,12.91
2026-08-23 00:35,SOL,SOL,93.92150000000001,0.106,0.053,0.053,0.053,75238,0.001264,12.65
2026-08-23 00:35,XRP,XRP,1.4728500000000002,0.679,1.697,1.697,1.697,676591,0.004609,25.3
2026-08-23 00:35,AVAX,AVAX,7.52425,0.665,0.332,0.465,0.465,35456,0.00125,13.16
2026-08-23 00:35,LINK,LINK,11.589500000000001,0.863,0.431,0.431,0.431,427939,0.002946,18.11
2026-08-23 00:35,LTC,LTC,52.675,0.759,0.38,0.57,0.57,95049,0.001886,15.04
2026-08-23 00:35,ADA,ADA,0.22717500000000002,0.44,0.22,1.1,1.541,94982,0.00125,12.94
2026-08-23 00:35,DOT,DOT,0.92088,1.52,1.303,1.303,1.303,18348,0.00125,15.11
2026-08-23 00:35,UNI,UNI,4.3381,0.461,0.231,0.231,0.231,31547,0.004851,23.04
2026-08-23 00:35,AAVE,AAVE,126.065,2.38,1.983,1.983,1.983,109691,0.007023,32.63
2026-08-23 00:35,ARB,ARB,0.09897,2.021,4.042,4.042,5.052,84263,0.00125,20.58
2026-08-23 00:35,POL,POL,0.105725,2.838,1.419,5.202,7.094,25208,0.00125,15.34
2026-08-23 00:35,RENDER,RENDER,1.45675,2.059,4.462,5.148,5.835,27571,0.00125,21.42
2026-08-23 00:35,DOGE,DOGE,0.0923515,2.49,1.245,1.245,1.245,120595,0.003157,20.33
2026-08-23 00:35,SHIB,kSHIB,0.005476,3.652,3.652,3.652,5.478,185341,0.00125,19.8
2026-08-23 00:35,PEPE,kPEPE,0.0041095,2.433,1.217,1.217,1.217,495255,0.00125,14.93
2026-08-23 00:35,WIF,WIF,0.19622,5.096,2.548,3.058,6.625,43827,0.00125,17.6
2026-08-23 00:35,BONK,kBONK,0.003287,6.085,3.042,6.085,6.085,159638,0.005434,30.3
2026-08-23 00:35,TRUMP,TRUMP,2.32555,3.01,1.505,1.505,3.225,79638,0.00125,15.51
2026-08-23 00:40,BTC,BTC,77034.5,0.13,0.065,0.065,0.065,2113914,0.002821,17.03
2026-08-23 00:40,ETH,ETH,2414.8500000000004,0.414,0.207,0.207,0.207,5401147,0.00125,12.91
2026-08-23 00:40,SOL,SOL,93.8715,0.107,0.053,0.053,0.053,227068,0.001288,12.71
2026-08-23 00:40,XRP,XRP,1.4713500000000002,0.68,0.34,0.34,0.34,785044,0.004599,22.56
2026-08-23 00:40,AVAX,AVAX,7.5181000000000004,1.064,0.532,0.665,0.665,51398,0.00125,13.56
2026-08-23 00:40,LINK,LINK,11.6025,0.862,0.431,0.431,0.431,427549,0.003394,19.36
2026-08-23 00:40,LTC,LTC,52.564499999999995,0.951,0.476,0.666,0.666,103960,0.001926,15.34
2026-08-23 00:40,ADA,ADA,0.226905,0.441,0.661,0.661,0.661,71271,0.00125,13.82
2026-08-23 00:40,DOT,DOT,0.920255,3.369,1.684,1.793,2.119,21684,0.00125,15.87
2026-08-23 00:40,UNI,UNI,4.325150000000001,1.156,0.578,0.578,0.809,47551,0.005194,24.7
2026-08-23 00:40,AAVE,AAVE,125.795,2.385,1.192,1.192,1.987,186978,0.007006,31.0
2026-08-23 00:40,ARB,ARB,0.09909,2.018,2.018,3.028,4.037,81206,0.00125,16.54
2026-08-23 00:40,POL,POL,0.105505,2.843,2.37,5.213,6.161,25466,0.00125,17.24
2026-08-23 00:40,RENDER,RENDER,1.4581499999999998,3.429,8.573,9.258,9.258,26494,0.00125,29.65
2026-08-23 00:40,DOGE,DOGE,0.0923185,0.325,0.162,0.271,0.379,75483,0.00339,18.82
2026-08-23 00:40,SHIB,kSHIB,0.005465,3.66,1.83,5.489,5.489,193163,0.00125,16.16
2026-08-23 00:40,PEPE,kPEPE,0.004098,4.88,2.44,2.44,2.44,476155,0.00125,17.38
2026-08-23 00:40,WIF,WIF,0.19624000000000003,7.134,3.567,4.586,6.115,46430,0.00125,19.63
2026-08-23 00:40,BONK,kBONK,0.003279,6.099,3.05,3.05,3.05,178205,0.005176,29.59
2026-08-23 00:40,TRUMP,TRUMP,2.33535,0.428,5.781,5.781,5.781,128286,0.00125,24.06
2026-08-23 00:45,BTC,BTC,77110.5,0.13,0.065,0.065,0.065,1231870,0.002734,16.78
2026-08-23 00:45,ETH,ETH,2415.95,0.414,0.207,0.207,0.207,4965366,0.00125,12.91
2026-08-23 00:45,SOL,SOL,93.8135,0.533,0.266,0.266,0.266,411408,0.00125,13.03
2026-08-23 00:45,XRP,XRP,1.4692500000000002,0.681,0.34,0.34,0.34,761434,0.004396,21.99
2026-08-23 00:45,AVAX,AVAX,7.5195,2.926,1.463,1.463,1.596,36754,0.00125,15.43
2026-08-23 00:45,LINK,LINK,11.608,1.723,0.861,1.723,1.723,251888,0.003907,21.66
2026-08-23 00:45,LTC,LTC,52.603,1.141,0.57,0.57,0.76,46585,0.002021,15.8
2026-08-23 00:45,ADA,ADA,0.227025,0.44,0.22,0.22,0.22,109635,0.00125,12.94
2026-08-23 00:45,DOT,DOT,0.921375,1.628,2.008,2.876,2.985,21011,0.00125,16.52
2026-08-23 00:45,UNI,UNI,4.3159,2.317,1.159,1.39,1.622,25256,0.005423,26.5
2026-08-23 00:45,AAVE,AAVE,125.89,1.589,0.794,2.383,2.383,83705,0.006929,29.99
2026-08-23 00:45,ARB,ARB,0.09923,2.016,1.008,1.008,3.023,64389,0.00125,14.52
2026-08-23 00:45,POL,POL,0.105855,2.834,1.417,2.362,4.251,26578,0.00125,15.33
2026-08-23 00:45,RENDER,RENDER,1.4600499999999998,3.425,5.822,5.822,7.876,21895,0.00125,24.14
2026-08-23 00:45,DOGE,DOGE,0.09207099999999999,1.521,0.76,0.76,1.086,99489,0.003598,20.59
2026-08-23 00:45,SHIB,kSHIB,0.0054575000000000005,1.832,0.916,2.749,4.581,183820,0.00125,14.33
2026-08-23 00:45,PEPE,kPEPE,0.0041075,2.435,1.217,1.217,1.217,497454,0.00125,14.93
2026-08-23 00:45,WIF,WIF,0.196375,2.546,1.782,2.292,3.31,19610,0.00125,16.06
2026-08-23 00:45,BONK,kBONK,0.0032830000000000003,6.092,3.046,3.046,3.046,175728,0.00513,29.46
2026-08-23 00:45,TRUMP,TRUMP,2.3362999999999996,0.856,1.712,2.14,2.14,48692,0.00125,15.92
2026-08-23 00:50,BTC,BTC,77097.5,0.13,0.065,0.065,0.065,2244190,0.002642,16.53
2026-08-23 00:50,ETH,ETH,2414.05,0.414,0.207,0.207,0.207,3963996,0.00125,12.91
2026-08-23 00:50,SOL,SOL,93.7925,0.107,0.053,0.053,0.053,156612,0.00125,12.61
2026-08-23 00:50,XRP,XRP,1.47005,0.68,0.34,0.34,0.34,1153243,0.00431,21.75
2026-08-23 00:50,AVAX,AVAX,7.50805,0.932,0.466,0.466,0.599,45188,0.00125,13.43
2026-08-23 00:50,LINK,LINK,11.606,1.723,0.862,0.862,0.862,302291,0.004217,22.53
2026-08-23 00:50,LTC,LTC,52.6275,0.95,0.475,0.665,0.665,106343,0.002129,15.91
2026-08-23 00:50,ADA,ADA,0.22714499999999999,0.44,0.22,0.22,0.66,67631,0.00125,12.94
2026-08-23 00:50,DOT,DOT,0.920965,0.76,0.38,2.66,2.986,25172,0.00125,13.26
2026-08-23 00:50,UNI,UNI,4.31375,1.623,0.811,1.043,1.043,23680,0.005526,26.1
2026-08-23 00:50,AAVE,AAVE,125.88499999999999,0.794,0.397,1.192,1.192,48557,0.006879,29.06
2026-08-23 00:50,ARB,ARB,0.09935,2.013,1.007,2.013,2.013,40236,0.00125,14.51
2026-08-23 00:50,POL,POL,0.10554,5.685,3.79,5.685,6.633,23631,0.00125,20.08
2026-08-23 00:50,RENDER,RENDER,1.4612500000000002,2.053,1.711,1.711,1.711,26499,0.00125,15.92
2026-08-23 00:50,DOGE,DOGE,0.0922385,0.108,0.054,0.054,0.054,71865,0.003748,19.6
2026-08-23 00:50,SHIB,kSHIB,0.0054605,1.831,2.747,4.578,6.41,175045,0.00125,17.99
2026-08-23 00:50,PEPE,kPEPE,0.0040985,2.44,1.22,1.22,3.66,487166,0.00125,14.94
2026-08-23 00:50,WIF,WIF,0.19682,3.048,3.557,6.097,6.605,26883,0.00125,19.61
2026-08-23 00:50,BONK,kBONK,0.0032905,3.039,1.52,1.52,1.52,168072,0.005091,26.29
2026-08-23 00:50,TRUMP,TRUMP,2.3377,1.711,0.856,0.856,1.283,57426,0.00125,14.21
2026-08-23 00:55,BTC,BTC,77128.5,0.13,0.065,0.065,0.065,7306600,0.002632,16.5
2026-08-23 00:55,ETH,ETH,2415.1499999999996,0.414,0.207,0.207,0.207,4124643,0.00125,12.91
2026-08-23 00:55,SOL,SOL,93.87950000000001,0.107,0.053,0.053,0.053,463399,0.00125,12.61
2026-08-23 00:55,XRP,XRP,1.47105,0.68,0.34,0.34,0.34,905685,0.004236,21.54
2026-08-23 00:55,AVAX,AVAX,7.50395,0.933,0.466,0.6,0.6,46554,0.00125,13.43
2026-08-23 00:55,LINK,LINK,11.6005,0.862,0.431,0.431,0.431,259604,0.004482,22.41
2026-08-23 00:55,LTC,LTC,52.680499999999995,0.19,0.095,0.664,0.854,88234,0.002204,15.36
2026-08-23 00:55,ADA,ADA,0.227275,0.44,0.22,0.22,0.22,101106,0.00125,12.94
2026-08-23 00:55,DOT,DOT,0.920755,1.846,0.923,1.792,1.901,15998,0.00125,14.35
2026-08-23 00:55,UNI,UNI,4.31385,0.232,0.116,0.116,0.116,37405,0.005617,24.96
2026-08-23 00:55,AAVE,AAVE,126.13499999999999,0.793,0.396,0.396,1.982,61972,0.006887,29.08
2026-08-23 00:55,ARB,ARB,0.099525,1.005,3.517,5.526,5.526,49464,0.00125,19.53
2026-08-23 00:55,POL,POL,0.10550000000000001,3.791,2.844,2.844,3.791,29855,0.00125,18.19
2026-08-23 00:55,RENDER,RENDER,1.4616500000000001,2.052,1.026,7.184,7.868,14800,0.00125,14.55
2026-08-23 00:55,DOGE,DOGE,0.0922845,0.108,1.571,1.68,1.68,90287,0.003877,23.0
2026-08-23 00:55,SHIB,kSHIB,0.005461,3.662,1.831,1.831,3.662,183526,0.00125,16.16
2026-08-23 00:55,PEPE,kPEPE,0.0040955,2.442,1.221,1.221,1.221,520177,0.00125,14.94
2026-08-23 00:55,WIF,WIF,0.196865,2.54,1.778,2.286,2.794,14601,0.00125,16.06
2026-08-23 00:55,BONK,kBONK,0.0032975,3.033,1.516,1.516,1.516,157751,0.005051,26.17
2026-08-23 00:55,TRUMP,TRUMP,2.35305,0.425,0.212,0.212,0.212,45296,0.00125,12.92
2026-08-23 01:00,BTC,BTC,77038.5,0.13,0.065,0.065,0.065,5006164,0.002281,15.52
2026-08-23 01:00,ETH,ETH,2412.55,0.414,0.207,0.207,0.207,5709533,0.00125,12.91
2026-08-23 01:00,SOL,SOL,93.59049999999999,0.107,0.053,0.053,0.053,205016,0.00125,12.61
2026-08-23 01:00,XRP,XRP,1.46725,0.682,3.749,3.749,3.749,887220,0.001722,21.32
2026-08-23 01:00,AVAX,AVAX,7.4902,2.403,1.202,1.335,2.403,59156,0.00125,14.9
2026-08-23 01:00,LINK,LINK,11.583,1.727,0.863,0.863,0.863,402617,0.003876,21.58
2026-08-23 01:00,LTC,LTC,52.5595,2.093,1.046,1.807,1.998,37786,0.00125,14.59
2026-08-23 01:00,ADA,ADA,0.22668500000000003,1.323,0.662,1.103,1.103,80500,0.00125,13.82
2026-08-23 01:00,DOT,DOT,0.91889,1.741,0.871,1.415,1.524,21068,0.00125,14.24
2026-08-23 01:00,UNI,UNI,4.2831,3.736,1.868,1.868,1.868,45951,0.003349,22.11
2026-08-23 01:00,AAVE,AAVE,125.63499999999999,0.796,0.398,0.398,1.194,53607,0.004472,22.32
2026-08-23 01:00,ARB,ARB,0.09939,2.012,1.006,1.006,1.006,71338,0.00125,14.51
2026-08-23 01:00,POL,POL,0.10427,5.754,2.877,2.877,2.877,29347,0.00125,18.25
2026-08-23 01:00,RENDER,RENDER,1.4621499999999998,4.787,5.129,8.549,9.233,19407,0.00125,22.76
2026-08-23 01:00,DOGE,DOGE,0.0918605,0.109,0.054,0.054,0.054,151307,0.003239,18.18
2026-08-23 01:00,SHIB,kSHIB,0.005442499999999999,1.837,0.919,4.593,4.593,192796,0.00125,14.34
2026-08-23 01:00,PEPE,kPEPE,0.0040675,2.459,1.229,1.229,1.229,511860,0.00125,14.96
2026-08-23 01:00,WIF,WIF,0.195965,2.551,2.807,2.807,3.827,21054,0.00125,18.11
2026-08-23 01:00,BONK,kBONK,0.0032685,3.06,1.53,1.53,1.53,204083,0.00125,15.56
2026-08-23 01:00,TRUMP,TRUMP,2.3379000000000003,8.555,4.277,4.277,4.277,124589,0.00125,21.05
2026-08-23 01:05,BTC,BTC,77107.5,0.13,0.065,1.102,1.102,865668,0.002106,15.03
2026-08-23 01:05,ETH,ETH,2416.95,0.414,0.207,0.207,0.207,7630875,0.00125,12.91
2026-08-23 01:05,SOL,SOL,93.8195,0.107,0.053,0.053,0.053,162029,0.00125,12.61
2026-08-23 01:05,XRP,XRP,1.4688500000000002,0.681,0.34,0.34,0.34,1037249,0.002638,17.07
2026-08-23 01:05,AVAX,AVAX,7.494400000000001,1.334,0.667,0.667,0.667,67700,0.00125,13.83
2026-08-23 01:05,LINK,LINK,11.6105,0.861,3.015,3.876,3.876,420929,0.006044,31.95
2026-08-23 01:05,LTC,LTC,52.7275,0.948,0.474,0.474,0.474,101259,0.002133,15.92
2026-08-23 01:05,ADA,ADA,0.227195,0.44,1.981,1.981,1.981,90150,0.00125,16.46
2026-08-23 01:05,DOT,DOT,0.91971,2.175,1.087,2.392,2.718,19337,0.00125,14.67
2026-08-23 01:05,UNI,UNI,4.3111,2.32,1.16,1.16,1.16,43907,0.007305,31.77
2026-08-23 01:05,AAVE,AAVE,126.495,0.791,0.395,0.395,0.395,114862,0.007137,29.77
2026-08-23 01:05,ARB,ARB,0.099785,1.002,1.503,1.503,3.508,111164,0.00125,15.51
2026-08-23 01:05,POL,POL,0.104245,0.959,2.398,2.398,4.317,21441,0.00125,17.3
2026-08-23 01:05,RENDER,RENDER,1.46685,2.045,3.75,4.431,7.158,21871,0.00125,20.0
2026-08-23 01:05,DOGE,DOGE,0.092171,2.821,1.41,1.41,1.41,76493,0.004557,24.58
2026-08-23 01:05,SHIB,kSHIB,0.005457,3.665,1.833,1.833,5.498,108737,0.00125,16.17
2026-08-23 01:05,PEPE,kPEPE,0.004073500000000001,2.455,3.682,3.682,3.682,553313,0.00125,19.86
2026-08-23 01:05,WIF,WIF,0.19652,4.071,2.035,4.071,5.089,27424,0.00125,16.57
2026-08-23 01:05,BONK,kBONK,0.0032760000000000003,6.105,3.053,3.053,3.053,167862,0.003591,25.16
2026-08-23 01:05,TRUMP,TRUMP,2.3738,7.583,3.791,3.791,3.791,48765,0.00125,20.08
2026-08-23 01:10,BTC,BTC,77072.5,0.13,0.065,0.065,0.065,1694581,0.00207,14.93
2026-08-23 01:10,ETH,ETH,2415.8500000000004,0.414,0.207,0.207,0.207,6252469,0.00125,12.91
2026-08-23 01:10,SOL,SOL,93.7795,0.107,0.053,0.053,0.053,460178,0.001898,14.42
2026-08-23 01:10,XRP,XRP,1.4682499999999998,0.681,0.341,0.341,0.341,1311062,0.003209,18.67
2026-08-23 01:10,AVAX,AVAX,7.48395,0.134,0.067,0.067,0.067,62992,0.00125,12.63
2026-08-23 01:10,LINK,LINK,11.6075,0.862,0.431,2.154,3.015,451712,0.006115,26.98
2026-08-23 01:10,LTC,LTC,52.686,0.759,0.38,0.759,0.759,94951,0.002697,17.31
2026-08-23 01:10,ADA,ADA,0.22671999999999998,0.882,0.441,0.882,0.882,78835,0.00125,13.38
2026-08-23 01:10,DOT,DOT,0.918285,0.544,0.272,0.381,0.381,20949,0.00125,13.04
2026-08-23 01:10,UNI,UNI,4.30865,1.16,0.58,0.58,0.812,27319,0.008422,33.74
2026-08-23 01:10,AAVE,AAVE,126.38,1.583,0.791,0.791,2.374,261092,0.007705,32.16
2026-08-23 01:10,ARB,ARB,0.099425,1.006,0.503,0.503,0.503,99685,0.00125,13.51
2026-08-23 01:10,POL,POL,0.104225,2.878,3.358,3.358,3.358,31006,0.00125,19.22
2026-08-23 01:10,RENDER,RENDER,1.4612,2.737,2.737,4.106,5.475,29037,0.00125,17.97
2026-08-23 01:10,DOGE,DOGE,0.091974,0.652,0.326,0.435,0.435,72027,0.004795,23.08
2026-08-23 01:10,SHIB,kSHIB,0.0054415,1.838,2.757,2.757,2.757,193218,0.00125,18.01
2026-08-23 01:10,PEPE,kPEPE,0.004059500000000001,2.463,1.232,1.232,1.232,492125,0.00125,14.96
2026-08-23 01:10,WIF,WIF,0.196185,3.568,1.784,2.803,3.313,51438,0.00125,16.07
2026-08-23 01:10,BONK,kBONK,0.0032760000000000003,6.105,3.053,3.053,3.053,173781,0.004293,27.13
2026-08-23 01:10,TRUMP,TRUMP,2.3840500000000002,0.419,0.21,0.21,0.629,63790,0.003805,20.07
2026-08-23 01:15,BTC,BTC,77027.5,0.13,0.065,0.065,0.065,1955510,0.002021,14.79
2026-08-23 01:15,ETH,ETH,2415.45,0.414,0.207,0.207,0.207,5940857,0.00125,12.91
2026-08-23 01:15,SOL,SOL,93.7015,0.107,0.053,0.053,0.053,535542,0.002279,15.49
2026-08-23 01:15,XRP,XRP,1.4610500000000002,0.684,1.027,1.027,1.027,841420,0.00337,20.49
2026-08-23 01:15,AVAX,AVAX,7.4761500000000005,1.204,0.602,0.736,1.538,29814,0.001255,13.72
2026-08-23 01:15,LINK,LINK,11.592500000000001,0.863,0.431,0.431,0.431,277322,0.006168,27.13
2026-08-23 01:15,LTC,LTC,52.6355,0.57,0.285,0.285,0.475,96598,0.002887,17.65
2026-08-23 01:15,ADA,ADA,0.22623,0.884,0.442,0.442,0.884,112139,0.00125,13.38
2026-08-23 01:15,DOT,DOT,0.916285,0.109,0.055,0.055,0.055,22572,0.00125,12.61
2026-08-23 01:15,UNI,UNI,4.275499999999999,2.807,1.403,1.403,1.637,34770,0.008301,35.05
2026-08-23 01:15,AAVE,AAVE,125.81,1.59,1.59,1.59,2.385,130922,0.007392,32.88
2026-08-23 01:15,ARB,ARB,0.09936,2.013,1.006,1.006,3.019,100676,0.00125,14.51
2026-08-23 01:15,POL,POL,0.1043,1.918,0.959,0.959,3.835,29445,0.00125,14.42
2026-08-23 01:15,RENDER,RENDER,1.46015,2.055,2.397,3.082,3.082,27680,0.00174,18.67
2026-08-23 01:15,DOGE,DOGE,0.091781,0.218,0.109,0.218,0.218,127707,0.004833,22.75
2026-08-23 01:15,SHIB,kSHIB,0.0054304999999999996,1.841,0.921,0.921,0.921,226603,0.00125,14.34
2026-08-23 01:15,PEPE,kPEPE,0.0040435,2.473,1.237,1.237,1.237,508703,0.00125,14.97
2026-08-23 01:15,WIF,WIF,0.19579000000000002,4.086,2.043,2.043,2.043,47619,0.00125,16.59
2026-08-23 01:15,BONK,kBONK,0.00326,6.135,3.067,3.067,3.067,229327,0.003761,25.67
2026-08-23 01:15,TRUMP,TRUMP,2.37735,2.944,1.472,1.893,1.893,77131,0.003264,21.08
2026-08-23 01:20,BTC,BTC,77069.5,0.13,0.065,0.065,0.065,1627282,0.002203,15.3
2026-08-23 01:20,ETH,ETH,2417.95,0.414,0.207,0.207,0.207,6842682,0.00125,12.91
2026-08-23 01:20,SOL,SOL,93.7805,0.107,0.053,0.053,0.053,556986,0.002417,15.87
2026-08-23 01:20,XRP,XRP,1.46585,0.682,0.341,0.341,0.341,1208040,0.003316,18.97
2026-08-23 01:20,AVAX,AVAX,7.48745,0.935,1.002,1.002,1.002,64741,0.00125,14.5
2026-08-23 01:20,LINK,LINK,11.6235,0.86,1.29,1.29,1.29,430400,0.006294,29.2
2026-08-23 01:20,LTC,LTC,52.7345,0.569,0.284,0.284,0.474,86810,0.003026,18.04
2026-08-23 01:20,ADA,ADA,0.226395,0.442,0.221,2.871,3.754,98709,0.00125,12.94
2026-08-23 01:20,DOT,DOT,0.9172750000000001,2.071,1.69,2.126,2.235,19682,0.00125,15.88
2026-08-23 01:20,UNI,UNI,4.3033,3.253,1.627,1.627,1.859,28274,0.00816,35.1
2026-08-23 01:20,AAVE,AAVE,126.455,2.372,1.186,2.768,3.559,110305,0.007355,31.97
2026-08-23 01:20,ARB,ARB,0.099665,1.003,3.512,3.512,3.512,143373,0.00125,19.52
2026-08-23 01:20,POL,POL,0.104675,4.777,2.388,2.388,3.344,50081,0.00125,17.28
2026-08-23 01:20,RENDER,RENDER,1.4635500000000001,2.05,5.125,5.125,5.808,27719,0.001931,24.66
2026-08-23 01:20,DOGE,DOGE,0.0918875,0.109,0.054,0.054,0.054,77183,0.004855,22.7
2026-08-23 01:20,SHIB,kSHIB,0.005444,3.674,3.674,3.674,3.674,218155,0.00125,19.85
2026-08-23 01:20,PEPE,kPEPE,0.0040655,2.46,1.23,1.23,1.23,573185,0.00125,14.96
2026-08-23 01:20,WIF,WIF,0.196095,2.55,1.275,3.315,5.865,41605,0.00125,15.05
2026-08-23 01:20,BONK,kBONK,0.0032589999999999997,6.137,3.068,3.068,3.068,202169,0.003805,25.79
2026-08-23 01:20,TRUMP,TRUMP,2.3808,3.36,1.68,1.68,2.94,75776,0.002714,19.96
2026-08-23 01:25,BTC,BTC,77059.5,0.13,0.065,0.065,0.065,9120781,0.00229,15.54
2026-08-23 01:25,ETH,ETH,2419.1499999999996,0.413,0.207,0.207,0.207,7332488,0.00125,12.91
2026-08-23 01:25,SOL,SOL,93.7185,0.107,0.053,0.053,0.053,646702,0.002573,16.31
2026-08-23 01:25,XRP,XRP,1.46325,0.683,0.342,0.342,0.342,922902,0.003324,18.99
2026-08-23 01:25,AVAX,AVAX,7.47875,1.471,0.735,0.869,1.538,37099,0.00125,13.97
2026-08-23 01:25,LINK,LINK,11.611,1.723,0.861,0.861,0.861,252766,0.006326,28.44
2026-08-23 01:25,LTC,LTC,52.555499999999995,0.19,0.095,0.095,0.666,68064,0.002967,17.5
2026-08-23 01:25,ADA,ADA,0.22582000000000002,0.886,0.443,0.443,0.443,166982,0.00125,13.39
2026-08-23 01:25,DOT,DOT,0.91604,1.965,1.419,1.747,3.712,17844,0.00125,15.34
2026-08-23 01:25,UNI,UNI,4.2693,1.874,0.937,1.171,1.405,32028,0.007574,32.08
2026-08-23 01:25,AAVE,AAVE,126.045,0.793,0.397,0.397,0.397,285744,0.007517,30.84
2026-08-23 01:25,ARB,ARB,0.099295,3.021,1.511,1.511,1.511,82375,0.00125,15.52
2026-08-23 01:25,POL,POL,0.1056,3.788,1.894,2.841,2.841,35786,0.00125,16.29
2026-08-23 01:25,RENDER,RENDER,1.4609,2.738,1.369,2.738,3.423,20841,0.001901,17.06
2026-08-23 01:25,DOGE,DOGE,0.09179599999999999,1.961,0.98,0.98,0.98,117086,0.004805,24.42
2026-08-23 01:25,SHIB,kSHIB,0.005435499999999999,1.84,0.92,2.76,2.76,201995,0.00125,14.34
2026-08-23 01:25,PEPE,kPEPE,0.004051,4.937,2.469,2.469,2.469,559677,0.00125,17.44
2026-08-23 01:25,WIF,WIF,0.19556,1.023,3.068,4.602,5.625,24128,0.00125,18.64
2026-08-23 01:25,BONK,kBONK,0.003234,6.184,3.092,3.092,3.092,210347,0.003586,25.23
2026-08-23 01:25,TRUMP,TRUMP,2.38375,1.259,0.629,0.629,2.307,82489,0.002662,17.71
2026-08-23 01:30,BTC,BTC,77012.5,0.13,0.065,0.065,0.065,4052210,0.002366,15.75
2026-08-23 01:30,ETH,ETH,2418.55,0.413,0.207,0.207,0.207,7221334,0.00125,12.91
2026-08-23 01:30,SOL,SOL,93.6735,0.107,0.053,0.053,0.053,404995,0.002482,16.06
2026-08-23 01:30,XRP,XRP,1.4616500000000001,0.684,1.026,1.026,1.026,1123428,0.003248,20.15
2026-08-23 01:30,AVAX,AVAX,7.48015,1.203,0.602,0.602,0.602,70480,0.00125,13.7
2026-08-23 01:30,LINK,LINK,11.6145,0.861,0.43,0.43,0.43,289011,0.006193,27.2
2026-08-23 01:30,LTC,LTC,52.503,0.381,0.762,0.762,0.762,45987,0.002976,18.86
2026-08-23 01:30,ADA,ADA,0.225575,0.443,0.222,1.552,2.882,54610,0.00125,12.94
2026-08-23 01:30,DOT,DOT,0.916785,1.636,0.818,1.363,1.473,14820,0.00125,14.14
2026-08-23 01:30,UNI,UNI,4.266,0.938,0.469,0.703,0.703,31207,0.007192,30.07
2026-08-23 01:30,AAVE,AAVE,125.815,0.795,0.397,1.987,3.577,125487,0.007364,30.41
2026-08-23 01:30,ARB,ARB,0.0991,2.018,1.009,1.009,1.009,89468,0.00125,14.52
2026-08-23 01:30,POL,POL,0.105495,2.844,1.422,2.37,4.266,28960,0.00125,15.34
2026-08-23 01:30,RENDER,RENDER,1.45975,0.685,0.343,0.343,0.343,36402,0.002088,15.53
2026-08-23 01:30,DOGE,DOGE,0.091777,0.654,0.327,0.436,0.436,123325,0.004752,22.96
2026-08-23 01:30,SHIB,kSHIB,0.0054335,1.84,2.761,2.761,2.761,213258,0.00125,18.02
2026-08-23 01:30,PEPE,kPEPE,0.0040525000000000005,2.468,1.234,1.234,1.234,531050,0.00125,14.97
2026-08-23 01:30,WIF,WIF,0.19555,2.046,1.023,1.534,2.046,23897,0.00125,14.55
2026-08-23 01:30,BONK,kBONK,0.003234,6.184,3.092,3.092,3.092,205015,0.003924,26.17
2026-08-23 01:30,TRUMP,TRUMP,2.371,3.374,2.109,2.109,2.109,73883,0.002471,20.14
2026-08-23 01:35,BTC,BTC,76981.5,0.13,0.065,0.065,0.065,3817920,0.002528,16.21
2026-08-23 01:35,ETH,ETH,2417.25,0.414,0.207,0.207,0.207,6819413,0.00125,12.91
2026-08-23 01:35,SOL,SOL,93.5365,0.107,0.053,0.053,0.053,260214,0.002263,15.44
2026-08-23 01:35,XRP,XRP,1.4562499999999998,0.687,0.343,1.03,1.03,1088531,0.003146,18.5
2026-08-23 01:35,AVAX,AVAX,7.46635,1.205,0.603,0.603,0.603,83494,0.00125,13.71
2026-08-23 01:35,LINK,LINK,11.6115,0.861,0.431,0.431,1.292,436222,0.005931,26.47
2026-08-23 01:35,LTC,LTC,52.246,1.148,0.574,0.766,0.766,118297,0.002909,18.29
2026-08-23 01:35,ADA,ADA,0.225,1.778,1.778,1.778,2.222,81733,0.00125,16.06
2026-08-23 01:35,DOT,DOT,0.9151,2.404,1.202,1.311,3.06,19425,0.00125,14.9
2026-08-23 01:35,UNI,UNI,4.256,1.41,0.705,0.94,0.94,40418,0.006786,29.41
2026-08-23 01:35,AAVE,AAVE,125.11,3.197,2.398,3.197,3.197,110371,0.007283,34.19
2026-08-23 01:35,ARB,ARB,0.09867999999999999,2.027,1.013,1.013,3.04,84606,0.00125,14.53
2026-08-23 01:35,POL,POL,0.10589,1.889,0.944,1.889,1.889,36982,0.00125,14.39
2026-08-23 01:35,RENDER,RENDER,1.4537499999999999,0.688,0.344,0.344,0.344,28664,0.002294,16.11
2026-08-23 01:35,DOGE,DOGE,0.0914365,1.64,0.82,0.82,0.82,95420,0.004647,23.65
2026-08-23 01:35,SHIB,kSHIB,0.0054164999999999994,1.846,0.923,0.923,0.923,223560,0.00125,14.35
2026-08-23 01:35,PEPE,kPEPE,0.0040365,2.477,1.239,1.239,1.239,516530,0.00125,14.98
2026-08-23 01:35,WIF,WIF,0.19462000000000002,2.055,1.541,1.541,4.111,23643,0.00125,15.58
2026-08-23 01:35,BONK,kBONK,0.003196,6.258,3.129,3.129,3.129,198957,0.003906,26.19
2026-08-23 01:35,TRUMP,TRUMP,2.3785,2.523,1.261,1.682,2.102,31615,0.002302,17.97
2026-08-23 01:40,BTC,BTC,77067.5,0.13,0.065,0.065,0.065,3474041,0.002687,16.65
2026-08-23 01:40,ETH,ETH,2421.45,0.413,0.206,0.206,0.206,4659180,0.00125,12.91
2026-08-23 01:40,SOL,SOL,93.7325,0.107,0.693,0.693,1.227,152622,0.002147,16.4
2026-08-23 01:40,XRP,XRP,1.46435,0.683,1.024,1.024,1.024,900319,0.003052,19.6
2026-08-23 01:40,AVAX,AVAX,7.496700000000001,1.334,0.667,0.8,1.201,60279,0.00125,13.83
2026-08-23 01:40,LINK,LINK,11.6365,0.859,0.43,0.43,0.43,441381,0.005751,25.96
2026-08-23 01:40,LTC,LTC,52.453,0.381,0.191,0.381,0.763,54290,0.003056,17.94
2026-08-23 01:40,ADA,ADA,0.22606500000000002,3.096,1.548,1.991,1.991,49858,0.00125,15.6
2026-08-23 01:40,DOT,DOT,0.9184049999999999,1.633,2.232,2.341,2.45,20678,0.00125,16.96
2026-08-23 01:40,UNI,UNI,4.27935,0.701,0.351,0.584,0.584,43205,0.006802,28.75
2026-08-23 01:40,AAVE,AAVE,125.555,0.796,1.195,1.195,1.991,125376,0.007074,31.2
2026-08-23 01:40,ARB,ARB,0.099045,3.029,1.514,2.524,2.524,68874,0.00125,15.53
2026-08-23 01:40,POL,POL,0.106705,2.811,4.217,6.092,6.092,24503,0.00125,20.93
2026-08-23 01:40,RENDER,RENDER,1.4602,1.37,6.848,7.533,7.533,28746,0.002591,29.95
2026-08-23 01:40,DOGE,DOGE,0.09165799999999999,1.091,0.546,0.655,0.655,89462,0.004565,22.87
2026-08-23 01:40,SHIB,kSHIB,0.00544,3.676,3.676,3.676,3.676,289637,0.00125,19.85
2026-08-23 01:40,PEPE,kPEPE,0.0040545,2.466,3.7,3.7,3.7,549635,0.00125,19.9
2026-08-23 01:40,WIF,WIF,0.195235,0.512,2.305,6.403,6.403,16972,0.00125,17.11
2026-08-23 01:40,BONK,kBONK,0.003227,6.198,3.099,3.099,3.099,169562,0.004288,27.2
2026-08-23 01:40,TRUMP,TRUMP,2.3903,1.673,0.837,0.837,2.51,68862,0.001935,16.09
2026-08-23 01:45,BTC,BTC,77069.5,0.13,0.065,0.065,0.065,2619937,0.002804,16.98
2026-08-23 01:45,ETH,ETH,2421.75,0.413,0.206,0.206,0.206,5266096,0.00125,12.91
2026-08-23 01:45,SOL,SOL,93.7345,0.107,0.053,0.053,0.053,178227,0.002066,14.89
2026-08-23 01:45,XRP,XRP,1.4631500000000002,0.683,0.342,0.342,0.342,1233284,0.003135,18.46
2026-08-23 01:45,AVAX,AVAX,7.49175,0.934,0.467,0.467,0.601,29706,0.00125,13.43
2026-08-23 01:45,LINK,LINK,11.657499999999999,0.858,0.429,1.287,1.287,419804,0.005699,25.82
2026-08-23 01:45,LTC,LTC,52.452,0.763,0.381,0.572,1.144,55207,0.003168,18.63
2026-08-23 01:45,ADA,ADA,0.22608,1.769,1.327,1.327,1.769,56289,0.00125,15.15
2026-08-23 01:45,DOT,DOT,0.91921,0.653,0.326,0.326,0.326,17729,0.00125,13.15
2026-08-23 01:45,UNI,UNI,4.2778,1.87,0.935,0.935,1.403,45367,0.006578,29.29
2026-08-23 01:45,AAVE,AAVE,125.965,2.382,1.191,1.191,1.985,123322,0.007053,31.13
2026-08-23 01:45,ARB,ARB,0.09895999999999999,2.021,1.011,1.011,1.011,56402,0.00125,14.52
2026-08-23 01:45,POL,POL,0.10744999999999999,3.723,1.861,1.861,8.376,25742,0.00125,16.22
2026-08-23 01:45,RENDER,RENDER,1.45965,3.425,1.713,3.083,4.453,25817,0.002752,20.13
2026-08-23 01:45,DOGE,DOGE,0.091674,0.436,0.218,0.327,0.327,85431,0.004425,21.83
2026-08-23 01:45,SHIB,kSHIB,0.005442,3.675,1.838,3.675,3.675,213650,0.00125,16.18
2026-08-23 01:45,PEPE,kPEPE,0.004066500000000001,2.459,1.23,1.23,1.23,442368,0.00125,14.96
2026-08-23 01:45,WIF,WIF,0.19549,4.092,2.046,4.092,6.65,45619,0.00125,16.59
2026-08-23 01:45,BONK,kBONK,0.0032300000000000002,6.192,3.096,3.096,3.096,189362,0.004479,27.73
2026-08-23 01:45,TRUMP,TRUMP,2.3895,1.674,0.837,0.837,1.255,67838,0.001868,15.9
2026-08-23 01:50,BTC,BTC,77133.5,0.13,0.065,0.065,0.065,1691194,0.002841,17.08
2026-08-23 01:50,ETH,ETH,2424.95,0.412,0.206,0.206,0.206,4819733,0.00125,12.91
2026-08-23 01:50,SOL,SOL,93.9265,0.106,0.692,0.692,0.692,114598,0.002022,16.05
2026-08-23 01:50,XRP,XRP,1.46495,0.683,0.341,0.341,0.341,841212,0.003242,18.76
2026-08-23 01:50,AVAX,AVAX,7.5094,1.864,0.932,1.065,1.198,37113,0.00125,14.36
2026-08-23 01:50,LINK,LINK,11.6685,2.571,1.286,1.286,1.286,213331,0.005789,27.78
2026-08-23 01:50,LTC,LTC,52.541,0.761,0.381,0.571,1.903,51427,0.003331,19.09
2026-08-23 01:50,ADA,ADA,0.226545,0.441,0.662,1.545,1.986,45506,0.001466,14.43
2026-08-23 01:50,DOT,DOT,0.920775,0.109,0.054,0.054,0.054,18264,0.00125,12.61
2026-08-23 01:50,UNI,UNI,4.3075,1.857,0.929,1.161,1.161,37762,0.006483,29.01
2026-08-23 01:50,AAVE,AAVE,126.75,1.578,1.578,3.156,3.945,120158,0.007271,32.52
2026-08-23 01:50,ARB,ARB,0.09926,2.015,1.007,1.007,2.015,48710,0.00125,14.51
2026-08-23 01:50,POL,POL,0.107625,4.646,2.323,5.11,6.969,37924,0.00125,17.15
2026-08-23 01:50,RENDER,RENDER,1.46245,2.051,6.496,6.496,7.18,14480,0.002853,29.98
2026-08-23 01:50,DOGE,DOGE,0.0919205,0.109,0.054,0.054,0.054,79649,0.004334,21.24
2026-08-23 01:50,SHIB,kSHIB,0.0054515,1.834,2.752,2.752,2.752,200685,0.00125,18.0
2026-08-23 01:50,PEPE,kPEPE,0.0040795,2.451,1.226,1.226,1.226,846864,0.00125,14.95
2026-08-23 01:50,WIF,WIF,0.195955,2.552,1.276,2.807,3.827,22749,0.00125,15.05
2026-08-23 01:50,BONK,kBONK,0.003238,6.177,3.088,3.088,3.088,179293,0.004854,28.77
2026-08-23 01:50,TRUMP,TRUMP,2.38105,7.98,3.99,3.99,3.99,64830,0.00187,22.21
2026-08-23 01:55,BTC,BTC,77167.5,0.13,0.065,0.065,0.065,2234725,0.002877,17.18
2026-08-23 01:55,ETH,ETH,2426.95,0.412,0.206,0.206,0.206,5410562,0.00125,12.91
2026-08-23 01:55,SOL,SOL,94.0475,0.106,0.053,0.053,0.053,182075,0.001989,14.67
2026-08-23 01:55,XRP,XRP,1.46625,0.682,0.341,0.341,0.341,932755,0.003419,19.25
2026-08-23 01:55,AVAX,AVAX,7.515499999999999,0.798,0.399,0.532,1.064,39234,0.00125,13.3
2026-08-23 01:55,LINK,LINK,11.689499999999999,0.855,0.428,0.428,0.428,402954,0.005939,26.49
2026-08-23 01:55,LTC,LTC,52.6015,0.19,0.095,0.285,0.285,92073,0.003447,18.84
2026-08-23 01:55,ADA,ADA,0.226745,0.441,0.221,0.221,0.221,76358,0.001587,13.88
2026-08-23 01:55,DOT,DOT,0.92229,0.434,0.217,0.217,0.217,20746,0.00125,12.93
2026-08-23 01:55,UNI,UNI,4.320600000000001,2.314,1.157,1.157,1.157,49180,0.006492,29.49
2026-08-23 01:55,AAVE,AAVE,126.78999999999999,3.155,1.577,3.155,3.155,95482,0.007446,33.0
2026-08-23 01:55,ARB,ARB,0.099365,3.019,1.51,1.51,1.51,57052,0.00125,15.52
2026-08-23 01:55,POL,POL,0.107515,2.79,6.046,6.046,6.976,24532,0.00125,24.59
2026-08-23 01:55,RENDER,RENDER,1.4634,2.733,1.367,2.05,2.05,28633,0.002716,19.34
2026-08-23 01:55,DOGE,DOGE,0.0921545,0.109,0.054,0.054,0.054,119223,0.004209,20.89
2026-08-23 01:55,SHIB,kSHIB,0.0054695,1.828,0.914,2.742,2.742,191020,0.00125,14.33
2026-08-23 01:55,PEPE,kPEPE,0.004086,4.895,2.447,2.447,2.447,468305,0.00125,17.39
2026-08-23 01:55,WIF,WIF,0.19655,2.035,1.526,5.597,6.614,14096,0.00125,15.55
2026-08-23 01:55,BONK,kBONK,0.003247,6.16,3.08,3.08,6.16,179023,0.005111,29.47
2026-08-23 01:55,TRUMP,TRUMP,2.40565,2.91,1.455,1.455,2.702,57308,0.001785,16.91
