zeit,coin,markt,mid,spread_bp,slip180_bp,slip500_bp,slip1000_bp,tiefe_usd,funding_h_pct,roundtrip_bp
2026-09-01 00:00,BTC,BTC,79001.5,0.127,0.063,0.063,0.063,3362821,0.00125,12.63
2026-09-01 00:00,ETH,ETH,2481.45,0.403,0.201,0.201,0.201,8663534,0.00125,12.9
2026-09-01 00:00,SOL,SOL,103.755,0.964,0.482,0.482,0.482,4279946,0.00125,13.46
2026-09-01 00:00,XRP,XRP,1.3874499999999999,0.721,0.36,0.36,0.36,1440113,0.00125,13.22
2026-09-01 00:00,AVAX,AVAX,7.24355,1.242,0.621,0.759,0.759,50324,0.00125,13.74
2026-09-01 00:00,LINK,LINK,11.378,1.758,0.879,0.879,1.758,354480,0.00125,14.26
2026-09-01 00:00,LTC,LTC,48.685,1.232,0.616,1.027,1.027,50044,0.00125,13.73
2026-09-01 00:00,ADA,ADA,0.199415,1.504,0.752,0.752,0.752,144772,0.00125,14.0
2026-09-01 00:00,DOT,DOT,0.8412,3.091,1.545,1.664,1.783,21610,0.001052,15.04
2026-09-01 00:00,UNI,UNI,5.267250000000001,0.949,0.475,0.664,1.424,12161,0.001985,15.51
2026-09-01 00:00,AAVE,AAVE,124.67500000000001,0.802,0.401,1.203,2.005,152862,0.00125,13.3
2026-09-01 00:00,ARB,ARB,0.106815,2.809,1.404,1.404,2.34,48573,0.00125,15.31
2026-09-01 00:00,POL,POL,0.09058050000000001,1.435,1.711,3.257,6.238,8408,0.00125,15.92
2026-09-01 00:00,RENDER,RENDER,1.4232,4.216,2.108,2.811,4.216,15675,0.00125,16.72
2026-09-01 00:00,DOGE,DOGE,0.0833685,1.08,0.54,0.54,0.54,209085,0.00125,13.58
2026-09-01 00:00,SHIB,kSHIB,0.005086500000000001,1.966,2.949,4.915,4.915,168266,0.002978,23.24
2026-09-01 00:00,PEPE,kPEPE,0.003576,5.593,2.796,2.796,2.796,928479,0.00125,18.09
2026-09-01 00:00,WIF,WIF,0.198525,2.519,1.259,1.763,4.282,53667,0.00125,15.02
2026-09-01 00:00,BONK,kBONK,0.0030155,3.316,1.658,1.658,1.658,155569,0.00125,15.82
2026-09-01 00:00,TRUMP,TRUMP,2.44885,1.225,0.613,0.613,0.613,91538,0.00125,13.73
2026-09-01 00:05,BTC,BTC,78956.5,0.127,0.063,0.063,0.063,3885673,0.00125,12.63
2026-09-01 00:05,ETH,ETH,2478.05,0.404,0.202,0.202,0.202,9739182,0.00125,12.9
2026-09-01 00:05,SOL,SOL,103.465,0.967,0.483,0.483,0.483,4487082,0.00125,13.47
2026-09-01 00:05,XRP,XRP,1.38395,0.723,0.361,0.361,0.361,1488148,0.00125,13.22
2026-09-01 00:05,AVAX,AVAX,7.225099999999999,0.554,0.969,0.969,1.107,39959,0.00125,14.44
2026-09-01 00:05,LINK,LINK,11.372499999999999,0.879,0.44,0.44,1.319,354767,0.00125,13.38
2026-09-01 00:05,LTC,LTC,48.641999999999996,0.411,0.206,0.206,0.822,59312,0.00125,12.91
2026-09-01 00:05,ADA,ADA,0.198955,0.503,0.251,0.251,1.257,145339,0.000838,11.85
2026-09-01 00:05,DOT,DOT,0.8388599999999999,1.669,0.834,0.954,0.954,24205,-0.000618,10.67
2026-09-01 00:05,UNI,UNI,5.242900000000001,2.289,1.335,2.67,2.67,41326,0.001564,16.05
2026-09-01 00:05,AAVE,AAVE,124.395,2.412,1.206,1.206,1.206,131557,0.00125,14.91
2026-09-01 00:05,ARB,ARB,0.10799500000000001,4.63,2.315,3.241,4.167,25898,0.002212,19.82
2026-09-01 00:05,POL,POL,0.09034049999999999,1.66,1.384,3.598,5.479,7865,0.00125,15.27
2026-09-01 00:05,RENDER,RENDER,1.4222000000000001,4.219,2.109,3.516,4.922,15681,0.00125,16.72
2026-09-01 00:05,DOGE,DOGE,0.0831565,0.842,0.421,0.421,0.421,88560,0.00125,13.34
2026-09-01 00:05,SHIB,kSHIB,0.0050735,1.971,0.986,0.986,0.986,171355,0.00125,14.47
2026-09-01 00:05,PEPE,kPEPE,0.003573,5.598,2.799,2.799,2.799,1327009,0.001006,17.41
2026-09-01 00:05,WIF,WIF,0.19823000000000002,1.009,0.504,0.504,0.504,47829,0.00125,13.51
2026-09-01 00:05,BONK,kBONK,0.0029975,3.336,1.668,1.668,8.34,141392,0.00125,15.84
2026-09-01 00:05,TRUMP,TRUMP,2.4372,1.641,0.821,1.641,1.641,92424,0.00125,14.14
2026-09-01 00:10,BTC,BTC,78920.5,0.127,0.063,0.063,0.063,4247747,0.00125,12.63
2026-09-01 00:10,ETH,ETH,2476.8500000000004,0.404,0.202,0.202,0.202,10267631,0.00125,12.9
2026-09-01 00:10,SOL,SOL,103.435,0.967,0.483,0.483,0.483,5298852,0.00125,13.47
2026-09-01 00:10,XRP,XRP,1.3846500000000002,0.722,0.361,0.361,0.361,1683676,0.00125,13.22
2026-09-01 00:10,AVAX,AVAX,7.22335,1.246,1.315,1.315,1.315,47715,0.00125,15.13
2026-09-01 00:10,LINK,LINK,11.3935,0.878,0.439,0.439,0.439,345546,0.00125,13.38
2026-09-01 00:10,LTC,LTC,48.66,0.822,0.411,0.411,0.617,53758,0.00125,13.32
2026-09-01 00:10,ADA,ADA,0.19928,1.004,0.502,0.502,1.004,127430,0.00094,12.63
2026-09-01 00:10,DOT,DOT,0.83838,2.147,1.073,1.193,1.193,25527,-9.4e-05,11.15
2026-09-01 00:10,UNI,UNI,5.2387,0.382,0.191,0.954,1.909,18182,0.001415,13.34
2026-09-01 00:10,AAVE,AAVE,124.255,0.805,0.402,0.402,0.402,67819,0.00125,13.3
2026-09-01 00:10,ARB,ARB,0.1073,5.592,2.796,2.796,3.728,35238,0.003011,23.02
2026-09-01 00:10,POL,POL,0.090173,2.883,1.442,1.553,4.99,14621,0.00125,15.38
2026-09-01 00:10,RENDER,RENDER,1.4212,4.222,2.111,2.815,4.222,20546,0.00125,16.72
2026-09-01 00:10,DOGE,DOGE,0.0832015,0.601,0.3,0.3,0.3,115499,0.00125,13.1
2026-09-01 00:10,SHIB,kSHIB,0.0050785,1.969,0.985,0.985,2.954,173426,0.00125,14.47
2026-09-01 00:10,PEPE,kPEPE,0.0035715,2.8,1.4,1.4,1.4,995718,0.001142,15.0
2026-09-01 00:10,WIF,WIF,0.19824,2.018,1.513,2.522,2.522,41270,0.00125,15.53
2026-09-01 00:10,BONK,kBONK,0.0029965,3.337,1.669,1.669,1.669,188525,0.00125,15.84
2026-09-01 00:10,TRUMP,TRUMP,2.4400500000000003,1.229,0.615,0.615,0.615,91083,0.00125,13.73
2026-09-01 00:15,BTC,BTC,78862.5,0.127,0.063,0.063,0.063,4726726,0.00125,12.63
2026-09-01 00:15,ETH,ETH,2474.8500000000004,0.404,0.202,0.202,0.202,8726535,0.00125,12.9
2026-09-01 00:15,SOL,SOL,103.35499999999999,0.968,0.484,0.484,0.484,5233842,0.00125,13.47
2026-09-01 00:15,XRP,XRP,1.3825500000000002,0.723,0.362,0.362,0.362,1539698,0.00125,13.22
2026-09-01 00:15,AVAX,AVAX,7.21705,1.247,0.624,0.762,0.762,26911,0.00125,13.75
2026-09-01 00:15,LINK,LINK,11.3555,0.881,0.44,0.44,0.44,351021,0.00125,13.38
2026-09-01 00:15,LTC,LTC,48.620000000000005,0.823,0.411,0.617,0.617,58650,0.00125,13.32
2026-09-01 00:15,ADA,ADA,0.198805,1.509,0.755,0.755,0.755,91849,0.000514,11.95
2026-09-01 00:15,DOT,DOT,0.836835,1.792,0.896,1.613,1.733,22109,-0.000173,10.79
2026-09-01 00:15,UNI,UNI,5.2356,0.764,0.382,0.573,0.573,39571,0.001278,13.34
2026-09-01 00:15,AAVE,AAVE,124.11,1.611,0.806,0.806,0.806,122905,0.00125,14.11
2026-09-01 00:15,ARB,ARB,0.107935,4.632,2.316,2.316,3.243,47928,0.003625,23.78
2026-09-01 00:15,POL,POL,0.0899105,0.111,0.056,0.056,0.167,44827,0.00125,12.61
2026-09-01 00:15,RENDER,RENDER,1.41855,4.935,2.467,3.172,3.172,16760,0.00125,17.43
2026-09-01 00:15,DOGE,DOGE,0.0830735,0.361,0.181,0.542,0.662,149741,0.00125,12.86
2026-09-01 00:15,SHIB,kSHIB,0.0050775,1.969,0.985,0.985,2.954,179715,0.00125,14.47
2026-09-01 00:15,PEPE,kPEPE,0.0035655,2.805,1.402,1.402,1.402,1023714,0.00125,15.3
2026-09-01 00:15,WIF,WIF,0.197675,1.518,1.771,1.771,2.782,53051,0.00125,16.04
2026-09-01 00:15,BONK,kBONK,0.0029965,3.337,1.669,1.669,1.669,150479,0.00125,15.84
2026-09-01 00:15,TRUMP,TRUMP,2.4372999999999996,0.821,0.41,0.821,0.821,103765,0.00125,13.32
2026-09-01 00:20,BTC,BTC,78782.5,0.127,0.063,0.063,0.063,4430214,0.00125,12.63
2026-09-01 00:20,ETH,ETH,2472.1499999999996,0.405,0.202,0.202,0.202,7688835,0.00125,12.9
2026-09-01 00:20,SOL,SOL,103.295,0.968,0.484,0.484,0.484,5239334,0.00125,13.47
2026-09-01 00:20,XRP,XRP,1.3815499999999998,0.724,0.362,0.362,0.362,1325249,0.00125,13.22
2026-09-01 00:20,AVAX,AVAX,7.2102,0.832,0.416,0.555,0.555,39693,0.001143,13.03
2026-09-01 00:20,LINK,LINK,11.3475,0.881,0.441,1.322,1.322,349754,0.00125,13.38
2026-09-01 00:20,LTC,LTC,48.5655,0.618,0.309,0.309,0.515,56259,0.00125,13.12
2026-09-01 00:20,ADA,ADA,0.19866499999999998,1.51,0.755,1.258,1.258,131116,0.00019,11.04
2026-09-01 00:20,DOT,DOT,0.834775,1.078,0.539,0.659,0.659,37139,-0.000456,10.08
2026-09-01 00:20,UNI,UNI,5.21785,0.958,0.479,0.479,1.821,20858,0.00125,13.46
2026-09-01 00:20,AAVE,AAVE,124.055,0.806,0.403,0.403,0.403,229940,0.00125,13.31
2026-09-01 00:20,ARB,ARB,0.10644999999999999,3.758,1.879,3.758,4.697,51977,0.00331,22.02
2026-09-01 00:20,POL,POL,0.0901335,1.664,1.609,2.385,3.051,8971,0.000357,13.22
2026-09-01 00:20,RENDER,RENDER,1.41655,4.942,3.177,3.177,3.883,16379,0.00125,18.85
2026-09-01 00:20,DOGE,DOGE,0.0829865,0.121,0.181,0.181,0.301,228495,0.00125,12.86
2026-09-01 00:20,SHIB,kSHIB,0.005069499999999999,1.973,0.986,0.986,0.986,207056,0.00125,14.47
2026-09-01 00:20,PEPE,kPEPE,0.0035625,2.807,1.404,1.404,1.404,1155803,0.00125,15.31
2026-09-01 00:20,WIF,WIF,0.197475,1.519,0.76,2.279,2.785,47685,0.00125,14.02
2026-09-01 00:20,BONK,kBONK,0.002994,6.68,3.34,3.34,3.34,199701,0.00125,19.18
2026-09-01 00:20,TRUMP,TRUMP,2.4206000000000003,2.479,2.066,2.066,2.066,113305,0.00125,16.63
2026-09-01 00:25,BTC,BTC,78760.5,0.127,0.063,0.063,0.063,2555922,0.00125,12.63
2026-09-01 00:25,ETH,ETH,2471.6499999999996,0.405,0.202,0.202,0.202,9687179,0.00125,12.9
2026-09-01 00:25,SOL,SOL,103.285,0.968,0.484,0.484,0.484,4999552,0.00125,13.47
2026-09-01 00:25,XRP,XRP,1.38145,0.724,0.362,0.362,0.362,1941697,0.00125,13.22
2026-09-01 00:25,AVAX,AVAX,7.21555,1.802,0.901,1.039,1.039,60863,0.000986,13.56
2026-09-01 00:25,LINK,LINK,11.3535,0.881,0.44,0.44,0.44,389861,0.00125,13.38
2026-09-01 00:25,LTC,LTC,48.556,0.412,0.206,0.412,0.412,57234,0.00125,12.91
2026-09-01 00:25,ADA,ADA,0.19881,1.006,0.503,0.503,1.006,144918,0.000138,10.39
2026-09-01 00:25,DOT,DOT,0.835975,2.034,1.017,1.136,1.136,30158,-0.00039,11.03
2026-09-01 00:25,UNI,UNI,5.21785,0.575,0.287,0.287,1.054,27661,0.00125,13.07
2026-09-01 00:25,AAVE,AAVE,124.055,0.806,0.403,0.403,0.403,180140,0.00125,13.31
2026-09-01 00:25,ARB,ARB,0.106015,2.83,3.301,6.131,6.131,43909,0.00304,24.11
2026-09-01 00:25,POL,POL,0.09030550000000001,1.661,1.163,1.606,2.824,5532,-0.000858,11.33
2026-09-01 00:25,RENDER,RENDER,1.418,2.821,1.41,2.116,2.116,16387,0.00125,15.32
2026-09-01 00:25,DOGE,DOGE,0.0830205,0.361,0.181,0.301,0.301,211859,0.00125,12.86
2026-09-01 00:25,SHIB,kSHIB,0.0050715,1.972,2.958,2.958,2.958,192620,0.00125,18.42
2026-09-01 00:25,PEPE,kPEPE,0.0035665000000000002,2.804,1.402,1.402,1.402,1007677,0.00125,15.3
2026-09-01 00:25,WIF,WIF,0.197955,0.505,3.284,4.294,6.315,52683,0.00125,19.07
2026-09-01 00:25,BONK,kBONK,0.003016,6.631,6.631,6.631,6.631,126198,0.00125,25.76
2026-09-01 00:25,TRUMP,TRUMP,2.42105,0.413,0.207,0.62,0.62,65642,0.00125,12.91
2026-09-01 00:30,BTC,BTC,78749.5,0.127,0.063,0.063,0.063,2585625,0.00125,12.63
2026-09-01 00:30,ETH,ETH,2472.55,0.404,0.202,0.202,0.202,10317823,0.00125,12.9
2026-09-01 00:30,SOL,SOL,103.33500000000001,0.968,0.484,0.484,0.484,4927049,0.00125,13.47
2026-09-01 00:30,XRP,XRP,1.38185,0.724,0.362,0.362,0.362,2158126,0.00125,13.22
2026-09-01 00:30,AVAX,AVAX,7.216900000000001,0.554,0.277,0.416,0.416,27333,0.000926,12.15
2026-09-01 00:30,LINK,LINK,11.347999999999999,1.762,0.881,0.881,0.881,374611,0.00125,14.26
2026-09-01 00:30,LTC,LTC,48.559,0.412,0.206,0.412,0.412,54305,0.00125,12.91
2026-09-01 00:30,ADA,ADA,0.19888499999999998,1.508,0.754,0.754,0.754,193407,0.000235,11.17
2026-09-01 00:30,DOT,DOT,0.8364199999999999,2.152,1.076,1.196,2.391,29740,-0.000326,11.15
2026-09-01 00:30,UNI,UNI,5.230449999999999,0.956,0.478,0.669,1.625,47294,0.00125,13.46
2026-09-01 00:30,AAVE,AAVE,124.11,1.611,0.806,0.806,0.806,173367,0.00125,14.11
2026-09-01 00:30,ARB,ARB,0.10671,3.748,1.874,1.874,1.874,77051,0.003106,21.44
2026-09-01 00:30,POL,POL,0.09047050000000001,2.321,1.161,1.271,2.045,7889,-0.00137,11.32
2026-09-01 00:30,RENDER,RENDER,1.41955,3.522,1.761,3.874,4.579,25290,0.00125,16.02
2026-09-01 00:30,DOGE,DOGE,0.0830235,1.325,0.662,0.783,0.783,204963,0.00125,13.82
2026-09-01 00:30,SHIB,kSHIB,0.005074,3.942,1.971,1.971,1.971,238250,0.00125,16.44
2026-09-01 00:30,PEPE,kPEPE,0.0035645,2.805,1.403,1.403,1.403,1035443,0.00125,15.31
2026-09-01 00:30,WIF,WIF,0.198325,2.521,1.261,1.261,1.261,50959,0.00125,15.02
2026-09-01 00:30,BONK,kBONK,0.0030115,3.321,1.66,4.981,4.981,141398,0.00125,15.82
2026-09-01 00:30,TRUMP,TRUMP,2.4196,2.48,1.24,5.786,5.786,62342,0.00125,14.98
2026-09-01 00:35,BTC,BTC,78666.5,0.127,0.064,0.064,0.064,4207731,0.00125,12.63
2026-09-01 00:35,ETH,ETH,2470.55,0.405,0.202,0.202,0.202,10379044,0.00125,12.9
2026-09-01 00:35,SOL,SOL,103.285,0.968,0.484,0.484,0.484,4916781,0.00125,13.47
2026-09-01 00:35,XRP,XRP,1.38105,0.724,0.362,0.362,0.362,1380675,0.00125,13.22
2026-09-01 00:35,AVAX,AVAX,7.21345,0.139,0.069,0.069,0.069,67170,0.000699,11.1
2026-09-01 00:35,LINK,LINK,11.3315,0.882,0.441,0.441,0.441,380627,0.00125,13.38
2026-09-01 00:35,LTC,LTC,48.5555,0.618,0.309,0.515,0.721,46728,0.00125,13.12
2026-09-01 00:35,ADA,ADA,0.19866,1.007,0.503,0.503,1.007,100599,0.000292,10.83
2026-09-01 00:35,DOT,DOT,0.835965,2.034,1.017,1.136,1.136,27765,-0.000329,11.03
2026-09-01 00:35,UNI,UNI,5.24205,0.954,0.477,2.003,2.194,16764,0.001251,13.46
2026-09-01 00:35,AAVE,AAVE,124.15,1.611,0.805,0.805,0.805,185871,0.00125,14.11
2026-09-01 00:35,ARB,ARB,0.10732,5.591,2.795,2.795,4.659,74214,0.002973,22.91
2026-09-01 00:35,POL,POL,0.09062200000000001,0.662,0.331,2.648,3.862,6988,-0.001402,9.66
2026-09-01 00:35,RENDER,RENDER,1.4172500000000001,6.35,3.175,4.586,5.292,14925,0.00125,18.85
2026-09-01 00:35,DOGE,DOGE,0.08300099999999999,0.723,0.361,0.482,0.482,72775,0.00125,13.22
2026-09-01 00:35,SHIB,kSHIB,0.005074,3.942,1.971,1.971,3.942,193564,0.00125,16.44
2026-09-01 00:35,PEPE,kPEPE,0.0035625,2.807,1.404,4.211,4.211,997660,0.00125,15.31
2026-09-01 00:35,WIF,WIF,0.19826500000000002,1.513,0.757,1.765,2.774,48034,0.00125,14.01
2026-09-01 00:35,BONK,kBONK,0.0030045000000000002,3.328,1.664,4.993,4.993,139234,0.00125,15.83
2026-09-01 00:35,TRUMP,TRUMP,2.42225,0.413,0.206,0.206,0.619,59778,0.00125,12.91
2026-09-01 00:40,BTC,BTC,78686.5,0.127,0.064,0.064,0.064,4059469,0.00125,12.63
2026-09-01 00:40,ETH,ETH,2470.05,0.405,0.202,0.202,0.202,8792910,0.00125,12.9
2026-09-01 00:40,SOL,SOL,103.275,0.968,0.484,0.484,0.484,4801250,0.00125,13.47
2026-09-01 00:40,XRP,XRP,1.3811499999999999,0.724,0.362,0.362,0.362,1465165,0.00125,13.22
2026-09-01 00:40,AVAX,AVAX,7.22025,0.692,0.346,0.346,0.346,48506,0.000513,11.13
2026-09-01 00:40,LINK,LINK,11.3265,0.883,0.441,0.441,1.324,368511,0.00125,13.38
2026-09-01 00:40,LTC,LTC,48.5955,0.617,0.309,1.132,1.338,51949,0.00125,13.12
2026-09-01 00:40,ADA,ADA,0.198895,0.503,0.251,0.251,0.251,168374,0.000365,10.52
2026-09-01 00:40,DOT,DOT,0.836195,2.511,1.256,1.375,1.973,35300,-0.000273,11.51
2026-09-01 00:40,UNI,UNI,5.24305,6.676,3.338,3.528,3.528,28309,0.001442,19.71
2026-09-01 00:40,AAVE,AAVE,124.16,1.611,0.805,1.611,1.611,158893,0.00125,14.11
2026-09-01 00:40,ARB,ARB,0.106575,0.938,0.469,0.469,0.469,56928,0.002979,18.28
2026-09-01 00:40,POL,POL,0.090287,3.101,1.661,2.99,2.99,7125,-0.00139,12.32
2026-09-01 00:40,RENDER,RENDER,1.4172500000000001,6.35,3.175,3.881,5.292,13109,0.00125,18.85
2026-09-01 00:40,DOGE,DOGE,0.0829245,0.121,0.06,0.06,0.06,144431,0.00125,12.62
2026-09-01 00:40,SHIB,kSHIB,0.0050745,1.971,0.985,0.985,4.927,204891,0.00125,14.47
2026-09-01 00:40,PEPE,kPEPE,0.0035615,2.808,1.404,1.404,1.404,1013180,0.001011,14.64
2026-09-01 00:40,WIF,WIF,0.198855,2.514,1.257,2.766,2.766,46177,0.00125,15.01
2026-09-01 00:40,BONK,kBONK,0.0030025,3.331,1.665,8.326,8.326,154514,0.00125,15.83
2026-09-01 00:40,TRUMP,TRUMP,2.4231499999999997,0.413,0.206,0.206,0.619,42695,0.00125,12.91
2026-09-01 00:45,BTC,BTC,78643.5,0.127,0.064,0.064,0.064,3391189,0.00125,12.63
2026-09-01 00:45,ETH,ETH,2469.6499999999996,0.405,0.202,0.202,0.202,10427661,0.00125,12.9
2026-09-01 00:45,SOL,SOL,103.195,0.969,0.485,0.485,0.485,4890902,0.00125,13.47
2026-09-01 00:45,XRP,XRP,1.3811499999999999,0.724,0.362,0.362,1.086,1516045,0.00125,13.22
2026-09-01 00:45,AVAX,AVAX,7.22135,0.969,0.485,0.485,1.039,32447,0.000593,11.63
2026-09-01 00:45,LINK,LINK,11.3185,0.884,0.442,0.442,1.325,373009,0.00125,13.38
2026-09-01 00:45,LTC,LTC,48.5715,0.618,0.309,0.515,0.926,54808,0.00125,13.12
2026-09-01 00:45,ADA,ADA,0.19877,2.012,1.006,1.006,1.006,129322,0.000393,12.11
2026-09-01 00:45,DOT,DOT,0.83635,1.196,0.598,0.717,0.717,33617,-0.000184,10.2
2026-09-01 00:45,UNI,UNI,5.2437000000000005,0.763,0.381,0.572,2.098,15522,0.001563,14.14
2026-09-01 00:45,AAVE,AAVE,124.245,2.415,1.207,2.012,2.817,163772,0.00125,14.91
2026-09-01 00:45,ARB,ARB,0.10694999999999999,3.74,3.74,3.74,3.74,66862,0.003018,24.93
2026-09-01 00:45,POL,POL,0.090274,0.886,0.443,0.443,2.769,9913,-0.001307,9.89
2026-09-01 00:45,RENDER,RENDER,1.4174,5.644,2.822,3.528,4.233,16374,0.00125,18.14
2026-09-01 00:45,DOGE,DOGE,0.08296049999999999,0.121,0.06,0.181,0.181,162209,0.00125,12.62
2026-09-01 00:45,SHIB,kSHIB,0.005076499999999999,1.97,0.985,0.985,4.925,197358,0.00125,14.47
2026-09-01 00:45,PEPE,kPEPE,0.0035595,2.809,1.405,1.405,1.405,1101979,0.000868,14.24
2026-09-01 00:45,WIF,WIF,0.198855,1.509,0.754,1.76,3.269,61386,0.00125,14.01
2026-09-01 00:45,BONK,kBONK,0.0030025,3.331,1.665,4.996,4.996,190325,0.00125,15.83
2026-09-01 00:45,TRUMP,TRUMP,2.42255,0.413,0.206,0.206,0.206,53172,0.00125,12.91
2026-09-01 00:50,BTC,BTC,78590.5,0.127,0.064,0.064,0.064,4484922,0.00125,12.63
2026-09-01 00:50,ETH,ETH,2469.45,0.405,0.202,0.202,0.202,7735345,0.00125,12.9
2026-09-01 00:50,SOL,SOL,103.155,0.969,0.485,0.485,0.485,5237420,0.00125,13.47
2026-09-01 00:50,XRP,XRP,1.38015,0.725,1.087,1.087,1.087,1531737,0.00125,14.67
2026-09-01 00:50,AVAX,AVAX,7.22075,0.969,0.485,0.623,0.623,53697,0.000668,11.84
2026-09-01 00:50,LINK,LINK,11.3305,0.883,0.441,0.441,0.441,227856,0.00125,13.38
2026-09-01 00:50,LTC,LTC,48.5655,0.206,0.103,0.103,0.103,73879,0.00125,12.71
2026-09-01 00:50,ADA,ADA,0.19865500000000003,1.51,0.755,0.755,0.755,159071,0.000383,11.58
2026-09-01 00:50,DOT,DOT,0.8355,1.676,0.838,0.958,0.958,37025,-4.4e-05,10.68
2026-09-01 00:50,UNI,UNI,5.2364,1.146,0.573,0.764,1.146,19219,0.001614,14.66
2026-09-01 00:50,AAVE,AAVE,124.205,0.805,0.403,1.208,2.013,110436,0.00125,13.31
2026-09-01 00:50,ARB,ARB,0.106225,4.707,2.353,2.353,2.353,52568,0.003016,22.15
2026-09-01 00:50,POL,POL,0.09015999999999999,0.887,0.444,0.444,0.444,12746,-0.001264,9.89
2026-09-01 00:50,RENDER,RENDER,1.4177,4.232,2.116,2.821,2.821,16102,0.00125,16.73
2026-09-01 00:50,DOGE,DOGE,0.082966,0.723,0.362,0.362,0.362,146687,0.00125,13.22
2026-09-01 00:50,SHIB,kSHIB,0.005078,3.939,1.969,1.969,1.969,290100,0.00125,16.44
2026-09-01 00:50,PEPE,kPEPE,0.0035635,2.806,1.403,1.403,1.403,1071247,0.000701,13.77
2026-09-01 00:50,WIF,WIF,0.198935,2.513,1.257,2.765,3.267,43766,0.00125,15.01
2026-09-01 00:50,BONK,kBONK,0.0030055,3.327,4.991,4.991,4.991,173295,0.00125,22.48
2026-09-01 00:50,TRUMP,TRUMP,2.4284499999999998,0.412,1.853,2.677,3.5,44025,0.00125,16.21
2026-09-01 00:55,BTC,BTC,78565.5,0.127,0.064,0.064,0.064,2417204,0.00125,12.63
2026-09-01 00:55,ETH,ETH,2470.25,0.405,0.202,0.202,0.202,10316490,0.00125,12.9
2026-09-01 00:55,SOL,SOL,103.195,0.969,0.485,0.485,0.485,5219628,0.00125,13.47
2026-09-01 00:55,XRP,XRP,1.38035,0.724,0.362,1.087,1.087,1292296,0.00125,13.22
2026-09-01 00:55,AVAX,AVAX,7.22105,1.523,0.762,1.177,1.177,61759,0.00068,12.43
2026-09-01 00:55,LINK,LINK,11.3225,0.883,0.442,1.325,2.208,385712,0.00125,13.38
2026-09-01 00:55,LTC,LTC,48.585,0.412,0.412,0.412,0.617,85390,0.00125,13.32
2026-09-01 00:55,ADA,ADA,0.198635,0.503,0.252,0.252,0.252,125891,0.000338,10.45
2026-09-01 00:55,DOT,DOT,0.8359449999999999,1.555,0.778,0.897,1.495,32145,3.4e-05,10.65
2026-09-01 00:55,UNI,UNI,5.23435,0.573,0.287,0.478,0.669,19788,0.001621,14.11
2026-09-01 00:55,AAVE,AAVE,124.18,1.611,0.805,1.611,2.416,173832,0.00125,14.11
2026-09-01 00:55,ARB,ARB,0.105685,2.839,1.419,1.419,2.366,39192,0.00276,19.57
2026-09-01 00:55,POL,POL,0.0901875,0.111,0.055,1.275,1.275,7161,-0.001157,9.11
2026-09-01 00:55,RENDER,RENDER,1.4187,4.229,2.115,2.819,2.819,14921,0.00125,16.73
2026-09-01 00:55,DOGE,DOGE,0.08299,0.241,0.12,0.12,0.241,149881,0.00125,12.74
2026-09-01 00:55,SHIB,kSHIB,0.0050805,1.968,0.984,0.984,2.952,256645,0.00125,14.47
2026-09-01 00:55,PEPE,kPEPE,0.0035655,2.805,1.402,1.402,1.402,935334,0.000512,13.24
2026-09-01 00:55,WIF,WIF,0.198475,1.512,0.756,1.763,1.763,47987,0.00125,14.01
2026-09-01 00:55,BONK,kBONK,0.0030005,3.333,1.666,4.999,4.999,170286,0.00125,15.83
2026-09-01 00:55,TRUMP,TRUMP,2.42675,1.236,0.618,1.03,1.03,43489,0.00125,13.74
2026-09-01 01:00,BTC,BTC,78537.5,0.127,0.064,0.064,0.064,3218327,0.00125,12.63
2026-09-01 01:00,ETH,ETH,2468.75,0.405,0.203,0.203,0.203,8098173,0.00125,12.91
2026-09-01 01:00,SOL,SOL,103.095,0.97,0.485,0.485,0.485,4554269,0.00125,13.47
2026-09-01 01:00,XRP,XRP,1.3787500000000001,0.725,0.363,0.363,0.363,1443082,0.00125,13.23
2026-09-01 01:00,AVAX,AVAX,7.21565,0.693,0.346,0.346,0.346,28159,0.000407,10.83
2026-09-01 01:00,LINK,LINK,11.3155,0.884,0.442,1.326,1.326,402095,0.00125,13.38
2026-09-01 01:00,LTC,LTC,48.552,0.412,0.206,0.206,1.236,77971,0.00125,12.91
2026-09-01 01:00,ADA,ADA,0.198295,0.504,1.765,1.765,2.269,159191,0.000754,14.64
2026-09-01 01:00,DOT,DOT,0.835895,2.034,1.017,1.137,1.974,33147,-0.002582,11.03
2026-09-01 01:00,UNI,UNI,5.22245,0.957,0.479,0.67,1.053,20082,0.00125,13.46
2026-09-01 01:00,AAVE,AAVE,124.12,1.611,0.806,0.806,0.806,189968,0.00125,14.11
2026-09-01 01:00,ARB,ARB,0.10697999999999999,3.739,1.87,2.804,2.804,55990,0.003696,23.09
2026-09-01 01:00,POL,POL,0.0901205,3.218,2.275,3.273,4.716,8882,0.001057,16.51
2026-09-01 01:00,RENDER,RENDER,1.4177,2.821,1.411,2.116,2.116,42500,0.00125,15.32
2026-09-01 01:00,DOGE,DOGE,0.082921,1.206,0.603,0.603,0.603,156741,0.001242,13.68
2026-09-01 01:00,SHIB,kSHIB,0.0050755,1.97,0.985,0.985,0.985,188630,0.00125,14.47
2026-09-01 01:00,PEPE,kPEPE,0.0035615,2.808,1.404,1.404,1.404,968887,-0.00208,11.81
2026-09-01 01:00,WIF,WIF,0.19854,2.015,1.007,1.007,3.022,41234,0.00125,14.51
2026-09-01 01:00,BONK,kBONK,0.0030015,3.332,4.998,4.998,4.998,208421,0.00125,22.5
2026-09-01 01:00,TRUMP,TRUMP,2.42555,1.237,0.618,0.618,0.618,78938,-0.006848,10.24
2026-09-01 01:05,BTC,BTC,78460.5,0.127,0.064,0.064,0.064,2500302,0.00125,12.63
2026-09-01 01:05,ETH,ETH,2464.95,0.406,0.203,0.203,0.203,7651126,0.00125,12.91
2026-09-01 01:05,SOL,SOL,102.975,0.971,0.486,0.486,0.486,4708858,0.001209,13.36
2026-09-01 01:05,XRP,XRP,1.3771499999999999,0.726,0.363,0.363,0.363,1478650,0.00125,13.23
2026-09-01 01:05,AVAX,AVAX,7.21565,0.693,0.485,0.485,0.485,27843,0.001115,13.09
2026-09-01 01:05,LINK,LINK,11.2965,0.885,0.443,0.443,1.328,373826,0.00125,13.39
2026-09-01 01:05,LTC,LTC,48.483999999999995,0.825,0.413,0.413,0.413,48471,0.00125,13.33
2026-09-01 01:05,ADA,ADA,0.198075,0.505,0.252,0.252,0.252,206513,0.00125,13.0
2026-09-01 01:05,DOT,DOT,0.834215,0.839,0.42,0.42,0.42,33329,0.000824,12.15
2026-09-01 01:05,UNI,UNI,5.21055,0.192,0.096,0.096,0.096,20286,0.00125,12.69
2026-09-01 01:05,AAVE,AAVE,124.005,0.806,2.016,2.822,3.629,174861,0.00125,16.53
2026-09-01 01:05,ARB,ARB,0.10762,3.717,1.858,2.788,2.788,40547,0.003484,22.47
2026-09-01 01:05,POL,POL,0.090289,2.88,1.44,1.44,1.551,9366,-0.000989,11.88
2026-09-01 01:05,RENDER,RENDER,1.41765,4.938,2.469,3.174,3.174,24296,0.00125,17.44
2026-09-01 01:05,DOGE,DOGE,0.0827495,0.121,0.06,0.06,0.06,191363,0.00125,12.62
2026-09-01 01:05,SHIB,kSHIB,0.0050745,1.971,0.985,0.985,2.956,241200,0.00125,14.47
2026-09-01 01:05,PEPE,kPEPE,0.0035575,2.811,1.405,1.405,1.405,989082,-0.001189,11.81
2026-09-01 01:05,WIF,WIF,0.198135,2.524,1.262,1.262,2.776,48095,0.00125,15.02
2026-09-01 01:05,BONK,kBONK,0.0030045000000000002,3.328,1.664,4.993,4.993,174089,0.00125,15.83
2026-09-01 01:05,TRUMP,TRUMP,2.42565,0.412,0.206,1.031,1.855,64832,-0.003914,9.41
2026-09-01 01:10,BTC,BTC,78455.5,0.127,0.064,0.064,0.064,6120699,0.00125,12.63
2026-09-01 01:10,ETH,ETH,2466.05,0.406,0.203,0.203,0.203,9595942,0.00125,12.91
2026-09-01 01:10,SOL,SOL,103.065,0.97,0.485,0.485,0.485,4874735,0.001108,13.07
2026-09-01 01:10,XRP,XRP,1.37725,0.726,0.363,0.363,0.363,1884026,0.00125,13.23
2026-09-01 01:10,AVAX,AVAX,7.2200500000000005,0.139,0.208,0.208,0.208,69680,0.001115,12.54
2026-09-01 01:10,LINK,LINK,11.337499999999999,0.882,3.087,3.087,4.851,109554,0.00125,18.67
2026-09-01 01:10,LTC,LTC,48.515,0.412,0.206,0.412,0.412,59518,0.00125,12.91
2026-09-01 01:10,ADA,ADA,0.198685,0.503,0.252,0.252,0.252,183350,0.00125,13.0
2026-09-01 01:10,DOT,DOT,0.8358099999999999,3.111,1.555,1.555,1.675,49679,0.00125,15.61
2026-09-01 01:10,UNI,UNI,5.209099999999999,2.304,1.152,1.344,1.92,16385,0.00125,14.8
2026-09-01 01:10,AAVE,AAVE,123.995,0.806,1.21,1.21,2.016,176697,0.00125,14.92
2026-09-01 01:10,ARB,ARB,0.10863,3.682,1.841,1.841,1.841,48500,0.003553,22.63
2026-09-01 01:10,POL,POL,0.0902535,2.77,1.385,1.496,1.939,11455,-0.000702,11.77
2026-09-01 01:10,RENDER,RENDER,1.4196,2.818,1.409,2.818,3.522,8999,0.00125,15.32
2026-09-01 01:10,DOGE,DOGE,0.08283750000000001,0.604,0.302,0.423,0.543,103842,0.00125,13.1
2026-09-01 01:10,SHIB,kSHIB,0.005079,3.938,1.969,1.969,3.938,180371,0.00125,16.44
2026-09-01 01:10,PEPE,kPEPE,0.0035595,2.809,1.405,1.405,1.405,1029966,-0.001238,11.81
2026-09-01 01:10,WIF,WIF,0.19796999999999998,2.021,1.01,1.515,2.021,46115,0.00125,14.52
2026-09-01 01:10,BONK,kBONK,0.0030080000000000003,6.649,3.324,6.649,6.649,185525,0.00125,19.15
2026-09-01 01:10,TRUMP,TRUMP,2.42345,0.413,0.206,1.032,1.444,24508,-0.004046,9.41
2026-09-01 01:15,BTC,BTC,78465.5,0.127,1.721,1.721,1.721,3390292,0.00125,15.94
2026-09-01 01:15,ETH,ETH,2465.45,0.406,0.203,0.203,0.203,9211198,0.00125,12.91
2026-09-01 01:15,SOL,SOL,103.045,0.97,0.485,0.485,0.485,4815674,0.001132,13.14
2026-09-01 01:15,XRP,XRP,1.37805,0.726,0.363,0.363,0.363,2068174,0.00125,13.23
2026-09-01 01:15,AVAX,AVAX,7.2254000000000005,0.83,0.415,1.107,1.107,88364,0.001094,12.89
2026-09-01 01:15,LINK,LINK,11.302,1.77,0.885,0.885,0.885,411929,0.00125,14.27
2026-09-01 01:15,LTC,LTC,48.4795,0.206,0.103,0.103,0.103,60135,0.00125,12.71
2026-09-01 01:15,ADA,ADA,0.198125,0.505,0.252,1.262,1.262,135630,0.00125,13.0
2026-09-01 01:15,DOT,DOT,0.835315,1.796,0.898,0.898,0.898,31959,0.000986,13.56
2026-09-01 01:15,UNI,UNI,5.2041,0.769,0.384,0.384,0.961,17257,0.00125,13.27
2026-09-01 01:15,AAVE,AAVE,123.995,0.806,0.403,0.403,0.403,196525,0.00125,13.31
2026-09-01 01:15,ARB,ARB,0.10808000000000001,1.85,0.925,0.925,0.925,69502,0.002463,17.75
2026-09-01 01:15,POL,POL,0.090093,2.886,1.443,1.554,2.553,7540,-0.000278,11.89
2026-09-01 01:15,RENDER,RENDER,1.4182,1.41,3.526,4.936,6.346,8463,0.00125,19.55
2026-09-01 01:15,DOGE,DOGE,0.0828575,0.603,0.302,0.302,0.422,129691,0.00125,13.1
2026-09-01 01:15,SHIB,kSHIB,0.0050755,1.97,0.985,0.985,0.985,183797,0.00125,14.47
2026-09-01 01:15,PEPE,kPEPE,0.0035564999999999998,2.812,1.406,1.406,1.406,993857,-0.001201,11.81
2026-09-01 01:15,WIF,WIF,0.19796999999999998,2.021,1.01,1.515,2.526,44956,0.00125,14.52
2026-09-01 01:15,BONK,kBONK,0.0030045000000000002,3.328,1.664,4.993,4.993,149519,0.00125,15.83
2026-09-01 01:15,TRUMP,TRUMP,2.4208499999999997,0.413,0.207,0.207,1.033,54519,-0.004096,9.41
2026-09-01 01:20,BTC,BTC,78542.5,0.127,0.064,0.064,0.064,4811006,0.00125,12.63
2026-09-01 01:20,ETH,ETH,2465.55,0.406,0.203,0.203,0.203,8761843,0.00125,12.91
2026-09-01 01:20,SOL,SOL,103.08500000000001,0.97,0.485,0.485,0.485,5132535,0.001185,13.29
2026-09-01 01:20,XRP,XRP,1.3790499999999999,0.725,0.363,0.363,0.363,1985428,0.00125,13.23
2026-09-01 01:20,AVAX,AVAX,7.2258,1.384,0.692,0.83,1.246,71279,0.001189,13.71
2026-09-01 01:20,LINK,LINK,11.2895,0.886,0.443,1.329,2.214,207017,0.00125,13.39
2026-09-01 01:20,LTC,LTC,48.5025,0.206,0.103,0.103,0.103,44821,0.00125,12.71
2026-09-01 01:20,ADA,ADA,0.198205,0.505,0.252,0.252,0.757,164270,0.00125,13.0
2026-09-01 01:20,DOT,DOT,0.836015,2.99,1.495,1.495,1.495,29074,0.000771,14.15
2026-09-01 01:20,UNI,UNI,5.19805,1.347,0.673,0.866,1.058,15976,0.00125,13.85
2026-09-01 01:20,AAVE,AAVE,124.07499999999999,0.806,0.403,0.403,0.403,176207,0.00125,13.31
2026-09-01 01:20,ARB,ARB,0.108045,8.33,4.165,4.165,4.165,49786,0.002592,24.59
2026-09-01 01:20,POL,POL,0.0901985,2.328,1.164,1.275,1.608,14025,-0.00012,11.33
2026-09-01 01:20,RENDER,RENDER,1.41975,2.113,4.578,5.283,7.396,13823,0.00125,21.66
2026-09-01 01:20,DOGE,DOGE,0.08287800000000001,0.241,0.121,0.121,0.603,113773,0.00125,12.74
2026-09-01 01:20,SHIB,kSHIB,0.0050785,1.969,0.985,0.985,4.923,200923,0.00125,14.47
2026-09-01 01:20,PEPE,kPEPE,0.0035585,2.81,1.405,1.405,1.405,1009066,-0.001055,11.81
2026-09-01 01:20,WIF,WIF,0.198025,1.515,0.757,1.262,1.262,46253,0.00125,14.01
2026-09-01 01:20,BONK,kBONK,0.0030005,3.333,1.666,1.666,1.666,145433,0.00125,15.83
2026-09-01 01:20,TRUMP,TRUMP,2.42185,0.413,0.206,0.206,0.206,69085,-0.004081,9.41
2026-09-01 01:25,BTC,BTC,78537.5,0.127,0.064,0.064,0.064,3171784,0.00125,12.63
2026-09-01 01:25,ETH,ETH,2465.55,0.406,0.203,0.203,0.203,4413266,0.00125,12.91
2026-09-01 01:25,SOL,SOL,103.11500000000001,0.97,0.485,0.485,0.485,4819362,0.00125,13.47
2026-09-01 01:25,XRP,XRP,1.37935,0.725,0.362,0.362,0.362,1558750,0.00125,13.22
2026-09-01 01:25,AVAX,AVAX,7.22635,1.245,0.899,1.038,1.038,85934,0.001232,14.25
2026-09-01 01:25,LINK,LINK,11.296,1.771,0.885,0.885,0.885,395436,0.00125,14.27
2026-09-01 01:25,LTC,LTC,48.4965,0.619,0.309,0.516,0.516,67486,0.00125,13.12
2026-09-01 01:25,ADA,ADA,0.19810499999999998,1.514,0.757,0.757,0.757,176120,0.00125,14.01
2026-09-01 01:25,DOT,DOT,0.83589,2.393,1.196,1.316,1.794,43383,0.000551,12.94
2026-09-01 01:25,UNI,UNI,5.19735,1.732,0.866,1.058,1.058,16226,0.00125,14.23
2026-09-01 01:25,AAVE,AAVE,124.10499999999999,0.806,0.403,0.403,0.403,184540,0.00125,13.31
2026-09-01 01:25,ARB,ARB,0.10793,3.706,2.78,2.78,2.78,80805,0.002335,21.1
2026-09-01 01:25,POL,POL,0.090148,1.553,0.887,0.887,2.108,11368,4.5e-05,10.9
2026-09-01 01:25,RENDER,RENDER,1.4205999999999999,5.631,2.816,4.224,4.224,18205,0.00125,18.13
2026-09-01 01:25,DOGE,DOGE,0.0828955,0.362,0.181,0.181,0.181,183418,0.00125,12.86
2026-09-01 01:25,SHIB,kSHIB,0.0050775,1.969,0.985,0.985,2.954,185704,0.00125,14.47
2026-09-01 01:25,PEPE,kPEPE,0.0035515,2.816,1.408,1.408,1.408,994485,-0.001241,11.82
2026-09-01 01:25,WIF,WIF,0.197945,2.526,1.263,2.779,3.284,45949,0.00125,15.03
2026-09-01 01:25,BONK,kBONK,0.0030020000000000003,6.662,3.331,6.662,6.662,147195,0.00125,19.16
2026-09-01 01:25,TRUMP,TRUMP,2.4119,1.658,0.829,0.829,0.829,40959,-0.004463,10.66
2026-09-01 01:30,BTC,BTC,78567.5,0.127,0.064,0.064,0.064,4758724,0.00125,12.63
2026-09-01 01:30,ETH,ETH,2466.6499999999996,0.405,0.203,0.203,0.203,8418015,0.00125,12.91
2026-09-01 01:30,SOL,SOL,103.155,0.969,0.485,0.485,0.485,4603482,0.00125,13.47
2026-09-01 01:30,XRP,XRP,1.38005,0.725,0.362,0.362,0.362,1926246,0.00125,13.22
2026-09-01 01:30,AVAX,AVAX,7.2275,1.107,0.553,0.83,1.107,62499,0.00125,13.61
2026-09-01 01:30,LINK,LINK,11.3005,0.885,0.442,0.442,0.442,404267,0.00125,13.38
2026-09-01 01:30,LTC,LTC,48.4895,1.031,0.516,0.516,0.928,70564,0.00125,13.53
2026-09-01 01:30,ADA,ADA,0.19790000000000002,1.011,0.505,1.011,1.011,198191,0.00125,13.51
2026-09-01 01:30,DOT,DOT,0.836015,0.837,0.419,0.658,0.658,28025,0.000333,10.77
2026-09-01 01:30,UNI,UNI,5.2054,1.153,0.576,1.537,1.729,36452,0.00125,13.65
2026-09-01 01:30,AAVE,AAVE,124.095,0.806,0.403,0.403,1.209,198351,0.00125,13.31
2026-09-01 01:30,ARB,ARB,0.10807,1.851,0.925,0.925,3.701,70455,0.00205,16.59
2026-09-01 01:30,POL,POL,0.090201,1.552,0.776,0.887,3.104,8828,-0.000474,10.55
2026-09-01 01:30,RENDER,RENDER,1.4217,4.22,2.11,2.814,2.814,14883,0.00125,16.72
2026-09-01 01:30,DOGE,DOGE,0.0829185,0.121,0.06,0.543,0.663,174278,0.00125,12.62
2026-09-01 01:30,SHIB,kSHIB,0.005079500000000001,1.969,0.984,0.984,2.953,181478,0.00125,14.47
2026-09-01 01:30,PEPE,kPEPE,0.0035545,2.813,1.407,1.407,1.407,996241,-0.001118,11.81
2026-09-01 01:30,WIF,WIF,0.19777,2.023,1.517,2.528,3.539,45711,0.00125,15.53
2026-09-01 01:30,BONK,kBONK,0.0030085,3.324,1.662,4.986,4.986,150617,0.00125,15.82
2026-09-01 01:30,TRUMP,TRUMP,2.4173999999999998,1.655,0.827,1.241,2.068,78621,-0.004526,10.65
2026-09-01 01:35,BTC,BTC,78538.5,0.127,0.064,0.064,0.064,6577909,0.00125,12.63
2026-09-01 01:35,ETH,ETH,2466.45,0.405,0.203,0.203,0.203,9284274,0.00125,12.91
2026-09-01 01:35,SOL,SOL,103.035,0.971,0.485,0.485,0.485,5227118,0.00125,13.47
2026-09-01 01:35,XRP,XRP,1.37995,0.725,0.362,0.362,0.362,1910068,0.00125,13.22
2026-09-01 01:35,AVAX,AVAX,7.224,0.277,0.692,0.692,1.384,82488,0.00125,13.88
2026-09-01 01:35,LINK,LINK,11.296,1.771,0.885,0.885,0.885,381362,0.00125,14.27
2026-09-01 01:35,LTC,LTC,48.4845,1.031,0.516,0.516,0.516,86352,0.00125,13.53
2026-09-01 01:35,ADA,ADA,0.197805,0.506,0.253,0.253,0.758,124835,0.00125,13.01
2026-09-01 01:35,DOT,DOT,0.8372299999999999,1.911,0.956,1.075,1.075,47373,0.000206,11.49
2026-09-01 01:35,UNI,UNI,5.2036,1.153,0.577,0.769,0.769,18327,0.00125,13.65
2026-09-01 01:35,AAVE,AAVE,124.025,0.806,0.403,0.403,2.016,135927,0.00125,13.31
2026-09-01 01:35,ARB,ARB,0.109315,0.915,0.457,0.457,2.287,65842,0.002385,16.59
2026-09-01 01:35,POL,POL,0.09054400000000001,4.639,2.319,2.43,2.651,9431,-0.00076,13.64
2026-09-01 01:35,RENDER,RENDER,1.4202,2.817,1.408,3.521,5.633,13184,0.00125,15.32
2026-09-01 01:35,DOGE,DOGE,0.0828415,0.121,0.06,0.06,1.75,152356,0.00125,12.62
2026-09-01 01:35,SHIB,kSHIB,0.005076499999999999,1.97,0.985,0.985,2.955,180676,0.00125,14.47
2026-09-01 01:35,PEPE,kPEPE,0.0035525,2.815,1.407,1.407,1.407,1059297,-0.001104,11.81
2026-09-01 01:35,WIF,WIF,0.19787,2.022,1.516,1.516,3.032,56978,0.00125,15.53
2026-09-01 01:35,BONK,kBONK,0.0030015,3.332,1.666,4.998,4.998,170989,0.00125,15.83
2026-09-01 01:35,TRUMP,TRUMP,2.41305,1.243,0.622,0.622,0.622,65761,-0.004596,10.24
2026-09-01 01:40,BTC,BTC,78543.5,0.127,0.064,0.064,0.064,6058115,0.00125,12.63
2026-09-01 01:40,ETH,ETH,2466.6499999999996,0.405,0.203,0.203,0.203,8901666,0.00125,12.91
2026-09-01 01:40,SOL,SOL,103.015,0.971,0.485,0.485,0.485,4740332,0.00125,13.47
2026-09-01 01:40,XRP,XRP,1.37935,0.725,0.362,0.362,0.362,1809982,0.00125,13.22
2026-09-01 01:40,AVAX,AVAX,7.22175,0.969,0.485,0.623,1.177,33992,0.00125,13.47
2026-09-01 01:40,LINK,LINK,11.3125,0.884,0.442,0.442,0.442,245707,0.00125,13.38
2026-09-01 01:40,LTC,LTC,48.497,0.825,0.412,0.412,0.412,72473,0.00125,13.32
2026-09-01 01:40,ADA,ADA,0.197735,0.506,0.253,0.253,0.253,135191,0.00125,13.01
2026-09-01 01:40,DOT,DOT,0.8361799999999999,0.718,0.359,1.674,1.674,31464,8.3e-05,9.95
2026-09-01 01:40,UNI,UNI,5.19535,1.347,0.674,0.866,1.444,198420,0.00125,13.85
2026-09-01 01:40,AAVE,AAVE,124.035,0.806,1.209,2.016,2.822,165524,0.00125,14.92
2026-09-01 01:40,ARB,ARB,0.108845,0.919,0.459,0.459,2.297,55024,0.002552,17.06
2026-09-01 01:40,POL,POL,0.0905015,1.215,0.608,2.928,2.928,19366,-0.000568,10.22
2026-09-01 01:40,RENDER,RENDER,1.4202,5.633,2.817,4.225,5.633,15995,0.00125,18.13
2026-09-01 01:40,DOGE,DOGE,0.0827985,0.604,0.302,0.423,0.543,149972,0.00125,13.1
2026-09-01 01:40,SHIB,kSHIB,0.005072500000000001,1.971,0.986,0.986,0.986,198486,0.00125,14.47
2026-09-01 01:40,PEPE,kPEPE,0.0035485,2.818,1.409,1.409,1.409,1020782,-0.001491,11.82
2026-09-01 01:40,WIF,WIF,0.197635,2.53,1.265,2.783,3.795,46136,0.00125,15.03
2026-09-01 01:40,BONK,kBONK,0.0029975,3.336,5.004,8.34,8.34,153107,0.00125,22.51
2026-09-01 01:40,TRUMP,TRUMP,2.4135,4.143,2.9,2.9,2.9,91620,-0.004636,14.8
2026-09-01 01:45,BTC,BTC,78552.5,0.127,0.064,0.064,0.064,6288708,0.00125,12.63
2026-09-01 01:45,ETH,ETH,2467.8500000000004,0.405,0.203,0.203,0.203,9551297,0.00125,12.91
2026-09-01 01:45,SOL,SOL,102.935,0.971,0.486,0.486,0.486,5184231,0.00125,13.47
2026-09-01 01:45,XRP,XRP,1.3787500000000001,0.725,0.363,0.363,0.363,1931488,0.00125,13.23
2026-09-01 01:45,AVAX,AVAX,7.221550000000001,1.523,0.762,0.9,1.177,68464,0.00125,14.02
2026-09-01 01:45,LINK,LINK,11.311,1.768,0.884,1.768,1.768,385740,0.00125,14.27
2026-09-01 01:45,LTC,LTC,48.501999999999995,0.825,0.412,0.412,0.412,67181,0.00125,13.32
2026-09-01 01:45,ADA,ADA,0.197605,0.506,0.253,0.253,0.253,175567,0.00125,13.01
2026-09-01 01:45,DOT,DOT,0.8378650000000001,1.79,0.895,1.014,1.134,22378,9.8e-05,11.07
2026-09-01 01:45,UNI,UNI,5.190250000000001,0.578,0.289,0.482,0.674,15551,0.00125,13.08
2026-09-01 01:45,AAVE,AAVE,124.03999999999999,1.612,0.806,1.612,2.419,181806,0.00125,14.11
2026-09-01 01:45,ARB,ARB,0.109015,2.752,1.376,2.293,2.293,80755,0.002614,19.07
2026-09-01 01:45,POL,POL,0.090559,2.871,1.436,1.546,2.319,7501,-0.00033,11.87
2026-09-01 01:45,RENDER,RENDER,1.42075,3.519,1.76,1.76,2.463,15339,0.00125,16.02
2026-09-01 01:45,DOGE,DOGE,0.08274,0.242,0.121,0.121,0.121,75587,0.00125,12.74
2026-09-01 01:45,SHIB,kSHIB,0.005069499999999999,1.973,0.986,0.986,0.986,216672,0.00125,14.47
2026-09-01 01:45,PEPE,kPEPE,0.0035425,2.823,1.411,1.411,1.411,986163,-0.001858,11.82
2026-09-01 01:45,WIF,WIF,0.197265,2.535,1.267,1.774,2.281,59629,0.00125,15.03
2026-09-01 01:45,BONK,kBONK,0.0029909999999999997,6.687,3.343,6.687,6.687,157000,0.00125,19.19
2026-09-01 01:45,TRUMP,TRUMP,2.40565,0.416,0.208,2.702,3.118,56799,-0.004743,9.42
2026-09-01 01:50,BTC,BTC,78549.5,0.127,0.064,0.064,0.064,3100843,0.00125,12.63
2026-09-01 01:50,ETH,ETH,2467.3500000000004,0.405,0.203,0.203,0.203,7002028,0.00125,12.91
2026-09-01 01:50,SOL,SOL,102.985,0.971,0.486,0.486,0.486,4975177,0.00125,13.47
2026-09-01 01:50,XRP,XRP,1.37935,0.725,0.362,1.087,1.087,1581177,0.00125,13.22
2026-09-01 01:50,AVAX,AVAX,7.22175,0.692,0.346,0.485,0.485,55303,0.001219,13.11
2026-09-01 01:50,LINK,LINK,11.313500000000001,0.884,0.442,1.326,1.326,443858,0.00125,13.38
2026-09-01 01:50,LTC,LTC,48.5305,0.206,0.309,0.309,0.309,50230,0.00125,13.12
2026-09-01 01:50,ADA,ADA,0.197655,0.506,0.253,0.759,0.759,156806,0.00125,13.01
2026-09-01 01:50,DOT,DOT,0.8383849999999999,1.551,0.775,0.895,0.895,31095,0.000165,11.01
2026-09-01 01:50,UNI,UNI,5.207,0.384,0.192,1.728,2.497,22690,0.00125,12.88
2026-09-01 01:50,AAVE,AAVE,124.00999999999999,1.613,0.806,0.806,0.806,137926,0.00125,14.11
2026-09-01 01:50,ARB,ARB,0.10919999999999999,1.832,0.916,0.916,0.916,65936,0.002623,18.18
2026-09-01 01:50,POL,POL,0.0905425,2.319,1.16,1.27,2.154,25472,-0.000168,11.32
2026-09-01 01:50,RENDER,RENDER,1.4214,4.221,2.111,2.814,4.925,13074,0.00125,16.72
2026-09-01 01:50,DOGE,DOGE,0.082774,0.483,0.242,0.362,0.604,151345,0.00125,12.98
2026-09-01 01:50,SHIB,kSHIB,0.0050705,1.972,0.986,0.986,2.958,199075,0.00125,14.47
2026-09-01 01:50,PEPE,kPEPE,0.0035455,2.82,1.41,1.41,1.41,1078696,-0.001956,11.82
2026-09-01 01:50,WIF,WIF,0.19733499999999998,1.52,0.76,1.267,2.787,49870,0.00125,14.02
2026-09-01 01:50,BONK,kBONK,0.0029905,3.344,1.672,5.016,5.016,170564,0.00125,15.84
2026-09-01 01:50,TRUMP,TRUMP,2.41095,2.903,1.452,1.452,1.452,82913,-0.004773,11.9
2026-09-01 01:55,BTC,BTC,78550.5,0.127,0.064,0.064,0.064,6447148,0.00125,12.63
2026-09-01 01:55,ETH,ETH,2467.05,0.405,0.203,0.203,0.203,8879357,0.00125,12.91
2026-09-01 01:55,SOL,SOL,102.975,0.971,0.486,0.486,0.486,4891069,0.00125,13.47
2026-09-01 01:55,XRP,XRP,1.3792499999999999,0.725,0.363,0.363,0.363,2033550,0.00125,13.23
2026-09-01 01:55,AVAX,AVAX,7.2296,0.277,0.138,0.138,0.415,76322,0.00125,12.78
2026-09-01 01:55,LINK,LINK,11.311499999999999,0.884,0.442,0.442,0.442,461970,0.00125,13.38
2026-09-01 01:55,LTC,LTC,48.525,1.236,0.618,0.618,0.824,77154,0.00125,13.74
2026-09-01 01:55,ADA,ADA,0.197605,0.506,0.759,0.759,1.265,198300,0.00125,14.02
2026-09-01 01:55,DOT,DOT,0.838965,1.311,0.656,0.775,0.775,34085,0.000194,10.86
2026-09-01 01:55,UNI,UNI,5.23865,1.718,0.859,0.859,0.859,16205,0.00125,14.22
2026-09-01 01:55,AAVE,AAVE,124.005,0.806,0.403,0.403,0.403,178767,0.00125,13.31
2026-09-01 01:55,ARB,ARB,0.109305,2.745,1.372,1.372,4.117,36814,0.002615,19.07
2026-09-01 01:55,POL,POL,0.0905105,2.32,1.16,1.271,1.933,10052,-0.000167,11.32
2026-09-01 01:55,RENDER,RENDER,1.4238499999999998,0.702,0.351,0.351,0.351,18492,0.00125,13.2
2026-09-01 01:55,DOGE,DOGE,0.0827875,0.121,0.06,0.423,0.544,153021,0.00125,12.62
2026-09-01 01:55,SHIB,kSHIB,0.005069499999999999,1.973,0.986,0.986,2.959,211143,0.00125,14.47
2026-09-01 01:55,PEPE,kPEPE,0.0035495,2.817,1.409,1.409,1.409,952784,-0.002035,11.82
2026-09-01 01:55,WIF,WIF,0.19705,2.03,1.015,1.522,2.03,67540,0.00125,14.53
2026-09-01 01:55,BONK,kBONK,0.0029965,3.337,1.669,5.006,5.006,204238,0.00125,15.84
2026-09-01 01:55,TRUMP,TRUMP,2.4192,0.827,0.827,1.653,1.653,62610,-0.004692,10.65
2026-09-01 02:00,BTC,BTC,78561.5,0.127,0.064,0.064,0.064,4622642,0.00125,12.63
2026-09-01 02:00,ETH,ETH,2466.8500000000004,0.405,0.203,0.203,0.203,11825658,0.00125,12.91
2026-09-01 02:00,SOL,SOL,102.975,0.971,0.486,0.486,0.486,5277066,0.000806,12.23
2026-09-01 02:00,XRP,XRP,1.3792499999999999,0.725,0.363,0.363,0.363,1752631,0.00125,13.23
2026-09-01 02:00,AVAX,AVAX,7.22665,1.245,0.761,0.761,0.899,33593,0.00125,14.02
2026-09-01 02:00,LINK,LINK,11.3205,0.883,0.442,0.442,0.442,372729,0.00125,13.38
2026-09-01 02:00,LTC,LTC,48.5295,1.03,0.515,0.927,0.927,57097,0.00125,13.53
2026-09-01 02:00,ADA,ADA,0.197665,0.506,0.253,0.253,0.253,126920,0.00125,13.01
2026-09-01 02:00,DOT,DOT,0.83878,0.715,0.358,0.358,0.358,29285,0.000447,10.97
2026-09-01 02:00,UNI,UNI,5.22645,0.191,0.096,0.096,0.861,17446,0.00125,12.69
2026-09-01 02:00,AAVE,AAVE,124.10499999999999,0.806,0.403,0.403,0.403,154112,0.00125,13.31
2026-09-01 02:00,ARB,ARB,0.109435,0.914,3.198,5.026,5.94,47518,0.006624,33.94
2026-09-01 02:00,POL,POL,0.090519,2.43,1.878,1.878,4.198,9655,-0.00051,12.76
2026-09-01 02:00,RENDER,RENDER,1.4255,5.612,2.806,2.806,3.508,14461,0.00125,18.11
2026-09-01 02:00,DOGE,DOGE,0.0827795,0.121,0.06,0.06,0.06,144026,0.00125,12.62
2026-09-01 02:00,SHIB,kSHIB,0.005069,3.946,1.973,1.973,3.946,208083,0.00125,16.45
2026-09-01 02:00,PEPE,kPEPE,0.0035535000000000002,2.814,1.407,1.407,1.407,873671,-0.001218,11.81
2026-09-01 02:00,WIF,WIF,0.19726,1.014,2.028,2.028,2.535,42188,0.00125,16.56
2026-09-01 02:00,BONK,kBONK,0.0029995,3.334,1.667,5.001,5.001,149707,0.00125,15.83
2026-09-01 02:00,TRUMP,TRUMP,2.41955,1.24,0.62,1.447,2.273,42369,-0.004406,10.24
2026-09-01 02:05,BTC,BTC,78673.5,0.127,0.064,0.064,0.064,4177221,0.00125,12.63
2026-09-01 02:05,ETH,ETH,2469.75,0.405,0.202,0.202,0.202,8962558,0.00125,12.9
2026-09-01 02:05,SOL,SOL,103.14500000000001,0.97,0.485,0.485,0.485,4964477,0.001182,13.28
2026-09-01 02:05,XRP,XRP,1.3811499999999999,0.724,0.362,0.362,0.362,2052374,0.00125,13.22
2026-09-01 02:05,AVAX,AVAX,7.23285,1.244,0.622,0.622,0.622,46973,0.000892,12.74
2026-09-01 02:05,LINK,LINK,11.3475,0.881,0.441,0.441,1.322,378384,0.00125,13.38
2026-09-01 02:05,LTC,LTC,48.6195,0.206,0.103,0.103,0.103,70433,0.00125,12.71
2026-09-01 02:05,ADA,ADA,0.198085,0.505,1.262,1.262,1.767,133642,0.00125,15.02
2026-09-01 02:05,DOT,DOT,0.839905,1.548,1.131,1.131,1.25,27916,0.000748,13.36
2026-09-01 02:05,UNI,UNI,5.2553,0.761,0.381,1.903,2.283,16326,0.00125,13.26
2026-09-01 02:05,AAVE,AAVE,124.30000000000001,1.609,0.805,1.609,2.414,155131,0.00125,14.11
2026-09-01 02:05,ARB,ARB,0.10829,5.541,2.77,2.77,2.77,60214,0.001392,18.44
2026-09-01 02:05,POL,POL,0.0905485,3.203,2.043,2.264,2.264,5886,-0.000902,13.09
2026-09-01 02:05,RENDER,RENDER,1.4276,4.203,2.101,2.802,2.802,18297,0.00125,16.7
2026-09-01 02:05,DOGE,DOGE,0.0827995,0.604,0.302,0.302,0.302,186632,0.00125,13.1
2026-09-01 02:05,SHIB,kSHIB,0.005076499999999999,1.97,2.955,2.955,2.955,179678,0.00125,18.41
2026-09-01 02:05,PEPE,kPEPE,0.0035585,2.81,1.405,1.405,1.405,838169,-0.001603,11.81
2026-09-01 02:05,WIF,WIF,0.198095,2.524,1.262,2.776,3.281,51327,0.00125,15.02
2026-09-01 02:05,BONK,kBONK,0.0030055,3.327,1.664,4.991,4.991,183769,0.00125,15.83
2026-09-01 02:05,TRUMP,TRUMP,2.4197,1.653,0.827,1.653,1.653,75367,-0.002163,10.65
2026-09-01 02:10,BTC,BTC,78711.5,0.127,0.064,0.064,0.064,5487454,0.00125,12.63
2026-09-01 02:10,ETH,ETH,2471.95,0.405,0.202,0.202,0.202,8257921,0.00125,12.9
2026-09-01 02:10,SOL,SOL,103.13499999999999,0.97,0.485,0.485,0.485,4733575,0.00125,13.47
2026-09-01 02:10,XRP,XRP,1.3823,1.447,0.723,0.723,0.723,1728723,0.00125,13.95
2026-09-01 02:10,AVAX,AVAX,7.243,1.381,0.69,0.828,0.828,32036,0.000708,12.36
2026-09-01 02:10,LINK,LINK,11.361,1.76,0.88,0.88,1.76,290348,0.00125,14.26
2026-09-01 02:10,LTC,LTC,48.6555,0.206,0.103,0.103,0.103,83066,0.00125,12.71
2026-09-01 02:10,ADA,ADA,0.198395,0.504,0.756,0.756,1.26,170475,0.00125,14.01
2026-09-01 02:10,DOT,DOT,0.840855,1.308,0.654,1.13,1.249,25995,0.000679,12.21
2026-09-01 02:10,UNI,UNI,5.28085,1.326,0.663,0.852,1.041,37484,0.00125,13.83
2026-09-01 02:10,AAVE,AAVE,124.50999999999999,1.606,0.803,0.803,1.606,121703,0.00125,14.11
2026-09-01 02:10,ARB,ARB,0.109775,2.733,1.366,1.366,3.188,68554,0.002792,19.55
2026-09-01 02:10,POL,POL,0.09071699999999999,0.882,0.441,1.102,1.102,16870,-0.001017,9.88
2026-09-01 02:10,RENDER,RENDER,1.4287,4.2,2.1,2.8,2.8,15918,0.00125,16.7
2026-09-01 02:10,DOGE,DOGE,0.082756,0.967,0.483,0.483,0.483,205596,0.00125,13.47
2026-09-01 02:10,SHIB,kSHIB,0.005081499999999999,1.968,0.984,0.984,0.984,270013,0.00125,14.47
2026-09-01 02:10,PEPE,kPEPE,0.0035575,2.811,1.405,1.405,1.405,961747,-0.001763,11.81
2026-09-01 02:10,WIF,WIF,0.19838,1.008,0.504,2.016,3.024,44727,0.00125,13.51
2026-09-01 02:10,BONK,kBONK,0.0030015,3.332,1.666,1.666,1.666,147112,0.00125,15.83
2026-09-01 02:10,TRUMP,TRUMP,2.41455,1.242,0.621,1.45,1.45,63411,-0.001612,10.24
2026-09-01 02:15,BTC,BTC,78742.5,0.127,0.063,0.063,0.063,1607045,0.00125,12.63
2026-09-01 02:15,ETH,ETH,2472.75,0.404,0.202,0.202,0.202,5595284,0.00125,12.9
2026-09-01 02:15,SOL,SOL,103.245,0.969,0.484,0.484,0.484,4896270,0.00125,13.47
2026-09-01 02:15,XRP,XRP,1.3829500000000001,0.723,0.362,0.362,0.362,2061457,0.00125,13.22
2026-09-01 02:15,AVAX,AVAX,7.2461,0.828,1.242,1.242,1.38,49745,0.000781,13.67
2026-09-01 02:15,LINK,LINK,11.3325,0.882,0.441,0.441,1.324,398852,0.00125,13.38
2026-09-01 02:15,LTC,LTC,48.6495,0.206,0.103,0.103,0.103,66701,0.00125,12.71
2026-09-01 02:15,ADA,ADA,0.198605,0.504,0.252,0.252,0.252,175025,0.00125,13.0
2026-09-01 02:15,DOT,DOT,0.84434,2.132,1.066,1.184,1.421,24729,0.000955,13.81
2026-09-01 02:15,UNI,UNI,5.3332,0.375,0.188,0.188,3.0,16564,0.00125,12.88
2026-09-01 02:15,AAVE,AAVE,124.595,0.803,0.401,0.401,2.007,104112,0.00125,13.3
2026-09-01 02:15,ARB,ARB,0.11024,5.443,2.721,2.721,2.721,43873,0.003538,24.35
2026-09-01 02:15,POL,POL,0.0908305,2.752,2.037,2.037,2.257,7842,-0.001112,13.07
2026-09-01 02:15,RENDER,RENDER,1.4325,5.585,2.792,4.887,5.585,49225,0.00125,18.08
2026-09-01 02:15,DOGE,DOGE,0.082955,0.723,0.362,0.362,0.362,190245,0.00125,13.22
2026-09-01 02:15,SHIB,kSHIB,0.005089,3.93,1.965,1.965,3.93,171504,0.00125,16.43
2026-09-01 02:15,PEPE,kPEPE,0.0035655,2.805,1.402,1.402,1.402,978658,-0.001387,11.8
2026-09-01 02:15,WIF,WIF,0.19866499999999998,4.53,2.265,2.265,2.265,50998,0.00125,17.03
2026-09-01 02:15,BONK,kBONK,0.0030204999999999997,3.311,1.655,4.966,4.966,118069,0.00125,15.81
2026-09-01 02:15,TRUMP,TRUMP,2.4099500000000003,0.415,0.207,0.207,0.207,149186,-0.001004,9.41
2026-09-01 02:20,BTC,BTC,78826.5,0.127,0.063,0.063,0.063,6122606,0.00125,12.63
2026-09-01 02:20,ETH,ETH,2475.45,0.404,0.202,0.202,0.202,7721268,0.00125,12.9
2026-09-01 02:20,SOL,SOL,103.39500000000001,0.967,0.484,0.484,0.484,4789746,0.00125,13.47
2026-09-01 02:20,XRP,XRP,1.3851499999999999,0.722,0.361,0.361,0.361,2306380,0.00125,13.22
2026-09-01 02:20,AVAX,AVAX,7.25915,0.689,0.344,0.482,0.62,59242,0.001036,12.59
2026-09-01 02:20,LINK,LINK,11.349499999999999,0.881,0.441,0.441,1.322,510457,0.00125,13.38
2026-09-01 02:20,LTC,LTC,48.7015,0.616,0.308,0.308,0.513,64792,0.00125,13.12
2026-09-01 02:20,ADA,ADA,0.199625,0.501,0.25,0.25,0.751,84975,0.00125,13.0
2026-09-01 02:20,DOT,DOT,0.844725,0.829,0.414,0.888,1.006,29411,0.000909,12.37
2026-09-01 02:20,UNI,UNI,5.3817,3.345,1.672,1.672,2.044,23649,0.00125,15.84
2026-09-01 02:20,AAVE,AAVE,125.305,2.394,1.197,1.995,2.793,139794,0.00125,14.89
2026-09-01 02:20,ARB,ARB,0.111125,8.099,4.049,4.049,5.849,42854,0.003569,27.09
2026-09-01 02:20,POL,POL,0.090723,0.441,2.756,3.197,5.291,6240,-0.001771,14.51
2026-09-01 02:20,RENDER,RENDER,1.44495,2.076,3.806,3.806,4.498,19941,0.00125,20.11
2026-09-01 02:20,DOGE,DOGE,0.083087,0.481,0.241,0.361,0.361,207483,0.00125,12.98
2026-09-01 02:20,SHIB,kSHIB,0.0050895,1.965,2.947,4.912,4.912,170221,0.00125,18.39
2026-09-01 02:20,PEPE,kPEPE,0.0035665000000000002,2.804,1.402,1.402,1.402,928916,-0.001178,11.8
2026-09-01 02:20,WIF,WIF,0.19953500000000002,1.503,1.253,1.253,1.253,38922,0.00125,15.01
2026-09-01 02:20,BONK,kBONK,0.00304,6.579,3.289,6.579,6.579,124482,0.00125,19.08
2026-09-01 02:20,TRUMP,TRUMP,2.4143,0.828,1.243,1.657,2.071,58292,-0.000502,11.49
2026-09-01 02:25,BTC,BTC,78857.5,0.127,0.063,0.063,0.063,4387154,0.00125,12.63
2026-09-01 02:25,ETH,ETH,2476.45,0.404,0.202,0.202,0.202,6596259,0.00125,12.9
2026-09-01 02:25,SOL,SOL,103.465,0.967,0.483,0.483,0.483,4507948,0.00125,13.47
2026-09-01 02:25,XRP,XRP,1.3874499999999999,0.721,0.36,0.36,0.36,2005361,0.00125,13.22
2026-09-01 02:25,AVAX,AVAX,7.27525,0.137,0.069,0.069,0.069,82478,0.00125,12.64
2026-09-01 02:25,LINK,LINK,11.3635,0.88,0.44,0.44,0.44,371613,0.00125,13.38
2026-09-01 02:25,LTC,LTC,48.7225,1.847,0.924,0.924,0.924,54897,0.00125,14.35
2026-09-01 02:25,ADA,ADA,0.19952999999999999,1.002,0.501,0.501,1.002,162996,0.00125,13.5
2026-09-01 02:25,DOT,DOT,0.8435699999999999,1.897,0.948,1.067,1.304,27496,0.000916,13.46
2026-09-01 02:25,UNI,UNI,5.35445,0.187,0.093,0.84,1.587,99844,0.00125,12.69
2026-09-01 02:25,AAVE,AAVE,125.395,2.392,1.196,1.196,1.196,153056,0.00125,14.89
2026-09-01 02:25,ARB,ARB,0.111435,4.487,2.243,2.243,2.243,71746,0.003642,23.68
2026-09-01 02:25,POL,POL,0.09070600000000001,2.205,1.543,3.307,3.859,6211,-0.001942,12.09
2026-09-01 02:25,RENDER,RENDER,1.44795,4.834,2.417,2.417,2.417,48053,0.00125,17.33
2026-09-01 02:25,DOGE,DOGE,0.0831245,0.12,0.06,0.18,0.18,203267,0.00125,12.62
2026-09-01 02:25,SHIB,kSHIB,0.0051035,1.959,0.98,0.98,2.939,123029,0.00125,14.46
2026-09-01 02:25,PEPE,kPEPE,0.0035685,2.802,1.401,1.401,1.401,886352,-0.000856,11.8
2026-09-01 02:25,WIF,WIF,0.200085,2.499,1.249,1.249,1.249,60888,0.00125,15.0
2026-09-01 02:25,BONK,kBONK,0.0030515,3.277,4.916,4.916,4.916,143955,0.00125,22.33
2026-09-01 02:25,TRUMP,TRUMP,2.4301500000000003,0.411,0.617,0.617,0.617,85915,0.000151,10.66
2026-09-01 02:30,BTC,BTC,78860.5,0.127,0.063,0.063,0.063,3744599,0.00125,12.63
2026-09-01 02:30,ETH,ETH,2476.6499999999996,0.404,0.202,0.202,0.202,7654755,0.00125,12.9
2026-09-01 02:30,SOL,SOL,103.41499999999999,0.967,0.483,0.483,0.483,4672818,0.00125,13.47
2026-09-01 02:30,XRP,XRP,1.3867500000000001,0.721,0.361,0.361,0.361,1309134,0.00125,13.22
2026-09-01 02:30,AVAX,AVAX,7.27505,2.337,1.168,1.581,1.718,55183,0.00125,14.84
2026-09-01 02:30,LINK,LINK,11.3575,0.88,0.44,0.44,0.44,379323,0.00125,13.38
2026-09-01 02:30,LTC,LTC,48.7405,1.026,0.513,0.718,0.718,71902,0.00125,13.53
2026-09-01 02:30,ADA,ADA,0.199355,0.502,0.251,0.251,0.752,124148,0.00125,13.0
2026-09-01 02:30,DOT,DOT,0.8417049999999999,0.119,0.059,0.059,0.059,26094,0.000961,11.81
2026-09-01 02:30,UNI,UNI,5.3486,2.991,1.496,1.87,1.87,19654,0.00125,15.49
2026-09-01 02:30,AAVE,AAVE,125.285,2.395,1.197,1.995,1.995,83614,0.00125,14.89
2026-09-01 02:30,ARB,ARB,0.11112,1.8,0.9,0.9,0.9,65818,0.003992,21.98
2026-09-01 02:30,POL,POL,0.09055949999999999,1.656,1.601,2.705,3.258,9405,-0.001728,12.2
2026-09-01 02:30,RENDER,RENDER,1.4474,6.909,3.454,4.836,6.218,16043,0.00125,19.41
2026-09-01 02:30,DOGE,DOGE,0.0830675,0.12,0.06,0.662,0.662,210602,0.00125,12.62
2026-09-01 02:30,SHIB,kSHIB,0.005105500000000001,1.959,2.938,2.938,2.938,152720,0.00125,18.38
2026-09-01 02:30,PEPE,kPEPE,0.0035635,2.806,1.403,1.403,1.403,898040,-0.000887,11.81
2026-09-01 02:30,WIF,WIF,0.19942500000000002,3.51,1.755,3.761,4.262,45913,0.00125,16.01
2026-09-01 02:30,BONK,kBONK,0.0030535,3.275,4.912,8.187,8.187,146682,0.00125,22.32
2026-09-01 02:30,TRUMP,TRUMP,2.42765,0.412,1.854,1.854,2.266,38767,0.00061,14.41
2026-09-01 02:35,BTC,BTC,78783.5,0.127,0.063,0.063,0.063,3356268,0.00125,12.63
2026-09-01 02:35,ETH,ETH,2474.45,0.404,0.202,0.202,0.202,9488881,0.00125,12.9
2026-09-01 02:35,SOL,SOL,103.33500000000001,0.968,0.484,0.484,0.484,4437764,0.00125,13.47
2026-09-01 02:35,XRP,XRP,1.38585,0.722,0.361,0.361,0.361,1604306,0.00125,13.22
2026-09-01 02:35,AVAX,AVAX,7.2574000000000005,2.48,1.24,1.378,1.378,68206,0.00125,14.98
2026-09-01 02:35,LINK,LINK,11.338999999999999,1.764,0.882,0.882,0.882,217280,0.00125,14.26
2026-09-01 02:35,LTC,LTC,48.6925,0.616,0.308,0.308,0.308,71547,0.00125,13.12
2026-09-01 02:35,ADA,ADA,0.199505,0.501,0.251,0.251,0.251,142427,0.00125,13.0
2026-09-01 02:35,DOT,DOT,0.8407899999999999,2.141,1.07,1.189,1.308,23951,0.000697,13.09
2026-09-01 02:35,UNI,UNI,5.33665,2.811,1.405,1.405,2.155,30538,0.00125,15.31
2026-09-01 02:35,AAVE,AAVE,125.015,2.4,1.2,1.2,2.0,118306,0.00125,14.9
2026-09-01 02:35,ARB,ARB,0.11169,1.791,0.895,0.895,0.895,71663,0.004035,22.09
2026-09-01 02:35,POL,POL,0.09042,2.212,1.217,1.217,1.217,14673,-0.001469,11.43
2026-09-01 02:35,RENDER,RENDER,1.4417499999999999,6.242,3.121,3.815,3.815,16849,0.00125,18.74
2026-09-01 02:35,DOGE,DOGE,0.0831015,0.12,0.06,0.06,0.06,120682,0.00125,12.62
2026-09-01 02:35,SHIB,kSHIB,0.005095499999999999,1.963,0.981,0.981,2.944,198642,0.00125,14.46
2026-09-01 02:35,PEPE,kPEPE,0.003561,5.616,2.808,2.808,2.808,995948,-0.001026,14.62
2026-09-01 02:35,WIF,WIF,0.19927499999999998,1.505,0.753,0.753,0.753,53126,0.00125,14.01
2026-09-01 02:35,BONK,kBONK,0.0030455,3.284,1.642,4.925,4.925,133377,0.00125,15.78
2026-09-01 02:35,TRUMP,TRUMP,2.43125,1.234,0.617,1.028,1.028,40751,0.000881,12.7
2026-09-01 02:40,BTC,BTC,78686.5,0.127,0.064,0.064,0.064,704308,0.00125,12.63
2026-09-01 02:40,ETH,ETH,2472.7,0.809,0.404,0.809,0.809,6818488,0.00125,13.31
2026-09-01 02:40,SOL,SOL,103.275,0.968,0.484,0.484,0.484,4135483,0.00125,13.47
2026-09-01 02:40,XRP,XRP,1.38475,0.722,0.361,0.361,0.361,1818799,0.00125,13.22
2026-09-01 02:40,AVAX,AVAX,7.2608999999999995,0.826,0.413,0.413,0.964,39258,0.00125,13.33
2026-09-01 02:40,LINK,LINK,11.3535,0.881,0.44,0.44,0.44,399891,0.00125,13.38
2026-09-01 02:40,LTC,LTC,48.782,0.41,0.205,0.205,0.205,59797,0.00125,12.91
2026-09-01 02:40,ADA,ADA,0.199605,0.501,0.25,0.25,0.25,128615,0.00125,13.0
2026-09-01 02:40,DOT,DOT,0.8441,1.185,0.592,0.592,0.592,39551,0.000619,11.92
2026-09-01 02:40,UNI,UNI,5.282,3.408,1.893,2.84,3.786,16224,0.00125,16.29
2026-09-01 02:40,AAVE,AAVE,124.67,1.604,0.802,0.802,0.802,158936,0.00125,14.1
2026-09-01 02:40,ARB,ARB,0.115815,2.59,6.476,7.339,7.339,28444,0.004505,34.57
2026-09-01 02:40,POL,POL,0.0907495,0.11,3.141,4.573,4.683,9114,-0.001189,15.28
2026-09-01 02:40,RENDER,RENDER,1.4426,8.318,4.159,4.852,4.852,13470,0.00125,20.82
2026-09-01 02:40,DOGE,DOGE,0.0831105,0.12,0.06,0.06,0.18,192124,0.00125,12.62
2026-09-01 02:40,SHIB,kSHIB,0.0050904999999999995,1.964,0.982,0.982,2.947,147053,0.00125,14.46
2026-09-01 02:40,PEPE,kPEPE,0.0035605,2.809,1.404,1.404,1.404,952734,-0.001131,11.81
2026-09-01 02:40,WIF,WIF,0.19878,2.012,1.509,3.018,4.025,45888,0.00125,15.52
2026-09-01 02:40,BONK,kBONK,0.0030745,3.253,4.879,8.131,8.131,127828,0.00125,22.26
2026-09-01 02:40,TRUMP,TRUMP,2.43675,0.41,0.205,0.205,1.026,101422,0.001069,12.4
2026-09-01 02:45,BTC,BTC,78716.5,0.127,0.064,0.064,0.191,2412040,0.00125,12.63
2026-09-01 02:45,ETH,ETH,2473.45,0.404,0.202,0.202,0.202,7105024,0.00125,12.9
2026-09-01 02:45,SOL,SOL,103.295,0.968,0.484,0.484,0.484,4198015,0.00125,13.47
2026-09-01 02:45,XRP,XRP,1.3851499999999999,0.722,0.361,0.361,0.361,1447156,0.00125,13.22
2026-09-01 02:45,AVAX,AVAX,7.261950000000001,1.239,0.62,0.62,1.308,75734,0.00125,13.74
2026-09-01 02:45,LINK,LINK,11.3595,0.88,1.32,1.32,2.201,237457,0.00125,15.14
2026-09-01 02:45,LTC,LTC,48.7225,0.205,1.334,1.334,1.539,81490,0.00125,15.17
2026-09-01 02:45,ADA,ADA,0.199595,0.501,0.251,0.251,0.251,195941,0.00125,13.0
2026-09-01 02:45,DOT,DOT,0.845005,2.249,1.124,1.834,2.781,28333,0.000608,12.95
2026-09-01 02:45,UNI,UNI,5.2725,2.276,1.138,1.328,1.328,43301,0.00125,14.78
2026-09-01 02:45,AAVE,AAVE,124.665,2.406,1.203,2.005,2.808,161871,0.00125,14.91
2026-09-01 02:45,ARB,ARB,0.11543,5.198,2.599,2.599,2.599,65744,0.004458,26.68
2026-09-01 02:45,POL,POL,0.0908205,0.11,6.111,6.111,6.331,10488,-0.001002,21.22
2026-09-01 02:45,RENDER,RENDER,1.44325,10.393,5.197,5.889,6.582,36262,0.00125,22.89
2026-09-01 02:45,DOGE,DOGE,0.08308399999999999,0.722,0.361,0.481,0.481,170734,0.00125,13.22
2026-09-01 02:45,SHIB,kSHIB,0.0050925,1.964,0.982,2.946,2.946,160596,0.00125,14.46
2026-09-01 02:45,PEPE,kPEPE,0.0035645,2.805,1.403,1.403,1.403,1074808,-0.00102,11.81
2026-09-01 02:45,WIF,WIF,0.198565,1.511,0.755,1.259,1.259,61883,0.00125,14.01
2026-09-01 02:45,BONK,kBONK,0.0030575,3.271,4.906,8.177,8.177,135138,0.00125,22.31
2026-09-01 02:45,TRUMP,TRUMP,2.42855,0.412,1.441,2.676,3.088,38052,0.001166,15.15
2026-09-01 02:50,BTC,BTC,78781.5,0.127,0.063,0.063,0.063,6254482,0.00125,12.63
2026-09-01 02:50,ETH,ETH,2475.55,0.404,0.202,0.202,0.202,7646596,0.00125,12.9
2026-09-01 02:50,SOL,SOL,103.42500000000001,0.967,0.483,0.483,0.483,4312106,0.00125,13.47
2026-09-01 02:50,XRP,XRP,1.3880499999999998,0.72,0.36,0.36,0.36,1229868,0.00125,13.22
2026-09-01 02:50,AVAX,AVAX,7.27915,0.962,0.481,0.481,1.168,52692,0.00125,13.46
2026-09-01 02:50,LINK,LINK,11.3875,0.878,0.439,0.439,0.439,213613,0.00125,13.38
2026-09-01 02:50,LTC,LTC,48.796,0.41,0.205,0.205,0.205,53280,0.00125,12.91
2026-09-01 02:50,ADA,ADA,0.20003500000000002,0.5,1.25,1.25,1.75,110012,0.00125,15.0
2026-09-01 02:50,DOT,DOT,0.847675,0.118,0.059,0.059,0.059,32945,0.000716,11.12
2026-09-01 02:50,UNI,UNI,5.29965,0.189,0.094,0.094,0.094,30543,0.00125,12.69
2026-09-01 02:50,AAVE,AAVE,125.10499999999999,5.595,2.798,2.798,3.597,117120,0.00125,18.1
2026-09-01 02:50,ARB,ARB,0.11607500000000001,6.031,3.015,3.015,3.015,68436,0.004343,27.19
2026-09-01 02:50,POL,POL,0.091084,3.074,1.537,1.537,3.074,13069,-0.000839,12.07
2026-09-01 02:50,RENDER,RENDER,1.4466,5.53,2.765,3.456,3.456,13361,0.00125,18.03
2026-09-01 02:50,DOGE,DOGE,0.0831595,1.323,0.661,0.661,0.661,206052,0.00125,13.82
2026-09-01 02:50,SHIB,kSHIB,0.0051005,1.961,0.98,0.98,2.941,190453,0.00125,14.46
2026-09-01 02:50,PEPE,kPEPE,0.0035605,2.809,1.404,1.404,1.404,888703,-0.001104,11.81
2026-09-01 02:50,WIF,WIF,0.19886500000000001,0.503,0.251,0.251,0.251,51174,0.00125,13.0
2026-09-01 02:50,BONK,kBONK,0.0030555,9.818,4.909,8.182,8.182,129355,0.00125,22.32
2026-09-01 02:50,TRUMP,TRUMP,2.4259,1.649,0.824,1.649,2.473,86178,0.00125,14.15
2026-09-01 02:55,BTC,BTC,78629.5,0.127,0.064,0.064,0.064,4086043,0.00125,12.63
2026-09-01 02:55,ETH,ETH,2471.55,0.405,0.202,0.202,0.202,8505370,0.00125,12.9
2026-09-01 02:55,SOL,SOL,103.14500000000001,0.97,0.485,0.485,0.485,4512519,0.00125,13.47
2026-09-01 02:55,XRP,XRP,1.38395,0.723,0.361,0.361,0.361,1822751,0.00125,13.22
2026-09-01 02:55,AVAX,AVAX,7.26715,0.688,0.344,0.344,0.344,74697,0.00125,13.19
2026-09-01 02:55,LINK,LINK,11.370000000000001,1.759,0.88,1.759,1.759,217289,0.00125,14.26
2026-09-01 02:55,LTC,LTC,48.7155,0.616,0.308,0.513,0.513,52242,0.00125,13.12
2026-09-01 02:55,ADA,ADA,0.199455,1.504,0.752,0.752,1.253,169541,0.00125,14.0
2026-09-01 02:55,DOT,DOT,0.847905,2.005,1.002,1.238,1.238,21032,0.000725,13.04
2026-09-01 02:55,UNI,UNI,5.274150000000001,0.569,0.284,0.284,0.284,41916,0.00125,13.07
2026-09-01 02:55,AAVE,AAVE,125.07,1.599,0.8,1.599,1.599,114098,0.00125,14.1
2026-09-01 02:55,ARB,ARB,0.116885,2.567,1.283,3.85,4.705,68461,0.004084,23.0
2026-09-01 02:55,POL,POL,0.0912625,1.863,1.698,2.465,3.78,26183,-0.00088,12.4
2026-09-01 02:55,RENDER,RENDER,1.4471500000000002,4.837,2.419,2.419,2.419,44548,0.00125,17.34
2026-09-01 02:55,DOGE,DOGE,0.0830485,0.12,0.06,0.06,0.06,277550,0.00125,12.62
2026-09-01 02:55,SHIB,kSHIB,0.0050925,1.964,0.982,0.982,2.946,148234,0.00125,14.46
2026-09-01 02:55,PEPE,kPEPE,0.0035535000000000002,2.814,1.407,1.407,1.407,891957,-0.001237,11.81
2026-09-01 02:55,WIF,WIF,0.198355,0.504,0.252,0.252,0.252,52319,0.00125,13.0
2026-09-01 02:55,BONK,kBONK,0.0030495,3.279,1.64,4.919,4.919,148797,0.00125,15.78
2026-09-01 02:55,TRUMP,TRUMP,2.41275,1.243,0.622,0.622,0.622,51740,0.00125,13.74
2026-09-01 03:00,BTC,BTC,78721.5,0.127,0.064,0.064,0.064,2009002,0.00125,12.63
2026-09-01 03:00,ETH,ETH,2474.25,0.404,0.202,0.202,0.202,7949500,0.00125,12.9
2026-09-01 03:00,SOL,SOL,103.205,0.969,0.484,0.484,0.484,3988327,0.00125,13.47
2026-09-01 03:00,XRP,XRP,1.3859499999999998,0.722,0.361,0.361,0.361,1469666,0.00125,13.22
2026-09-01 03:00,AVAX,AVAX,7.2821,4.12,2.06,2.334,2.334,74882,0.00125,16.62
2026-09-01 03:00,LINK,LINK,11.3875,0.878,0.439,0.439,0.439,236958,0.00125,13.38
2026-09-01 03:00,LTC,LTC,48.7665,1.846,0.923,0.923,0.923,60075,0.00125,14.35
2026-09-01 03:00,ADA,ADA,0.19963,2.004,1.002,1.002,1.503,62496,0.00125,14.5
2026-09-01 03:00,DOT,DOT,0.8484,2.593,1.297,1.297,1.297,26967,0.00125,15.09
2026-09-01 03:00,UNI,UNI,5.2706,1.897,0.949,0.949,1.328,31714,0.00125,14.4
2026-09-01 03:00,AAVE,AAVE,125.38499999999999,0.798,0.399,0.399,0.399,106476,0.00125,13.3
2026-09-01 03:00,ARB,ARB,0.11682500000000001,5.992,2.996,3.852,3.852,41793,0.00125,18.49
2026-09-01 03:00,POL,POL,0.09141450000000001,3.829,3.227,3.336,5.196,6406,-0.00458,15.45
2026-09-01 03:00,RENDER,RENDER,1.4496,4.139,2.07,2.07,2.07,50255,0.00125,16.64
2026-09-01 03:00,DOGE,DOGE,0.0831295,1.083,0.541,0.541,0.541,146410,0.00125,13.58
2026-09-01 03:00,SHIB,kSHIB,0.005098500000000001,1.961,2.942,4.903,4.903,180014,0.001422,18.87
2026-09-01 03:00,PEPE,kPEPE,0.0035655,2.805,1.402,1.402,1.402,853564,0.00125,15.3
2026-09-01 03:00,WIF,WIF,0.19867,2.013,1.007,2.517,3.02,44447,0.00125,14.51
2026-09-01 03:00,BONK,kBONK,0.0030495,3.279,4.919,8.198,8.198,145192,0.00125,22.34
2026-09-01 03:00,TRUMP,TRUMP,2.41825,0.414,0.207,0.207,0.62,38866,0.00125,12.91
2026-09-01 03:05,BTC,BTC,78760.5,0.127,0.063,0.063,0.063,4490163,0.00125,12.63
2026-09-01 03:05,ETH,ETH,2475.1499999999996,0.404,0.202,0.606,0.606,6487625,0.00125,12.9
2026-09-01 03:05,SOL,SOL,103.35499999999999,0.968,0.484,0.484,0.484,3927906,0.00125,13.47
2026-09-01 03:05,XRP,XRP,1.38665,0.721,0.361,0.361,0.361,1937025,0.00125,13.22
2026-09-01 03:05,AVAX,AVAX,7.28925,0.96,0.48,0.48,0.617,67242,0.00125,13.46
2026-09-01 03:05,LINK,LINK,11.387,1.756,0.878,0.878,0.878,382535,0.00125,14.26
2026-09-01 03:05,LTC,LTC,48.7675,0.205,1.743,1.948,2.358,60170,0.00125,15.99
2026-09-01 03:05,ADA,ADA,0.200115,1.499,0.75,0.75,0.75,147096,0.00125,14.0
2026-09-01 03:05,DOT,DOT,0.84722,1.18,0.59,0.59,0.59,19036,-0.000501,10.18
2026-09-01 03:05,UNI,UNI,5.26115,1.711,0.855,1.045,1.806,36036,0.00125,14.21
2026-09-01 03:05,AAVE,AAVE,125.405,0.797,0.399,0.399,0.399,166748,0.00125,13.3
2026-09-01 03:05,ARB,ARB,0.11740500000000001,4.259,2.129,2.129,2.129,51909,0.00125,16.76
2026-09-01 03:05,POL,POL,0.0923745,2.923,1.461,2.436,2.436,14871,0.00125,15.42
2026-09-01 03:05,RENDER,RENDER,1.4497499999999999,4.828,2.414,3.104,3.104,38476,0.00125,17.33
2026-09-01 03:05,DOGE,DOGE,0.083193,0.721,0.361,0.361,0.361,93851,0.00125,13.22
2026-09-01 03:05,SHIB,kSHIB,0.0050975,1.962,0.981,0.981,2.943,183107,0.00125,14.46
2026-09-01 03:05,PEPE,kPEPE,0.0035675,2.803,1.402,1.402,1.402,856676,-0.00107,11.8
2026-09-01 03:05,WIF,WIF,0.19866,2.013,1.007,1.007,1.007,52226,0.00125,14.51
2026-09-01 03:05,BONK,kBONK,0.0030455,3.284,4.925,4.925,4.925,142160,0.00125,22.35
2026-09-01 03:05,TRUMP,TRUMP,2.4154,0.828,0.414,0.414,0.828,37655,0.00125,13.33
2026-09-01 03:10,BTC,BTC,78671.5,0.127,0.064,0.064,0.064,4302484,0.00125,12.63
2026-09-01 03:10,ETH,ETH,2471.75,0.405,0.202,0.202,0.202,6652506,0.00125,12.9
2026-09-01 03:10,SOL,SOL,103.245,0.969,0.484,0.484,0.484,4621432,0.00125,13.47
2026-09-01 03:10,XRP,XRP,1.38395,0.723,0.361,0.361,1.084,1819102,0.00125,13.22
2026-09-01 03:10,AVAX,AVAX,7.2788,0.55,0.275,0.275,0.275,56312,0.00125,13.05
2026-09-01 03:10,LINK,LINK,11.3845,0.878,0.439,0.439,0.439,381704,0.00125,13.38
2026-09-01 03:10,LTC,LTC,48.769000000000005,0.41,0.205,0.205,0.205,62782,0.00125,12.91
2026-09-01 03:10,ADA,ADA,0.19953500000000002,0.501,1.253,1.253,1.253,171852,0.00125,15.01
2026-09-01 03:10,DOT,DOT,0.8467899999999999,1.417,0.709,0.709,0.709,19132,-0.000298,10.42
2026-09-01 03:10,UNI,UNI,5.2413,0.382,1.526,1.526,3.243,39770,0.00125,15.55
2026-09-01 03:10,AAVE,AAVE,125.08500000000001,0.799,0.4,0.4,0.4,183743,0.00125,13.3
2026-09-01 03:10,ARB,ARB,0.11862,1.686,4.215,4.215,4.215,31645,0.00125,20.93
2026-09-01 03:10,POL,POL,0.0922935,1.625,1.354,1.463,1.463,15371,0.00125,15.21
2026-09-01 03:10,RENDER,RENDER,1.4457,5.534,2.767,3.459,3.459,33616,0.00125,18.03
2026-09-01 03:10,DOGE,DOGE,0.08303050000000001,0.12,0.06,0.301,0.783,195507,0.00125,12.62
2026-09-01 03:10,SHIB,kSHIB,0.005091,3.929,1.964,1.964,1.964,191314,0.00125,16.43
2026-09-01 03:10,PEPE,kPEPE,0.0035545,2.813,1.407,1.407,1.407,905040,-0.000926,11.81
2026-09-01 03:10,WIF,WIF,0.19825500000000001,2.522,1.261,1.261,1.765,69629,0.00125,15.02
2026-09-01 03:10,BONK,kBONK,0.0030435,3.286,4.929,8.214,8.214,168526,0.00125,22.36
2026-09-01 03:10,TRUMP,TRUMP,2.4032999999999998,1.664,0.832,0.832,1.664,66966,0.00125,14.16
2026-09-01 03:15,BTC,BTC,78525.5,0.127,0.064,0.064,0.064,2935469,0.00125,12.63
2026-09-01 03:15,ETH,ETH,2467.45,0.405,0.203,0.203,0.203,7580362,0.00125,12.91
2026-09-01 03:15,SOL,SOL,102.955,0.971,0.486,0.486,0.486,4086203,0.00125,13.47
2026-09-01 03:15,XRP,XRP,1.37935,0.725,0.362,0.362,0.362,1863915,0.00125,13.22
2026-09-01 03:15,AVAX,AVAX,7.25645,1.792,0.896,0.896,1.309,50727,0.00125,14.29
2026-09-01 03:15,LINK,LINK,11.3635,0.88,0.44,0.44,0.44,409194,0.00125,13.38
2026-09-01 03:15,LTC,LTC,48.832,0.41,1.229,1.229,1.433,49462,0.00125,14.96
2026-09-01 03:15,ADA,ADA,0.19895000000000002,1.005,0.503,1.005,1.005,126605,0.00125,13.51
2026-09-01 03:15,DOT,DOT,0.8420300000000001,1.9,0.95,1.425,1.544,22755,-0.000251,10.9
2026-09-01 03:15,UNI,UNI,5.2378,1.527,0.764,0.955,0.955,43633,0.00125,14.03
2026-09-01 03:15,AAVE,AAVE,124.72999999999999,1.603,0.802,0.802,0.802,183823,0.00125,14.1
2026-09-01 03:15,ARB,ARB,0.11767,3.399,1.7,1.7,1.7,43389,0.00125,15.9
2026-09-01 03:15,POL,POL,0.0915555,0.983,1.802,3.004,3.004,22348,0.00125,16.1
2026-09-01 03:15,RENDER,RENDER,1.44,1.389,0.694,3.472,4.167,15170,0.00125,13.89
2026-09-01 03:15,DOGE,DOGE,0.0828655,0.121,0.06,0.06,0.06,173167,0.00125,12.62
2026-09-01 03:15,SHIB,kSHIB,0.005082,3.935,1.968,1.968,3.935,196679,0.00125,16.44
2026-09-01 03:15,PEPE,kPEPE,0.003548,5.637,2.818,2.818,2.818,914624,-0.000714,14.64
2026-09-01 03:15,WIF,WIF,0.197595,0.506,1.265,2.277,3.796,63448,0.00125,15.03
2026-09-01 03:15,BONK,kBONK,0.0030435,3.286,1.643,4.929,4.929,220767,0.00125,15.79
2026-09-01 03:15,TRUMP,TRUMP,2.39175,1.254,0.627,1.045,1.045,142122,0.00125,13.75
2026-09-01 03:20,BTC,BTC,78619.5,0.127,0.064,0.064,0.064,4164563,0.00125,12.63
2026-09-01 03:20,ETH,ETH,2470.05,0.405,0.202,0.202,0.202,9023957,0.00125,12.9
2026-09-01 03:20,SOL,SOL,103.14500000000001,0.97,0.485,0.485,0.485,5505438,0.00125,13.47
2026-09-01 03:20,XRP,XRP,1.38105,0.724,0.362,0.362,0.362,1731345,0.00125,13.22
2026-09-01 03:20,AVAX,AVAX,7.266299999999999,1.376,0.688,0.688,0.963,55236,0.00125,13.88
2026-09-01 03:20,LINK,LINK,11.3845,0.878,0.439,0.439,0.439,228924,0.00125,13.38
2026-09-01 03:20,LTC,LTC,48.86,0.819,0.409,1.228,1.433,50789,0.00125,13.32
2026-09-01 03:20,ADA,ADA,0.199345,0.502,1.756,1.756,1.756,98749,0.00125,16.01
2026-09-01 03:20,DOT,DOT,0.842985,0.83,0.415,0.415,0.415,30451,9.3e-05,10.09
2026-09-01 03:20,UNI,UNI,5.2555,1.522,0.761,0.951,1.142,21893,0.00125,14.02
2026-09-01 03:20,AAVE,AAVE,125.00999999999999,1.6,0.8,0.8,0.8,180647,0.00125,14.1
2026-09-01 03:20,ARB,ARB,0.11799000000000001,3.39,3.39,5.085,6.78,70565,0.00125,19.28
2026-09-01 03:20,POL,POL,0.091442,2.187,1.094,1.203,3.499,10537,0.00125,14.69
2026-09-01 03:20,RENDER,RENDER,1.444,4.155,2.078,2.078,2.078,45872,0.00125,16.66
2026-09-01 03:20,DOGE,DOGE,0.0828585,0.121,0.06,0.06,0.06,190911,0.00125,12.62
2026-09-01 03:20,SHIB,kSHIB,0.005086500000000001,1.966,0.983,0.983,0.983,188660,0.00125,14.47
2026-09-01 03:20,PEPE,kPEPE,0.0035515,2.816,1.408,1.408,1.408,905899,-0.000462,11.82
2026-09-01 03:20,WIF,WIF,0.19759,3.037,1.518,1.518,3.037,53744,0.00125,15.54
2026-09-01 03:20,BONK,kBONK,0.0030495,3.279,4.919,4.919,4.919,171485,0.00125,22.34
2026-09-01 03:20,TRUMP,TRUMP,2.3987499999999997,1.251,0.625,1.042,1.876,94963,0.00125,13.75
2026-09-01 03:25,BTC,BTC,78549.5,0.127,0.064,0.064,0.064,5068714,0.00125,12.63
2026-09-01 03:25,ETH,ETH,2466.55,0.405,0.203,0.203,0.203,8296238,0.00125,12.91
2026-09-01 03:25,SOL,SOL,103.015,0.971,0.485,0.485,0.485,5029899,0.00125,13.47
2026-09-01 03:25,XRP,XRP,1.3781500000000002,0.726,0.363,0.363,0.363,1276684,0.00125,13.23
2026-09-01 03:25,AVAX,AVAX,7.2605,1.653,0.826,0.964,0.964,59074,0.00125,14.15
2026-09-01 03:25,LINK,LINK,11.383,1.757,0.879,0.879,0.879,217047,0.00125,14.26
2026-09-01 03:25,LTC,LTC,48.794,0.82,0.41,0.41,0.82,56702,0.00125,13.32
2026-09-01 03:25,ADA,ADA,0.19913,1.004,0.502,1.004,1.004,99862,0.00125,13.5
2026-09-01 03:25,DOT,DOT,0.843555,0.83,0.415,0.415,0.415,25418,0.000223,10.45
2026-09-01 03:25,UNI,UNI,5.2386,1.527,0.764,0.764,0.954,26817,0.00125,14.03
2026-09-01 03:25,AAVE,AAVE,124.85499999999999,0.801,0.4,0.4,0.4,184765,0.00125,13.3
2026-09-01 03:25,ARB,ARB,0.11851500000000001,4.219,2.109,2.109,2.109,50970,0.00125,16.72
2026-09-01 03:25,POL,POL,0.0912385,2.74,1.37,1.37,2.028,13892,0.00125,15.24
2026-09-01 03:25,RENDER,RENDER,1.4408500000000002,3.47,1.735,2.429,3.817,16266,0.00125,15.97
2026-09-01 03:25,DOGE,DOGE,0.0828025,0.121,0.06,0.06,0.06,199406,0.00125,12.62
2026-09-01 03:25,SHIB,kSHIB,0.005079500000000001,1.969,0.984,0.984,0.984,213399,0.00125,14.47
2026-09-01 03:25,PEPE,kPEPE,0.0035495,2.817,1.409,1.409,1.409,851624,-0.000354,11.82
2026-09-01 03:25,WIF,WIF,0.196955,1.523,0.762,0.762,0.762,61841,0.00125,14.02
2026-09-01 03:25,BONK,kBONK,0.0030295,3.301,4.951,4.951,4.951,159957,0.00125,22.4
2026-09-01 03:25,TRUMP,TRUMP,2.39005,1.255,0.628,0.628,1.464,43762,0.00125,13.76
2026-09-01 03:30,BTC,BTC,78377.5,0.128,0.064,0.064,0.064,4805530,0.00125,12.63
2026-09-01 03:30,ETH,ETH,2459.1499999999996,0.407,0.203,0.61,0.61,8688766,0.00125,12.91
2026-09-01 03:30,SOL,SOL,102.83500000000001,0.972,0.486,0.486,0.486,5145691,0.00125,13.47
2026-09-01 03:30,XRP,XRP,1.3753,1.454,0.727,0.727,0.727,1982227,0.00125,13.95
2026-09-01 03:30,AVAX,AVAX,7.25305,1.241,0.62,0.62,1.034,62253,0.00125,13.74
2026-09-01 03:30,LINK,LINK,11.3605,2.641,1.32,1.32,2.201,229446,0.00125,15.14
2026-09-01 03:30,LTC,LTC,48.7225,0.205,0.103,0.513,1.129,47575,0.00125,12.71
2026-09-01 03:30,ADA,ADA,0.198535,2.518,1.259,1.763,1.763,153236,0.00125,15.02
2026-09-01 03:30,DOT,DOT,0.84351,2.134,1.067,1.186,1.186,27119,0.000261,11.86
2026-09-01 03:30,UNI,UNI,5.2554,1.903,0.951,1.142,1.713,22682,0.00125,14.4
2026-09-01 03:30,AAVE,AAVE,124.465,0.803,0.402,0.402,1.205,153431,0.00125,13.3
2026-09-01 03:30,ARB,ARB,0.118955,4.203,2.102,2.942,2.942,68118,0.00125,16.7
2026-09-01 03:30,POL,POL,0.0910575,2.965,1.483,1.592,2.581,22142,0.00125,15.47
2026-09-01 03:30,RENDER,RENDER,1.4375,5.565,2.783,4.174,5.565,16927,0.00125,18.07
2026-09-01 03:30,DOGE,DOGE,0.0826575,0.121,0.06,0.665,1.27,188129,0.00125,12.62
2026-09-01 03:30,SHIB,kSHIB,0.005072,3.943,1.972,3.943,3.943,135350,0.00125,16.44
2026-09-01 03:30,PEPE,kPEPE,0.0035415,2.824,1.412,1.412,1.412,912306,-0.000282,11.82
2026-09-01 03:30,WIF,WIF,0.196855,2.54,1.27,1.27,1.27,60120,0.00125,15.04
2026-09-01 03:30,BONK,kBONK,0.0030185,3.313,4.969,4.969,8.282,149864,0.00125,22.44
2026-09-01 03:30,TRUMP,TRUMP,2.39085,0.418,2.719,3.555,3.973,71729,0.00125,17.94
2026-09-01 03:35,BTC,BTC,78480.5,0.127,0.064,0.064,0.064,2026074,0.00125,12.63
2026-09-01 03:35,ETH,ETH,2463.25,0.406,1.421,1.421,1.421,4974159,0.00125,15.34
2026-09-01 03:35,SOL,SOL,103.055,0.97,0.485,0.485,0.485,4482528,0.00125,13.47
2026-09-01 03:35,XRP,XRP,1.3768500000000001,0.726,0.363,0.363,1.816,1725751,0.00125,13.23
2026-09-01 03:35,AVAX,AVAX,7.2631499999999996,0.413,0.757,0.895,1.033,43294,0.00125,14.01
2026-09-01 03:35,LINK,LINK,11.3875,0.878,0.439,1.317,1.317,517294,0.00125,13.38
2026-09-01 03:35,LTC,LTC,48.7385,0.205,0.103,0.308,1.334,52734,0.00125,12.71
2026-09-01 03:35,ADA,ADA,0.19903500000000002,0.502,2.261,2.261,2.261,182219,0.00125,17.02
2026-09-01 03:35,DOT,DOT,0.847745,2.005,1.003,1.121,1.121,23977,0.000327,11.92
2026-09-01 03:35,UNI,UNI,5.29405,2.456,1.228,1.794,2.172,21708,0.00125,14.96
2026-09-01 03:35,AAVE,AAVE,124.6,1.605,0.803,0.803,2.408,163088,0.00125,14.11
2026-09-01 03:35,ARB,ARB,0.11851,3.375,1.688,1.688,1.688,56127,0.00125,15.88
2026-09-01 03:35,POL,POL,0.0912405,3.178,2.137,2.356,3.781,6359,0.00125,16.77
2026-09-01 03:35,RENDER,RENDER,1.4412,4.163,2.082,2.775,2.775,43007,0.00125,16.66
2026-09-01 03:35,DOGE,DOGE,0.082761,0.483,0.242,0.242,0.242,198206,0.00125,12.98
2026-09-01 03:35,SHIB,kSHIB,0.005086500000000001,1.966,0.983,0.983,2.949,178817,0.00125,14.47
2026-09-01 03:35,PEPE,kPEPE,0.0035505,2.817,1.408,1.408,4.225,894579,-0.000471,11.82
2026-09-01 03:35,WIF,WIF,0.197185,1.521,0.761,0.761,0.761,53584,0.00125,14.02
2026-09-01 03:35,BONK,kBONK,0.0030235,3.307,4.961,4.961,4.961,161429,0.00125,22.42
2026-09-01 03:35,TRUMP,TRUMP,2.40135,0.416,0.208,0.625,0.625,53350,0.00125,12.92
2026-09-01 03:40,BTC,BTC,78535.5,0.127,0.064,0.064,0.064,7038881,0.00125,12.63
2026-09-01 03:40,ETH,ETH,2467.05,0.405,0.203,0.203,0.203,9586756,0.00125,12.91
2026-09-01 03:40,SOL,SOL,103.265,0.968,0.484,0.484,0.484,4811189,0.00125,13.47
2026-09-01 03:40,XRP,XRP,1.37955,0.725,0.362,0.362,0.362,1858952,0.00125,13.22
2026-09-01 03:40,AVAX,AVAX,7.2738,1.1,0.55,0.687,0.687,55265,0.00125,13.6
2026-09-01 03:40,LINK,LINK,11.413499999999999,0.876,0.438,0.438,0.438,397119,0.00125,13.38
2026-09-01 03:40,LTC,LTC,48.777,0.82,0.41,0.615,0.615,46987,0.00125,13.32
2026-09-01 03:40,ADA,ADA,0.199545,0.501,0.251,0.251,0.251,107397,0.00125,13.0
2026-09-01 03:40,DOT,DOT,0.85007,1.176,0.588,0.823,1.647,18611,0.000392,11.27
2026-09-01 03:40,UNI,UNI,5.3142499999999995,2.446,1.223,1.223,1.223,32752,0.00125,14.95
2026-09-01 03:40,AAVE,AAVE,124.87,1.602,0.801,1.602,3.203,124072,0.00125,14.1
2026-09-01 03:40,ARB,ARB,0.11960499999999999,0.836,0.418,0.418,0.418,62370,0.00125,13.34
2026-09-01 03:40,POL,POL,0.09128549999999999,2.3,1.15,1.26,2.136,14234,0.00125,14.8
2026-09-01 03:40,RENDER,RENDER,1.4444,2.769,1.385,1.385,1.385,45951,0.00125,15.27
2026-09-01 03:40,DOGE,DOGE,0.0828515,0.845,0.422,0.422,0.422,180622,0.00125,13.34
2026-09-01 03:40,SHIB,kSHIB,0.0050904999999999995,1.964,2.947,4.911,4.911,156210,0.00125,18.39
2026-09-01 03:40,PEPE,kPEPE,0.003555,5.626,2.813,2.813,2.813,872961,-0.000609,14.63
2026-09-01 03:40,WIF,WIF,0.197635,1.518,1.265,2.277,3.795,44849,0.00125,15.03
2026-09-01 03:40,BONK,kBONK,0.0030265,3.304,1.652,4.956,4.956,130235,0.00125,15.8
2026-09-01 03:40,TRUMP,TRUMP,2.40475,1.248,0.624,1.04,1.04,24917,0.00125,13.75
2026-09-01 03:45,BTC,BTC,78558.5,0.127,0.064,0.064,0.064,9120988,0.00125,12.63
2026-09-01 03:45,ETH,ETH,2467.45,0.405,0.203,0.203,0.203,10240486,0.00125,12.91
2026-09-01 03:45,SOL,SOL,103.345,0.968,0.484,0.484,0.484,4850921,0.00125,13.47
2026-09-01 03:45,XRP,XRP,1.38035,0.724,0.362,0.362,0.362,1994513,0.00125,13.22
2026-09-01 03:45,AVAX,AVAX,7.2795000000000005,2.747,1.374,1.374,1.374,52784,0.00125,15.25
2026-09-01 03:45,LINK,LINK,11.392,1.756,0.878,0.878,0.878,204163,0.00125,14.26
2026-09-01 03:45,LTC,LTC,48.808,0.82,0.41,0.615,0.82,54274,0.00125,13.32
2026-09-01 03:45,ADA,ADA,0.19983,1.001,0.5,1.001,1.001,125662,0.00125,13.5
2026-09-01 03:45,DOT,DOT,0.854255,1.756,0.878,0.995,0.995,22767,0.000571,12.36
2026-09-01 03:45,UNI,UNI,5.29845,3.208,1.604,1.793,1.982,19610,0.00125,15.71
2026-09-01 03:45,AAVE,AAVE,124.78999999999999,1.603,0.801,0.801,0.801,114867,0.00125,14.1
2026-09-01 03:45,ARB,ARB,0.11884,8.415,4.207,4.207,4.207,84479,0.00125,20.91
2026-09-01 03:45,POL,POL,0.0912985,2.957,1.479,1.588,2.245,7473,0.00125,15.46
2026-09-01 03:45,RENDER,RENDER,1.4461499999999998,4.84,2.42,3.112,3.112,13315,0.00125,17.34
2026-09-01 03:45,DOGE,DOGE,0.0828815,0.121,0.06,0.06,0.06,297545,0.00125,12.62
2026-09-01 03:45,SHIB,kSHIB,0.005095499999999999,1.963,0.981,0.981,0.981,175613,0.00125,14.46
2026-09-01 03:45,PEPE,kPEPE,0.0035635,2.806,1.403,1.403,1.403,915886,-0.000512,11.81
2026-09-01 03:45,WIF,WIF,0.197455,0.506,1.773,3.798,4.305,46554,0.00125,16.05
2026-09-01 03:45,BONK,kBONK,0.0030265,3.304,4.956,4.956,4.956,146210,0.00125,22.41
2026-09-01 03:45,TRUMP,TRUMP,2.40235,3.746,1.873,1.873,1.873,51626,0.00125,16.25
2026-09-01 03:50,BTC,BTC,78492.5,0.127,0.064,0.064,0.064,2511154,0.00125,12.63
2026-09-01 03:50,ETH,ETH,2465.75,0.406,0.203,0.203,0.203,10476744,0.00125,12.91
2026-09-01 03:50,SOL,SOL,103.36500000000001,0.967,0.484,0.484,0.484,4512774,0.00125,13.47
2026-09-01 03:50,XRP,XRP,1.3789500000000001,0.725,0.363,0.363,0.363,2091140,0.00125,13.23
2026-09-01 03:50,AVAX,AVAX,7.2802500000000006,1.511,0.755,0.893,1.168,46445,0.00125,14.01
2026-09-01 03:50,LINK,LINK,11.388,1.756,0.878,0.878,0.878,377357,0.00125,14.26
2026-09-01 03:50,LTC,LTC,48.787499999999994,1.435,0.717,0.922,1.332,71154,0.00125,13.93
2026-09-01 03:50,ADA,ADA,0.199745,0.501,0.25,1.252,1.252,135755,0.00125,13.0
2026-09-01 03:50,DOT,DOT,0.85121,1.175,0.587,0.705,1.88,24660,0.000392,11.27
2026-09-01 03:50,UNI,UNI,5.2833000000000006,2.271,1.136,1.136,1.136,33144,0.00125,14.77
2026-09-01 03:50,AAVE,AAVE,124.805,0.801,0.401,2.804,3.606,156659,0.00125,13.3
2026-09-01 03:50,ARB,ARB,0.118715,0.842,0.421,0.421,0.421,46895,0.00125,13.34
2026-09-01 03:50,POL,POL,0.09146850000000001,1.64,0.82,2.241,3.662,13049,0.00125,14.14
2026-09-01 03:50,RENDER,RENDER,1.4484,2.762,1.381,2.071,2.071,50722,0.00125,15.26
2026-09-01 03:50,DOGE,DOGE,0.082896,0.241,0.241,0.241,0.241,178147,0.00125,12.98
2026-09-01 03:50,SHIB,kSHIB,0.0050904999999999995,1.964,0.982,0.982,2.947,182728,0.00125,14.46
2026-09-01 03:50,PEPE,kPEPE,0.0035625,2.807,1.404,1.404,1.404,881949,-0.000566,11.81
2026-09-01 03:50,WIF,WIF,0.19743,2.026,1.52,1.52,1.52,50066,0.00125,15.54
2026-09-01 03:50,BONK,kBONK,0.003029,6.603,6.603,6.603,6.603,146916,0.00125,25.71
2026-09-01 03:50,TRUMP,TRUMP,2.3963,1.669,0.835,1.252,2.087,50809,0.00125,14.17
2026-09-01 03:55,BTC,BTC,78398.5,0.128,0.064,0.064,0.064,3684434,0.00125,12.63
2026-09-01 03:55,ETH,ETH,2462.75,1.218,0.609,0.609,0.609,6276408,0.00125,13.72
2026-09-01 03:55,SOL,SOL,103.16499999999999,0.969,0.485,0.485,0.485,4101064,0.00125,13.47
2026-09-01 03:55,XRP,XRP,1.3762500000000002,0.727,0.363,0.363,0.363,1498688,0.00125,13.23
2026-09-01 03:55,AVAX,AVAX,7.2678,1.101,0.55,0.688,0.963,66135,0.00125,13.6
2026-09-01 03:55,LINK,LINK,11.3675,0.88,0.44,0.44,2.199,374032,0.00125,13.38
2026-09-01 03:55,LTC,LTC,48.6845,0.205,0.103,0.308,0.308,67295,0.00125,12.71
2026-09-01 03:55,ADA,ADA,0.19934000000000002,1.003,0.502,0.502,0.502,147071,0.00125,13.5
2026-09-01 03:55,DOT,DOT,0.850295,1.764,1.47,1.588,1.588,26888,0.00021,12.53
2026-09-01 03:55,UNI,UNI,5.2648,1.14,0.57,1.899,1.899,52042,0.00125,13.64
2026-09-01 03:55,AAVE,AAVE,124.64500000000001,0.802,0.401,1.203,1.203,161237,0.00125,13.3
2026-09-01 03:55,ARB,ARB,0.116605,0.858,7.29,7.29,7.29,71382,0.00125,27.08
2026-09-01 03:55,POL,POL,0.0913175,2.519,1.259,1.369,1.916,15046,0.00125,15.02
2026-09-01 03:55,RENDER,RENDER,1.4490500000000002,2.07,1.035,1.035,1.035,22962,0.00125,14.57
2026-09-01 03:55,DOGE,DOGE,0.0828465,0.121,0.06,0.06,0.06,100262,0.00125,12.62
2026-09-01 03:55,SHIB,kSHIB,0.0050875,1.966,0.983,0.983,2.948,175386,0.00125,14.47
2026-09-01 03:55,PEPE,kPEPE,0.0035585,2.81,1.405,1.405,1.405,848916,-0.000595,11.81
2026-09-01 03:55,WIF,WIF,0.197345,1.52,0.76,1.267,1.267,60696,0.00125,14.02
2026-09-01 03:55,BONK,kBONK,0.0030215,3.31,1.655,4.964,4.964,136463,0.00125,15.81
2026-09-01 03:55,TRUMP,TRUMP,2.39325,1.254,0.627,0.627,0.627,60788,0.00125,13.75
2026-09-01 04:00,BTC,BTC,78334.5,0.128,0.064,0.064,0.064,4413570,0.00125,12.63
2026-09-01 04:00,ETH,ETH,2461.75,0.406,0.203,0.203,0.203,10289233,0.00125,12.91
2026-09-01 04:00,SOL,SOL,103.13499999999999,0.97,0.485,0.485,0.485,4937255,0.000382,11.04
2026-09-01 04:00,XRP,XRP,1.3758499999999998,0.727,0.363,0.363,0.363,1971526,0.00125,13.23
2026-09-01 04:00,AVAX,AVAX,7.258800000000001,0.551,1.515,1.515,1.653,73907,0.00125,15.53
2026-09-01 04:00,LINK,LINK,11.3575,0.88,0.44,1.321,2.201,406874,0.00125,13.38
2026-09-01 04:00,LTC,LTC,48.665,0.822,0.411,0.411,0.616,63895,0.00125,13.32
2026-09-01 04:00,ADA,ADA,0.199185,1.506,0.753,1.255,1.255,139385,0.00125,14.01
2026-09-01 04:00,DOT,DOT,0.84927,1.884,0.942,0.942,0.942,20517,-9e-06,10.88
2026-09-01 04:00,UNI,UNI,5.26695,1.329,0.665,0.665,1.804,23578,0.00125,13.83
2026-09-01 04:00,AAVE,AAVE,124.63,1.605,0.802,1.605,1.605,170013,0.00125,14.1
2026-09-01 04:00,ARB,ARB,0.11374999999999999,1.758,0.879,0.879,0.879,72840,0.00125,14.26
2026-09-01 04:00,POL,POL,0.09143399999999999,1.75,1.641,3.609,4.375,6781,0.00125,15.78
2026-09-01 04:00,RENDER,RENDER,1.4482499999999998,3.452,1.726,2.417,2.417,31765,0.00125,15.95
2026-09-01 04:00,DOGE,DOGE,0.0827295,0.121,1.269,1.39,1.39,95936,0.00125,15.04
2026-09-01 04:00,SHIB,kSHIB,0.0050810000000000004,3.936,1.968,1.968,1.968,203175,0.00125,16.44
2026-09-01 04:00,PEPE,kPEPE,0.0035555,2.813,1.406,1.406,1.406,901511,0.000102,12.1
2026-09-01 04:00,WIF,WIF,0.19694,2.031,1.016,1.016,1.016,57842,0.00125,14.53
2026-09-01 04:00,BONK,kBONK,0.0030074999999999998,3.325,1.663,1.663,1.663,166404,0.00125,15.83
2026-09-01 04:00,TRUMP,TRUMP,2.39255,2.09,1.045,1.045,1.463,81864,0.00125,14.59
2026-09-01 04:05,BTC,BTC,78346.5,0.128,0.064,0.064,0.064,3477608,0.00125,12.63
2026-09-01 04:05,ETH,ETH,2461.45,0.406,0.203,0.203,0.203,8333223,0.00125,12.91
2026-09-01 04:05,SOL,SOL,103.155,0.969,0.485,0.485,0.485,4577858,0.000562,11.54
2026-09-01 04:05,XRP,XRP,1.37635,0.727,0.363,0.363,0.363,1803910,0.00125,13.23
2026-09-01 04:05,AVAX,AVAX,7.2547,0.827,0.414,2.068,2.205,67305,0.00125,13.33
2026-09-01 04:05,LINK,LINK,11.376999999999999,1.758,0.879,0.879,0.879,391164,0.00125,14.26
2026-09-01 04:05,LTC,LTC,48.6305,0.617,0.308,0.308,0.514,55655,0.00125,13.12
2026-09-01 04:05,ADA,ADA,0.19933499999999998,0.502,0.251,0.251,0.753,78225,0.00125,13.0
2026-09-01 04:05,DOT,DOT,0.848765,1.532,0.766,0.766,0.766,16644,-0.000478,10.53
2026-09-01 04:05,UNI,UNI,5.2613,0.38,0.19,0.38,0.38,31814,0.00125,12.88
2026-09-01 04:05,AAVE,AAVE,124.565,0.803,0.401,1.204,1.204,149923,0.00125,13.3
2026-09-01 04:05,ARB,ARB,0.11154,7.172,3.586,3.586,3.586,77764,0.00125,19.67
2026-09-01 04:05,POL,POL,0.09137200000000001,2.408,1.204,1.313,2.079,13781,0.00125,14.91
2026-09-01 04:05,RENDER,RENDER,1.4448500000000002,2.076,1.038,1.73,1.73,19619,0.00125,14.58
2026-09-01 04:05,DOGE,DOGE,0.0827755,0.846,0.423,0.423,0.423,102976,0.00125,13.35
2026-09-01 04:05,SHIB,kSHIB,0.005079500000000001,1.969,0.984,0.984,2.953,285915,0.00125,14.47
2026-09-01 04:05,PEPE,kPEPE,0.0035529999999999997,5.629,2.815,2.815,2.815,904189,-0.000111,14.63
2026-09-01 04:05,WIF,WIF,0.19620500000000002,1.529,0.765,2.294,2.294,47992,0.00125,14.03
2026-09-01 04:05,BONK,kBONK,0.003007,6.651,3.326,3.326,3.326,205502,0.00125,19.15
2026-09-01 04:05,TRUMP,TRUMP,2.3864,3.352,1.676,2.095,2.095,93353,0.00125,15.85
2026-09-01 04:10,BTC,BTC,78265.5,0.128,0.064,0.064,0.064,5829461,0.00125,12.63
2026-09-01 04:10,ETH,ETH,2457.6499999999996,0.407,0.203,0.203,0.203,11718300,0.00125,12.91
2026-09-01 04:10,SOL,SOL,102.995,0.971,0.485,0.485,0.485,4485946,0.00076,12.1
2026-09-01 04:10,XRP,XRP,1.37175,0.729,0.364,0.364,0.364,1416100,0.00125,13.23
2026-09-01 04:10,AVAX,AVAX,7.24225,0.967,0.483,0.483,0.898,61244,0.00125,13.47
2026-09-01 04:10,LINK,LINK,11.339500000000001,0.882,0.441,0.441,0.441,238594,0.00125,13.38
2026-09-01 04:10,LTC,LTC,48.608999999999995,0.411,0.206,0.411,0.617,52098,0.00125,12.91
2026-09-01 04:10,ADA,ADA,0.198745,0.503,0.252,0.252,0.252,103393,0.00125,13.0
2026-09-01 04:10,DOT,DOT,0.846115,1.773,0.886,0.886,0.886,17647,-0.000881,10.77
2026-09-01 04:10,UNI,UNI,5.22565,0.191,0.096,0.096,0.67,30108,0.00125,12.69
2026-09-01 04:10,AAVE,AAVE,124.045,0.806,0.403,1.209,1.209,215036,0.00125,13.31
2026-09-01 04:10,ARB,ARB,0.11296999999999999,15.933,7.967,7.967,7.967,58064,0.00125,28.43
2026-09-01 04:10,POL,POL,0.091477,2.186,1.093,1.202,2.733,4513,0.00125,14.69
2026-09-01 04:10,RENDER,RENDER,1.4455,4.151,2.075,4.151,4.843,13108,0.00125,16.65
2026-09-01 04:10,DOGE,DOGE,0.0826075,0.121,0.061,0.061,0.061,169002,0.00125,12.62
2026-09-01 04:10,SHIB,kSHIB,0.005069499999999999,1.973,0.986,0.986,0.986,181777,0.00125,14.47
2026-09-01 04:10,PEPE,kPEPE,0.0035434999999999998,2.822,1.411,1.411,1.411,865406,-0.00032,11.82
2026-09-01 04:10,WIF,WIF,0.195865,2.553,2.298,2.808,3.829,58017,0.00125,17.1
2026-09-01 04:10,BONK,kBONK,0.0029965,3.337,1.669,1.669,1.669,203189,0.00125,15.84
2026-09-01 04:10,TRUMP,TRUMP,2.38095,0.42,1.47,4.83,5.67,98826,0.00125,15.44
2026-09-01 04:15,BTC,BTC,78255.5,0.128,0.064,0.064,0.064,5355960,0.00125,12.63
2026-09-01 04:15,ETH,ETH,2456.95,0.407,0.204,0.204,0.204,8212644,0.00125,12.91
2026-09-01 04:15,SOL,SOL,103.035,0.971,0.485,0.485,0.485,4533689,0.000908,12.51
2026-09-01 04:15,XRP,XRP,1.3733499999999998,0.728,0.364,0.364,1.092,2651196,0.00125,13.23
2026-09-01 04:15,AVAX,AVAX,7.24615,0.69,0.345,0.483,0.483,51046,0.00125,13.19
2026-09-01 04:15,LINK,LINK,11.316500000000001,0.884,0.442,1.325,1.325,400478,0.00125,13.38
2026-09-01 04:15,LTC,LTC,48.6365,1.028,0.514,0.72,0.72,44363,0.00125,13.53
2026-09-01 04:15,ADA,ADA,0.19895000000000002,1.005,0.503,1.005,1.005,171931,0.00125,13.51
2026-09-01 04:15,DOT,DOT,0.84836,1.414,0.943,0.943,0.943,29826,-0.000828,10.89
2026-09-01 04:15,UNI,UNI,5.24315,0.191,0.095,0.095,0.095,23872,0.00125,12.69
2026-09-01 04:15,AAVE,AAVE,124.185,2.416,1.208,1.208,1.208,151157,0.00125,14.92
2026-09-01 04:15,ARB,ARB,0.11322,5.299,2.65,2.65,2.65,71080,0.00125,17.8
2026-09-01 04:15,POL,POL,0.0912605,1.644,1.589,3.013,4.876,10647,0.00125,15.68
2026-09-01 04:15,RENDER,RENDER,1.4477,5.526,2.763,3.454,3.454,38707,0.00125,18.03
2026-09-01 04:15,DOGE,DOGE,0.0827005,0.121,0.06,0.06,0.06,128999,0.00125,12.62
2026-09-01 04:15,SHIB,kSHIB,0.0050715,1.972,0.986,2.958,2.958,285422,0.00125,14.47
2026-09-01 04:15,PEPE,kPEPE,0.0035465,2.82,1.41,1.41,1.41,1237964,-0.000454,11.82
2026-09-01 04:15,WIF,WIF,0.195965,0.51,0.765,4.338,5.868,45651,0.00125,14.03
2026-09-01 04:15,BONK,kBONK,0.0030005,3.333,1.666,4.999,4.999,196079,0.00125,15.83
2026-09-01 04:15,TRUMP,TRUMP,2.38645,1.257,0.629,1.048,1.048,55659,0.00125,13.76
2026-09-01 04:20,BTC,BTC,78234.5,0.128,0.064,0.064,0.064,3138107,0.00125,12.63
2026-09-01 04:20,ETH,ETH,2457.3500000000004,0.407,0.203,0.203,0.203,7976879,0.00125,12.91
2026-09-01 04:20,SOL,SOL,102.995,0.971,0.485,0.485,0.485,4937525,0.000883,12.44
2026-09-01 04:20,XRP,XRP,1.37275,0.728,0.364,0.364,0.364,2549545,0.00125,13.23
2026-09-01 04:20,AVAX,AVAX,7.2415,0.829,0.414,1.243,1.243,71274,0.00125,13.33
2026-09-01 04:20,LINK,LINK,11.3095,0.884,0.442,0.442,0.442,371854,0.00125,13.38
2026-09-01 04:20,LTC,LTC,48.637,0.822,0.411,0.617,1.234,52985,0.00125,13.32
2026-09-01 04:20,ADA,ADA,0.198595,2.518,1.259,1.259,2.266,155456,0.00125,15.02
2026-09-01 04:20,DOT,DOT,0.84597,1.891,2.246,2.364,2.837,29963,-0.000852,13.49
2026-09-01 04:20,UNI,UNI,5.2316,1.529,0.765,0.956,0.956,38060,0.00125,14.03
2026-09-01 04:20,AAVE,AAVE,124.00999999999999,1.613,0.806,1.613,1.613,141136,0.00125,14.11
2026-09-01 04:20,ARB,ARB,0.111105,9.901,4.95,4.95,5.85,80492,0.00125,22.4
2026-09-01 04:20,POL,POL,0.0912225,2.302,1.151,1.261,2.357,11709,0.001082,14.33
2026-09-01 04:20,RENDER,RENDER,1.4439,4.155,2.078,2.77,2.77,18314,0.00125,16.66
2026-09-01 04:20,DOGE,DOGE,0.082749,0.242,0.121,0.121,0.121,75066,0.00125,12.74
2026-09-01 04:20,SHIB,kSHIB,0.0050715,1.972,2.958,2.958,2.958,255631,0.00125,18.42
2026-09-01 04:20,PEPE,kPEPE,0.0035455,2.82,1.41,1.41,1.41,892181,-0.00058,11.82
2026-09-01 04:20,WIF,WIF,0.195735,0.511,3.321,4.343,4.854,45175,0.00125,19.14
2026-09-01 04:20,BONK,kBONK,0.0030005,3.333,1.666,1.666,1.666,218285,0.00125,15.83
2026-09-01 04:20,TRUMP,TRUMP,2.3840000000000003,0.839,0.419,0.839,1.258,85997,0.00125,13.34
2026-09-01 04:25,BTC,BTC,78297.5,0.128,0.064,0.064,0.064,5387673,0.00125,12.63
2026-09-01 04:25,ETH,ETH,2459.95,0.407,0.203,0.203,0.203,8615840,0.00125,12.91
2026-09-01 04:25,SOL,SOL,103.14500000000001,0.97,1.454,1.454,1.454,4670582,0.00084,14.26
2026-09-01 04:25,XRP,XRP,1.37425,0.728,0.364,0.364,0.364,1012065,0.00125,13.23
2026-09-01 04:25,AVAX,AVAX,7.2577,0.827,0.413,0.413,0.551,47285,0.00125,13.33
2026-09-01 04:25,LINK,LINK,11.340499999999999,0.882,0.441,0.441,1.323,386580,0.00125,13.38
2026-09-01 04:25,LTC,LTC,48.7455,0.205,0.103,0.308,0.308,58171,0.00125,12.71
2026-09-01 04:25,ADA,ADA,0.199305,1.505,0.753,0.753,1.254,198037,0.00125,14.01
2026-09-01 04:25,DOT,DOT,0.85158,1.409,0.705,0.705,0.705,29217,-0.000708,10.41
2026-09-01 04:25,UNI,UNI,5.2278,0.383,0.191,0.383,0.383,23581,0.00125,12.88
2026-09-01 04:25,AAVE,AAVE,124.17500000000001,0.805,0.403,1.208,1.208,129372,0.00125,13.31
2026-09-01 04:25,ARB,ARB,0.1131,3.537,1.768,2.653,2.653,68625,0.00125,16.04
2026-09-01 04:25,POL,POL,0.0912435,2.302,2.028,2.685,3.452,15748,0.000834,15.39
2026-09-01 04:25,RENDER,RENDER,1.44455,6.23,3.115,3.115,5.192,30967,0.00125,18.73
2026-09-01 04:25,DOGE,DOGE,0.0829215,0.362,0.181,0.181,0.181,100463,0.00125,12.86
2026-09-01 04:25,SHIB,kSHIB,0.0050810000000000004,3.936,1.968,3.936,3.936,164943,0.00125,16.44
2026-09-01 04:25,PEPE,kPEPE,0.0035555,2.813,1.406,1.406,1.406,1273722,-0.000529,11.81
2026-09-01 04:25,WIF,WIF,0.19641,2.037,2.037,2.037,2.037,54886,0.00125,16.57
2026-09-01 04:25,BONK,kBONK,0.0030055,3.327,1.664,1.664,1.664,217512,0.00125,15.83
2026-09-01 04:25,TRUMP,TRUMP,2.39435,0.418,0.209,0.209,0.209,117438,0.00125,12.92
2026-09-01 04:30,BTC,BTC,78263.0,0.256,1.022,1.406,1.533,3019992,0.00125,14.54
2026-09-01 04:30,ETH,ETH,2459.8500000000004,0.407,0.203,0.203,0.203,9017605,0.00125,12.91
2026-09-01 04:30,SOL,SOL,103.095,0.97,0.485,0.485,0.485,4394801,0.000891,12.46
2026-09-01 04:30,XRP,XRP,1.37305,0.728,1.092,1.092,1.092,1334316,0.00125,14.68
2026-09-01 04:30,AVAX,AVAX,7.25295,0.965,0.62,0.62,0.896,39619,0.00125,13.74
2026-09-01 04:30,LINK,LINK,11.3325,0.882,0.441,0.441,0.441,225190,0.00125,13.38
2026-09-01 04:30,LTC,LTC,48.714,0.821,0.411,0.411,1.232,46300,0.00125,13.32
2026-09-01 04:30,ADA,ADA,0.199315,0.502,0.251,0.251,0.753,120636,0.00125,13.0
2026-09-01 04:30,DOT,DOT,0.8517399999999999,1.644,0.822,0.939,0.939,37833,-0.000743,10.64
2026-09-01 04:30,UNI,UNI,5.20335,2.498,1.249,1.249,1.826,27370,0.00125,15.0
2026-09-01 04:30,AAVE,AAVE,124.035,0.806,0.403,0.403,0.403,117609,0.00125,13.31
2026-09-01 04:30,ARB,ARB,0.11296999999999999,3.541,4.426,4.426,4.426,34593,0.00125,21.35
2026-09-01 04:30,POL,POL,0.090987,2.198,1.099,1.209,1.429,6368,0.000463,12.49
2026-09-01 04:30,RENDER,RENDER,1.44135,2.081,1.041,2.428,3.816,9380,0.00125,14.58
2026-09-01 04:30,DOGE,DOGE,0.08279349999999999,0.845,0.423,0.544,0.544,176064,0.00125,13.35
2026-09-01 04:30,SHIB,kSHIB,0.005079500000000001,1.969,0.984,0.984,0.984,200670,0.00125,14.47
2026-09-01 04:30,PEPE,kPEPE,0.0035505,2.817,1.408,1.408,1.408,887236,-0.000771,11.82
2026-09-01 04:30,WIF,WIF,0.19611499999999998,2.55,1.275,1.785,1.785,44738,0.00125,15.05
2026-09-01 04:30,BONK,kBONK,0.0029975,3.336,1.668,5.004,5.004,266795,0.00125,15.84
2026-09-01 04:30,TRUMP,TRUMP,2.3908,1.673,0.837,0.837,1.255,47784,0.00125,14.17
2026-09-01 04:35,BTC,BTC,78390.5,0.128,0.064,0.064,0.064,7419420,0.00125,12.63
2026-09-01 04:35,ETH,ETH,2462.1499999999996,0.406,0.203,0.203,0.203,9315047,0.00125,12.91
2026-09-01 04:35,SOL,SOL,103.125,0.97,0.485,0.485,0.485,5053505,0.000963,12.67
2026-09-01 04:35,XRP,XRP,1.3737499999999998,0.728,0.364,0.364,0.364,1724834,0.00125,13.23
2026-09-01 04:35,AVAX,AVAX,7.25475,1.241,0.62,0.758,0.758,75377,0.00125,13.74
2026-09-01 04:35,LINK,LINK,11.3355,0.882,0.441,0.441,2.205,471236,0.00125,13.38
2026-09-01 04:35,LTC,LTC,48.762,0.41,0.205,0.41,0.41,49573,0.00125,12.91
2026-09-01 04:35,ADA,ADA,0.19966,1.002,0.501,0.501,0.501,138226,0.00125,13.5
2026-09-01 04:35,DOT,DOT,0.8520449999999999,2.465,1.232,1.232,1.232,19581,-0.00066,11.46
2026-09-01 04:35,UNI,UNI,5.2357499999999995,6.303,3.151,3.151,3.151,30267,0.00125,18.8
2026-09-01 04:35,AAVE,AAVE,124.19,1.61,0.805,1.61,1.61,173475,0.00125,14.11
2026-09-01 04:35,ARB,ARB,0.11207500000000001,2.677,1.338,1.338,1.338,71577,0.00125,15.18
2026-09-01 04:35,POL,POL,0.09110299999999999,2.195,1.317,1.317,2.634,6943,0.000123,11.98
2026-09-01 04:35,RENDER,RENDER,1.44255,4.853,2.426,3.813,4.506,39862,0.00125,17.35
2026-09-01 04:35,DOGE,DOGE,0.08284,0.724,0.362,0.362,0.362,129323,0.00125,13.22
2026-09-01 04:35,SHIB,kSHIB,0.00509,3.929,1.965,1.965,1.965,236614,0.00125,16.43
2026-09-01 04:35,PEPE,kPEPE,0.0035545,2.813,1.407,1.407,1.407,822655,-0.000821,11.81
2026-09-01 04:35,WIF,WIF,0.19617,1.02,1.02,1.529,3.059,49848,0.00125,14.54
2026-09-01 04:35,BONK,kBONK,0.002996,6.676,3.338,3.338,3.338,192083,0.00125,19.18
2026-09-01 04:35,TRUMP,TRUMP,2.3981,1.668,0.834,0.834,1.668,44327,0.00125,14.17
2026-09-01 04:40,BTC,BTC,78342.5,0.128,0.064,0.064,0.064,2086725,0.00125,12.63
2026-09-01 04:40,ETH,ETH,2460.8500000000004,0.406,0.61,0.61,0.61,8634676,0.00125,13.72
2026-09-01 04:40,SOL,SOL,103.095,0.97,0.485,0.485,0.485,4851535,0.001044,12.89
2026-09-01 04:40,XRP,XRP,1.37235,0.729,0.364,0.364,0.364,2224836,0.00125,13.23
2026-09-01 04:40,AVAX,AVAX,7.2507,0.828,0.414,0.414,0.414,36785,0.00125,13.33
2026-09-01 04:40,LINK,LINK,11.313500000000001,0.884,0.442,0.442,1.326,420522,0.00125,13.38
2026-09-01 04:40,LTC,LTC,48.667,0.822,0.411,0.616,0.616,53450,0.00125,13.32
2026-09-01 04:40,ADA,ADA,0.199345,0.502,0.251,0.251,0.752,97249,0.00125,13.0
2026-09-01 04:40,DOT,DOT,0.848605,1.532,0.766,0.766,0.766,17622,-0.0007,10.53
2026-09-01 04:40,UNI,UNI,5.22975,0.191,1.434,1.434,2.199,20790,0.00125,15.37
2026-09-01 04:40,AAVE,AAVE,124.125,0.806,0.403,0.403,0.403,370920,0.00125,13.31
2026-09-01 04:40,ARB,ARB,0.111015,0.901,0.45,0.45,0.45,112154,0.00125,13.4
2026-09-01 04:40,POL,POL,0.0909845,2.308,1.154,2.473,4.012,14376,-0.000164,11.31
2026-09-01 04:40,RENDER,RENDER,1.4438,4.156,2.078,2.77,2.77,51631,0.00125,16.66
2026-09-01 04:40,DOGE,DOGE,0.082781,0.483,0.242,0.362,0.362,127640,0.00125,12.98
2026-09-01 04:40,SHIB,kSHIB,0.0050855,1.966,0.983,0.983,2.95,186123,0.00125,14.47
2026-09-01 04:40,PEPE,kPEPE,0.0035475,2.819,1.409,1.409,1.409,878319,-0.000932,11.82
2026-09-01 04:40,WIF,WIF,0.195785,2.554,2.298,2.809,3.831,46996,0.00125,17.1
2026-09-01 04:40,BONK,kBONK,0.0030055,3.327,1.664,1.664,1.664,195829,0.00125,15.83
2026-09-01 04:40,TRUMP,TRUMP,2.39535,0.417,2.714,2.714,3.966,39382,0.00125,17.93
2026-09-01 04:45,BTC,BTC,78357.5,0.128,0.064,0.064,0.064,9065517,0.00125,12.63
2026-09-01 04:45,ETH,ETH,2461.25,0.406,0.203,0.203,0.203,8807371,0.00125,12.91
2026-09-01 04:45,SOL,SOL,103.08500000000001,0.97,0.485,0.485,0.485,5166530,0.001065,12.95
2026-09-01 04:45,XRP,XRP,1.3722500000000002,0.729,0.364,0.364,0.364,2194758,0.00125,13.23
2026-09-01 04:45,AVAX,AVAX,7.2471499999999995,1.794,0.897,1.449,1.449,46875,0.001248,14.29
2026-09-01 04:45,LINK,LINK,11.3215,0.883,0.442,0.442,0.442,498125,0.00125,13.38
2026-09-01 04:45,LTC,LTC,48.6525,0.206,0.103,0.308,0.514,73680,0.00125,12.71
2026-09-01 04:45,ADA,ADA,0.19938499999999998,1.505,0.752,0.752,0.752,175544,0.00125,14.0
2026-09-01 04:45,DOT,DOT,0.848795,3.181,1.59,1.59,1.59,24363,-0.000594,12.18
2026-09-01 04:45,UNI,UNI,5.22315,0.191,0.096,0.67,0.862,23271,0.00125,12.69
2026-09-01 04:45,AAVE,AAVE,124.19,1.61,0.805,1.61,1.61,182621,0.00125,14.11
2026-09-01 04:45,ARB,ARB,0.11191999999999999,3.574,1.787,1.787,1.787,92803,0.00125,16.07
2026-09-01 04:45,POL,POL,0.0909475,2.089,2.144,2.144,3.793,8076,-0.00029,13.29
2026-09-01 04:45,RENDER,RENDER,1.44305,6.237,3.118,3.118,3.811,39152,0.00125,18.74
2026-09-01 04:45,DOGE,DOGE,0.0826925,0.121,0.06,0.786,0.907,160147,0.00125,12.62
2026-09-01 04:45,SHIB,kSHIB,0.0050845000000000005,1.967,2.95,2.95,2.95,232399,0.00125,18.4
2026-09-01 04:45,PEPE,kPEPE,0.0035434999999999998,2.822,1.411,1.411,1.411,886907,-0.00093,11.82
2026-09-01 04:45,WIF,WIF,0.195745,1.533,0.766,0.766,0.766,47616,0.00125,14.03
2026-09-01 04:45,BONK,kBONK,0.0030045000000000002,3.328,1.664,1.664,1.664,200903,0.00125,15.83
2026-09-01 04:45,TRUMP,TRUMP,2.3952999999999998,1.67,0.835,0.835,0.835,58016,0.00125,14.17
2026-09-01 04:50,BTC,BTC,78386.5,0.128,0.064,0.064,0.064,4727487,0.00125,12.63
2026-09-01 04:50,ETH,ETH,2462.3500000000004,0.406,0.203,0.203,0.203,9557320,0.00125,12.91
2026-09-01 04:50,SOL,SOL,103.265,0.968,0.484,0.484,0.484,5011551,0.001032,12.86
2026-09-01 04:50,XRP,XRP,1.3741500000000002,0.728,0.364,0.364,0.364,1990161,0.00125,13.23
2026-09-01 04:50,AVAX,AVAX,7.2564,1.102,0.551,0.689,0.689,37555,0.001205,13.48
2026-09-01 04:50,LINK,LINK,11.3325,0.882,0.441,0.441,0.441,217185,0.00125,13.38
2026-09-01 04:50,LTC,LTC,48.721999999999994,0.821,0.41,1.231,1.437,61215,0.00125,13.32
2026-09-01 04:50,ADA,ADA,0.19992,1.0,0.5,1.0,1.0,105144,0.00125,13.5
2026-09-01 04:50,DOT,DOT,0.851065,2.232,1.469,1.704,1.704,34164,-0.000542,11.94
2026-09-01 04:50,UNI,UNI,5.218999999999999,0.383,0.192,0.958,1.341,35901,0.00125,12.88
2026-09-01 04:50,AAVE,AAVE,124.16,1.611,0.805,1.611,2.416,153456,0.00125,14.11
2026-09-01 04:50,ARB,ARB,0.11183000000000001,3.577,1.788,1.788,1.788,78298,0.00125,16.08
2026-09-01 04:50,POL,POL,0.0910895,3.403,1.702,4.007,5.324,18370,-0.000423,12.4
2026-09-01 04:50,RENDER,RENDER,1.4462,4.149,2.074,2.766,2.766,18620,0.00125,16.65
2026-09-01 04:50,DOGE,DOGE,0.082787,0.483,0.242,0.362,0.362,133531,0.00125,12.98
2026-09-01 04:50,SHIB,kSHIB,0.0050875,1.966,2.948,2.948,2.948,167831,0.00125,18.4
2026-09-01 04:50,PEPE,kPEPE,0.0035445,2.821,1.411,1.411,1.411,1064576,-0.000981,11.82
2026-09-01 04:50,WIF,WIF,0.19580999999999998,2.043,2.043,2.553,2.553,45876,0.00125,16.59
2026-09-01 04:50,BONK,kBONK,0.003006,6.653,3.327,3.327,3.327,207266,0.00125,19.15
2026-09-01 04:50,TRUMP,TRUMP,2.3928,1.672,0.836,1.254,2.09,58267,0.00125,14.17
2026-09-01 04:55,BTC,BTC,78402.5,0.128,0.064,0.064,0.064,7002442,0.00125,12.63
2026-09-01 04:55,ETH,ETH,2462.55,0.406,0.203,0.203,1.015,8609920,0.00125,12.91
2026-09-01 04:55,SOL,SOL,103.33500000000001,0.968,0.484,0.484,0.484,4682799,0.000967,12.67
2026-09-01 04:55,XRP,XRP,1.37405,0.728,0.364,0.364,0.364,1555213,0.00125,13.23
2026-09-01 04:55,AVAX,AVAX,7.2513000000000005,0.827,0.414,0.552,0.965,33488,0.001146,13.04
2026-09-01 04:55,LINK,LINK,11.3355,0.882,0.441,0.441,1.323,510698,0.00125,13.38
2026-09-01 04:55,LTC,LTC,48.695499999999996,0.205,0.103,0.513,0.513,66940,0.00125,12.71
2026-09-01 04:55,ADA,ADA,0.200095,0.5,0.25,0.25,0.25,173133,0.00125,13.0
2026-09-01 04:55,DOT,DOT,0.8520650000000001,1.056,0.528,0.528,0.528,29886,-0.000501,10.06
2026-09-01 04:55,UNI,UNI,5.22455,0.191,0.096,0.096,0.096,23861,0.00125,12.69
2026-09-01 04:55,AAVE,AAVE,124.22999999999999,1.61,1.61,1.61,1.61,180848,0.00125,15.72
2026-09-01 04:55,ARB,ARB,0.11245,3.557,1.779,2.668,2.668,71707,0.00125,16.06
2026-09-01 04:55,POL,POL,0.09122150000000001,0.987,0.493,2.686,3.453,10967,-0.000552,9.99
2026-09-01 04:55,RENDER,RENDER,1.44475,4.845,2.423,3.115,3.115,24832,0.00125,17.35
2026-09-01 04:55,DOGE,DOGE,0.0827765,0.121,0.06,0.785,0.785,169424,0.00125,12.62
2026-09-01 04:55,SHIB,kSHIB,0.005088499999999999,1.965,2.948,4.913,4.913,181171,0.00125,18.4
2026-09-01 04:55,PEPE,kPEPE,0.0035434999999999998,2.822,1.411,1.411,1.411,1053970,-0.000996,11.82
2026-09-01 04:55,WIF,WIF,0.195455,3.581,1.791,1.791,3.326,52051,0.00125,16.08
2026-09-01 04:55,BONK,kBONK,0.0030085,3.324,1.662,1.662,1.662,210199,0.00125,15.82
2026-09-01 04:55,TRUMP,TRUMP,2.39215,1.254,0.627,1.045,1.045,62683,0.00125,13.75
2026-09-01 05:00,BTC,BTC,78429.5,0.128,0.064,0.064,0.064,7529793,0.00125,12.63
2026-09-01 05:00,ETH,ETH,2465.1499999999996,0.406,0.203,0.203,0.203,9573519,0.00125,12.91
2026-09-01 05:00,SOL,SOL,103.32499999999999,0.968,0.484,0.484,0.484,5402802,0.00125,13.47
2026-09-01 05:00,XRP,XRP,1.3752499999999999,0.727,0.364,0.364,0.364,1933596,0.00125,13.23
2026-09-01 05:00,AVAX,AVAX,7.25375,0.138,0.069,0.069,0.069,52499,-0.00124,9.14
2026-09-01 05:00,LINK,LINK,11.356,1.761,0.881,0.881,0.881,229401,0.00125,14.26
2026-09-01 05:00,LTC,LTC,48.7515,0.205,0.103,0.308,0.308,62843,0.00125,12.71
2026-09-01 05:00,ADA,ADA,0.20016499999999998,1.499,0.749,1.249,1.249,93097,0.00125,14.0
2026-09-01 05:00,DOT,DOT,0.85128,1.88,0.94,1.057,1.057,23232,-0.000405,10.88
2026-09-01 05:00,UNI,UNI,5.22285,0.191,0.096,0.096,0.096,32153,0.00125,12.69
2026-09-01 05:00,AAVE,AAVE,124.235,0.805,0.402,1.207,2.012,153285,0.00125,13.3
2026-09-01 05:00,ARB,ARB,0.112775,4.434,2.217,2.217,2.217,88069,0.00125,16.93
2026-09-01 05:00,POL,POL,0.09163,2.837,1.419,2.074,3.056,10093,0.00125,15.34
2026-09-01 05:00,RENDER,RENDER,1.44255,4.853,2.426,2.426,4.506,8620,0.00125,17.35
2026-09-01 05:00,DOGE,DOGE,0.0828045,0.121,0.06,0.06,1.147,264392,0.000914,11.68
2026-09-01 05:00,SHIB,kSHIB,0.0050915000000000005,1.964,2.946,2.946,2.946,169335,0.00125,18.39
2026-09-01 05:00,PEPE,kPEPE,0.0035475,2.819,1.409,1.409,1.409,950621,-0.00123,11.82
2026-09-01 05:00,WIF,WIF,0.1955,2.046,1.023,1.535,3.069,44064,0.00125,14.55
2026-09-01 05:00,BONK,kBONK,0.0030135,3.318,1.659,1.659,1.659,176296,0.00125,15.82
2026-09-01 05:00,TRUMP,TRUMP,2.39385,1.253,1.044,1.88,2.298,48115,0.00125,14.59
2026-09-01 05:05,BTC,BTC,78462.5,0.127,0.064,0.064,0.064,3654839,0.00125,12.63
2026-09-01 05:05,ETH,ETH,2465.8500000000004,0.406,0.203,0.203,0.203,9305067,0.00125,12.91
2026-09-01 05:05,SOL,SOL,103.32499999999999,0.968,0.484,0.484,0.484,4777736,0.00125,13.47
2026-09-01 05:05,XRP,XRP,1.3762500000000002,0.727,0.363,0.363,0.363,1970206,0.00125,13.23
2026-09-01 05:05,AVAX,AVAX,7.25455,0.689,0.345,0.482,0.482,59370,-0.000311,9.69
2026-09-01 05:05,LINK,LINK,11.348500000000001,0.881,0.441,1.322,1.322,382524,0.00125,13.38
2026-09-01 05:05,LTC,LTC,48.769000000000005,0.41,0.205,0.41,0.41,67236,0.00125,12.91
2026-09-01 05:05,ADA,ADA,0.200005,1.5,0.75,0.75,0.75,130853,0.00125,14.0
2026-09-01 05:05,DOT,DOT,0.8520049999999999,1.761,0.88,0.998,0.998,15643,-4.1e-05,10.76
2026-09-01 05:05,UNI,UNI,5.22865,0.956,0.478,0.669,0.669,32298,0.00125,13.46
2026-09-01 05:05,AAVE,AAVE,124.24000000000001,1.61,0.805,1.61,2.415,176204,0.00125,14.11
2026-09-01 05:05,ARB,ARB,0.11358499999999999,4.402,3.081,3.081,3.081,56116,0.00125,18.66
2026-09-01 05:05,POL,POL,0.0920515,0.109,0.163,1.575,4.291,4515,0.00125,12.83
2026-09-01 05:05,RENDER,RENDER,1.44445,4.846,2.423,3.808,5.885,18166,0.00125,17.35
2026-09-01 05:05,DOGE,DOGE,0.0828255,0.121,0.06,0.785,0.906,214259,0.00125,12.62
2026-09-01 05:05,SHIB,kSHIB,0.005098500000000001,1.961,0.981,0.981,2.942,194265,0.00125,14.46
2026-09-01 05:05,PEPE,kPEPE,0.0035485,2.818,1.409,1.409,1.409,831242,-0.002654,11.82
2026-09-01 05:05,WIF,WIF,0.19563,1.022,0.511,2.045,3.578,41082,0.00125,13.52
2026-09-01 05:05,BONK,kBONK,0.003009,6.647,3.323,3.323,3.323,204897,0.00125,19.15
2026-09-01 05:05,TRUMP,TRUMP,2.40465,0.416,0.208,0.208,0.624,122087,0.00125,12.92
2026-09-01 05:10,BTC,BTC,78431.5,0.127,0.064,0.064,0.064,4176052,0.00125,12.63
2026-09-01 05:10,ETH,ETH,2464.8500000000004,0.406,0.203,0.203,0.203,8583610,0.00125,12.91
2026-09-01 05:10,SOL,SOL,103.295,0.968,0.484,0.484,1.452,4762160,0.00125,13.47
2026-09-01 05:10,XRP,XRP,1.37515,0.727,0.364,0.364,0.364,1926906,0.00125,13.23
2026-09-01 05:10,AVAX,AVAX,7.2451,0.276,0.138,0.276,0.276,35976,-0.000227,9.28
2026-09-01 05:10,LINK,LINK,11.3505,0.881,0.441,0.441,1.322,489464,0.00125,13.38
2026-09-01 05:10,LTC,LTC,48.7735,0.205,0.103,0.103,0.718,71194,0.00125,12.71
2026-09-01 05:10,ADA,ADA,0.199895,0.5,0.25,0.25,0.25,131083,0.00125,13.0
2026-09-01 05:10,DOT,DOT,0.8500449999999999,1.059,0.529,0.765,0.882,27063,-0.000193,10.06
2026-09-01 05:10,UNI,UNI,5.23265,0.956,1.242,1.242,1.242,38822,0.00125,14.98
2026-09-01 05:10,AAVE,AAVE,124.225,0.805,0.402,1.207,1.207,188680,0.00125,13.3
2026-09-01 05:10,ARB,ARB,0.112985,2.655,1.328,1.328,1.328,79565,0.00125,15.16
2026-09-01 05:10,POL,POL,0.092096,2.606,1.737,1.737,4.126,6022,0.00125,15.97
2026-09-01 05:10,RENDER,RENDER,1.4441000000000002,6.925,3.462,3.462,4.155,31933,0.00125,19.42
2026-09-01 05:10,DOGE,DOGE,0.0828255,0.845,0.423,0.423,0.423,215563,0.00125,13.35
2026-09-01 05:10,SHIB,kSHIB,0.0050995,1.961,0.98,0.98,2.941,169703,0.00125,14.46
2026-09-01 05:10,PEPE,kPEPE,0.0035455,2.82,1.41,1.41,4.231,981181,-0.002578,11.82
2026-09-01 05:10,WIF,WIF,0.195755,1.533,1.277,2.81,3.831,44265,0.00125,15.05
2026-09-01 05:10,BONK,kBONK,0.0030074999999999998,3.325,1.663,1.663,1.663,198037,0.00125,15.83
2026-09-01 05:10,TRUMP,TRUMP,2.4038000000000004,0.832,0.832,1.248,1.664,58536,0.00125,14.16
2026-09-01 05:15,BTC,BTC,78446.5,0.127,0.064,0.064,0.064,2943484,0.00125,12.63
2026-09-01 05:15,ETH,ETH,2466.1499999999996,0.405,0.203,0.203,0.203,9605498,0.00125,12.91
2026-09-01 05:15,SOL,SOL,103.39500000000001,0.967,0.484,0.484,0.484,5340300,0.00125,13.47
2026-09-01 05:15,XRP,XRP,1.3775499999999998,0.726,0.363,0.363,1.089,2006577,0.00125,13.23
2026-09-01 05:15,AVAX,AVAX,7.25845,0.138,2.273,2.273,2.411,51146,1.6e-05,13.59
2026-09-01 05:15,LINK,LINK,11.3605,0.88,0.44,1.32,2.201,494532,0.00125,13.38
2026-09-01 05:15,LTC,LTC,48.8185,0.205,0.102,0.307,0.307,86845,0.00125,12.7
2026-09-01 05:15,ADA,ADA,0.200375,0.499,0.749,0.749,0.749,135925,0.00125,14.0
2026-09-01 05:15,DOT,DOT,0.85087,1.645,0.823,0.94,0.94,25196,4.9e-05,10.78
2026-09-01 05:15,UNI,UNI,5.25095,2.476,1.238,1.428,1.428,30842,0.00125,14.98
2026-09-01 05:15,AAVE,AAVE,124.43,1.607,0.804,0.804,1.607,184150,0.00125,14.11
2026-09-01 05:15,ARB,ARB,0.11395,3.51,1.755,1.755,1.755,79527,0.00125,16.01
2026-09-01 05:15,POL,POL,0.091948,2.175,1.088,1.958,3.48,18386,0.00125,14.68
2026-09-01 05:15,RENDER,RENDER,1.4435,4.157,2.078,3.464,4.849,18895,0.00125,16.66
2026-09-01 05:15,DOGE,DOGE,0.0828895,0.121,0.06,0.422,0.422,142262,0.00125,12.62
2026-09-01 05:15,SHIB,kSHIB,0.0051075,1.958,4.895,4.895,4.895,283760,0.00125,22.29
2026-09-01 05:15,PEPE,kPEPE,0.0035485,2.818,1.409,1.409,1.409,928075,-0.002513,11.82
2026-09-01 05:15,WIF,WIF,0.196015,2.551,1.275,1.275,1.786,44515,0.00125,15.05
2026-09-01 05:15,BONK,kBONK,0.0030080000000000003,6.649,3.324,3.324,3.324,206657,0.00125,19.15
2026-09-01 05:15,TRUMP,TRUMP,2.4078999999999997,0.831,0.415,1.661,2.076,92713,0.00125,13.33
2026-09-01 05:20,BTC,BTC,78476.0,1.019,0.51,0.51,0.51,6920437,0.00125,13.52
2026-09-01 05:20,ETH,ETH,2466.05,0.406,0.203,0.203,0.203,10433769,0.00125,12.91
2026-09-01 05:20,SOL,SOL,103.475,0.966,0.483,0.483,0.483,4813192,0.00125,13.47
2026-09-01 05:20,XRP,XRP,1.3780000000000001,1.451,0.726,0.726,0.726,1865996,0.00125,13.95
2026-09-01 05:20,AVAX,AVAX,7.256399999999999,1.378,0.689,0.689,0.689,40059,7.2e-05,10.58
2026-09-01 05:20,LINK,LINK,11.369499999999999,0.88,0.44,0.44,0.44,276664,0.00125,13.38
2026-09-01 05:20,LTC,LTC,48.785,0.82,0.41,0.41,0.41,86169,0.00125,13.32
2026-09-01 05:20,ADA,ADA,0.200565,1.496,0.748,0.748,0.748,80427,0.00125,14.0
2026-09-01 05:20,DOT,DOT,0.85188,1.878,0.939,0.939,0.939,22422,0.000305,11.73
2026-09-01 05:20,UNI,UNI,5.2661999999999995,0.76,0.38,1.709,1.709,36846,0.00125,13.26
2026-09-01 05:20,AAVE,AAVE,124.375,2.412,1.206,2.01,2.814,117089,0.00125,14.91
2026-09-01 05:20,ARB,ARB,0.114235,4.377,2.188,2.188,2.188,67202,0.00125,16.88
2026-09-01 05:20,POL,POL,0.0921505,2.279,1.465,2.55,3.31,4780,0.00125,15.43
2026-09-01 05:20,RENDER,RENDER,1.4450500000000002,3.46,1.73,1.73,1.73,15029,0.00125,15.96
2026-09-01 05:20,DOGE,DOGE,0.082941,0.482,0.241,0.965,1.085,143035,0.00125,12.98
2026-09-01 05:20,SHIB,kSHIB,0.0051155,1.955,0.977,0.977,4.887,204233,0.00125,14.45
2026-09-01 05:20,PEPE,kPEPE,0.0035475,2.819,1.409,1.409,1.409,880453,-0.002294,11.82
2026-09-01 05:20,WIF,WIF,0.19613999999999998,2.039,1.53,3.059,4.589,40942,0.00125,15.56
2026-09-01 05:20,BONK,kBONK,0.0030095,3.323,1.661,1.661,1.661,219117,0.00125,15.82
2026-09-01 05:20,TRUMP,TRUMP,2.41625,1.242,0.621,1.862,1.862,35125,0.00125,13.74
2026-09-01 05:25,BTC,BTC,78388.5,0.128,0.064,0.064,0.064,5704602,0.00125,12.63
2026-09-01 05:25,ETH,ETH,2463.3500000000004,0.406,0.203,0.203,0.203,9511706,0.00125,12.91
2026-09-01 05:25,SOL,SOL,103.295,0.968,0.484,0.484,0.484,5380982,0.00125,13.47
2026-09-01 05:25,XRP,XRP,1.3756499999999998,0.727,0.363,0.363,0.363,1885207,0.00125,13.23
2026-09-01 05:25,AVAX,AVAX,7.2479,0.276,0.138,0.276,0.276,49502,3.2e-05,9.37
2026-09-01 05:25,LINK,LINK,11.3565,0.881,0.44,0.44,0.44,223477,0.00125,13.38
2026-09-01 05:25,LTC,LTC,48.7345,0.616,0.308,0.513,0.513,49407,0.00125,13.12
2026-09-01 05:25,ADA,ADA,0.200015,0.5,0.25,1.25,1.25,131514,0.00125,13.0
2026-09-01 05:25,DOT,DOT,0.850605,1.293,0.647,0.764,0.764,22311,0.000262,11.03
2026-09-01 05:25,UNI,UNI,5.24475,2.097,1.049,1.049,1.049,40086,0.00125,14.6
2026-09-01 05:25,AAVE,AAVE,124.36,1.608,0.804,1.608,2.412,136248,0.00125,14.11
2026-09-01 05:25,ARB,ARB,0.114405,0.874,0.437,0.437,0.437,171279,0.00125,13.37
2026-09-01 05:25,POL,POL,0.09227650000000001,1.626,0.813,0.921,3.089,17123,0.00125,14.13
2026-09-01 05:25,RENDER,RENDER,1.44045,3.471,1.736,3.124,5.207,15034,0.00125,15.97
2026-09-01 05:25,DOGE,DOGE,0.0828055,0.121,0.302,0.302,1.027,143952,0.00125,13.1
2026-09-01 05:25,SHIB,kSHIB,0.0051075,1.958,0.979,0.979,0.979,247524,0.00125,14.46
2026-09-01 05:25,PEPE,kPEPE,0.0035434999999999998,2.822,4.233,4.233,4.233,883378,-0.002059,17.47
2026-09-01 05:25,WIF,WIF,0.19574,2.044,1.022,1.022,2.044,45195,0.00125,14.54
2026-09-01 05:25,BONK,kBONK,0.0030095,3.323,1.661,1.661,1.661,237065,0.00125,15.82
2026-09-01 05:25,TRUMP,TRUMP,2.4038000000000004,0.832,0.416,0.832,1.248,82064,0.00125,13.33
2026-09-01 05:30,BTC,BTC,78478.5,0.127,0.064,0.064,0.064,1918121,0.00125,12.63
2026-09-01 05:30,ETH,ETH,2466.95,0.405,0.203,0.203,0.203,9065441,0.00125,12.91
2026-09-01 05:30,SOL,SOL,103.495,0.966,0.483,0.483,0.483,4686912,0.00125,13.47
2026-09-01 05:30,XRP,XRP,1.37935,0.725,1.087,1.087,1.812,1514042,0.00125,14.67
2026-09-01 05:30,AVAX,AVAX,7.2641,0.551,0.275,0.275,0.275,61411,0.000157,9.99
2026-09-01 05:30,LINK,LINK,11.3835,0.878,0.439,0.439,0.439,587434,0.00125,13.38
2026-09-01 05:30,LTC,LTC,48.814499999999995,0.205,0.102,0.307,0.307,74560,0.00125,12.7
2026-09-01 05:30,ADA,ADA,0.200505,0.499,0.249,0.249,0.249,142704,0.00125,13.0
2026-09-01 05:30,DOT,DOT,0.8523799999999999,0.939,0.469,0.469,0.469,26102,0.000325,10.85
2026-09-01 05:30,UNI,UNI,5.2812,2.651,1.325,1.325,1.515,48011,0.00125,15.15
2026-09-01 05:30,AAVE,AAVE,124.65,1.604,0.802,0.802,0.802,208548,0.00125,14.1
2026-09-01 05:30,ARB,ARB,0.113005,2.655,1.327,1.327,1.327,69365,0.00125,15.15
2026-09-01 05:30,POL,POL,0.09232699999999999,2.383,1.625,3.358,5.416,10677,0.00125,15.75
2026-09-01 05:30,RENDER,RENDER,1.4441000000000002,6.925,3.462,3.462,4.155,49199,0.00125,19.42
2026-09-01 05:30,DOGE,DOGE,0.08298849999999999,0.12,1.265,1.627,1.747,144903,0.00125,15.03
2026-09-01 05:30,SHIB,kSHIB,0.005114499999999999,1.955,0.978,0.978,0.978,205287,0.00125,14.46
2026-09-01 05:30,PEPE,kPEPE,0.0035525,2.815,1.407,1.407,1.407,1303853,-0.00167,11.81
2026-09-01 05:30,WIF,WIF,0.19652,2.035,1.018,1.527,1.527,57837,0.00125,14.54
2026-09-01 05:30,BONK,kBONK,0.003016,6.631,3.316,3.316,3.316,190387,0.00125,19.13
2026-09-01 05:30,TRUMP,TRUMP,2.4088000000000003,2.491,1.245,2.076,2.076,36833,0.00125,14.99
2026-09-01 05:35,BTC,BTC,78727.5,0.127,0.064,0.064,0.064,2576079,0.00125,12.63
2026-09-01 05:35,ETH,ETH,2477.25,0.404,0.202,0.202,0.202,6950862,0.00125,12.9
2026-09-01 05:35,SOL,SOL,104.005,0.961,0.481,0.481,0.481,4084013,0.00125,13.46
2026-09-01 05:35,XRP,XRP,1.3869500000000001,0.721,0.361,0.361,0.361,1257171,0.00125,13.22
2026-09-01 05:35,AVAX,AVAX,7.28025,0.962,0.481,0.618,0.618,59356,0.000329,10.88
2026-09-01 05:35,LINK,LINK,11.458,1.746,0.873,1.746,1.746,410168,0.00125,14.25
2026-09-01 05:35,LTC,LTC,48.9135,1.022,0.511,0.716,0.716,59019,0.00125,13.52
2026-09-01 05:35,ADA,ADA,0.20134,2.98,1.49,1.49,1.49,162352,0.00125,15.48
2026-09-01 05:35,DOT,DOT,0.85532,1.637,0.818,1.052,1.871,23698,0.000445,11.88
2026-09-01 05:35,UNI,UNI,5.355650000000001,2.427,1.961,1.961,2.707,68736,0.00125,16.42
2026-09-01 05:35,AAVE,AAVE,125.41,1.595,0.797,0.797,2.392,117389,0.00125,14.09
2026-09-01 05:35,ARB,ARB,0.11318500000000001,2.651,1.325,2.209,2.209,35806,0.00125,15.15
2026-09-01 05:35,POL,POL,0.092679,3.021,1.618,1.618,3.561,3815,0.00125,15.74
2026-09-01 05:35,RENDER,RENDER,1.4501,5.517,2.758,2.758,2.758,46628,0.00125,18.02
2026-09-01 05:35,DOGE,DOGE,0.083287,0.961,0.48,0.6,0.72,197173,0.00125,13.46
2026-09-01 05:35,SHIB,kSHIB,0.0051395,1.946,2.919,2.919,2.919,185277,0.00125,18.34
2026-09-01 05:35,PEPE,kPEPE,0.0035775,2.795,1.398,4.193,4.193,918238,-0.001141,11.8
2026-09-01 05:35,WIF,WIF,0.198325,0.504,4.286,4.286,5.294,44196,0.00125,21.07
2026-09-01 05:35,BONK,kBONK,0.0030365,3.293,1.647,1.647,1.647,212469,0.00125,15.79
2026-09-01 05:35,TRUMP,TRUMP,2.4265499999999998,0.412,0.206,1.03,1.854,93570,0.00125,12.91
2026-09-01 05:40,BTC,BTC,78841.5,0.127,0.063,0.063,0.063,2926628,0.00125,12.63
2026-09-01 05:40,ETH,ETH,2480.8500000000004,0.403,0.202,0.605,0.605,6308212,0.00125,12.9
2026-09-01 05:40,SOL,SOL,104.035,0.961,0.481,0.481,0.481,4200409,0.00125,13.46
2026-09-01 05:40,XRP,XRP,1.3905500000000002,0.719,2.517,2.517,3.236,1297854,0.00125,17.53
2026-09-01 05:40,AVAX,AVAX,7.29205,0.96,1.303,1.851,1.988,64011,0.000471,12.92
2026-09-01 05:40,LINK,LINK,11.4875,0.871,1.306,1.306,1.306,269508,0.00125,15.11
2026-09-01 05:40,LTC,LTC,48.9895,1.021,0.51,0.714,0.714,58576,0.00125,13.52
2026-09-01 05:40,ADA,ADA,0.201495,0.496,0.248,0.248,0.248,130162,0.00125,13.0
2026-09-01 05:40,DOT,DOT,0.8587400000000001,1.164,0.582,0.582,0.582,24993,0.000476,11.5
2026-09-01 05:40,UNI,UNI,5.42045,1.66,0.83,1.753,1.937,29319,0.00125,14.16
2026-09-01 05:40,AAVE,AAVE,126.045,2.38,1.19,1.983,1.983,97229,0.00125,14.88
2026-09-01 05:40,ARB,ARB,0.113895,2.634,1.317,1.317,1.317,51082,0.00125,15.13
2026-09-01 05:40,POL,POL,0.0925425,2.053,1.027,1.891,2.755,25056,0.00125,14.55
2026-09-01 05:40,RENDER,RENDER,1.4492,5.52,2.76,4.14,5.52,7568,0.00125,18.02
2026-09-01 05:40,DOGE,DOGE,0.083354,0.48,0.24,0.48,0.6,140551,0.00125,12.98
2026-09-01 05:40,SHIB,kSHIB,0.0051465,1.943,2.915,2.915,2.915,181379,0.00125,18.33
2026-09-01 05:40,PEPE,kPEPE,0.003575,5.594,2.797,2.797,2.797,920864,-0.000826,14.59
2026-09-01 05:40,WIF,WIF,0.198655,3.524,1.762,2.769,3.272,48020,0.00125,16.02
2026-09-01 05:40,BONK,kBONK,0.003073,6.508,3.254,6.508,6.508,135814,0.00125,19.01
2026-09-01 05:40,TRUMP,TRUMP,2.4265499999999998,3.709,1.854,1.854,2.267,57296,0.00125,16.21
2026-09-01 05:45,BTC,BTC,78775.5,0.127,0.063,0.063,0.063,6554560,0.00125,12.63
2026-09-01 05:45,ETH,ETH,2476.55,0.404,0.202,0.202,0.202,10692376,0.00125,12.9
2026-09-01 05:45,SOL,SOL,103.82499999999999,0.963,0.482,0.482,0.482,4581082,0.00125,13.46
2026-09-01 05:45,XRP,XRP,1.38965,0.72,0.36,0.36,0.36,1978903,0.00125,13.22
2026-09-01 05:45,AVAX,AVAX,7.27915,1.511,0.756,0.893,1.305,50432,0.000604,12.2
2026-09-01 05:45,LINK,LINK,11.454,1.746,0.873,1.746,1.746,370909,0.00125,14.25
2026-09-01 05:45,LTC,LTC,48.944,0.817,0.409,0.613,0.613,63761,0.00125,13.32
2026-09-01 05:45,ADA,ADA,0.20121499999999998,1.491,0.745,1.242,1.739,126137,0.00125,13.99
2026-09-01 05:45,DOT,DOT,0.85812,1.631,0.816,0.816,0.816,28574,0.000376,11.69
2026-09-01 05:45,UNI,UNI,5.421749999999999,0.553,0.277,0.461,0.461,39267,0.00125,13.05
2026-09-01 05:45,AAVE,AAVE,125.83500000000001,0.795,0.397,1.192,1.192,101947,0.00125,13.29
2026-09-01 05:45,ARB,ARB,0.111275,0.899,0.449,1.348,1.348,67655,0.00125,13.4
2026-09-01 05:45,POL,POL,0.09237200000000001,1.949,1.299,1.516,2.273,20275,0.00125,15.1
2026-09-01 05:45,RENDER,RENDER,1.44725,4.837,2.418,3.109,4.491,14683,0.00125,17.34
2026-09-01 05:45,DOGE,DOGE,0.0832585,1.081,0.54,0.54,0.661,84021,0.00125,13.58
2026-09-01 05:45,SHIB,kSHIB,0.0051424999999999995,1.945,0.972,0.972,2.917,187618,0.00125,14.44
2026-09-01 05:45,PEPE,kPEPE,0.0035665000000000002,2.804,1.402,1.402,1.402,917970,-0.000696,11.8
2026-09-01 05:45,WIF,WIF,0.198095,2.524,1.767,1.767,2.776,47417,0.00125,16.03
2026-09-01 05:45,BONK,kBONK,0.003091,6.47,3.235,3.235,3.235,169973,0.00125,18.97
2026-09-01 05:45,TRUMP,TRUMP,2.41995,1.24,0.62,1.033,1.033,58283,0.00125,13.74
2026-09-01 05:50,BTC,BTC,78714.5,0.127,0.064,0.064,0.064,7799046,0.00125,12.63
2026-09-01 05:50,ETH,ETH,2474.75,0.404,0.202,0.202,0.202,9633661,0.00125,12.9
2026-09-01 05:50,SOL,SOL,103.685,0.964,0.482,0.482,0.482,3943342,0.00125,13.46
2026-09-01 05:50,XRP,XRP,1.38755,0.721,0.36,0.36,0.36,1644824,0.00125,13.22
2026-09-01 05:50,AVAX,AVAX,7.27335,1.237,0.619,0.756,0.756,31540,0.000584,11.87
2026-09-01 05:50,LINK,LINK,11.436499999999999,0.874,0.437,1.312,1.312,197716,0.00125,13.37
2026-09-01 05:50,LTC,LTC,48.935500000000005,1.022,0.511,0.715,1.124,59815,0.00125,13.52
2026-09-01 05:50,ADA,ADA,0.20089,1.991,0.996,0.996,0.996,174848,0.00125,14.49
2026-09-01 05:50,DOT,DOT,0.857165,2.45,1.225,1.342,1.575,17939,0.000269,12.2
2026-09-01 05:50,UNI,UNI,5.38275,2.415,1.208,1.393,2.322,23770,0.00125,14.92
2026-09-01 05:50,AAVE,AAVE,125.595,0.796,1.194,1.194,1.991,156831,0.00125,14.89
2026-09-01 05:50,ARB,ARB,0.111555,2.689,1.345,2.241,2.241,78140,0.00125,15.19
2026-09-01 05:50,POL,POL,0.09215999999999999,2.604,1.302,1.411,3.038,12152,0.00125,15.1
2026-09-01 05:50,RENDER,RENDER,1.4453,4.151,2.076,3.459,4.843,17999,0.00125,16.65
2026-09-01 05:50,DOGE,DOGE,0.0831755,0.12,0.06,0.902,1.022,94324,0.00125,12.62
2026-09-01 05:50,SHIB,kSHIB,0.0051424999999999995,1.945,0.972,0.972,2.917,211271,0.00125,14.44
2026-09-01 05:50,PEPE,kPEPE,0.0035615,2.808,1.404,1.404,1.404,1062738,-0.000679,11.81
2026-09-01 05:50,WIF,WIF,0.198345,1.513,0.756,0.756,0.756,47114,0.00125,14.01
2026-09-01 05:50,BONK,kBONK,0.0030705,3.257,4.885,4.885,4.885,201388,0.00125,22.27
2026-09-01 05:50,TRUMP,TRUMP,2.4124999999999996,0.829,0.415,0.415,0.829,19708,0.00125,13.33
2026-09-01 05:55,BTC,BTC,78679.5,0.127,0.064,0.064,0.064,4074121,0.00125,12.63
2026-09-01 05:55,ETH,ETH,2473.3500000000004,0.404,0.202,0.202,0.202,10292894,0.00125,12.9
2026-09-01 05:55,SOL,SOL,103.625,0.965,0.483,0.483,0.483,4404865,0.00125,13.47
2026-09-01 05:55,XRP,XRP,1.38665,0.721,0.361,0.361,0.361,2059058,0.00125,13.22
2026-09-01 05:55,AVAX,AVAX,7.271699999999999,0.55,0.275,0.413,0.413,59217,0.000509,10.97
2026-09-01 05:55,LINK,LINK,11.4295,0.875,0.437,1.312,2.187,406622,0.00125,13.37
2026-09-01 05:55,LTC,LTC,48.9585,0.613,0.306,0.306,0.511,53427,0.00125,13.11
2026-09-01 05:55,ADA,ADA,0.20089,0.996,0.498,0.498,0.996,111560,0.00125,13.5
2026-09-01 05:55,DOT,DOT,0.8578399999999999,1.865,0.933,1.282,1.399,32657,0.000196,11.41
2026-09-01 05:55,UNI,UNI,5.368,4.844,2.422,2.422,3.912,30409,0.00125,17.34
2026-09-01 05:55,AAVE,AAVE,125.34,1.596,0.798,1.596,1.596,101535,0.00125,14.1
2026-09-01 05:55,ARB,ARB,0.111525,2.69,1.345,1.345,1.345,52541,0.00125,15.19
2026-09-01 05:55,POL,POL,0.0918175,2.069,1.688,2.777,2.995,10032,0.00125,15.88
2026-09-01 05:55,RENDER,RENDER,1.4473,4.146,2.073,3.455,4.146,22671,0.00125,16.65
2026-09-01 05:55,DOGE,DOGE,0.083145,0.481,0.361,0.361,0.722,63130,0.00125,13.22
2026-09-01 05:55,SHIB,kSHIB,0.005140499999999999,1.945,0.973,0.973,2.918,184199,0.00125,14.45
2026-09-01 05:55,PEPE,kPEPE,0.0035605,2.809,1.404,1.404,1.404,1120967,-0.000519,11.81
2026-09-01 05:55,WIF,WIF,0.198265,2.522,1.261,1.261,1.765,60700,0.00125,15.02
2026-09-01 05:55,BONK,kBONK,0.0030615,3.266,4.9,4.9,4.9,164287,0.00125,22.3
2026-09-01 05:55,TRUMP,TRUMP,2.4053,0.831,0.416,1.663,1.663,43247,0.00125,13.33
2026-09-01 06:00,BTC,BTC,78685.5,0.127,0.064,0.064,0.064,3721284,0.00125,12.63
2026-09-01 06:00,ETH,ETH,2473.1499999999996,0.404,0.202,0.202,0.202,9146025,0.00125,12.9
2026-09-01 06:00,SOL,SOL,103.625,0.965,0.483,0.483,0.483,4652733,0.00125,13.47
2026-09-01 06:00,XRP,XRP,1.3865500000000002,0.721,0.361,0.361,0.361,1282566,0.00125,13.22
2026-09-01 06:00,AVAX,AVAX,7.277699999999999,0.55,0.275,0.275,0.412,40255,0.000969,12.26
2026-09-01 06:00,LINK,LINK,11.432500000000001,0.875,0.437,0.437,0.437,406208,0.00125,13.37
2026-09-01 06:00,LTC,LTC,48.9775,0.613,0.306,0.51,1.123,57512,0.00125,13.11
2026-09-01 06:00,ADA,ADA,0.20087,0.996,0.498,0.498,0.498,138322,0.00125,13.5
2026-09-01 06:00,DOT,DOT,0.85829,2.33,1.165,1.282,1.981,15049,-0.001541,11.33
2026-09-01 06:00,UNI,UNI,5.37355,0.93,0.465,1.954,1.954,56298,0.00125,13.43
2026-09-01 06:00,AAVE,AAVE,125.555,2.389,1.195,1.991,1.991,121901,0.00125,14.89
2026-09-01 06:00,ARB,ARB,0.111455,0.897,0.449,3.14,3.14,89470,0.00125,13.4
2026-09-01 06:00,POL,POL,0.0917965,1.852,0.926,1.035,1.906,20189,0.00125,14.35
2026-09-01 06:00,RENDER,RENDER,1.45,4.138,2.069,2.759,2.759,51026,0.00125,16.64
2026-09-01 06:00,DOGE,DOGE,0.0832175,0.361,0.18,0.3,0.3,168451,0.00125,12.86
2026-09-01 06:00,SHIB,kSHIB,0.0051415,1.945,0.972,0.972,2.917,182998,0.00125,14.44
2026-09-01 06:00,PEPE,kPEPE,0.00356,5.618,2.809,2.809,2.809,855043,0.00125,18.12
2026-09-01 06:00,WIF,WIF,0.19829999999999998,1.009,0.504,0.504,3.026,46028,0.00125,13.51
2026-09-01 06:00,BONK,kBONK,0.0030995,3.226,4.839,4.839,8.066,195760,0.00125,22.18
2026-09-01 06:00,TRUMP,TRUMP,2.4002499999999998,1.25,0.625,0.625,1.458,67804,0.000697,12.2
2026-09-01 06:05,BTC,BTC,78691.5,0.127,0.064,0.064,0.064,3758505,0.00125,12.63
2026-09-01 06:05,ETH,ETH,2472.75,0.404,0.202,0.202,0.202,10182111,0.00125,12.9
2026-09-01 06:05,SOL,SOL,103.61500000000001,0.965,0.483,0.483,0.483,4293861,0.00125,13.47
2026-09-01 06:05,XRP,XRP,1.3865500000000002,0.721,0.361,1.082,1.082,1299770,0.00125,13.22
2026-09-01 06:05,AVAX,AVAX,7.27425,0.687,0.344,0.481,0.481,52406,0.000277,10.46
2026-09-01 06:05,LINK,LINK,11.4285,0.875,0.438,0.438,0.438,391000,0.00125,13.38
2026-09-01 06:05,LTC,LTC,48.9755,0.613,0.306,0.306,1.327,65857,0.00125,13.11
2026-09-01 06:05,ADA,ADA,0.200565,1.496,0.748,0.748,1.246,87754,0.00125,14.0
2026-09-01 06:05,DOT,DOT,0.856815,1.517,0.759,0.759,0.759,24918,-0.001039,10.52
2026-09-01 06:05,UNI,UNI,5.381399999999999,1.858,0.929,0.929,0.929,35719,0.00125,14.36
2026-09-01 06:05,AAVE,AAVE,125.61500000000001,0.796,0.398,0.398,0.398,69932,0.00125,13.3
2026-09-01 06:05,ARB,ARB,0.10889499999999999,4.592,2.296,2.296,4.132,80169,0.00125,17.09
2026-09-01 06:05,POL,POL,0.091831,2.396,1.416,1.416,1.851,11608,0.00125,15.33
2026-09-01 06:05,RENDER,RENDER,1.45055,3.447,3.102,3.102,5.17,19090,0.00125,18.7
2026-09-01 06:05,DOGE,DOGE,0.0831755,0.12,0.06,0.06,0.06,236662,0.00125,12.62
2026-09-01 06:05,SHIB,kSHIB,0.00513,3.899,1.949,3.899,3.899,208764,0.00125,16.4
2026-09-01 06:05,PEPE,kPEPE,0.0035525,2.815,1.407,1.407,1.407,928439,0.00125,15.31
2026-09-01 06:05,WIF,WIF,0.198075,2.524,1.262,1.262,1.767,58108,0.00125,15.02
2026-09-01 06:05,BONK,kBONK,0.0030845,9.726,4.863,4.863,8.105,150211,0.00125,22.23
2026-09-01 06:05,TRUMP,TRUMP,2.39755,1.251,0.626,1.043,2.294,107265,0.00125,13.75
2026-09-01 06:10,BTC,BTC,78774.5,0.127,0.063,0.063,0.063,9017771,0.00125,12.63
2026-09-01 06:10,ETH,ETH,2474.25,0.404,0.202,0.202,0.202,9707474,0.00125,12.9
2026-09-01 06:10,SOL,SOL,103.715,0.964,0.482,0.482,0.482,5152967,0.00125,13.46
2026-09-01 06:10,XRP,XRP,1.3861500000000002,0.721,0.361,0.361,0.361,1275493,0.00125,13.22
2026-09-01 06:10,AVAX,AVAX,7.26915,0.413,0.206,0.344,0.344,56195,4.1e-05,9.53
2026-09-01 06:10,LINK,LINK,11.4435,0.874,0.437,0.437,0.437,354432,0.00125,13.37
2026-09-01 06:10,LTC,LTC,48.8745,1.432,0.716,1.33,1.535,48226,0.00125,13.93
2026-09-01 06:10,ADA,ADA,0.200655,0.498,0.249,0.249,0.249,124754,0.00125,13.0
2026-09-01 06:10,DOT,DOT,0.8577600000000001,0.699,0.35,0.35,0.35,23405,-0.00075,9.7
2026-09-01 06:10,UNI,UNI,5.397,1.853,0.926,0.926,2.223,39117,0.00125,14.35
2026-09-01 06:10,AAVE,AAVE,125.765,0.795,0.398,0.398,1.193,81089,0.00125,13.3
2026-09-01 06:10,ARB,ARB,0.10986,1.82,0.91,0.91,0.91,39808,0.00125,14.32
2026-09-01 06:10,POL,POL,0.0919535,1.849,0.924,1.033,1.033,11545,0.00125,14.35
2026-09-01 06:10,RENDER,RENDER,1.45235,4.82,2.41,3.098,4.476,11292,0.00125,17.32
2026-09-01 06:10,DOGE,DOGE,0.0832175,0.361,0.18,0.18,0.18,169209,0.00125,12.86
2026-09-01 06:10,SHIB,kSHIB,0.0051305,1.949,0.975,0.975,2.924,210978,0.00125,14.45
2026-09-01 06:10,PEPE,kPEPE,0.0035515,2.816,4.224,4.224,4.224,1001318,0.001144,20.65
2026-09-01 06:10,WIF,WIF,0.198005,2.525,1.263,1.263,2.273,58045,0.00125,15.03
2026-09-01 06:10,BONK,kBONK,0.0030835,3.243,1.622,1.622,1.622,151499,0.00125,15.74
2026-09-01 06:10,TRUMP,TRUMP,2.40135,1.249,0.625,1.458,1.458,51231,0.00125,13.75
2026-09-01 06:15,BTC,BTC,78703.5,0.127,0.064,0.064,0.064,5793629,0.00125,12.63
2026-09-01 06:15,ETH,ETH,2475.05,0.404,0.202,0.202,0.202,7284421,0.00125,12.9
2026-09-01 06:15,SOL,SOL,103.795,0.963,0.482,0.482,0.482,4727779,0.00125,13.46
2026-09-01 06:15,XRP,XRP,1.3855499999999998,0.722,0.361,0.361,0.361,1778333,0.00125,13.22
2026-09-01 06:15,AVAX,AVAX,7.2715499999999995,0.963,0.481,0.619,0.619,49015,-9.7e-05,9.96
2026-09-01 06:15,LINK,LINK,11.4455,0.874,0.437,0.437,1.311,399466,0.00125,13.37
2026-09-01 06:15,LTC,LTC,48.854,1.228,0.614,0.614,0.819,43709,0.00125,13.73
2026-09-01 06:15,ADA,ADA,0.200825,0.498,1.245,1.743,2.241,98604,0.00125,14.99
2026-09-01 06:15,DOT,DOT,0.857755,1.516,0.758,0.874,0.874,21206,-0.000787,10.52
2026-09-01 06:15,UNI,UNI,5.403499999999999,1.851,0.925,1.11,1.666,32209,0.00125,14.35
2026-09-01 06:15,AAVE,AAVE,126.12,1.586,0.793,0.793,0.793,164972,0.00125,14.09
2026-09-01 06:15,ARB,ARB,0.11097499999999999,4.506,2.253,2.253,2.253,80081,0.00125,17.01
2026-09-01 06:15,POL,POL,0.09212200000000001,1.954,1.628,2.931,2.931,11451,0.00125,15.76
2026-09-01 06:15,RENDER,RENDER,1.45385,3.439,1.72,2.407,2.407,27263,0.00125,15.94
2026-09-01 06:15,DOGE,DOGE,0.083265,2.162,1.081,1.081,1.081,250915,0.00125,14.66
2026-09-01 06:15,SHIB,kSHIB,0.0051345,1.948,0.974,0.974,0.974,157859,0.00125,14.45
2026-09-01 06:15,PEPE,kPEPE,0.0035545,2.813,4.22,4.22,4.22,984963,0.000641,19.23
2026-09-01 06:15,WIF,WIF,0.19829999999999998,1.009,0.504,0.504,2.017,48637,0.00125,13.51
2026-09-01 06:15,BONK,kBONK,0.0030965,3.229,1.615,1.615,1.615,152974,0.00125,15.73
2026-09-01 06:15,TRUMP,TRUMP,2.4048499999999997,1.247,0.624,1.455,1.455,22925,0.00125,13.75
2026-09-01 06:20,BTC,BTC,78712.5,0.127,0.064,0.064,0.064,4453169,0.00125,12.63
2026-09-01 06:20,ETH,ETH,2475.8500000000004,0.404,0.202,0.202,0.202,9952910,0.00125,12.9
2026-09-01 06:20,SOL,SOL,103.875,0.963,0.481,0.481,0.481,5462388,0.00125,13.46
2026-09-01 06:20,XRP,XRP,1.38585,0.722,0.361,0.361,0.361,1649229,0.00125,13.22
2026-09-01 06:20,AVAX,AVAX,7.2735,0.275,0.137,0.275,0.275,51492,-0.000218,9.27
2026-09-01 06:20,LINK,LINK,11.45,1.747,0.873,0.873,0.873,225036,0.00125,14.25
2026-09-01 06:20,LTC,LTC,48.926500000000004,0.204,0.102,0.307,0.307,46664,0.00125,12.7
2026-09-01 06:20,ADA,ADA,0.20087500000000003,1.493,0.747,1.245,1.245,97151,0.00125,13.99
2026-09-01 06:20,DOT,DOT,0.856835,1.284,0.642,0.642,0.642,16048,-0.000821,10.28
2026-09-01 06:20,UNI,UNI,5.3705,1.117,0.559,1.303,1.49,35982,0.00125,13.62
2026-09-01 06:20,AAVE,AAVE,126.315,2.375,1.188,1.979,1.979,95037,0.00125,14.88
2026-09-01 06:20,ARB,ARB,0.112015,4.464,2.232,2.232,2.232,74336,0.00125,16.96
2026-09-01 06:20,POL,POL,0.0920435,2.064,1.032,1.141,1.249,20202,0.00125,14.56
2026-09-01 06:20,RENDER,RENDER,1.4536,4.128,2.064,2.752,4.128,32380,0.00125,16.63
2026-09-01 06:20,DOGE,DOGE,0.0832795,0.6,0.3,0.42,0.42,152125,0.00125,13.1
2026-09-01 06:20,SHIB,kSHIB,0.005140499999999999,1.945,0.973,0.973,4.863,162267,0.00125,14.45
2026-09-01 06:20,PEPE,kPEPE,0.0035564999999999998,2.812,1.406,1.406,1.406,1003089,0.000539,13.32
2026-09-01 06:20,WIF,WIF,0.198385,2.52,1.26,1.764,2.268,57802,0.00125,15.02
2026-09-01 06:20,BONK,kBONK,0.0030885,3.238,1.619,1.619,1.619,239337,0.00125,15.74
2026-09-01 06:20,TRUMP,TRUMP,2.40605,0.416,0.208,0.208,0.208,46288,0.00125,12.92
2026-09-01 06:25,BTC,BTC,78830.5,0.127,0.063,0.063,0.063,6749562,0.00125,12.63
2026-09-01 06:25,ETH,ETH,2476.25,0.404,0.202,0.202,0.202,8351441,0.00125,12.9
2026-09-01 06:25,SOL,SOL,103.945,0.962,0.481,0.481,0.481,4181948,0.00125,13.46
2026-09-01 06:25,XRP,XRP,1.3872499999999999,0.721,0.36,0.36,0.36,2000483,0.00125,13.22
2026-09-01 06:25,AVAX,AVAX,7.2779,0.824,0.412,0.55,0.55,36761,-0.000295,9.82
2026-09-01 06:25,LINK,LINK,11.468499999999999,0.872,0.436,1.308,1.308,244166,0.00125,13.37
2026-09-01 06:25,LTC,LTC,48.9275,0.613,0.307,0.511,0.511,57061,0.00125,13.11
2026-09-01 06:25,ADA,ADA,0.20120500000000002,1.491,0.746,0.746,0.746,104568,0.00125,13.99
2026-09-01 06:25,DOT,DOT,0.8544499999999999,1.638,0.819,1.638,1.99,48854,-0.000799,10.64
2026-09-01 06:25,UNI,UNI,5.36995,5.773,2.886,2.886,2.886,59425,0.00125,18.27
2026-09-01 06:25,AAVE,AAVE,126.42500000000001,0.791,1.977,2.768,2.768,183460,0.00125,16.45
2026-09-01 06:25,ARB,ARB,0.112025,0.893,0.446,0.446,0.446,91141,0.00125,13.39
2026-09-01 06:25,POL,POL,0.09206049999999999,1.412,0.706,0.815,1.141,25622,0.00125,13.91
2026-09-01 06:25,RENDER,RENDER,1.4525000000000001,4.131,2.065,3.442,4.819,9806,0.00125,16.63
2026-09-01 06:25,DOGE,DOGE,0.0833225,0.12,0.06,0.06,1.5,66245,0.00125,12.62
2026-09-01 06:25,SHIB,kSHIB,0.0051505000000000006,1.942,0.971,0.971,2.912,168019,0.00125,14.44
2026-09-01 06:25,PEPE,kPEPE,0.0035615,2.808,1.404,1.404,1.404,1337254,0.000433,13.02
2026-09-01 06:25,WIF,WIF,0.199085,2.511,1.256,1.758,2.26,74928,0.00125,15.01
2026-09-01 06:25,BONK,kBONK,0.0030895000000000002,3.237,1.618,1.618,1.618,242752,0.00125,15.74
2026-09-01 06:25,TRUMP,TRUMP,2.40795,1.246,0.623,1.038,1.454,45167,0.001188,13.57
2026-09-01 06:30,BTC,BTC,78853.5,0.127,0.063,0.063,0.063,5060312,0.00125,12.63
2026-09-01 06:30,ETH,ETH,2477.1499999999996,0.404,0.202,0.202,0.202,8532389,0.00125,12.9
2026-09-01 06:30,SOL,SOL,103.875,0.963,1.444,1.444,1.444,4478028,0.00125,15.39
2026-09-01 06:30,XRP,XRP,1.38715,0.721,0.36,0.36,0.36,1782953,0.00125,13.22
2026-09-01 06:30,AVAX,AVAX,7.2806,0.824,0.412,0.412,0.412,36720,-0.000295,9.82
2026-09-01 06:30,LINK,LINK,11.461,1.745,0.873,1.745,1.745,399926,0.00125,14.25
2026-09-01 06:30,LTC,LTC,48.9125,0.613,0.307,0.307,0.307,74254,0.00125,13.11
2026-09-01 06:30,ADA,ADA,0.2016,0.992,0.496,0.496,0.496,105184,0.00125,13.49
2026-09-01 06:30,DOT,DOT,0.8548199999999999,2.106,1.053,1.17,1.872,29935,-0.000367,11.11
2026-09-01 06:30,UNI,UNI,5.40715,1.664,0.832,1.017,1.017,37155,0.00125,14.16
2026-09-01 06:30,AAVE,AAVE,126.32499999999999,0.792,2.771,3.562,3.562,173850,0.00125,18.04
2026-09-01 06:30,ARB,ARB,0.11180999999999999,1.789,0.894,1.789,3.577,80636,0.00125,14.29
2026-09-01 06:30,POL,POL,0.092237,2.602,1.409,3.144,5.746,3409,0.00125,15.32
2026-09-01 06:30,RENDER,RENDER,1.44965,2.069,1.725,2.414,3.794,13579,0.00125,15.95
2026-09-01 06:30,DOGE,DOGE,0.083393,0.48,0.24,0.36,0.48,150087,0.00125,12.98
2026-09-01 06:30,SHIB,kSHIB,0.0051535,1.94,0.97,0.97,2.911,200028,0.00125,14.44
2026-09-01 06:30,PEPE,kPEPE,0.0035575,2.811,1.405,1.405,1.405,920598,0.000637,13.6
2026-09-01 06:30,WIF,WIF,0.19911,2.009,1.004,1.004,2.009,59555,0.00125,14.51
2026-09-01 06:30,BONK,kBONK,0.003094,6.464,3.232,6.464,6.464,182119,0.00125,18.96
2026-09-01 06:30,TRUMP,TRUMP,2.4096,0.83,0.83,0.83,1.245,35694,0.000919,13.23
2026-09-01 06:35,BTC,BTC,78730.5,0.127,0.064,0.064,0.064,5983872,0.00125,12.63
2026-09-01 06:35,ETH,ETH,2474.1499999999996,0.404,0.202,0.202,0.202,9099107,0.00125,12.9
2026-09-01 06:35,SOL,SOL,103.795,0.963,0.482,0.482,0.482,4851507,0.00125,13.46
2026-09-01 06:35,XRP,XRP,1.38405,0.723,0.361,0.361,0.361,1863072,0.00125,13.22
2026-09-01 06:35,AVAX,AVAX,7.273,1.375,0.687,0.825,0.825,48251,-0.000344,10.37
2026-09-01 06:35,LINK,LINK,11.441500000000001,0.874,0.437,0.437,1.311,219756,0.00125,13.37
2026-09-01 06:35,LTC,LTC,48.855999999999995,0.819,0.409,0.409,0.614,64119,0.00125,13.32
2026-09-01 06:35,ADA,ADA,0.20120500000000002,1.491,0.746,0.746,0.746,106852,0.00125,13.99
2026-09-01 06:35,DOT,DOT,0.85303,1.876,0.938,1.055,1.758,20207,-0.000226,10.88
2026-09-01 06:35,UNI,UNI,5.37465,1.302,0.651,0.837,0.837,31335,0.00125,13.8
2026-09-01 06:35,AAVE,AAVE,126.225,0.792,1.981,2.773,2.773,155412,0.00125,16.46
2026-09-01 06:35,ARB,ARB,0.111405,0.898,0.449,0.449,0.449,76564,0.00125,13.4
2026-09-01 06:35,POL,POL,0.092251,0.217,2.385,3.794,4.444,3867,0.00125,17.27
2026-09-01 06:35,RENDER,RENDER,1.4478,2.763,1.381,2.763,4.144,12548,0.00125,15.26
2026-09-01 06:35,DOGE,DOGE,0.0832725,0.12,0.54,0.54,0.54,142785,0.00125,13.58
2026-09-01 06:35,SHIB,kSHIB,0.005141,3.89,1.945,3.89,3.89,185614,0.00125,16.39
2026-09-01 06:35,PEPE,kPEPE,0.0035495,2.817,1.409,1.409,1.409,952623,0.000561,13.39
2026-09-01 06:35,WIF,WIF,0.198595,0.504,0.252,0.252,1.762,49371,0.00125,13.0
2026-09-01 06:35,BONK,kBONK,0.0030955,3.23,1.615,1.615,4.846,208863,0.00125,15.73
2026-09-01 06:35,TRUMP,TRUMP,2.40775,1.246,0.623,0.623,0.623,48355,0.000766,12.39
2026-09-01 06:40,BTC,BTC,78736.5,0.127,0.064,0.064,0.064,5168552,0.00125,12.63
2026-09-01 06:40,ETH,ETH,2473.8500000000004,0.404,0.202,0.202,0.202,7159739,0.00125,12.9
2026-09-01 06:40,SOL,SOL,103.765,0.964,0.482,0.482,0.482,4499663,0.00125,13.46
2026-09-01 06:40,XRP,XRP,1.38285,0.723,0.362,0.362,0.362,1369481,0.00125,13.22
2026-09-01 06:40,AVAX,AVAX,7.27175,0.413,0.206,0.344,0.344,68160,-0.000352,9.41
2026-09-01 06:40,LINK,LINK,11.439499999999999,0.874,0.437,1.311,1.311,398204,0.00125,13.37
2026-09-01 06:40,LTC,LTC,48.835,0.41,0.205,0.41,0.41,58613,0.00125,12.91
2026-09-01 06:40,ADA,ADA,0.20124,0.994,0.497,0.497,0.497,97267,0.00125,13.49
2026-09-01 06:40,DOT,DOT,0.85396,1.874,0.937,0.937,1.054,38050,2.7e-05,10.95
2026-09-01 06:40,UNI,UNI,5.35855,1.68,0.84,0.84,0.84,33932,0.00125,14.18
2026-09-01 06:40,AAVE,AAVE,126.30000000000001,1.584,0.792,1.584,1.584,170163,0.00125,14.08
2026-09-01 06:40,ARB,ARB,0.11172,1.79,0.895,0.895,0.895,85420,0.00125,14.29
2026-09-01 06:40,POL,POL,0.0923985,2.489,1.786,3.084,4.816,3987,0.00125,16.07
2026-09-01 06:40,RENDER,RENDER,1.44845,2.071,1.036,1.726,3.107,15306,0.00125,14.57
2026-09-01 06:40,DOGE,DOGE,0.083259,0.721,0.36,0.36,0.36,196255,0.00125,13.22
2026-09-01 06:40,SHIB,kSHIB,0.005144,3.888,1.944,1.944,3.888,202503,0.00125,16.39
2026-09-01 06:40,PEPE,kPEPE,0.0035445,2.821,1.411,1.411,1.411,963874,0.000568,13.41
2026-09-01 06:40,WIF,WIF,0.198505,2.519,1.259,1.259,1.259,74853,0.00125,15.02
2026-09-01 06:40,BONK,kBONK,0.0030740000000000003,6.506,3.253,3.253,3.253,161483,0.00125,19.01
2026-09-01 06:40,TRUMP,TRUMP,2.4006499999999997,2.083,1.041,1.041,1.458,35610,0.000605,12.78
2026-09-01 06:45,BTC,BTC,78730.5,0.127,0.064,0.064,0.064,8160311,0.00125,12.63
2026-09-01 06:45,ETH,ETH,2471.55,0.405,1.416,1.416,1.416,7799774,0.00125,15.33
2026-09-01 06:45,SOL,SOL,103.765,0.964,0.482,0.482,0.482,4539446,0.00125,13.46
2026-09-01 06:45,XRP,XRP,1.3827500000000001,0.723,0.362,0.362,0.362,1370519,0.00125,13.22
2026-09-01 06:45,AVAX,AVAX,7.26835,0.688,0.344,0.482,0.482,41356,-0.000355,9.69
2026-09-01 06:45,LINK,LINK,11.4275,0.875,0.438,0.438,0.438,252629,0.00125,13.38
2026-09-01 06:45,LTC,LTC,48.789500000000004,1.025,0.512,0.512,0.717,76799,0.00125,13.52
2026-09-01 06:45,ADA,ADA,0.201175,1.491,1.74,1.74,2.734,90599,0.00125,15.98
2026-09-01 06:45,DOT,DOT,0.85312,1.641,0.821,0.821,0.821,31113,-2.8e-05,10.64
2026-09-01 06:45,UNI,UNI,5.3587,2.613,1.306,1.306,1.306,29932,0.00125,15.11
2026-09-01 06:45,AAVE,AAVE,126.265,0.792,1.98,2.772,3.564,116478,0.00125,16.46
2026-09-01 06:45,ARB,ARB,0.11113,1.8,0.9,1.8,1.8,79849,0.00125,14.3
2026-09-01 06:45,POL,POL,0.09289,2.799,1.722,2.261,2.476,8597,0.00125,15.94
2026-09-01 06:45,RENDER,RENDER,1.44705,4.837,2.419,3.801,4.492,10428,0.00125,17.34
2026-09-01 06:45,DOGE,DOGE,0.0832545,0.12,0.06,0.18,0.18,123944,0.00125,12.62
2026-09-01 06:45,SHIB,kSHIB,0.005140499999999999,1.945,0.973,0.973,0.973,194799,0.00125,14.45
2026-09-01 06:45,PEPE,kPEPE,0.0035434999999999998,2.822,1.411,1.411,1.411,1064167,0.000733,13.88
2026-09-01 06:45,WIF,WIF,0.198565,1.511,1.763,2.266,3.777,56288,0.00125,16.03
2026-09-01 06:45,BONK,kBONK,0.0031065,3.219,1.61,4.829,4.829,134731,0.00125,15.72
2026-09-01 06:45,TRUMP,TRUMP,2.40755,0.415,0.208,3.531,3.946,96812,0.00092,11.99
2026-09-01 06:50,BTC,BTC,78762.5,0.127,0.063,0.063,0.063,5952758,0.00125,12.63
2026-09-01 06:50,ETH,ETH,2472.45,0.404,0.202,0.202,0.202,8731329,0.00125,12.9
2026-09-01 06:50,SOL,SOL,103.735,0.964,0.482,0.482,0.482,4622640,0.00125,13.46
2026-09-01 06:50,XRP,XRP,1.3821500000000002,0.724,0.362,0.362,0.362,1706065,0.00125,13.22
2026-09-01 06:50,AVAX,AVAX,7.26565,0.138,0.069,0.069,0.069,38488,-0.000378,9.14
2026-09-01 06:50,LINK,LINK,11.4175,0.876,0.438,1.314,1.314,237024,0.00125,13.38
2026-09-01 06:50,LTC,LTC,48.774,0.82,0.41,0.615,1.025,56840,0.00125,13.32
2026-09-01 06:50,ADA,ADA,0.20105499999999998,1.492,0.746,0.746,0.746,100153,0.00125,13.99
2026-09-01 06:50,DOT,DOT,0.85232,2.112,1.056,1.173,1.525,24694,-6.4e-05,11.11
2026-09-01 06:50,UNI,UNI,5.36825,2.422,1.211,1.211,1.583,56822,0.00125,14.92
2026-09-01 06:50,AAVE,AAVE,126.355,2.374,1.187,1.187,1.187,184711,0.00125,14.87
2026-09-01 06:50,ARB,ARB,0.110675,2.711,1.355,1.355,1.355,84239,0.00125,15.21
2026-09-01 06:50,POL,POL,0.0935475,3.741,2.512,2.833,4.757,6981,0.001243,17.51
2026-09-01 06:50,RENDER,RENDER,1.44645,2.074,1.037,3.111,4.494,25145,0.00125,14.57
2026-09-01 06:50,DOGE,DOGE,0.083226,0.961,0.481,0.481,0.481,97296,0.00125,13.46
2026-09-01 06:50,SHIB,kSHIB,0.0051305,1.949,2.924,2.924,2.924,195349,0.00125,18.35
2026-09-01 06:50,PEPE,kPEPE,0.0035195,2.841,1.421,1.421,1.421,1366791,-6.9e-05,11.84
2026-09-01 06:50,WIF,WIF,0.198285,1.513,0.756,0.756,2.269,51695,0.00125,14.01
2026-09-01 06:50,BONK,kBONK,0.0030855,3.241,4.861,4.861,4.861,166059,0.00125,22.22
2026-09-01 06:50,TRUMP,TRUMP,2.4086,0.83,0.415,0.415,0.83,69652,0.00125,13.33
2026-09-01 06:55,BTC,BTC,78761.5,0.127,0.063,0.063,0.063,7462709,0.00125,12.63
2026-09-01 06:55,ETH,ETH,2471.45,0.405,0.202,0.202,0.202,8932769,0.00125,12.9
2026-09-01 06:55,SOL,SOL,103.655,0.965,0.482,0.482,0.482,4879812,0.00125,13.46
2026-09-01 06:55,XRP,XRP,1.38075,0.724,0.362,0.362,0.362,1350761,0.00125,13.22
2026-09-01 06:55,AVAX,AVAX,7.264,0.826,0.413,0.413,0.413,62873,-0.000406,9.83
2026-09-01 06:55,LINK,LINK,11.4205,0.876,0.438,0.438,1.313,218239,0.00125,13.38
2026-09-01 06:55,LTC,LTC,48.7485,0.205,0.103,0.103,0.103,68770,0.00125,12.71
2026-09-01 06:55,ADA,ADA,0.200905,0.498,0.249,0.249,0.747,110910,0.00125,13.0
2026-09-01 06:55,DOT,DOT,0.85102,2.35,1.175,1.175,1.998,29025,-0.000118,11.35
2026-09-01 06:55,UNI,UNI,5.37895,1.673,0.837,1.023,1.952,57986,0.00125,14.17
2026-09-01 06:55,AAVE,AAVE,125.975,2.381,1.191,1.191,1.985,121308,0.00125,14.88
2026-09-01 06:55,ARB,ARB,0.110705,0.903,0.452,0.452,0.452,87184,0.00125,13.4
2026-09-01 06:55,POL,POL,0.093108,0.215,0.107,2.148,3.329,8248,0.00125,12.71
2026-09-01 06:55,RENDER,RENDER,1.44665,3.456,2.419,3.111,4.493,8407,0.00125,17.34
2026-09-01 06:55,DOGE,DOGE,0.0831655,0.12,0.06,0.06,0.06,203638,0.00125,12.62
2026-09-01 06:55,SHIB,kSHIB,0.0051305,1.949,0.975,0.975,2.924,194983,0.00125,14.45
2026-09-01 06:55,PEPE,kPEPE,0.0035245,2.837,1.419,1.419,1.419,1024378,-0.000526,11.84
2026-09-01 06:55,WIF,WIF,0.19826,2.018,1.009,1.513,2.522,56431,0.00125,14.52
2026-09-01 06:55,BONK,kBONK,0.0030875,3.239,1.619,1.619,1.619,177153,0.00125,15.74
2026-09-01 06:55,TRUMP,TRUMP,2.4061000000000003,0.831,0.416,0.831,1.247,57742,0.00125,13.33
2026-09-01 07:00,BTC,BTC,78738.5,0.127,0.064,0.064,0.064,4658735,0.00125,12.63
2026-09-01 07:00,ETH,ETH,2470.05,0.405,0.202,0.607,0.607,7609583,0.00125,12.9
2026-09-01 07:00,SOL,SOL,103.595,0.965,0.483,0.483,0.483,4595072,0.00125,13.47
2026-09-01 07:00,XRP,XRP,1.38055,0.724,0.362,0.362,0.362,1668774,0.00125,13.22
2026-09-01 07:00,AVAX,AVAX,7.2616,0.551,0.275,0.413,0.413,37790,-0.000395,9.55
2026-09-01 07:00,LINK,LINK,11.4145,0.876,0.438,0.438,1.314,375082,0.00125,13.38
2026-09-01 07:00,LTC,LTC,48.760999999999996,0.41,0.205,0.205,1.23,62773,0.00125,12.91
2026-09-01 07:00,ADA,ADA,0.200905,1.493,0.747,0.747,1.742,63116,-0.000333,10.49
2026-09-01 07:00,DOT,DOT,0.85168,2.348,1.174,1.174,1.174,44492,-0.00061,11.35
2026-09-01 07:00,UNI,UNI,5.3767,2.232,1.116,1.116,1.302,54687,0.00125,14.73
2026-09-01 07:00,AAVE,AAVE,125.93,1.588,0.794,0.794,1.588,178227,0.00125,14.09
2026-09-01 07:00,ARB,ARB,0.111155,0.9,0.45,0.45,0.45,83451,0.00125,13.4
2026-09-01 07:00,POL,POL,0.09310950000000001,1.611,1.557,2.202,3.705,12874,0.00125,15.61
2026-09-01 07:00,RENDER,RENDER,1.4429,4.158,2.079,4.158,5.544,9047,0.00125,16.66
2026-09-01 07:00,DOGE,DOGE,0.0831355,0.842,0.421,0.541,0.541,115106,-0.000456,9.84
2026-09-01 07:00,SHIB,kSHIB,0.0051265,1.951,0.975,0.975,2.926,214668,0.00125,14.45
2026-09-01 07:00,PEPE,kPEPE,0.0035245,2.837,1.419,1.419,1.419,925533,-0.004379,11.84
2026-09-01 07:00,WIF,WIF,0.19842500000000002,1.512,0.756,0.756,1.26,61303,0.00125,14.01
2026-09-01 07:00,BONK,kBONK,0.0031145,9.632,4.816,8.027,8.027,168199,0.00125,22.13
2026-09-01 07:00,TRUMP,TRUMP,2.40495,1.247,0.624,1.04,1.871,59681,0.00125,13.75
2026-09-01 07:05,BTC,BTC,78936.5,0.127,0.063,0.063,0.063,4806127,0.00125,12.63
2026-09-01 07:05,ETH,ETH,2475.8500000000004,0.404,0.202,0.202,0.202,7872868,0.00125,12.9
2026-09-01 07:05,SOL,SOL,103.935,0.962,0.481,0.481,0.481,4659257,0.00125,13.46
2026-09-01 07:05,XRP,XRP,1.3850500000000001,0.722,0.361,0.361,0.361,1255096,0.00125,13.22
2026-09-01 07:05,AVAX,AVAX,7.27735,1.237,0.618,0.893,1.031,37322,7.4e-05,10.44
2026-09-01 07:05,LINK,LINK,11.464500000000001,0.872,0.436,0.436,1.308,370570,0.00125,13.37
2026-09-01 07:05,LTC,LTC,48.8775,0.614,0.307,0.921,0.921,63458,0.00125,13.11
2026-09-01 07:05,ADA,ADA,0.201245,0.497,0.248,0.745,1.242,98099,0.00125,13.0
2026-09-01 07:05,DOT,DOT,0.85385,1.64,0.82,0.937,0.937,27642,0.000483,11.99
2026-09-01 07:05,UNI,UNI,5.3865,2.228,1.114,1.3,1.671,52266,0.00125,14.73
2026-09-01 07:05,AAVE,AAVE,126.42500000000001,0.791,3.559,4.35,4.35,163356,0.00125,19.62
2026-09-01 07:05,ARB,ARB,0.11235500000000001,0.89,0.445,0.445,0.445,64181,0.00125,13.39
2026-09-01 07:05,POL,POL,0.0931195,1.611,1.128,3.49,5.638,7129,0.00125,14.76
2026-09-01 07:05,RENDER,RENDER,1.44665,3.456,1.728,4.493,5.876,14491,0.00125,15.96
2026-09-01 07:05,DOGE,DOGE,0.083377,0.24,0.12,0.48,0.72,147821,0.00125,12.74
2026-09-01 07:05,SHIB,kSHIB,0.0051424999999999995,1.945,2.917,2.917,4.861,252796,0.00125,18.33
2026-09-01 07:05,PEPE,kPEPE,0.0035385,2.826,1.413,1.413,1.413,986677,-0.003639,11.83
2026-09-01 07:05,WIF,WIF,0.19944,3.008,1.504,5.515,5.515,72989,0.00125,15.51
2026-09-01 07:05,BONK,kBONK,0.0031155,9.629,4.815,4.815,4.815,135774,0.00125,22.13
2026-09-01 07:05,TRUMP,TRUMP,2.41845,2.894,1.447,1.447,2.274,98370,0.00125,15.39
2026-09-01 07:10,BTC,BTC,78881.5,0.127,0.063,0.063,0.063,4713142,0.00125,12.63
2026-09-01 07:10,ETH,ETH,2475.05,0.404,0.202,0.202,0.202,8372707,0.00125,12.9
2026-09-01 07:10,SOL,SOL,103.92500000000001,0.962,0.481,0.481,0.481,4607990,0.00125,13.46
2026-09-01 07:10,XRP,XRP,1.38435,0.722,0.361,0.361,0.361,1401630,0.00125,13.22
2026-09-01 07:10,AVAX,AVAX,7.2725,1.375,0.688,0.825,0.825,37196,0.000106,10.67
2026-09-01 07:10,LINK,LINK,11.4465,0.874,0.437,0.437,0.437,213248,0.00125,13.37
2026-09-01 07:10,LTC,LTC,48.855000000000004,0.819,0.409,0.614,0.614,54126,0.00125,13.32
2026-09-01 07:10,ADA,ADA,0.201455,1.489,0.745,0.745,0.745,130240,0.00125,13.99
2026-09-01 07:10,DOT,DOT,0.851825,1.996,0.998,0.998,1.115,33227,0.000759,13.12
2026-09-01 07:10,UNI,UNI,5.3918,1.484,0.742,0.927,1.113,57780,0.00125,13.98
2026-09-01 07:10,AAVE,AAVE,126.285,0.792,1.188,1.188,2.772,146876,0.00125,14.88
2026-09-01 07:10,ARB,ARB,0.11144,1.795,0.897,1.795,1.795,106594,0.00125,14.29
2026-09-01 07:10,POL,POL,0.0928875,2.261,1.13,1.238,1.238,15360,0.00125,14.76
2026-09-01 07:10,RENDER,RENDER,1.4468,4.147,2.074,3.456,4.838,10716,0.00125,16.65
2026-09-01 07:10,DOGE,DOGE,0.083321,0.24,0.12,0.24,0.24,114371,0.00125,12.74
2026-09-01 07:10,SHIB,kSHIB,0.005149,3.884,1.942,1.942,1.942,202879,0.00125,16.38
2026-09-01 07:10,PEPE,kPEPE,0.0035355,2.828,1.414,1.414,1.414,923530,-0.003855,11.83
2026-09-01 07:10,WIF,WIF,0.19864500000000002,1.51,1.259,1.762,3.272,49136,0.00125,15.02
2026-09-01 07:10,BONK,kBONK,0.0031105,3.215,1.607,4.822,4.822,161124,0.00125,15.71
2026-09-01 07:10,TRUMP,TRUMP,2.42335,2.063,1.032,1.032,1.032,130970,0.00125,14.56
2026-09-01 07:15,BTC,BTC,78894.5,0.127,0.063,0.063,0.063,2779141,0.00125,12.63
2026-09-01 07:15,ETH,ETH,2475.3500000000004,0.404,0.202,0.202,0.202,8813872,0.00125,12.9
2026-09-01 07:15,SOL,SOL,103.91499999999999,0.962,0.481,0.481,0.481,4884966,0.00125,13.46
2026-09-01 07:15,XRP,XRP,1.38435,0.722,0.361,0.361,0.361,1602126,0.00125,13.22
2026-09-01 07:15,AVAX,AVAX,7.276199999999999,1.374,0.687,0.825,0.825,60657,0.000745,12.46
2026-09-01 07:15,LINK,LINK,11.4505,0.873,0.437,0.437,1.31,341928,0.00125,13.37
2026-09-01 07:15,LTC,LTC,48.8665,1.023,0.512,0.716,0.716,71671,0.00125,13.52
2026-09-01 07:15,ADA,ADA,0.201515,1.489,0.744,1.241,1.737,43648,0.00125,13.99
2026-09-01 07:15,DOT,DOT,0.8521,2.817,1.408,1.526,1.526,25439,0.000542,13.33
2026-09-01 07:15,UNI,UNI,5.3803,3.346,1.673,1.673,1.673,28091,0.00125,15.85
2026-09-01 07:15,AAVE,AAVE,126.495,3.953,1.976,1.976,2.767,169935,0.00125,16.45
2026-09-01 07:15,ARB,ARB,0.110845,0.902,0.451,0.451,0.451,121010,0.00125,13.4
2026-09-01 07:15,POL,POL,0.0931545,1.825,1.02,1.02,1.02,15058,0.00125,14.54
2026-09-01 07:15,RENDER,RENDER,1.4469,2.765,1.382,2.765,4.838,10012,0.00125,15.26
2026-09-01 07:15,DOGE,DOGE,0.0833395,0.12,0.06,0.06,0.06,211571,0.00125,12.62
2026-09-01 07:15,SHIB,kSHIB,0.0051565,1.939,0.97,0.97,2.909,202165,0.00125,14.44
2026-09-01 07:15,PEPE,kPEPE,0.0035355,2.828,1.414,1.414,1.414,1021394,-0.003918,11.83
2026-09-01 07:15,WIF,WIF,0.198955,1.508,0.754,0.754,0.754,59429,0.00125,14.01
2026-09-01 07:15,BONK,kBONK,0.0031195,3.206,1.603,4.808,4.808,188259,0.00125,15.71
2026-09-01 07:15,TRUMP,TRUMP,2.4166499999999997,0.414,0.207,1.034,1.862,81054,0.00125,12.91
2026-09-01 07:20,BTC,BTC,78823.5,0.127,0.063,0.063,0.063,3764429,0.00125,12.63
2026-09-01 07:20,ETH,ETH,2472.05,0.405,0.202,0.202,0.202,7352469,0.00125,12.9
2026-09-01 07:20,SOL,SOL,103.765,0.964,0.482,0.482,0.482,4199776,0.00125,13.46
2026-09-01 07:20,XRP,XRP,1.3827500000000001,0.723,0.362,0.362,0.362,1812284,0.00125,13.22
2026-09-01 07:20,AVAX,AVAX,7.27,1.376,0.688,0.825,0.825,34351,0.001017,13.22
2026-09-01 07:20,LINK,LINK,11.436499999999999,0.874,0.437,0.437,0.437,371381,0.00125,13.37
2026-09-01 07:20,LTC,LTC,48.8405,0.614,0.307,0.512,0.921,44406,0.00125,13.11
2026-09-01 07:20,ADA,ADA,0.201125,0.497,0.249,0.249,0.746,84250,0.00125,13.0
2026-09-01 07:20,DOT,DOT,0.85085,1.88,0.94,1.058,1.058,29120,0.000409,12.02
2026-09-01 07:20,UNI,UNI,5.39175,0.927,0.464,0.464,0.464,35489,0.00125,13.43
2026-09-01 07:20,AAVE,AAVE,126.235,2.377,1.188,1.98,2.773,168949,0.00125,14.88
2026-09-01 07:20,ARB,ARB,0.111165,2.699,1.349,1.349,2.249,82132,0.00125,15.2
2026-09-01 07:20,POL,POL,0.0929585,2.905,1.452,1.452,1.452,20650,0.00125,15.4
2026-09-01 07:20,RENDER,RENDER,1.4463,4.149,2.074,2.766,4.149,16383,0.00125,16.65
2026-09-01 07:20,DOGE,DOGE,0.083241,0.481,0.24,0.36,0.481,145041,0.00125,12.98
2026-09-01 07:20,SHIB,kSHIB,0.005161499999999999,1.937,0.969,2.906,2.906,191892,0.00125,14.44
2026-09-01 07:20,PEPE,kPEPE,0.0035365,2.828,1.414,1.414,1.414,922987,-0.003708,11.83
2026-09-01 07:20,WIF,WIF,0.198795,2.515,1.258,1.258,3.27,46420,0.00125,15.02
2026-09-01 07:20,BONK,kBONK,0.003137,6.376,3.188,6.376,9.563,128706,0.00125,18.88
2026-09-01 07:20,TRUMP,TRUMP,2.4189499999999997,0.413,2.274,2.274,2.687,61050,0.00125,17.05
2026-09-01 07:25,BTC,BTC,78837.5,0.127,0.063,0.063,0.063,2822590,0.00125,12.63
2026-09-01 07:25,ETH,ETH,2471.75,0.405,0.202,0.202,0.202,7621884,0.00125,12.9
2026-09-01 07:25,SOL,SOL,103.795,0.963,0.482,0.482,0.482,4612894,0.00125,13.46
2026-09-01 07:25,XRP,XRP,1.3823500000000002,0.723,0.362,0.362,0.362,1305868,0.00125,13.22
2026-09-01 07:25,AVAX,AVAX,7.2661,0.551,0.275,0.413,0.413,57229,0.000938,12.18
2026-09-01 07:25,LINK,LINK,11.4205,0.876,0.438,1.313,1.313,353106,0.00125,13.38
2026-09-01 07:25,LTC,LTC,48.8095,0.205,0.102,0.307,0.512,51866,0.00125,12.7
2026-09-01 07:25,ADA,ADA,0.200875,0.498,0.249,1.742,1.742,162173,0.00125,13.0
2026-09-01 07:25,DOT,DOT,0.849135,1.06,0.53,0.53,0.53,26047,1.3e-05,10.1
2026-09-01 07:25,UNI,UNI,5.39555,1.668,0.834,0.834,0.834,66042,0.00125,14.17
2026-09-01 07:25,AAVE,AAVE,126.24000000000001,1.584,0.792,1.584,1.584,173526,0.00125,14.08
2026-09-01 07:25,ARB,ARB,0.111145,2.699,1.35,1.35,1.35,96274,0.00125,15.2
2026-09-01 07:25,POL,POL,0.0928165,1.616,1.562,2.532,2.747,11560,0.00125,15.62
2026-09-01 07:25,RENDER,RENDER,1.4459499999999998,4.841,2.421,3.112,3.112,40425,0.00125,17.34
2026-09-01 07:25,DOGE,DOGE,0.08321400000000001,0.961,0.481,0.601,0.601,153613,0.00125,13.46
2026-09-01 07:25,SHIB,kSHIB,0.0051585,1.939,0.969,0.969,2.908,159842,0.00125,14.44
2026-09-01 07:25,PEPE,kPEPE,0.0035335,2.83,1.415,1.415,1.415,985352,-0.003409,11.83
2026-09-01 07:25,WIF,WIF,0.19867,2.013,1.007,2.013,3.02,64728,0.00125,14.51
2026-09-01 07:25,BONK,kBONK,0.0031555,3.169,4.754,4.754,4.754,118508,0.00125,22.01
2026-09-01 07:25,TRUMP,TRUMP,2.4170499999999997,0.414,1.448,1.448,1.862,96138,0.00125,15.4
2026-09-01 07:30,BTC,BTC,78970.5,0.127,0.063,0.063,0.063,2210073,0.00125,12.63
2026-09-01 07:30,ETH,ETH,2476.05,0.404,0.202,0.202,0.202,7604155,0.00125,12.9
2026-09-01 07:30,SOL,SOL,103.935,0.962,2.405,2.405,2.405,3995611,0.00125,17.31
2026-09-01 07:30,XRP,XRP,1.3861500000000002,0.721,0.361,0.361,0.361,1425412,0.00125,13.22
2026-09-01 07:30,AVAX,AVAX,7.284800000000001,1.647,0.824,0.961,1.373,73512,0.001222,14.07
2026-09-01 07:30,LINK,LINK,11.444500000000001,0.874,0.437,0.437,1.311,372284,0.00125,13.37
2026-09-01 07:30,LTC,LTC,48.8625,0.205,0.102,0.307,0.307,53207,0.00125,12.7
2026-09-01 07:30,ADA,ADA,0.20168999999999998,0.992,0.496,0.496,0.992,131848,0.00125,13.49
2026-09-01 07:30,DOT,DOT,0.85146,0.235,0.117,1.409,1.527,27839,0.000273,10.0
2026-09-01 07:30,UNI,UNI,5.4074,1.11,0.555,0.74,1.295,52354,0.00125,13.61
2026-09-01 07:30,AAVE,AAVE,126.495,0.791,1.976,1.976,1.976,162544,0.00125,16.45
2026-09-01 07:30,ARB,ARB,0.112165,0.892,0.446,0.446,0.446,81512,0.00125,13.39
2026-09-01 07:30,POL,POL,0.092995,3.011,1.505,1.505,1.505,13154,0.00125,15.51
2026-09-01 07:30,RENDER,RENDER,1.44795,4.834,2.417,3.798,4.489,28436,0.00125,17.33
2026-09-01 07:30,DOGE,DOGE,0.083374,0.24,0.12,0.24,0.24,174011,0.00125,12.74
2026-09-01 07:30,SHIB,kSHIB,0.0051865,1.928,2.892,4.82,4.82,144354,0.00125,18.28
2026-09-01 07:30,PEPE,kPEPE,0.003548,5.637,2.818,2.818,2.818,507165,-0.002898,14.64
2026-09-01 07:30,WIF,WIF,0.200105,2.499,1.249,2.249,2.749,51167,0.00125,15.0
2026-09-01 07:30,BONK,kBONK,0.0031869999999999997,6.275,3.138,3.138,3.138,114484,0.00125,18.78
2026-09-01 07:30,TRUMP,TRUMP,2.42725,5.356,3.502,4.326,4.738,140561,0.00125,19.5
2026-09-01 07:35,BTC,BTC,79055.5,0.126,0.063,0.063,0.063,3041270,0.00125,12.63
2026-09-01 07:35,ETH,ETH,2478.25,0.404,0.202,0.202,0.202,6739593,0.00125,12.9
2026-09-01 07:35,SOL,SOL,104.07499999999999,0.961,0.48,0.48,0.48,4354243,0.00125,13.46
2026-09-01 07:35,XRP,XRP,1.39025,0.719,0.36,0.36,0.36,1918148,0.00125,13.22
2026-09-01 07:35,AVAX,AVAX,7.29995,0.959,0.479,0.616,0.616,49738,0.00125,13.46
2026-09-01 07:35,LINK,LINK,11.471499999999999,0.872,0.436,0.436,1.308,357471,0.00125,13.37
2026-09-01 07:35,LTC,LTC,48.9935,1.021,0.51,0.51,0.714,46459,0.00125,13.52
2026-09-01 07:35,ADA,ADA,0.202415,0.494,0.247,0.247,0.247,118254,0.00125,12.99
2026-09-01 07:35,DOT,DOT,0.85197,2.348,1.174,1.526,1.643,21342,0.000404,12.48
2026-09-01 07:35,UNI,UNI,5.475149999999999,7.488,4.84,4.84,4.84,110064,0.00125,22.18
2026-09-01 07:35,AAVE,AAVE,126.605,2.37,1.185,1.185,1.185,172139,0.00125,14.87
2026-09-01 07:35,ARB,ARB,0.11124500000000001,0.899,2.247,2.247,2.247,76632,0.00125,16.99
2026-09-01 07:35,POL,POL,0.093032,2.795,2.15,3.01,3.655,18637,0.00125,16.8
2026-09-01 07:35,RENDER,RENDER,1.4504000000000001,4.137,2.068,2.758,4.826,29260,0.00125,16.64
2026-09-01 07:35,DOGE,DOGE,0.0835985,0.12,0.06,0.179,1.017,158490,0.00125,12.62
2026-09-01 07:35,SHIB,kSHIB,0.0052049999999999996,3.842,1.921,1.921,3.842,232641,0.00125,16.34
2026-09-01 07:35,PEPE,kPEPE,0.0035564999999999998,2.812,4.218,4.218,4.218,823149,-0.002716,17.44
2026-09-01 07:35,WIF,WIF,0.19924,5.019,3.011,3.513,5.019,66424,0.00125,18.52
2026-09-01 07:35,BONK,kBONK,0.0032015,3.124,1.562,1.562,1.562,197793,0.00125,15.62
2026-09-01 07:35,TRUMP,TRUMP,2.43555,0.411,5.543,5.543,6.364,142213,0.00125,23.59
2026-09-01 07:40,BTC,BTC,79048.5,0.127,0.063,0.063,0.063,1266892,0.00125,12.63
2026-09-01 07:40,ETH,ETH,2478.95,0.403,0.202,0.202,0.202,8004381,0.00125,12.9
2026-09-01 07:40,SOL,SOL,103.975,0.962,0.481,0.481,0.481,4263248,0.00125,13.46
2026-09-01 07:40,XRP,XRP,1.3895499999999998,0.72,0.36,0.36,0.36,1354301,0.00125,13.22
2026-09-01 07:40,AVAX,AVAX,7.29715,0.959,0.48,0.48,1.165,43136,0.00125,13.46
2026-09-01 07:40,LINK,LINK,11.474499999999999,0.871,0.436,0.436,0.436,217029,0.00125,13.37
2026-09-01 07:40,LTC,LTC,49.0,0.816,0.408,0.612,0.612,65865,0.00125,13.32
2026-09-01 07:40,ADA,ADA,0.201965,1.485,0.743,0.743,1.733,150770,0.00125,13.99
2026-09-01 07:40,DOT,DOT,0.85148,1.409,0.705,0.705,0.705,29860,0.000412,11.56
2026-09-01 07:40,UNI,UNI,5.49705,6.003,3.002,3.365,3.365,22884,0.00125,18.5
2026-09-01 07:40,AAVE,AAVE,126.67,1.579,0.789,0.789,1.579,186557,0.00125,14.08
2026-09-01 07:40,ARB,ARB,0.11099,3.604,2.703,3.604,3.604,69666,0.00125,17.91
2026-09-01 07:40,POL,POL,0.09289349999999999,1.399,1.669,2.853,2.853,9426,0.00125,15.84
2026-09-01 07:40,RENDER,RENDER,1.44935,3.45,1.725,3.795,5.175,8899,0.00125,15.95
2026-09-01 07:40,DOGE,DOGE,0.0835725,0.12,0.06,0.06,0.06,195681,0.00125,12.62
2026-09-01 07:40,SHIB,kSHIB,0.005184,3.858,1.929,1.929,3.858,207339,0.00125,16.36
2026-09-01 07:40,PEPE,kPEPE,0.003556,5.624,2.812,2.812,2.812,923663,-0.002498,14.62
2026-09-01 07:40,WIF,WIF,0.19844,3.024,1.512,1.512,3.528,62151,0.00125,15.52
2026-09-01 07:40,BONK,kBONK,0.0032205000000000003,3.105,1.553,4.658,4.658,176931,0.00125,15.61
2026-09-01 07:40,TRUMP,TRUMP,2.42645,0.412,0.618,0.618,0.618,84388,0.00125,13.74
2026-09-01 07:45,BTC,BTC,79151.5,0.126,0.063,0.063,0.063,2592728,0.00125,12.63
2026-09-01 07:45,ETH,ETH,2481.45,0.403,0.201,0.201,0.201,7255596,0.00125,12.9
2026-09-01 07:45,SOL,SOL,104.225,0.959,0.48,0.48,0.48,4031251,0.00125,13.46
2026-09-01 07:45,XRP,XRP,1.3916499999999998,0.719,0.359,0.359,0.359,1411436,0.00125,13.22
2026-09-01 07:45,AVAX,AVAX,7.30985,2.052,1.026,1.026,1.026,48876,0.00125,14.55
2026-09-01 07:45,LINK,LINK,11.503,1.739,0.869,1.739,1.739,214930,0.00125,14.24
2026-09-01 07:45,LTC,LTC,49.0925,0.204,0.102,0.102,1.12,48997,0.00125,12.7
2026-09-01 07:45,ADA,ADA,0.202675,1.48,0.74,1.234,1.234,125516,0.00125,13.98
2026-09-01 07:45,DOT,DOT,0.85351,2.343,1.172,1.289,1.289,24019,0.000471,12.66
2026-09-01 07:45,UNI,UNI,5.57555,1.255,0.628,1.883,2.063,62083,0.00125,13.76
2026-09-01 07:45,AAVE,AAVE,127.13,1.573,0.787,0.787,0.787,100379,0.00125,14.07
2026-09-01 07:45,ARB,ARB,0.11154,1.793,0.897,0.897,0.897,82458,0.00125,14.29
2026-09-01 07:45,POL,POL,0.09285650000000001,2.046,1.885,1.992,3.5,11029,0.00125,16.27
2026-09-01 07:45,RENDER,RENDER,1.4617499999999999,4.789,2.394,3.079,5.131,28979,0.00125,17.29
2026-09-01 07:45,DOGE,DOGE,0.083765,0.716,0.358,0.358,0.358,211850,0.00125,13.22
2026-09-01 07:45,SHIB,kSHIB,0.0052,3.846,1.923,5.769,5.769,254706,0.00125,16.35
2026-09-01 07:45,PEPE,kPEPE,0.0035615,2.808,1.404,1.404,1.404,1015795,-0.002398,11.81
2026-09-01 07:45,WIF,WIF,0.19952999999999999,2.005,1.002,1.504,2.506,67373,0.00125,14.5
2026-09-01 07:45,BONK,kBONK,0.0032125,3.113,4.669,4.669,4.669,142825,0.00125,21.84
2026-09-01 07:45,TRUMP,TRUMP,2.42965,0.412,0.206,0.617,1.029,43560,0.00125,12.91
2026-09-01 07:50,BTC,BTC,79154.5,0.126,0.063,0.063,0.063,2335413,0.00125,12.63
2026-09-01 07:50,ETH,ETH,2483.95,0.403,0.201,0.201,0.201,8314532,0.00125,12.9
2026-09-01 07:50,SOL,SOL,104.265,0.959,1.439,1.439,1.439,4326721,0.00125,15.38
2026-09-01 07:50,XRP,XRP,1.39465,0.717,0.359,0.359,0.359,1497333,0.00125,13.22
2026-09-01 07:50,AVAX,AVAX,7.327,0.819,0.409,0.546,0.546,47686,0.00125,13.32
2026-09-01 07:50,LINK,LINK,11.5015,0.869,0.435,1.304,1.304,200905,0.00125,13.37
2026-09-01 07:50,LTC,LTC,49.1045,0.204,0.102,0.102,0.102,50609,0.00125,12.7
2026-09-01 07:50,ADA,ADA,0.202835,0.493,0.247,0.247,0.247,148572,0.00125,12.99
2026-09-01 07:50,DOT,DOT,0.854355,2.692,2.048,2.048,3.921,22299,0.00057,14.69
2026-09-01 07:50,UNI,UNI,5.582750000000001,3.403,1.702,1.702,1.702,68598,0.00125,15.9
2026-09-01 07:50,AAVE,AAVE,127.045,0.787,0.394,0.394,0.394,102409,0.00125,13.29
2026-09-01 07:50,ARB,ARB,0.111175,0.899,0.45,0.45,0.45,53491,0.00125,13.4
2026-09-01 07:50,POL,POL,0.0928195,2.262,1.885,2.532,3.825,7279,0.00125,16.27
2026-09-01 07:50,RENDER,RENDER,1.4628,2.734,2.051,4.102,4.785,36743,0.00125,16.6
2026-09-01 07:50,DOGE,DOGE,0.0838255,0.358,0.179,0.179,0.179,172409,0.00125,12.86
2026-09-01 07:50,SHIB,kSHIB,0.005207,3.841,1.92,1.92,3.841,153801,0.00125,16.34
2026-09-01 07:50,PEPE,kPEPE,0.0035645,2.805,1.403,1.403,1.403,960041,-0.002433,11.81
2026-09-01 07:50,WIF,WIF,0.19907999999999998,2.009,1.005,1.507,2.512,47762,0.00125,14.51
2026-09-01 07:50,BONK,kBONK,0.0032205000000000003,3.105,1.553,4.658,4.658,167795,0.00125,15.61
2026-09-01 07:50,TRUMP,TRUMP,2.4303999999999997,0.823,0.411,1.646,2.057,64787,0.00125,13.32
2026-09-01 07:55,BTC,BTC,79199.5,0.126,0.063,0.063,0.063,2498791,0.00125,12.63
2026-09-01 07:55,ETH,ETH,2485.45,0.402,0.201,0.201,0.201,9844359,0.00125,12.9
2026-09-01 07:55,SOL,SOL,104.285,0.959,0.479,0.479,0.479,4569572,0.00125,13.46
2026-09-01 07:55,XRP,XRP,1.39595,0.716,0.358,0.358,0.358,1820503,0.00125,13.22
2026-09-01 07:55,AVAX,AVAX,7.325200000000001,1.365,0.683,1.638,1.911,39293,0.00125,13.87
2026-09-01 07:55,LINK,LINK,11.5085,0.869,0.434,0.434,1.303,408378,0.00125,13.37
2026-09-01 07:55,LTC,LTC,49.145,1.221,0.61,0.814,0.814,61530,0.00125,13.72
2026-09-01 07:55,ADA,ADA,0.202795,1.479,0.74,1.233,1.233,128177,0.00125,13.98
2026-09-01 07:55,DOT,DOT,0.853955,1.288,0.644,0.761,0.761,15202,0.000588,11.94
2026-09-01 07:55,UNI,UNI,5.60645,0.178,4.013,4.37,9.007,63549,0.00125,20.53
2026-09-01 07:55,AAVE,AAVE,127.105,2.36,1.18,1.18,2.754,165603,0.00125,14.86
2026-09-01 07:55,ARB,ARB,0.11172,5.371,2.685,2.685,2.685,99881,0.00125,17.87
2026-09-01 07:55,POL,POL,0.0927985,2.047,1.024,1.131,1.347,16528,0.00125,14.55
2026-09-01 07:55,RENDER,RENDER,1.4656,4.094,2.729,3.412,6.141,57672,0.00125,17.96
2026-09-01 07:55,DOGE,DOGE,0.0838635,0.119,0.06,0.06,0.06,203526,0.00125,12.62
2026-09-01 07:55,SHIB,kSHIB,0.005206499999999999,1.921,2.881,4.802,4.802,168354,0.00125,18.26
2026-09-01 07:55,PEPE,kPEPE,0.0035645,2.805,1.403,1.403,1.403,1042227,-0.002251,11.81
2026-09-01 07:55,WIF,WIF,0.19907,2.009,1.507,1.507,1.507,69374,0.00125,15.51
2026-09-01 07:55,BONK,kBONK,0.0032275,3.098,1.549,4.648,4.648,133256,0.00125,15.6
2026-09-01 07:55,TRUMP,TRUMP,2.4362500000000002,1.231,0.616,0.616,1.026,122413,0.00125,13.73
2026-09-01 08:00,BTC,BTC,79134.5,0.126,0.063,0.063,0.063,6324517,0.00125,12.63
2026-09-01 08:00,ETH,ETH,2484.25,0.403,0.201,0.201,0.201,9538463,0.00125,12.9
2026-09-01 08:00,SOL,SOL,104.245,0.959,0.48,0.48,0.48,5233307,0.00125,13.46
2026-09-01 08:00,XRP,XRP,1.39465,0.717,0.359,0.359,0.359,1946333,0.00125,13.22
2026-09-01 08:00,AVAX,AVAX,7.3178,1.093,0.547,0.547,0.547,32151,0.000212,10.69
2026-09-01 08:00,LINK,LINK,11.499500000000001,0.87,0.435,0.435,0.435,210870,0.00125,13.37
2026-09-01 08:00,LTC,LTC,49.129000000000005,0.814,0.407,0.407,0.407,50650,0.00125,13.31
2026-09-01 08:00,ADA,ADA,0.202655,2.467,1.234,1.234,1.234,106554,0.00125,14.97
2026-09-01 08:00,DOT,DOT,0.853425,1.523,0.762,0.879,0.879,17556,0.000562,12.1
2026-09-01 08:00,UNI,UNI,5.580550000000001,1.613,0.806,0.806,0.806,57011,0.00125,14.11
2026-09-01 08:00,AAVE,AAVE,127.05000000000001,1.574,0.787,0.787,0.787,161007,0.00125,14.07
2026-09-01 08:00,ARB,ARB,0.111735,0.895,0.447,0.447,0.447,64310,0.00125,13.39
2026-09-01 08:00,POL,POL,0.0927725,2.91,1.455,1.563,2.749,11322,0.00125,15.41
2026-09-01 08:00,RENDER,RENDER,1.4627,5.469,2.735,3.418,5.469,29846,0.00125,17.97
2026-09-01 08:00,DOGE,DOGE,0.0837925,0.119,0.06,0.418,0.537,176841,0.00125,12.62
2026-09-01 08:00,SHIB,kSHIB,0.005197,3.848,1.924,3.848,3.848,198511,0.00125,16.35
2026-09-01 08:00,PEPE,kPEPE,0.0035595,2.809,4.214,4.214,4.214,860710,-0.0012,17.43
2026-09-01 08:00,WIF,WIF,0.199545,0.501,0.251,0.752,0.752,72006,0.00125,13.0
2026-09-01 08:00,BONK,kBONK,0.0032335000000000003,3.093,1.546,1.546,1.546,161802,0.00125,15.59
2026-09-01 08:00,TRUMP,TRUMP,2.42475,1.237,0.619,0.619,1.443,45669,0.00125,13.74
2026-09-01 08:05,BTC,BTC,79062.5,0.126,0.063,0.063,0.063,6532898,0.00125,12.63
2026-09-01 08:05,ETH,ETH,2482.55,0.403,0.201,0.201,0.201,8523088,0.00125,12.9
2026-09-01 08:05,SOL,SOL,104.10499999999999,0.961,0.48,0.48,0.48,4836007,0.00125,13.46
2026-09-01 08:05,XRP,XRP,1.39135,0.719,0.359,0.359,0.359,1135870,0.00125,13.22
2026-09-01 08:05,AVAX,AVAX,7.30405,0.137,0.068,0.205,0.205,53610,-8e-06,9.14
2026-09-01 08:05,LINK,LINK,11.4875,0.871,0.435,1.306,1.306,193652,0.00125,13.37
2026-09-01 08:05,LTC,LTC,49.062,1.223,0.611,0.815,1.019,62090,0.00125,13.72
2026-09-01 08:05,ADA,ADA,0.20194499999999999,1.486,0.743,1.733,2.228,164624,0.00125,13.99
2026-09-01 08:05,DOT,DOT,0.852565,2.229,1.114,1.232,1.232,31540,0.000589,12.88
2026-09-01 08:05,UNI,UNI,5.5916999999999994,3.577,1.788,1.967,1.967,27874,0.00125,16.08
2026-09-01 08:05,AAVE,AAVE,126.68,1.579,0.789,0.789,0.789,176168,0.00125,14.08
2026-09-01 08:05,ARB,ARB,0.111515,0.897,0.448,0.448,2.242,79055,0.00125,13.4
2026-09-01 08:05,POL,POL,0.092736,3.235,2.264,3.774,5.176,4763,0.00125,17.03
2026-09-01 08:05,RENDER,RENDER,1.4575,5.489,2.744,4.117,5.489,21010,0.00125,17.99
2026-09-01 08:05,DOGE,DOGE,0.0836925,0.119,0.06,0.06,0.06,308348,0.00125,12.62
2026-09-01 08:05,SHIB,kSHIB,0.005194,3.851,1.925,3.851,5.776,176430,0.00125,16.35
2026-09-01 08:05,PEPE,kPEPE,0.0035495,2.817,1.409,1.409,1.409,943090,-0.000154,11.82
2026-09-01 08:05,WIF,WIF,0.19985999999999998,2.001,1.001,1.501,1.501,72740,0.00125,14.5
2026-09-01 08:05,BONK,kBONK,0.0032225,3.103,1.552,1.552,1.552,175476,0.00125,15.6
2026-09-01 08:05,TRUMP,TRUMP,2.4167,1.655,0.828,1.241,1.655,95479,0.00125,14.16
2026-09-01 08:10,BTC,BTC,79021.5,0.127,0.063,0.063,0.063,5450670,0.00125,12.63
2026-09-01 08:10,ETH,ETH,2480.25,0.403,0.202,0.202,0.202,9143186,0.00125,12.9
2026-09-01 08:10,SOL,SOL,104.035,0.961,0.481,0.481,0.481,4723695,0.00125,13.46
2026-09-01 08:10,XRP,XRP,1.38925,0.72,0.36,0.36,0.36,1376893,0.00125,13.22
2026-09-01 08:10,AVAX,AVAX,7.2986,1.37,0.685,0.685,0.685,85853,-0.000373,10.37
2026-09-01 08:10,LINK,LINK,11.465499999999999,0.872,1.308,1.308,1.308,385681,0.00125,15.12
2026-09-01 08:10,LTC,LTC,49.0595,0.612,0.306,0.51,0.51,65959,0.00125,13.11
2026-09-01 08:10,ADA,ADA,0.201795,1.487,0.743,0.743,1.239,121239,0.00125,13.99
2026-09-01 08:10,DOT,DOT,0.85593,2.337,1.168,1.402,1.519,16064,0.000344,12.3
2026-09-01 08:10,UNI,UNI,5.5892,1.431,0.716,0.716,1.431,24487,0.00125,13.93
2026-09-01 08:10,AAVE,AAVE,126.33,1.583,0.792,1.583,1.583,175639,0.00125,14.08
2026-09-01 08:10,ARB,ARB,0.11158,1.792,0.896,0.896,0.896,71884,0.00125,14.29
2026-09-01 08:10,POL,POL,0.0927845,2.91,1.455,1.563,4.473,5845,0.000146,12.32
2026-09-01 08:10,RENDER,RENDER,1.45545,4.81,2.405,3.779,4.466,22208,0.00125,17.31
2026-09-01 08:10,DOGE,DOGE,0.0835775,0.598,0.299,0.299,0.299,148058,0.00125,13.1
2026-09-01 08:10,SHIB,kSHIB,0.0051815,1.93,0.965,2.895,2.895,182650,0.00125,14.43
2026-09-01 08:10,PEPE,kPEPE,0.0035434999999999998,2.822,1.411,1.411,1.411,1013865,0.000178,12.32
2026-09-01 08:10,WIF,WIF,0.19924,2.008,1.004,1.506,2.51,74146,0.00125,14.51
2026-09-01 08:10,BONK,kBONK,0.0032055,3.12,1.56,1.56,1.56,143661,0.00125,15.62
2026-09-01 08:10,TRUMP,TRUMP,2.40335,0.416,0.208,0.208,0.208,115743,0.00125,12.92
2026-09-01 08:15,BTC,BTC,78928.5,0.127,0.063,0.063,0.063,3819250,0.00125,12.63
2026-09-01 08:15,ETH,ETH,2478.25,0.404,0.202,0.202,0.202,8848076,0.00125,12.9
2026-09-01 08:15,SOL,SOL,104.005,0.961,0.481,0.481,0.481,4911401,0.00125,13.46
2026-09-01 08:15,XRP,XRP,1.38985,0.72,0.36,0.36,0.36,1971467,0.00125,13.22
2026-09-01 08:15,AVAX,AVAX,7.295999999999999,0.822,0.411,0.548,0.548,30880,-0.000478,9.82
2026-09-01 08:15,LINK,LINK,11.4585,0.873,0.436,1.309,2.182,216559,0.00125,13.37
2026-09-01 08:15,LTC,LTC,49.056,0.815,0.408,0.612,0.815,52088,0.00125,13.32
2026-09-01 08:15,ADA,ADA,0.201765,1.487,0.743,0.743,0.743,135424,0.00125,13.99
2026-09-01 08:15,DOT,DOT,0.85966,1.629,0.814,1.629,1.745,26860,0.000293,11.45
2026-09-01 08:15,UNI,UNI,5.60915,1.605,0.802,0.802,0.802,42225,0.00125,14.1
2026-09-01 08:15,AAVE,AAVE,126.515,3.952,1.976,2.766,2.766,153820,0.00125,16.45
2026-09-01 08:15,ARB,ARB,0.11134,1.796,0.898,0.898,0.898,78996,0.00125,14.3
2026-09-01 08:15,POL,POL,0.0927125,2.912,1.456,1.564,2.535,8040,-0.000426,11.91
2026-09-01 08:15,RENDER,RENDER,1.4578,4.116,2.058,4.802,5.488,35045,0.00125,16.62
2026-09-01 08:15,DOGE,DOGE,0.0835985,0.12,0.06,1.974,1.974,210227,0.00125,12.62
2026-09-01 08:15,SHIB,kSHIB,0.005175,3.865,1.932,5.797,7.729,166517,0.00125,16.36
2026-09-01 08:15,PEPE,kPEPE,0.0035455,2.82,1.41,1.41,4.231,887569,5.6e-05,11.98
2026-09-01 08:15,WIF,WIF,0.19901000000000002,2.01,1.005,2.512,3.015,67801,0.00125,14.51
2026-09-01 08:15,BONK,kBONK,0.0032105,3.115,1.557,4.672,4.672,189043,0.00125,15.61
2026-09-01 08:15,TRUMP,TRUMP,2.4039,2.496,1.248,2.912,3.328,137188,0.00125,15.0
2026-09-01 08:20,BTC,BTC,78908.5,0.127,0.063,0.063,0.063,5802636,0.00125,12.63
2026-09-01 08:20,ETH,ETH,2477.3500000000004,0.404,0.202,0.202,0.202,8550292,0.00125,12.9
2026-09-01 08:20,SOL,SOL,103.945,0.962,0.481,0.481,0.481,4172490,0.00125,13.46
2026-09-01 08:20,XRP,XRP,1.3878499999999998,0.721,0.36,0.36,0.36,2065261,0.00125,13.22
2026-09-01 08:20,AVAX,AVAX,7.2928999999999995,0.274,0.137,0.274,0.274,47090,-0.000684,9.27
2026-09-01 08:20,LINK,LINK,11.470500000000001,0.872,0.436,0.436,1.308,473376,0.00125,13.37
2026-09-01 08:20,LTC,LTC,49.0685,1.019,0.509,0.509,0.713,62724,0.00125,13.52
2026-09-01 08:20,ADA,ADA,0.201705,0.496,0.248,0.248,0.744,132695,0.00125,13.0
2026-09-01 08:20,DOT,DOT,0.8590450000000001,2.445,1.222,1.339,1.339,19565,0.000203,12.01
2026-09-01 08:20,UNI,UNI,5.62335,3.023,1.512,1.512,1.512,29053,0.00125,15.52
2026-09-01 08:20,AAVE,AAVE,126.53999999999999,1.581,0.79,1.581,1.581,124546,0.00125,14.08
2026-09-01 08:20,ARB,ARB,0.11046500000000001,0.905,0.453,0.453,0.453,72823,0.00125,13.41
2026-09-01 08:20,POL,POL,0.092689,1.51,1.079,1.079,1.403,6330,-0.000983,11.16
2026-09-01 08:20,RENDER,RENDER,1.45755,4.803,2.401,3.087,3.087,36979,0.00125,17.3
2026-09-01 08:20,DOGE,DOGE,0.08354500000000001,0.479,0.239,0.239,0.239,219325,0.00125,12.98
2026-09-01 08:20,SHIB,kSHIB,0.005175,3.865,1.932,3.865,3.865,185768,0.00125,16.36
2026-09-01 08:20,PEPE,kPEPE,0.0035434999999999998,2.822,1.411,1.411,1.411,692589,7e-06,11.84
2026-09-01 08:20,WIF,WIF,0.19884,3.018,1.509,3.018,4.023,74830,0.00125,15.52
2026-09-01 08:20,BONK,kBONK,0.0031855,3.139,7.848,10.987,14.127,123594,0.00125,28.2
2026-09-01 08:20,TRUMP,TRUMP,2.39805,0.417,0.209,0.209,0.209,121515,0.00125,12.92
2026-09-01 08:25,BTC,BTC,78804.5,0.127,0.063,0.063,0.063,2299633,0.00125,12.63
2026-09-01 08:25,ETH,ETH,2474.55,0.404,0.202,0.202,0.202,8674949,0.00125,12.9
2026-09-01 08:25,SOL,SOL,103.715,0.964,0.482,0.482,0.482,4584046,0.00125,13.46
2026-09-01 08:25,XRP,XRP,1.38545,0.722,0.361,0.361,0.361,2005038,0.00125,13.22
2026-09-01 08:25,AVAX,AVAX,7.27555,0.137,0.069,0.893,0.893,57673,-0.000871,9.14
2026-09-01 08:25,LINK,LINK,11.441500000000001,0.874,0.437,0.437,0.437,250467,0.00125,13.37
2026-09-01 08:25,LTC,LTC,49.053,1.223,0.612,0.815,0.815,66983,0.00125,13.72
2026-09-01 08:25,ADA,ADA,0.200915,1.493,0.747,0.747,1.244,132413,0.00125,13.99
2026-09-01 08:25,DOT,DOT,0.859745,2.21,1.105,1.105,1.105,21759,3.5e-05,11.31
2026-09-01 08:25,UNI,UNI,5.64515,1.594,0.797,0.974,1.86,44739,0.00125,14.09
2026-09-01 08:25,AAVE,AAVE,126.28,1.584,0.792,0.792,2.376,176753,0.00125,14.08
2026-09-01 08:25,ARB,ARB,0.110645,4.519,2.259,2.259,2.259,66296,0.00125,17.02
2026-09-01 08:25,POL,POL,0.092225,3.687,1.843,1.952,2.711,5571,-0.001376,12.69
2026-09-01 08:25,RENDER,RENDER,1.4561,6.868,3.434,3.434,4.121,36775,0.00125,19.37
2026-09-01 08:25,DOGE,DOGE,0.0833975,0.12,0.06,0.06,0.42,137256,0.00125,12.62
2026-09-01 08:25,SHIB,kSHIB,0.0051684999999999995,1.935,2.902,2.902,4.837,186023,0.00125,18.3
2026-09-01 08:25,PEPE,kPEPE,0.0035375,2.827,1.413,1.413,1.413,921362,-4.8e-05,11.83
2026-09-01 08:25,WIF,WIF,0.19845000000000002,2.016,2.016,2.016,4.031,41075,0.00125,16.53
2026-09-01 08:25,BONK,kBONK,0.0032025,3.123,1.561,1.561,1.561,164554,0.00125,15.62
2026-09-01 08:25,TRUMP,TRUMP,2.39765,0.417,0.209,0.209,0.209,74808,0.00125,12.92
2026-09-01 08:30,BTC,BTC,78916.5,0.127,0.063,0.063,0.063,4613820,0.00125,12.63
2026-09-01 08:30,ETH,ETH,2477.6499999999996,0.404,0.202,0.202,0.202,7760238,0.00125,12.9
2026-09-01 08:30,SOL,SOL,103.92500000000001,0.962,0.481,0.481,0.481,4322270,0.00125,13.46
2026-09-01 08:30,XRP,XRP,1.3888500000000001,0.72,0.36,0.36,0.36,1386178,0.00125,13.22
2026-09-01 08:30,AVAX,AVAX,7.30255,0.137,0.068,0.205,0.205,22218,-0.000726,9.14
2026-09-01 08:30,LINK,LINK,11.4785,0.871,0.436,0.436,0.436,168077,0.00125,13.37
2026-09-01 08:30,LTC,LTC,49.1045,0.204,0.102,0.102,0.102,48758,0.00125,12.7
2026-09-01 08:30,ADA,ADA,0.201505,1.489,0.744,0.744,1.241,148615,0.00125,13.99
2026-09-01 08:30,DOT,DOT,0.864495,0.81,0.405,0.405,0.405,20394,0.000275,10.58
2026-09-01 08:30,UNI,UNI,5.86985,0.511,0.256,0.256,0.256,45149,0.00125,13.01
2026-09-01 08:30,AAVE,AAVE,127.24000000000001,3.144,1.572,1.572,3.144,30323,0.00125,15.64
2026-09-01 08:30,ARB,ARB,0.111305,4.492,2.246,2.246,2.246,84911,0.00125,16.99
2026-09-01 08:30,POL,POL,0.09218399999999999,1.519,0.759,0.759,0.759,6126,-0.001471,10.52
2026-09-01 08:30,RENDER,RENDER,1.4616500000000001,4.789,2.395,3.079,4.447,29428,0.00125,17.29
2026-09-01 08:30,DOGE,DOGE,0.0835455,0.12,0.06,0.06,0.06,226173,0.00125,12.62
2026-09-01 08:30,SHIB,kSHIB,0.005190500000000001,1.927,0.963,2.89,2.89,190753,0.00125,14.43
2026-09-01 08:30,PEPE,kPEPE,0.0035475,2.819,1.409,1.409,1.409,963310,-7.4e-05,11.82
2026-09-01 08:30,WIF,WIF,0.199095,2.511,1.256,2.26,2.763,31878,0.00125,15.01
2026-09-01 08:30,BONK,kBONK,0.0032185,3.107,1.554,1.554,1.554,155856,0.00125,15.61
2026-09-01 08:30,TRUMP,TRUMP,2.40545,0.416,0.208,0.208,1.455,105076,0.00125,12.92
2026-09-01 08:35,BTC,BTC,78900.5,0.127,0.063,0.063,0.063,2883488,0.00125,12.63
2026-09-01 08:35,ETH,ETH,2477.6499999999996,0.404,0.202,0.202,0.202,10840359,0.00125,12.9
2026-09-01 08:35,SOL,SOL,103.88499999999999,0.963,0.481,0.481,0.481,4435441,0.00125,13.46
2026-09-01 08:35,XRP,XRP,1.38815,0.72,0.36,0.36,0.36,1815463,0.00125,13.22
2026-09-01 08:35,AVAX,AVAX,7.299099999999999,1.644,0.822,0.959,1.096,53791,-0.0006,10.64
2026-09-01 08:35,LINK,LINK,11.4875,0.871,0.435,1.306,1.306,360336,0.00125,13.37
2026-09-01 08:35,LTC,LTC,49.078,0.408,0.204,0.204,0.204,43526,0.00125,12.91
2026-09-01 08:35,ADA,ADA,0.201615,0.496,0.248,0.248,0.248,142487,0.00125,13.0
2026-09-01 08:35,DOT,DOT,0.864695,2.197,1.099,1.099,1.099,41884,0.000123,11.54
2026-09-01 08:35,UNI,UNI,5.77385,2.598,1.299,1.299,1.299,54458,0.00125,15.1
2026-09-01 08:35,AAVE,AAVE,126.735,2.367,1.184,1.184,1.973,177713,0.00125,14.87
2026-09-01 08:35,ARB,ARB,0.111205,2.698,1.349,1.349,1.349,78299,0.00125,15.2
2026-09-01 08:35,POL,POL,0.0923235,2.924,1.462,1.462,2.329,8457,-0.001452,11.92
2026-09-01 08:35,RENDER,RENDER,1.46205,3.42,1.71,3.078,3.762,23768,0.00125,15.92
2026-09-01 08:35,DOGE,DOGE,0.08357149999999999,0.12,0.06,0.06,0.06,237439,0.00125,12.62
2026-09-01 08:35,SHIB,kSHIB,0.0051955000000000005,1.925,0.962,2.887,2.887,207303,0.00125,14.42
2026-09-01 08:35,PEPE,kPEPE,0.0035475,2.819,1.409,1.409,4.228,911471,5.6e-05,11.98
2026-09-01 08:35,WIF,WIF,0.19875500000000001,1.509,1.258,1.258,1.258,20481,0.00125,15.02
2026-09-01 08:35,BONK,kBONK,0.0032205000000000003,3.105,4.658,7.763,7.763,150181,0.00125,21.82
2026-09-01 08:35,TRUMP,TRUMP,2.3986,0.834,0.417,0.417,1.251,59120,0.00125,13.33
2026-09-01 08:40,BTC,BTC,78901.5,0.127,0.063,0.063,0.063,3227762,0.00125,12.63
2026-09-01 08:40,ETH,ETH,2477.55,0.404,0.202,0.202,0.202,8006912,0.00125,12.9
2026-09-01 08:40,SOL,SOL,103.83500000000001,0.963,0.482,0.482,0.482,4850228,0.00125,13.46
2026-09-01 08:40,XRP,XRP,1.38795,0.72,0.36,0.36,0.36,1944544,0.00125,13.22
2026-09-01 08:40,AVAX,AVAX,7.29535,0.96,0.48,0.48,0.617,35595,-0.000465,9.96
2026-09-01 08:40,LINK,LINK,11.4895,0.87,0.435,1.306,1.306,433691,0.00125,13.37
2026-09-01 08:40,LTC,LTC,49.0985,0.611,0.306,0.306,1.528,60094,0.00125,13.11
2026-09-01 08:40,ADA,ADA,0.20158500000000001,0.496,0.744,0.744,0.744,105281,0.00125,13.99
2026-09-01 08:40,DOT,DOT,0.86357,4.632,2.316,2.316,2.316,35553,-0.000105,13.63
2026-09-01 08:40,UNI,UNI,5.738250000000001,1.917,0.958,0.958,1.133,41896,0.00125,14.42
2026-09-01 08:40,AAVE,AAVE,126.63,1.579,0.79,0.79,0.79,148474,0.00125,14.08
2026-09-01 08:40,ARB,ARB,0.11155000000000001,1.793,0.896,1.793,1.793,72421,0.00125,14.29
2026-09-01 08:40,POL,POL,0.092182,1.519,1.41,3.688,6.183,4752,-0.001026,11.82
2026-09-01 08:40,RENDER,RENDER,1.4598,5.48,4.11,4.795,6.165,12181,0.00125,20.72
2026-09-01 08:40,DOGE,DOGE,0.0835605,0.12,0.06,0.18,0.539,158278,0.00125,12.62
2026-09-01 08:40,SHIB,kSHIB,0.0051895,1.927,0.963,2.89,2.89,180552,0.00125,14.43
2026-09-01 08:40,PEPE,kPEPE,0.0035455,2.82,1.41,1.41,1.41,832774,-2e-05,11.82
2026-09-01 08:40,WIF,WIF,0.19875500000000001,2.516,2.264,2.264,3.27,50501,0.00125,17.03
2026-09-01 08:40,BONK,kBONK,0.0032164999999999997,3.109,1.554,1.554,1.554,176648,0.00125,15.61
2026-09-01 08:40,TRUMP,TRUMP,2.3909,1.673,0.837,1.255,1.673,25821,0.00125,14.17
2026-09-01 08:45,BTC,BTC,78869.5,0.127,0.063,0.063,0.063,5284517,0.00125,12.63
2026-09-01 08:45,ETH,ETH,2477.25,0.404,0.202,0.202,0.202,8538589,0.00125,12.9
2026-09-01 08:45,SOL,SOL,103.775,0.964,0.482,0.482,0.482,4515743,0.00125,13.46
2026-09-01 08:45,XRP,XRP,1.3872499999999999,0.721,0.36,0.36,0.36,1990574,0.00125,13.22
2026-09-01 08:45,AVAX,AVAX,7.2979,1.096,0.548,0.685,0.685,59119,-0.00036,10.1
2026-09-01 08:45,LINK,LINK,11.493500000000001,0.87,0.435,1.305,1.305,283801,0.00125,13.37
2026-09-01 08:45,LTC,LTC,49.044,0.816,0.408,0.612,0.612,88466,0.00125,13.32
2026-09-01 08:45,ADA,ADA,0.201615,0.496,0.248,0.248,0.248,135394,0.00125,13.0
2026-09-01 08:45,DOT,DOT,0.867575,2.651,1.326,1.441,2.132,20647,-0.000152,11.65
2026-09-01 08:45,UNI,UNI,5.7451,1.044,0.522,0.522,0.696,40252,0.00125,13.54
2026-09-01 08:45,AAVE,AAVE,126.71000000000001,1.578,0.789,0.789,0.789,181038,0.00125,14.08
2026-09-01 08:45,ARB,ARB,0.111805,2.683,1.342,1.342,2.236,73677,0.00125,15.18
2026-09-01 08:45,POL,POL,0.092318,2.383,1.192,1.3,2.708,5466,-0.000851,11.38
2026-09-01 08:45,RENDER,RENDER,1.4593,1.371,3.426,7.538,10.964,45348,0.00125,19.35
2026-09-01 08:45,DOGE,DOGE,0.0835485,0.12,0.06,0.06,1.736,224755,0.00125,12.62
2026-09-01 08:45,SHIB,kSHIB,0.005190500000000001,1.927,0.963,0.963,0.963,217140,0.00125,14.43
2026-09-01 08:45,PEPE,kPEPE,0.0035485,2.818,1.409,1.409,1.409,864196,-0.000137,11.82
2026-09-01 08:45,WIF,WIF,0.198565,0.504,0.252,0.252,4.281,31734,0.00125,13.0
2026-09-01 08:45,BONK,kBONK,0.003227,6.198,3.099,6.198,9.297,184584,0.00125,18.7
2026-09-01 08:45,TRUMP,TRUMP,2.38925,1.256,0.628,0.628,0.628,58531,0.00125,13.76
2026-09-01 08:50,BTC,BTC,78845.5,0.127,0.063,0.063,0.063,3952205,0.00125,12.63
2026-09-01 08:50,ETH,ETH,2476.25,0.404,0.202,0.202,0.202,8607117,0.00125,12.9
2026-09-01 08:50,SOL,SOL,103.695,0.964,0.482,0.482,0.482,5041061,0.00125,13.46
2026-09-01 08:50,XRP,XRP,1.38715,0.721,0.36,0.36,0.36,1857484,0.00125,13.22
2026-09-01 08:50,AVAX,AVAX,7.29865,0.685,0.343,0.48,0.48,43264,-0.000299,9.69
2026-09-01 08:50,LINK,LINK,11.4905,0.87,0.435,0.435,0.435,275131,0.00125,13.37
2026-09-01 08:50,LTC,LTC,48.9675,0.204,0.102,0.919,1.327,63888,0.00125,12.7
2026-09-01 08:50,ADA,ADA,0.201265,0.497,0.248,0.745,0.745,82304,0.00125,13.0
2026-09-01 08:50,DOT,DOT,0.86547,2.311,1.155,1.271,1.733,14893,-0.000126,11.31
2026-09-01 08:50,UNI,UNI,5.76465,1.908,0.954,1.128,1.128,57516,0.00125,14.41
2026-09-01 08:50,AAVE,AAVE,126.68,1.579,0.789,0.789,0.789,120265,0.00125,14.08
2026-09-01 08:50,ARB,ARB,0.111215,2.697,1.349,1.349,1.349,81074,0.00125,15.2
2026-09-01 08:50,POL,POL,0.0919585,2.936,2.229,2.773,5.165,3700,-0.000762,13.46
2026-09-01 08:50,RENDER,RENDER,1.4583,4.114,2.057,3.429,4.114,26572,0.00125,16.61
2026-09-01 08:50,DOGE,DOGE,0.083483,0.958,0.479,0.479,0.479,217282,0.00125,13.46
2026-09-01 08:50,SHIB,kSHIB,0.0051865,1.928,0.964,2.892,2.892,199719,0.00125,14.43
2026-09-01 08:50,PEPE,kPEPE,0.0035385,2.826,1.413,1.413,1.413,872108,-0.000237,11.83
2026-09-01 08:50,WIF,WIF,0.198555,2.518,1.259,1.763,1.763,57239,0.00125,15.02
2026-09-01 08:50,BONK,kBONK,0.003247,6.16,3.08,3.08,3.08,151102,0.00125,18.66
2026-09-01 08:50,TRUMP,TRUMP,2.3813,1.68,0.84,2.1,2.52,48217,0.00125,14.18
2026-09-01 08:55,BTC,BTC,78788.5,0.127,0.063,0.063,0.063,3228193,0.00125,12.63
2026-09-01 08:55,ETH,ETH,2474.25,0.404,0.202,0.202,0.202,9164420,0.00125,12.9
2026-09-01 08:55,SOL,SOL,103.535,0.966,0.483,0.483,0.483,5125217,0.00125,13.47
2026-09-01 08:55,XRP,XRP,1.38475,0.722,0.361,0.361,0.361,1909011,0.00125,13.22
2026-09-01 08:55,AVAX,AVAX,7.29515,0.685,0.343,0.48,0.48,36417,-0.000254,9.69
2026-09-01 08:55,LINK,LINK,11.4835,0.871,0.435,1.306,2.177,232915,0.00125,13.37
2026-09-01 08:55,LTC,LTC,48.887,0.409,0.205,0.409,1.432,57515,0.00125,12.91
2026-09-01 08:55,ADA,ADA,0.200625,0.498,0.249,0.748,1.246,165369,0.00125,13.0
2026-09-01 08:55,DOT,DOT,0.86778,1.613,0.807,0.922,0.922,21287,-8.8e-05,10.61
2026-09-01 08:55,UNI,UNI,5.7401,1.394,0.697,0.697,0.697,46954,0.00125,13.89
2026-09-01 08:55,AAVE,AAVE,126.515,2.371,1.186,1.186,1.186,233148,0.00125,14.87
2026-09-01 08:55,ARB,ARB,0.11186,1.788,0.894,0.894,0.894,80704,0.00125,14.29
2026-09-01 08:55,POL,POL,0.091943,2.393,1.196,1.305,3.045,5437,-0.000729,11.39
2026-09-01 08:55,RENDER,RENDER,1.4558,4.121,2.061,3.435,4.808,19819,0.00125,16.62
2026-09-01 08:55,DOGE,DOGE,0.0834455,0.12,0.06,0.06,0.899,202401,0.00125,12.62
2026-09-01 08:55,SHIB,kSHIB,0.0051920000000000004,3.852,1.926,1.926,1.926,215783,0.00125,16.35
2026-09-01 08:55,PEPE,kPEPE,0.0035335,2.83,1.415,1.415,1.415,951732,-0.000369,11.83
2026-09-01 08:55,WIF,WIF,0.19861499999999999,2.517,1.259,2.266,2.769,60871,0.00125,15.02
2026-09-01 08:55,BONK,kBONK,0.00329,6.079,3.04,3.04,3.04,108367,0.00125,18.58
2026-09-01 08:55,TRUMP,TRUMP,2.3658,0.845,0.423,0.845,1.268,58467,0.00125,13.35
2026-09-01 09:00,BTC,BTC,78738.5,0.127,0.064,0.064,0.064,9874649,0.00125,12.63
2026-09-01 09:00,ETH,ETH,2472.05,0.405,0.202,0.202,0.202,9528642,0.00125,12.9
2026-09-01 09:00,SOL,SOL,103.315,0.968,0.484,0.484,0.484,4607315,0.00125,13.47
2026-09-01 09:00,XRP,XRP,1.3844500000000002,0.722,0.361,0.361,0.361,1720083,0.00125,13.22
2026-09-01 09:00,AVAX,AVAX,7.2964,1.645,0.822,0.822,0.959,53783,0.000514,12.09
2026-09-01 09:00,LINK,LINK,11.4815,0.871,0.435,0.435,0.435,380057,0.00125,13.37
2026-09-01 09:00,LTC,LTC,48.8685,1.023,0.512,0.716,0.716,59984,0.00125,13.52
2026-09-01 09:00,ADA,ADA,0.200355,1.497,0.749,0.749,1.248,127639,0.00125,14.0
2026-09-01 09:00,DOT,DOT,0.86839,11.055,5.527,5.527,5.758,52395,-0.000932,20.05
2026-09-01 09:00,UNI,UNI,5.74515,0.174,0.087,0.087,0.087,49482,0.00125,12.67
2026-09-01 09:00,AAVE,AAVE,126.465,0.791,0.395,0.395,0.395,226980,0.00125,13.29
2026-09-01 09:00,ARB,ARB,0.111545,0.896,0.448,0.448,0.448,82757,0.00125,13.4
2026-09-01 09:00,POL,POL,0.0917405,2.289,2.235,2.998,5.941,5766,0.00125,16.97
2026-09-01 09:00,RENDER,RENDER,1.4555500000000001,3.435,1.718,2.405,2.405,18587,0.00125,15.94
2026-09-01 09:00,DOGE,DOGE,0.0833825,0.12,0.06,0.06,0.06,169200,0.00125,12.62
2026-09-01 09:00,SHIB,kSHIB,0.0051915,1.926,0.963,0.963,0.963,213571,0.00125,14.43
2026-09-01 09:00,PEPE,kPEPE,0.0035315,2.832,1.416,1.416,1.416,907331,0.000943,14.47
2026-09-01 09:00,WIF,WIF,0.198005,0.505,0.253,1.768,2.273,23680,0.00125,13.01
2026-09-01 09:00,BONK,kBONK,0.0032765,3.052,1.526,1.526,1.526,224868,0.00125,15.55
2026-09-01 09:00,TRUMP,TRUMP,2.35725,2.97,1.485,1.485,1.485,66914,0.00125,15.47
2026-09-01 09:05,BTC,BTC,78812.5,0.127,0.063,0.063,0.063,8764543,0.00125,12.63
2026-09-01 09:05,ETH,ETH,2473.95,0.404,0.202,0.202,0.202,7924802,0.00125,12.9
2026-09-01 09:05,SOL,SOL,103.435,0.967,0.483,0.483,0.483,4398441,0.00125,13.47
2026-09-01 09:05,XRP,XRP,1.38545,0.722,0.361,0.361,0.361,1882602,0.00125,13.22
2026-09-01 09:05,AVAX,AVAX,7.30745,0.958,0.616,0.616,0.753,71791,0.000996,13.02
2026-09-01 09:05,LINK,LINK,11.4895,0.87,0.435,1.306,2.176,202092,0.00125,13.37
2026-09-01 09:05,LTC,LTC,48.9285,0.204,0.102,0.102,0.307,56500,0.00125,12.7
2026-09-01 09:05,ADA,ADA,0.201215,0.497,0.248,0.248,0.248,298611,0.00125,13.0
2026-09-01 09:05,DOT,DOT,0.868085,3.11,1.555,1.555,1.67,29175,-0.000647,12.11
2026-09-01 09:05,UNI,UNI,5.7857,2.074,1.037,1.21,1.21,26871,0.00125,14.57
2026-09-01 09:05,AAVE,AAVE,126.515,0.79,0.395,1.186,1.976,178422,0.00125,13.29
2026-09-01 09:05,ARB,ARB,0.110915,2.705,1.352,2.254,2.254,97314,0.00125,15.2
2026-09-01 09:05,POL,POL,0.092144,2.388,1.194,1.302,3.473,6637,-0.000407,11.39
2026-09-01 09:05,RENDER,RENDER,1.4572,5.49,2.745,4.117,4.804,26813,0.00125,17.99
2026-09-01 09:05,DOGE,DOGE,0.0834775,0.359,0.18,0.299,0.299,210566,0.00125,12.86
2026-09-01 09:05,SHIB,kSHIB,0.0051935,1.925,0.963,0.963,0.963,221758,0.00125,14.43
2026-09-01 09:05,PEPE,kPEPE,0.0035345,2.829,4.244,4.244,4.244,851694,0.000739,19.56
2026-09-01 09:05,WIF,WIF,0.19810499999999998,1.514,1.262,3.281,4.291,26075,0.00125,15.02
2026-09-01 09:05,BONK,kBONK,0.0032725000000000002,3.056,4.584,4.584,4.584,150166,0.00125,21.67
2026-09-01 09:05,TRUMP,TRUMP,2.36715,0.422,0.211,0.211,0.211,109543,0.00125,12.92
2026-09-01 09:10,BTC,BTC,78752.5,0.127,0.063,0.063,0.063,6756505,0.00125,12.63
2026-09-01 09:10,ETH,ETH,2474.45,0.404,0.202,0.202,0.202,9801044,0.00125,12.9
2026-09-01 09:10,SOL,SOL,103.435,0.967,0.483,0.483,0.483,5645267,0.001245,13.45
2026-09-01 09:10,XRP,XRP,1.3848500000000001,0.722,0.361,0.361,0.361,1880422,0.00125,13.22
2026-09-01 09:10,AVAX,AVAX,7.3132,1.367,0.684,0.684,0.684,50218,0.000609,12.07
2026-09-01 09:10,LINK,LINK,11.4905,0.87,0.435,0.435,0.435,207763,0.00125,13.37
2026-09-01 09:10,LTC,LTC,48.954,0.817,0.409,0.613,0.613,49431,0.00125,13.32
2026-09-01 09:10,ADA,ADA,0.20097500000000001,0.498,0.249,0.249,0.249,125879,0.00125,13.0
2026-09-01 09:10,DOT,DOT,0.868725,2.878,1.439,2.13,2.13,20498,-0.000608,11.88
2026-09-01 09:10,UNI,UNI,5.7982,3.104,1.552,2.242,2.242,25094,0.00125,15.6
2026-09-01 09:10,AAVE,AAVE,126.44999999999999,1.582,0.791,0.791,0.791,186535,0.00125,14.08
2026-09-01 09:10,ARB,ARB,0.111305,2.695,1.348,1.348,1.348,100584,0.00125,15.2
2026-09-01 09:10,POL,POL,0.092259,3.035,1.517,2.927,4.01,4876,-0.000657,12.03
2026-09-01 09:10,RENDER,RENDER,1.4574,5.489,2.745,3.431,4.117,25107,0.00125,17.99
2026-09-01 09:10,DOGE,DOGE,0.08348749999999999,0.838,0.419,0.419,0.419,266421,0.00125,13.34
2026-09-01 09:10,SHIB,kSHIB,0.0051795,1.931,0.965,0.965,2.896,204170,0.00125,14.43
2026-09-01 09:10,PEPE,kPEPE,0.0035325,2.831,1.415,1.415,1.415,971764,0.000588,13.48
2026-09-01 09:10,WIF,WIF,0.19808,3.029,2.019,2.524,3.534,52912,0.00125,16.54
2026-09-01 09:10,BONK,kBONK,0.003256,6.143,3.071,3.071,3.071,170408,0.00125,18.64
2026-09-01 09:10,TRUMP,TRUMP,2.3693999999999997,0.844,0.422,0.422,0.422,71186,0.00125,13.34
2026-09-01 09:15,BTC,BTC,78741.5,0.127,0.063,0.063,0.063,4153145,0.00125,12.63
2026-09-01 09:15,ETH,ETH,2475.1499999999996,0.404,0.202,0.202,0.202,8350643,0.00125,12.9
2026-09-01 09:15,SOL,SOL,103.32499999999999,0.968,0.484,0.484,0.484,4626003,0.00125,13.47
2026-09-01 09:15,XRP,XRP,1.3846500000000002,0.722,0.361,0.361,0.361,1857488,0.00125,13.22
2026-09-01 09:15,AVAX,AVAX,7.31365,2.871,1.436,1.436,1.572,75857,0.000679,13.77
2026-09-01 09:15,LINK,LINK,11.4885,0.87,0.435,1.306,1.306,390302,0.00125,13.37
2026-09-01 09:15,LTC,LTC,48.9375,0.204,0.102,0.307,0.92,48325,0.00125,12.7
2026-09-01 09:15,ADA,ADA,0.201155,0.497,0.249,2.237,2.237,134845,0.00125,13.0
2026-09-01 09:15,DOT,DOT,0.8679600000000001,2.304,1.152,1.613,2.074,19506,-0.000751,11.3
2026-09-01 09:15,UNI,UNI,5.76235,2.256,1.128,1.128,1.128,27180,0.00125,14.76
2026-09-01 09:15,AAVE,AAVE,126.38499999999999,0.791,0.396,1.978,1.978,111427,0.00125,13.29
2026-09-01 09:15,ARB,ARB,0.11104,1.801,0.901,0.901,0.901,77451,0.00125,14.3
2026-09-01 09:15,POL,POL,0.09204999999999999,3.476,1.738,1.847,2.281,6322,-0.000943,12.48
2026-09-01 09:15,RENDER,RENDER,1.4595,4.111,2.055,2.055,4.796,33561,0.00125,16.61
2026-09-01 09:15,DOGE,DOGE,0.0835395,0.359,0.18,0.18,0.18,158087,0.00125,12.86
2026-09-01 09:15,SHIB,kSHIB,0.005180499999999999,1.93,0.965,0.965,2.895,204135,0.00125,14.43
2026-09-01 09:15,PEPE,kPEPE,0.0035355,2.828,1.414,1.414,1.414,892205,0.000966,14.53
2026-09-01 09:15,WIF,WIF,0.198265,2.522,1.261,1.261,3.783,75792,0.00125,15.02
2026-09-01 09:15,BONK,kBONK,0.0032765,3.052,1.526,1.526,1.526,152992,0.00125,15.55
2026-09-01 09:15,TRUMP,TRUMP,2.37155,0.422,1.054,2.319,2.319,48037,0.00125,14.61
2026-09-01 09:20,BTC,BTC,78760.5,0.127,0.063,0.063,0.063,7647072,0.00125,12.63
2026-09-01 09:20,ETH,ETH,2475.25,0.404,0.202,0.202,0.202,8839808,0.00125,12.9
2026-09-01 09:20,SOL,SOL,103.305,0.968,0.484,0.484,0.484,4927600,0.00125,13.47
2026-09-01 09:20,XRP,XRP,1.38545,0.722,0.361,0.361,0.361,1943650,0.00125,13.22
2026-09-01 09:20,AVAX,AVAX,7.32265,0.137,1.57,1.57,2.526,31718,0.00125,15.64
2026-09-01 09:20,LINK,LINK,11.4815,0.871,0.435,1.306,1.306,203631,0.00125,13.37
2026-09-01 09:20,LTC,LTC,48.9405,1.022,0.511,0.715,0.715,54063,0.00125,13.52
2026-09-01 09:20,ADA,ADA,0.201105,0.497,0.249,0.746,0.746,93803,0.00125,13.0
2026-09-01 09:20,DOT,DOT,0.870215,2.413,1.207,1.207,1.207,30834,-0.000463,11.41
2026-09-01 09:20,UNI,UNI,5.7832,2.767,1.383,1.729,1.729,24201,0.00125,15.27
2026-09-01 09:20,AAVE,AAVE,126.435,0.791,0.395,1.186,1.186,166220,0.00125,13.29
2026-09-01 09:20,ARB,ARB,0.112095,4.461,2.23,2.23,2.23,67569,0.00125,16.96
2026-09-01 09:20,POL,POL,0.09215100000000001,1.519,0.76,0.868,2.387,5185,-0.001,10.52
2026-09-01 09:20,RENDER,RENDER,1.4602499999999998,4.794,2.397,4.451,5.136,24410,0.00125,17.29
2026-09-01 09:20,DOGE,DOGE,0.0836085,0.12,0.06,0.06,0.06,191029,0.00125,12.62
2026-09-01 09:20,SHIB,kSHIB,0.005190500000000001,1.927,2.89,2.89,2.89,263992,0.00125,18.28
2026-09-01 09:20,PEPE,kPEPE,0.0035355,2.828,1.414,1.414,1.414,920471,0.00125,15.33
2026-09-01 09:20,WIF,WIF,0.19821,2.018,1.009,1.009,1.009,75705,0.00125,14.52
2026-09-01 09:20,BONK,kBONK,0.0032624999999999998,3.065,1.533,1.533,1.533,167132,0.00125,15.57
2026-09-01 09:20,TRUMP,TRUMP,2.37445,0.421,0.211,0.211,1.053,52164,0.00125,12.92
2026-09-01 09:25,BTC,BTC,78761.5,0.127,0.063,0.063,0.063,5255504,0.00125,12.63
2026-09-01 09:25,ETH,ETH,2476.25,0.404,0.202,0.202,0.202,5286073,0.00125,12.9
2026-09-01 09:25,SOL,SOL,103.405,0.967,0.484,0.484,0.484,3847157,0.00125,13.47
2026-09-01 09:25,XRP,XRP,1.38475,0.722,0.361,1.083,1.083,1797348,0.00125,13.22
2026-09-01 09:25,AVAX,AVAX,7.32505,1.229,0.751,0.751,1.57,37626,0.00125,14.0
2026-09-01 09:25,LINK,LINK,11.496500000000001,0.87,0.435,0.435,0.435,244478,0.00125,13.37
2026-09-01 09:25,LTC,LTC,48.9855,1.021,0.51,0.51,0.714,59858,0.00125,13.52
2026-09-01 09:25,ADA,ADA,0.20134000000000002,0.993,0.497,0.993,0.993,168457,0.00125,13.49
2026-09-01 09:25,DOT,DOT,0.873905,1.945,0.973,1.774,1.774,27929,-0.000143,10.95
2026-09-01 09:25,UNI,UNI,5.82535,4.635,2.317,2.489,2.489,127487,0.00125,17.13
2026-09-01 09:25,AAVE,AAVE,126.745,0.789,0.394,0.394,0.394,161778,0.00125,13.29
2026-09-01 09:25,ARB,ARB,0.113875,4.391,2.195,2.195,2.195,81570,0.00125,16.89
2026-09-01 09:25,POL,POL,0.0923055,1.842,0.921,1.029,2.221,5209,-0.001177,10.84
2026-09-01 09:25,RENDER,RENDER,1.4631,2.734,1.367,2.734,4.784,14031,0.00125,15.23
2026-09-01 09:25,DOGE,DOGE,0.0836655,0.12,0.06,0.06,0.06,277162,0.00125,12.62
2026-09-01 09:25,SHIB,kSHIB,0.00519,3.854,1.927,1.927,1.927,185885,0.00125,16.35
2026-09-01 09:25,PEPE,kPEPE,0.0035380000000000003,5.653,2.826,2.826,2.826,946972,0.00125,18.15
2026-09-01 09:25,WIF,WIF,0.19861,3.021,1.51,3.021,4.028,49186,0.00125,15.52
2026-09-01 09:25,BONK,kBONK,0.0032655,3.062,1.531,1.531,1.531,158139,0.00125,15.56
2026-09-01 09:25,TRUMP,TRUMP,2.3756500000000003,1.263,0.631,0.631,1.473,55540,0.00125,13.76
2026-09-01 09:30,BTC,BTC,78771.5,0.127,0.063,0.063,0.063,5579691,0.00125,12.63
2026-09-01 09:30,ETH,ETH,2475.55,0.404,0.202,0.202,0.202,7234483,0.00125,12.9
2026-09-01 09:30,SOL,SOL,103.205,0.969,0.484,0.484,0.484,3554544,0.00125,13.47
2026-09-01 09:30,XRP,XRP,1.3842500000000002,0.722,0.361,0.361,0.361,1281884,0.00125,13.22
2026-09-01 09:30,AVAX,AVAX,7.322150000000001,2.322,1.161,1.297,1.434,62175,0.00125,14.82
2026-09-01 09:30,LINK,LINK,11.4855,0.871,0.435,0.435,0.435,270252,0.00125,13.37
2026-09-01 09:30,LTC,LTC,48.9415,0.613,0.306,0.511,0.511,63651,0.00125,13.11
2026-09-01 09:30,ADA,ADA,0.20118,0.994,0.497,0.497,0.497,127062,0.00125,13.49
2026-09-01 09:30,DOT,DOT,0.871875,2.179,1.09,2.007,2.007,26437,-0.000166,11.18
2026-09-01 09:30,UNI,UNI,5.81135,2.581,1.291,1.291,1.291,31082,0.00125,15.08
2026-09-01 09:30,AAVE,AAVE,126.635,2.369,1.185,1.974,1.974,98573,0.00125,14.87
2026-09-01 09:30,ARB,ARB,0.11419,1.751,0.876,0.876,2.627,44989,0.00125,14.25
2026-09-01 09:30,POL,POL,0.091914,2.611,2.285,4.134,6.201,4925,-0.001031,13.57
2026-09-01 09:30,RENDER,RENDER,1.4612500000000002,4.79,2.395,3.764,5.133,23843,0.00125,17.29
2026-09-01 09:30,DOGE,DOGE,0.0834685,0.12,0.3,0.3,0.3,159037,0.00125,13.1
2026-09-01 09:30,SHIB,kSHIB,0.0051815,1.93,2.895,4.825,4.825,201275,0.00125,18.29
2026-09-01 09:30,PEPE,kPEPE,0.0035345,2.829,1.415,1.415,1.415,892329,0.00125,15.33
2026-09-01 09:30,WIF,WIF,0.19843,1.008,0.504,0.504,2.016,56321,0.00125,13.51
2026-09-01 09:30,BONK,kBONK,0.0032635,3.064,1.532,1.532,1.532,174416,0.00125,15.56
2026-09-01 09:30,TRUMP,TRUMP,2.37025,1.266,0.633,1.055,1.899,82334,0.00125,13.77
2026-09-01 09:35,BTC,BTC,78803.5,0.127,0.063,0.063,0.063,4769109,0.00125,12.63
2026-09-01 09:35,ETH,ETH,2476.55,0.404,0.202,0.202,0.202,7028091,0.00125,12.9
2026-09-01 09:35,SOL,SOL,103.17500000000001,0.969,0.485,0.485,0.485,4160242,0.00125,13.47
2026-09-01 09:35,XRP,XRP,1.38265,0.723,0.362,0.362,0.362,1355199,0.00125,13.22
2026-09-01 09:35,AVAX,AVAX,7.3251,1.092,1.229,1.229,2.048,43512,0.00125,14.96
2026-09-01 09:35,LINK,LINK,11.4815,0.871,0.435,1.306,1.306,271833,0.00125,13.37
2026-09-01 09:35,LTC,LTC,48.9435,0.204,0.511,0.715,1.737,51337,0.00125,13.52
2026-09-01 09:35,ADA,ADA,0.20097500000000001,0.498,0.249,0.249,0.249,139293,0.00125,13.0
2026-09-01 09:35,DOT,DOT,0.87088,2.297,1.148,1.148,1.148,27944,-8.7e-05,11.3
2026-09-01 09:35,UNI,UNI,5.81235,1.548,0.774,0.946,0.946,25895,0.00125,14.05
2026-09-01 09:35,AAVE,AAVE,126.725,0.789,1.184,1.184,1.973,180410,0.00125,14.87
2026-09-01 09:35,ARB,ARB,0.11366499999999999,0.88,2.199,3.079,3.079,75571,0.00125,16.9
2026-09-01 09:35,POL,POL,0.0918345,1.851,1.906,3.321,5.172,3378,-0.000778,12.81
2026-09-01 09:35,RENDER,RENDER,1.4611,4.106,2.053,3.422,4.791,15911,0.00125,16.61
2026-09-01 09:35,DOGE,DOGE,0.0834215,0.12,0.06,0.06,0.06,219000,0.00125,12.62
2026-09-01 09:35,SHIB,kSHIB,0.0051825,1.93,2.894,2.894,6.753,192750,0.00125,18.29
2026-09-01 09:35,PEPE,kPEPE,0.0035335,2.83,1.415,1.415,1.415,900307,0.00125,15.33
2026-09-01 09:35,WIF,WIF,0.19844499999999998,3.527,2.772,2.772,4.283,50020,0.00125,18.04
2026-09-01 09:35,BONK,kBONK,0.003273,6.111,3.055,6.111,6.111,188483,0.00125,18.61
2026-09-01 09:35,TRUMP,TRUMP,2.36815,0.422,0.211,0.211,0.211,59966,0.00125,12.92
2026-09-01 09:40,BTC,BTC,78559.5,0.127,0.064,0.064,0.064,7896561,0.00125,12.63
2026-09-01 09:40,ETH,ETH,2469.25,0.405,0.202,0.202,0.202,7701512,0.00125,12.9
2026-09-01 09:40,SOL,SOL,102.91499999999999,0.972,0.486,0.486,0.486,4052939,0.00118,13.28
2026-09-01 09:40,XRP,XRP,1.3790499999999999,0.725,0.363,0.363,0.363,1874838,0.00125,13.23
2026-09-01 09:40,AVAX,AVAX,7.2943,1.645,0.823,0.823,1.097,64265,0.00125,14.15
2026-09-01 09:40,LINK,LINK,11.4475,0.874,0.437,1.31,1.31,196312,0.00125,13.37
2026-09-01 09:40,LTC,LTC,48.802499999999995,1.434,0.717,0.717,0.922,51270,0.00125,13.93
2026-09-01 09:40,ADA,ADA,0.20012000000000002,1.999,0.999,0.999,1.999,161256,0.00125,14.5
2026-09-01 09:40,DOT,DOT,0.86801,1.382,0.691,0.691,0.691,31470,-0.000162,10.38
2026-09-01 09:40,UNI,UNI,5.7738,2.078,1.039,1.039,1.212,21062,0.00125,14.58
2026-09-01 09:40,AAVE,AAVE,126.59,1.58,0.79,0.79,0.79,134351,0.00125,14.08
2026-09-01 09:40,ARB,ARB,0.11369,3.518,1.759,1.759,1.759,177525,0.00125,16.02
2026-09-01 09:40,POL,POL,0.0917725,2.506,1.253,2.125,3.214,5574,-0.00072,11.51
2026-09-01 09:40,RENDER,RENDER,1.4546999999999999,4.125,2.062,3.437,4.125,38955,0.00125,16.62
2026-09-01 09:40,DOGE,DOGE,0.0831785,0.12,0.06,0.06,0.06,173737,0.00125,12.62
2026-09-01 09:40,SHIB,kSHIB,0.005168,3.87,1.935,3.87,3.87,174931,0.00125,16.37
2026-09-01 09:40,PEPE,kPEPE,0.0035215,2.84,1.42,1.42,1.42,921038,0.00125,15.34
2026-09-01 09:40,WIF,WIF,0.197445,2.532,1.266,1.266,3.292,34607,0.00125,15.03
2026-09-01 09:40,BONK,kBONK,0.0032435,3.083,1.542,1.542,1.542,160720,0.00125,15.58
2026-09-01 09:40,TRUMP,TRUMP,2.35375,0.425,0.212,0.212,0.212,117110,0.001191,12.76
2026-09-01 09:45,BTC,BTC,78628.5,0.127,0.064,0.064,0.064,7020026,0.00125,12.63
2026-09-01 09:45,ETH,ETH,2470.3500000000004,0.405,0.202,0.202,0.202,7041741,0.00125,12.9
2026-09-01 09:45,SOL,SOL,102.975,0.971,0.486,0.486,0.486,3961385,0.00114,13.16
2026-09-01 09:45,XRP,XRP,1.37845,0.725,0.363,0.363,0.363,1592965,0.00125,13.23
2026-09-01 09:45,AVAX,AVAX,7.29565,0.959,0.48,0.754,1.302,67604,0.00125,13.46
2026-09-01 09:45,LINK,LINK,11.451,1.747,0.873,0.873,0.873,229827,0.00125,14.25
2026-09-01 09:45,LTC,LTC,48.8575,2.251,1.126,1.944,2.149,69199,0.00125,14.75
2026-09-01 09:45,ADA,ADA,0.199805,1.501,0.751,0.751,0.751,151917,0.00125,14.0
2026-09-01 09:45,DOT,DOT,0.8677600000000001,0.922,0.461,0.576,0.576,25650,-0.000111,9.92
2026-09-01 09:45,UNI,UNI,5.7738499999999995,0.173,0.087,0.087,0.087,42005,0.00125,12.67
2026-09-01 09:45,AAVE,AAVE,126.61,1.58,0.79,0.79,0.79,131239,0.00125,14.08
2026-09-01 09:45,ARB,ARB,0.113105,2.652,1.326,1.326,1.326,72018,0.00125,15.15
2026-09-01 09:45,POL,POL,0.09171750000000001,1.854,0.927,1.036,3.216,5250,-0.000604,10.85
2026-09-01 09:45,RENDER,RENDER,1.455,4.124,2.062,3.436,4.124,17855,0.00125,16.62
2026-09-01 09:45,DOGE,DOGE,0.0831835,0.12,0.06,0.06,0.06,176786,0.00125,12.62
2026-09-01 09:45,SHIB,kSHIB,0.0051684999999999995,1.935,2.902,2.902,4.837,163431,0.00125,18.3
2026-09-01 09:45,PEPE,kPEPE,0.0035215,2.84,1.42,1.42,1.42,1202474,0.00125,15.34
2026-09-01 09:45,WIF,WIF,0.197565,1.518,1.265,3.29,3.796,49762,0.00125,15.03
2026-09-01 09:45,BONK,kBONK,0.0032385,3.088,1.544,4.632,4.632,185929,0.00125,15.59
2026-09-01 09:45,TRUMP,TRUMP,2.3588,1.696,0.848,0.848,0.848,61243,0.000707,12.68
2026-09-01 09:50,BTC,BTC,78695.5,0.127,0.064,0.064,0.064,4388739,0.00125,12.63
2026-09-01 09:50,ETH,ETH,2474.1499999999996,0.404,0.202,0.202,0.202,6160473,0.00125,12.9
2026-09-01 09:50,SOL,SOL,103.17500000000001,0.969,0.485,0.485,0.485,4520699,0.001135,13.15
2026-09-01 09:50,XRP,XRP,1.38125,0.724,0.362,0.362,0.362,1733141,0.00125,13.22
2026-09-01 09:50,AVAX,AVAX,7.3181,1.093,0.547,0.683,1.366,58470,0.00125,13.59
2026-09-01 09:50,LINK,LINK,11.4865,0.871,0.435,0.435,0.435,282472,0.00125,13.37
2026-09-01 09:50,LTC,LTC,48.931,0.409,0.204,0.204,0.204,60744,0.00125,12.91
2026-09-01 09:50,ADA,ADA,0.200505,0.499,0.249,0.748,0.748,143898,0.00125,13.0
2026-09-01 09:50,DOT,DOT,0.869,1.841,0.921,1.036,1.036,24595,7.5e-05,11.05
2026-09-01 09:50,UNI,UNI,5.79915,1.207,0.604,0.604,0.776,23818,0.00125,13.71
2026-09-01 09:50,AAVE,AAVE,126.99000000000001,1.575,0.787,0.787,0.787,147280,0.00125,14.07
2026-09-01 09:50,ARB,ARB,0.113125,6.188,3.094,3.094,3.094,103793,0.00125,18.69
2026-09-01 09:50,POL,POL,0.091776,3.051,1.525,1.634,2.288,3936,-0.000561,12.05
2026-09-01 09:50,RENDER,RENDER,1.4561,2.747,1.374,2.747,4.121,17679,0.00125,15.25
2026-09-01 09:50,DOGE,DOGE,0.0833605,0.12,0.06,0.18,0.18,171768,0.00125,12.62
2026-09-01 09:50,SHIB,kSHIB,0.0051785,1.931,2.897,2.897,4.828,199861,0.00125,18.29
2026-09-01 09:50,PEPE,kPEPE,0.0035310000000000003,5.664,2.832,2.832,2.832,961401,0.00125,18.16
2026-09-01 09:50,WIF,WIF,0.197875,3.538,1.769,3.79,5.812,40095,0.00125,16.04
2026-09-01 09:50,BONK,kBONK,0.003266,6.124,3.062,3.062,3.062,210672,0.00125,18.62
2026-09-01 09:50,TRUMP,TRUMP,2.35975,0.424,0.212,0.212,1.059,49362,0.000545,10.95
2026-09-01 09:55,BTC,BTC,78689.5,0.127,0.064,0.064,0.064,4227514,0.00125,12.63
2026-09-01 09:55,ETH,ETH,2473.6499999999996,0.404,0.202,0.202,0.202,6692769,0.00125,12.9
2026-09-01 09:55,SOL,SOL,103.125,0.97,0.485,0.485,0.485,3888476,0.001069,12.96
2026-09-01 09:55,XRP,XRP,1.38075,0.724,0.362,0.362,0.362,1806318,0.00125,13.22
2026-09-01 09:55,AVAX,AVAX,7.31765,0.683,0.342,0.478,1.162,65186,0.00125,13.18
2026-09-01 09:55,LINK,LINK,11.4825,0.871,0.435,0.435,0.435,456600,0.00125,13.37
2026-09-01 09:55,LTC,LTC,48.9075,0.613,0.307,0.511,0.511,89485,0.00125,13.11
2026-09-01 09:55,ADA,ADA,0.20051000000000002,0.997,0.499,0.997,1.496,185785,0.00125,13.5
2026-09-01 09:55,DOT,DOT,0.869835,1.495,0.747,0.747,0.747,16009,0.000252,11.2
2026-09-01 09:55,UNI,UNI,5.81265,0.516,0.258,0.43,0.946,19399,0.00125,13.02
2026-09-01 09:55,AAVE,AAVE,127.13,1.573,0.787,0.787,0.787,184682,0.00125,14.07
2026-09-01 09:55,ARB,ARB,0.11330000000000001,3.53,1.765,1.765,1.765,51521,0.00125,16.03
2026-09-01 09:55,POL,POL,0.09174650000000001,2.289,1.471,3.106,4.087,6201,-0.000524,11.94
2026-09-01 09:55,RENDER,RENDER,1.45505,4.811,2.405,3.093,4.467,42455,0.00125,17.31
2026-09-01 09:55,DOGE,DOGE,0.0833805,0.12,0.06,0.06,0.06,186887,0.00125,12.62
2026-09-01 09:55,SHIB,kSHIB,0.005183500000000001,1.929,0.965,0.965,2.894,265627,0.00125,14.43
2026-09-01 09:55,PEPE,kPEPE,0.0035325,2.831,1.415,1.415,1.415,931763,0.00125,15.33
2026-09-01 09:55,WIF,WIF,0.197785,2.528,1.264,3.286,3.792,54821,0.00125,15.03
2026-09-01 09:55,BONK,kBONK,0.0032630000000000003,6.129,3.065,6.129,6.129,162810,0.00125,18.63
2026-09-01 09:55,TRUMP,TRUMP,2.35745,0.424,0.212,0.212,1.06,39068,0.000515,10.87
2026-09-01 10:00,BTC,BTC,78648.5,0.127,0.064,0.064,0.064,4810126,0.00125,12.63
2026-09-01 10:00,ETH,ETH,2473.45,0.404,0.202,0.202,0.202,7575112,0.00125,12.9
2026-09-01 10:00,SOL,SOL,103.10499999999999,0.97,0.485,0.485,0.485,3522194,0.000192,10.51
2026-09-01 10:00,XRP,XRP,1.37975,0.725,0.362,0.362,0.362,1711970,0.00125,13.22
2026-09-01 10:00,AVAX,AVAX,7.3187999999999995,0.82,0.41,0.547,0.547,68039,0.00125,13.32
2026-09-01 10:00,LINK,LINK,11.4725,0.872,0.436,0.436,0.436,225698,0.00125,13.37
2026-09-01 10:00,LTC,LTC,48.8895,0.614,0.307,0.307,0.716,53127,0.00125,13.11
2026-09-01 10:00,ADA,ADA,0.20046999999999998,0.998,0.499,0.499,0.499,130582,0.00125,13.5
2026-09-01 10:00,DOT,DOT,0.8697699999999999,1.61,0.805,0.92,0.92,23365,0.000686,12.53
2026-09-01 10:00,UNI,UNI,5.81385,1.892,0.946,0.946,0.946,22160,0.00125,14.39
2026-09-01 10:00,AAVE,AAVE,127.06,1.574,0.787,0.787,0.787,158522,0.00125,14.07
2026-09-01 10:00,ARB,ARB,0.112805,2.659,1.33,1.33,2.216,78697,0.00125,15.16
2026-09-01 10:00,POL,POL,0.0917525,2.289,1.144,1.253,2.016,8190,0.0006,12.97
2026-09-01 10:00,RENDER,RENDER,1.45275,2.065,4.474,5.163,5.851,29331,0.00125,21.45
2026-09-01 10:00,DOGE,DOGE,0.0833675,0.36,0.18,0.18,0.3,126242,0.00125,12.86
2026-09-01 10:00,SHIB,kSHIB,0.0051785,1.931,0.966,2.897,2.897,155754,0.00125,14.43
2026-09-01 10:00,PEPE,kPEPE,0.0035325,2.831,1.415,1.415,1.415,726260,0.00125,15.33
2026-09-01 10:00,WIF,WIF,0.19753500000000002,2.531,5.316,5.316,5.316,52928,0.00125,23.13
2026-09-01 10:00,BONK,kBONK,0.0032665,3.061,1.531,1.531,1.531,168576,0.00125,15.56
2026-09-01 10:00,TRUMP,TRUMP,2.3579499999999998,0.424,0.212,0.212,0.636,54500,0.00125,12.92
2026-09-01 10:05,BTC,BTC,78621.5,0.127,0.064,0.064,0.064,2601293,0.00125,12.63
2026-09-01 10:05,ETH,ETH,2473.75,0.404,0.202,0.202,0.202,6257892,0.00125,12.9
2026-09-01 10:05,SOL,SOL,103.16499999999999,0.969,0.485,0.485,0.485,4026242,0.000189,10.5
2026-09-01 10:05,XRP,XRP,1.379,1.45,0.725,0.725,0.725,1748619,0.00125,13.95
2026-09-01 10:05,AVAX,AVAX,7.29995,0.959,0.479,0.479,0.616,69635,0.00125,13.46
2026-09-01 10:05,LINK,LINK,11.4635,0.872,0.436,0.436,1.309,394999,0.00125,13.37
2026-09-01 10:05,LTC,LTC,48.926500000000004,1.022,0.511,0.511,1.329,56790,0.00125,13.52
2026-09-01 10:05,ADA,ADA,0.200095,0.5,0.25,0.25,0.25,109708,0.00125,13.0
2026-09-01 10:05,DOT,DOT,0.8688100000000001,2.072,1.036,1.036,1.036,22994,0.00045,12.33
2026-09-01 10:05,UNI,UNI,5.82255,2.233,1.116,1.116,1.632,44960,0.00125,14.73
2026-09-01 10:05,AAVE,AAVE,127.14,1.573,0.787,0.787,0.787,128377,0.00125,14.07
2026-09-01 10:05,ARB,ARB,0.112735,0.887,0.444,0.444,0.444,95666,0.00125,13.39
2026-09-01 10:05,POL,POL,0.0916495,3.164,1.582,1.691,3.219,9930,0.000884,14.64
2026-09-01 10:05,RENDER,RENDER,1.4513,5.512,2.756,3.445,5.512,30434,0.00125,18.01
2026-09-01 10:05,DOGE,DOGE,0.083312,1.44,0.72,0.72,0.72,207534,0.00125,13.94
2026-09-01 10:05,SHIB,kSHIB,0.0051775,1.931,0.966,2.897,4.829,176002,0.00125,14.43
2026-09-01 10:05,PEPE,kPEPE,0.0035315,2.832,1.416,1.416,1.416,821996,0.00125,15.33
2026-09-01 10:05,WIF,WIF,0.19722499999999998,2.535,1.268,1.268,2.282,17215,0.00125,15.04
2026-09-01 10:05,BONK,kBONK,0.0032255,3.1,1.55,1.55,1.55,165772,0.00125,15.6
2026-09-01 10:05,TRUMP,TRUMP,2.35895,2.967,1.484,1.484,1.484,90893,-0.001464,11.97
2026-09-01 10:10,BTC,BTC,78319.5,0.128,0.064,0.064,0.064,4832692,0.00125,12.63
2026-09-01 10:10,ETH,ETH,2464.25,0.406,0.203,0.203,0.203,5195501,0.00125,12.91
2026-09-01 10:10,SOL,SOL,102.555,0.975,0.488,0.488,0.488,3768470,-0.000323,9.98
2026-09-01 10:10,XRP,XRP,1.3720500000000002,0.729,0.364,0.364,0.364,1689979,0.00125,13.23
2026-09-01 10:10,AVAX,AVAX,7.2626,0.826,0.413,0.551,0.551,65910,0.00125,13.33
2026-09-01 10:10,LINK,LINK,11.3935,0.878,0.439,0.439,0.439,230871,0.00125,13.38
2026-09-01 10:10,LTC,LTC,48.632999999999996,0.411,0.206,1.028,1.234,49318,0.00125,12.91
2026-09-01 10:10,ADA,ADA,0.1988,2.012,1.006,1.006,1.006,163562,0.00125,14.51
2026-09-01 10:10,DOT,DOT,0.863105,0.811,0.406,2.954,3.07,20832,0.000581,11.44
2026-09-01 10:10,UNI,UNI,5.7829999999999995,2.421,1.21,1.383,1.383,25006,0.00125,14.92
2026-09-01 10:10,AAVE,AAVE,126.295,0.792,0.396,0.396,0.396,182605,0.00125,13.29
2026-09-01 10:10,ARB,ARB,0.111045,4.503,3.152,6.754,12.157,72129,0.00125,18.8
2026-09-01 10:10,POL,POL,0.091486,2.405,1.858,1.858,3.061,8961,0.000784,14.91
2026-09-01 10:10,RENDER,RENDER,1.43905,4.864,2.432,5.212,5.907,18640,0.00125,17.36
2026-09-01 10:10,DOGE,DOGE,0.0828615,0.121,0.06,0.06,0.06,148539,0.00125,12.62
2026-09-01 10:10,SHIB,kSHIB,0.005138500000000001,1.946,0.973,2.919,4.865,141522,0.00125,14.45
2026-09-01 10:10,PEPE,kPEPE,0.0035095,2.849,1.425,1.425,1.425,914106,0.000683,13.76
2026-09-01 10:10,WIF,WIF,0.196185,2.549,1.784,1.784,2.803,18094,0.00125,16.07
2026-09-01 10:10,BONK,kBONK,0.0031925,3.132,1.566,1.566,1.566,191624,0.00125,15.63
2026-09-01 10:10,TRUMP,TRUMP,2.34955,0.426,0.213,0.213,0.213,76247,-0.003928,9.43
2026-09-01 10:15,BTC,BTC,78324.5,0.128,0.064,0.575,0.575,2850439,0.00125,12.63
2026-09-01 10:15,ETH,ETH,2464.25,0.406,0.203,0.203,0.203,4618709,0.00125,12.91
2026-09-01 10:15,SOL,SOL,102.625,0.974,0.487,0.487,0.487,3800089,-0.000393,9.97
2026-09-01 10:15,XRP,XRP,1.3728500000000001,0.728,0.364,0.364,0.364,1723095,0.00125,13.23
2026-09-01 10:15,AVAX,AVAX,7.27675,0.137,2.267,2.405,2.542,52992,0.00125,17.03
2026-09-01 10:15,LINK,LINK,11.3975,0.877,0.439,0.439,0.439,426705,0.00125,13.38
2026-09-01 10:15,LTC,LTC,48.667500000000004,1.438,0.719,0.925,0.925,55946,0.00125,13.94
2026-09-01 10:15,ADA,ADA,0.19881,1.006,0.503,0.503,0.503,190039,0.00125,13.51
2026-09-01 10:15,DOT,DOT,0.86504,1.618,0.809,0.809,0.925,21449,0.000912,13.17
2026-09-01 10:15,UNI,UNI,5.807449999999999,2.239,1.119,1.291,1.291,28606,0.00125,14.74
2026-09-01 10:15,AAVE,AAVE,126.66,1.579,0.79,1.579,2.369,163669,0.00125,14.08
2026-09-01 10:15,ARB,ARB,0.112245,2.673,1.336,1.336,2.227,62070,0.00125,15.17
2026-09-01 10:15,POL,POL,0.0917735,0.109,2.343,3.759,4.522,5213,0.001088,16.73
2026-09-01 10:15,RENDER,RENDER,1.44055,3.471,1.735,2.43,3.124,29401,0.00125,15.97
2026-09-01 10:15,DOGE,DOGE,0.082881,0.724,0.362,0.362,0.362,199800,0.00125,13.22
2026-09-01 10:15,SHIB,kSHIB,0.0051365000000000004,1.947,2.92,2.92,4.867,182745,0.00125,18.34
2026-09-01 10:15,PEPE,kPEPE,0.0035055,2.853,1.426,1.426,1.426,1204303,-0.000268,11.85
2026-09-01 10:15,WIF,WIF,0.196355,2.546,1.273,1.273,3.31,45325,0.00125,15.05
2026-09-01 10:15,BONK,kBONK,0.0031805,9.432,4.716,4.716,4.716,129772,0.00125,21.93
2026-09-01 10:15,TRUMP,TRUMP,2.34945,0.426,0.213,0.213,0.213,60088,-0.005479,9.43
2026-09-01 10:20,BTC,BTC,78266.5,0.128,0.064,0.064,0.064,2384183,0.00125,12.63
2026-09-01 10:20,ETH,ETH,2463.25,0.406,0.203,0.203,0.203,6240746,0.00125,12.91
2026-09-01 10:20,SOL,SOL,102.66499999999999,0.974,0.487,0.487,0.487,3636774,-0.000213,9.97
2026-09-01 10:20,XRP,XRP,1.37255,0.729,1.093,1.093,1.093,1805129,0.00125,14.69
2026-09-01 10:20,AVAX,AVAX,7.27475,0.137,0.069,1.031,1.443,76675,0.00125,12.64
2026-09-01 10:20,LINK,LINK,11.380500000000001,0.879,0.439,0.439,0.439,393581,0.00125,13.38
2026-09-01 10:20,LTC,LTC,48.655,0.411,0.206,0.411,0.411,50552,0.00125,12.91
2026-09-01 10:20,ADA,ADA,0.198735,1.51,0.755,0.755,0.755,324761,0.00125,14.01
2026-09-01 10:20,DOT,DOT,0.862895,0.116,0.058,1.68,1.912,26782,0.000856,11.51
2026-09-01 10:20,UNI,UNI,5.76145,0.868,0.434,0.434,1.128,19745,0.00125,13.37
2026-09-01 10:20,AAVE,AAVE,126.22,1.585,0.792,1.585,1.585,131950,0.00125,14.08
2026-09-01 10:20,ARB,ARB,0.112175,0.891,2.229,2.229,2.229,69214,0.00125,16.96
2026-09-01 10:20,POL,POL,0.09215300000000001,4.341,2.17,2.93,3.798,6842,0.000717,15.35
2026-09-01 10:20,RENDER,RENDER,1.4396,2.779,1.389,2.779,3.473,51766,0.00125,15.28
2026-09-01 10:20,DOGE,DOGE,0.0828735,0.121,0.06,0.06,0.06,193764,0.00125,12.62
2026-09-01 10:20,SHIB,kSHIB,0.0051295,1.95,0.975,0.975,0.975,181710,0.00125,14.45
2026-09-01 10:20,PEPE,kPEPE,0.0035015000000000003,2.856,4.284,4.284,4.284,923292,-0.000562,17.57
2026-09-01 10:20,WIF,WIF,0.19693,1.016,0.508,1.016,1.016,52753,0.00125,13.52
2026-09-01 10:20,BONK,kBONK,0.0031650000000000003,6.319,3.16,3.16,3.16,172497,0.00125,18.82
2026-09-01 10:20,TRUMP,TRUMP,2.35325,0.425,0.212,0.212,0.212,47744,-0.006439,9.42
2026-09-01 10:25,BTC,BTC,78129.5,0.128,0.064,0.064,0.064,5936255,0.00125,12.63
2026-09-01 10:25,ETH,ETH,2459.95,0.407,0.203,0.203,0.203,7293172,0.00125,12.91
2026-09-01 10:25,SOL,SOL,102.41499999999999,0.976,0.488,0.488,0.488,3676674,-0.000241,9.98
2026-09-01 10:25,XRP,XRP,1.36855,0.731,0.365,0.365,0.365,1705414,0.00125,13.23
2026-09-01 10:25,AVAX,AVAX,7.25195,0.138,0.069,0.483,0.483,56988,0.00125,12.64
2026-09-01 10:25,LINK,LINK,11.3275,2.648,1.324,1.324,1.324,201909,0.00125,15.15
2026-09-01 10:25,LTC,LTC,48.5615,0.618,0.309,0.309,0.721,61036,0.00125,13.12
2026-09-01 10:25,ADA,ADA,0.19816,1.009,0.505,1.009,1.009,128327,0.00125,13.51
2026-09-01 10:25,DOT,DOT,0.8576,1.166,0.583,0.583,1.399,37788,0.000574,11.77
2026-09-01 10:25,UNI,UNI,5.72905,2.618,1.309,1.309,1.309,46735,0.00125,15.12
2026-09-01 10:25,AAVE,AAVE,125.495,2.391,1.195,1.195,1.992,143445,0.00125,14.89
2026-09-01 10:25,ARB,ARB,0.111345,0.898,0.449,0.449,0.449,98234,0.00125,13.4
2026-09-01 10:25,POL,POL,0.09178900000000001,2.397,1.852,1.961,2.724,6406,0.000172,13.18
2026-09-01 10:25,RENDER,RENDER,1.43665,4.872,2.436,3.132,4.524,13820,0.00125,17.37
2026-09-01 10:25,DOGE,DOGE,0.0825955,0.121,0.061,0.061,0.061,241874,0.00125,12.62
2026-09-01 10:25,SHIB,kSHIB,0.005111,3.913,1.957,3.913,3.913,176173,0.00125,16.41
2026-09-01 10:25,PEPE,kPEPE,0.0034844999999999998,2.87,1.435,1.435,1.435,995758,-0.000744,11.87
2026-09-01 10:25,WIF,WIF,0.195875,2.553,2.297,3.829,4.34,34465,0.00125,17.09
2026-09-01 10:25,BONK,kBONK,0.003129,6.392,3.196,3.196,6.392,172406,0.00125,18.89
2026-09-01 10:25,TRUMP,TRUMP,2.3324499999999997,2.144,1.072,1.072,1.072,14498,-0.007192,11.14
2026-09-01 10:30,BTC,BTC,77891.5,0.128,0.064,0.064,0.064,3648305,0.00125,12.63
2026-09-01 10:30,ETH,ETH,2448.8500000000004,0.408,0.204,0.204,0.204,6629885,0.00125,12.91
2026-09-01 10:30,SOL,SOL,102.08500000000001,0.98,0.49,0.49,0.49,3914486,-0.000352,9.98
2026-09-01 10:30,XRP,XRP,1.3625500000000001,0.734,0.367,0.367,0.367,1596693,0.00125,13.23
2026-09-01 10:30,AVAX,AVAX,7.2265,3.321,1.661,1.799,1.799,67080,0.00125,15.82
2026-09-01 10:30,LINK,LINK,11.3005,0.885,0.442,0.442,0.442,182335,0.00125,13.38
2026-09-01 10:30,LTC,LTC,48.3975,0.207,0.103,0.103,0.103,79374,0.00125,12.71
2026-09-01 10:30,ADA,ADA,0.19698,1.015,0.508,0.508,1.015,70814,0.00125,13.52
2026-09-01 10:30,DOT,DOT,0.852875,1.993,0.997,0.997,0.997,16722,0.000279,11.77
2026-09-01 10:30,UNI,UNI,5.65485,3.006,1.503,2.387,3.095,28170,0.00125,15.51
2026-09-01 10:30,AAVE,AAVE,124.755,0.802,0.401,0.401,0.401,175316,0.00125,13.3
2026-09-01 10:30,ARB,ARB,0.110035,0.909,4.09,4.09,4.09,52315,0.00125,20.68
2026-09-01 10:30,POL,POL,0.0916015,0.764,0.819,0.928,1.692,5170,-0.000441,10.64
2026-09-01 10:30,RENDER,RENDER,1.43315,3.489,1.744,3.14,3.838,30060,0.00125,15.99
2026-09-01 10:30,DOGE,DOGE,0.0824075,0.121,0.061,0.061,0.061,203031,0.00125,12.62
2026-09-01 10:30,SHIB,kSHIB,0.0050895,1.965,2.947,4.912,6.877,170230,0.00125,18.39
2026-09-01 10:30,PEPE,kPEPE,0.0034735,2.879,1.439,1.439,1.439,867968,-0.000843,11.88
2026-09-01 10:30,WIF,WIF,0.194635,2.569,1.798,1.798,3.34,50766,0.00125,16.1
2026-09-01 10:30,BONK,kBONK,0.0031390000000000003,6.371,3.186,3.186,3.186,164753,0.00125,18.87
2026-09-01 10:30,TRUMP,TRUMP,2.3388,1.71,0.855,0.855,1.71,38930,-0.006851,10.71
2026-09-01 10:35,BTC,BTC,77970.5,0.128,0.064,0.064,0.064,4153822,0.00125,12.63
2026-09-01 10:35,ETH,ETH,2452.05,0.408,0.204,0.204,0.204,6625913,0.00125,12.91
2026-09-01 10:35,SOL,SOL,102.205,0.978,0.489,0.489,0.489,3534913,-0.00042,9.98
2026-09-01 10:35,XRP,XRP,1.36565,0.732,0.366,0.366,0.366,2001431,0.00125,13.23
2026-09-01 10:35,AVAX,AVAX,7.2467500000000005,0.414,0.207,0.483,0.621,31072,0.00125,12.91
2026-09-01 10:35,LINK,LINK,11.338999999999999,1.764,0.882,0.882,0.882,210132,0.00125,14.26
2026-09-01 10:35,LTC,LTC,48.428,0.826,0.413,0.413,1.239,46242,0.00125,13.33
2026-09-01 10:35,ADA,ADA,0.19778,1.011,2.022,2.528,3.034,302684,0.00125,16.54
2026-09-01 10:35,DOT,DOT,0.856895,1.284,0.642,0.759,1.459,13850,0.000398,11.4
2026-09-01 10:35,UNI,UNI,5.74265,0.174,0.087,0.087,0.435,26262,0.00125,12.67
2026-09-01 10:35,AAVE,AAVE,125.275,0.798,0.399,0.399,1.996,167241,0.00125,13.3
2026-09-01 10:35,ARB,ARB,0.11107,3.601,1.801,1.801,1.801,124163,0.00125,16.1
2026-09-01 10:35,POL,POL,0.09131700000000001,1.971,0.986,5.037,7.447,5061,-0.000625,10.97
2026-09-01 10:35,RENDER,RENDER,1.43975,3.473,3.82,3.82,5.904,23418,0.00125,20.14
2026-09-01 10:35,DOGE,DOGE,0.082636,0.968,0.484,0.484,0.484,182613,0.00125,13.47
2026-09-01 10:35,SHIB,kSHIB,0.0051065,1.958,2.937,2.937,4.896,157367,0.00125,18.37
2026-09-01 10:35,PEPE,kPEPE,0.0034865,2.868,1.434,1.434,1.434,1091381,-0.000663,11.87
2026-09-01 10:35,WIF,WIF,0.194955,2.565,2.308,4.36,5.386,27356,0.00125,17.12
2026-09-01 10:35,BONK,kBONK,0.0031685,3.156,1.578,1.578,4.734,155186,0.00125,15.66
2026-09-01 10:35,TRUMP,TRUMP,2.33695,0.428,0.214,0.214,0.214,78622,-0.00655,9.43
2026-09-01 10:40,BTC,BTC,77912.5,0.128,0.064,0.064,0.064,3018093,0.00125,12.63
2026-09-01 10:40,ETH,ETH,2451.75,0.408,0.204,0.204,0.204,5217543,0.00125,12.91
2026-09-01 10:40,SOL,SOL,102.155,0.979,0.489,0.489,0.489,4316880,-0.000477,9.98
2026-09-01 10:40,XRP,XRP,1.36525,0.732,0.366,0.366,0.366,1950792,0.00125,13.23
2026-09-01 10:40,AVAX,AVAX,7.234299999999999,1.382,0.691,1.382,2.073,54492,0.00125,13.88
2026-09-01 10:40,LINK,LINK,11.339500000000001,0.882,0.441,0.441,0.441,217060,0.00125,13.38
2026-09-01 10:40,LTC,LTC,48.4375,0.206,0.103,0.103,0.103,71469,0.00125,12.71
2026-09-01 10:40,ADA,ADA,0.197565,0.506,0.253,0.253,0.253,181171,0.00125,13.01
2026-09-01 10:40,DOT,DOT,0.8566849999999999,0.117,0.058,0.058,0.058,28091,0.000446,10.37
2026-09-01 10:40,UNI,UNI,5.7577,2.779,1.389,1.389,2.084,22411,0.00125,15.28
2026-09-01 10:40,AAVE,AAVE,125.4,1.595,0.797,0.797,0.797,170628,0.00125,14.09
2026-09-01 10:40,ARB,ARB,0.10866,3.681,1.841,1.841,2.761,89142,0.00125,16.18
2026-09-01 10:40,POL,POL,0.09117549999999999,1.645,1.371,1.481,4.661,5565,-0.000664,11.74
2026-09-01 10:40,RENDER,RENDER,1.43995,0.694,0.347,0.347,2.431,31185,0.00125,13.19
2026-09-01 10:40,DOGE,DOGE,0.082594,0.726,0.363,0.363,0.363,235777,0.00125,13.23
2026-09-01 10:40,SHIB,kSHIB,0.0051005,1.961,0.98,2.941,2.941,158191,0.00125,14.46
2026-09-01 10:40,PEPE,kPEPE,0.0034775,2.876,1.438,1.438,1.438,905192,-0.000621,11.88
2026-09-01 10:40,WIF,WIF,0.19520500000000002,1.537,1.281,1.793,2.818,18670,0.00125,15.06
2026-09-01 10:40,BONK,kBONK,0.00315,6.349,3.175,3.175,3.175,172391,0.00125,18.85
2026-09-01 10:40,TRUMP,TRUMP,2.3339,0.857,0.428,0.428,0.857,20411,-0.006162,9.86
2026-09-01 10:45,BTC,BTC,77999.5,0.128,0.064,0.064,0.064,2703924,0.00125,12.63
2026-09-01 10:45,ETH,ETH,2452.55,0.408,0.204,0.204,0.204,5854642,0.00125,12.91
2026-09-01 10:45,SOL,SOL,102.21000000000001,5.87,2.935,2.935,2.935,4935681,-0.000458,14.87
2026-09-01 10:45,XRP,XRP,1.3663500000000002,0.732,0.366,0.366,0.366,1841965,0.00125,13.23
2026-09-01 10:45,AVAX,AVAX,7.23155,0.968,0.484,0.622,0.622,14686,0.00125,13.47
2026-09-01 10:45,LINK,LINK,11.3475,0.881,0.441,0.441,0.441,278374,0.00125,13.38
2026-09-01 10:45,LTC,LTC,48.5155,0.206,0.103,0.309,0.309,53585,0.00125,12.71
2026-09-01 10:45,ADA,ADA,0.19751000000000002,1.013,0.506,0.506,0.506,204724,0.00125,13.51
2026-09-01 10:45,DOT,DOT,0.8578950000000001,0.117,0.058,0.058,0.991,27926,0.000523,10.58
2026-09-01 10:45,UNI,UNI,5.7512,1.391,0.696,1.217,1.217,21904,0.00125,13.89
2026-09-01 10:45,AAVE,AAVE,125.635,2.388,1.194,1.194,1.194,231466,0.00125,14.89
2026-09-01 10:45,ARB,ARB,0.108315,0.923,0.462,0.462,1.385,47524,0.00125,13.42
2026-09-01 10:45,POL,POL,0.0913935,0.109,2.352,4.65,5.416,4381,-0.000815,13.7
2026-09-01 10:45,RENDER,RENDER,1.44075,2.082,1.735,1.735,2.429,47101,0.00125,15.97
2026-09-01 10:45,DOGE,DOGE,0.0826255,0.121,0.061,0.061,0.061,134938,0.00125,12.62
2026-09-01 10:45,SHIB,kSHIB,0.005103,3.919,1.96,1.96,5.879,166316,0.00125,16.42
2026-09-01 10:45,PEPE,kPEPE,0.0034825,2.872,1.436,1.436,1.436,1055766,-0.000531,11.87
2026-09-01 10:45,WIF,WIF,0.195275,3.585,1.792,2.304,4.353,12740,0.00125,16.08
2026-09-01 10:45,BONK,kBONK,0.0031575,3.167,1.584,4.751,4.751,202826,0.00125,15.67
2026-09-01 10:45,TRUMP,TRUMP,2.3438,0.853,0.427,0.427,0.853,50322,-0.005871,9.85
2026-09-01 10:50,BTC,BTC,77894.5,0.128,0.064,0.064,0.064,3269647,0.00125,12.63
2026-09-01 10:50,ETH,ETH,2448.6499999999996,0.408,0.204,0.204,0.204,6392664,0.00125,12.91
2026-09-01 10:50,SOL,SOL,102.015,0.98,0.49,0.49,0.49,4005803,-0.000417,9.98
2026-09-01 10:50,XRP,XRP,1.3632499999999999,0.734,0.367,0.367,0.367,1681004,0.00125,13.23
2026-09-01 10:50,AVAX,AVAX,7.2052499999999995,0.694,0.347,1.041,1.735,30979,0.00125,13.19
2026-09-01 10:50,LINK,LINK,11.337,1.764,0.882,0.882,0.882,197532,0.00125,14.26
2026-09-01 10:50,LTC,LTC,48.3775,1.447,0.723,0.723,1.137,71725,0.00125,13.95
2026-09-01 10:50,ADA,ADA,0.19689,2.032,1.016,1.016,1.524,214203,0.00125,14.53
2026-09-01 10:50,DOT,DOT,0.85583,1.636,0.818,1.402,1.519,29344,0.000645,12.44
2026-09-01 10:50,UNI,UNI,5.6975,1.053,0.527,0.702,0.702,18811,0.00125,13.55
2026-09-01 10:50,AAVE,AAVE,125.13,1.598,0.799,0.799,0.799,131709,0.00125,14.1
2026-09-01 10:50,ARB,ARB,0.10764499999999999,4.645,2.322,2.322,2.322,95818,0.00125,17.14
2026-09-01 10:50,POL,POL,0.09112100000000001,5.926,2.963,3.731,4.719,6751,-0.001116,14.93
2026-09-01 10:50,RENDER,RENDER,1.44055,0.694,0.347,0.347,0.347,42364,0.00125,13.19
2026-09-01 10:50,DOGE,DOGE,0.082454,0.728,0.364,0.364,0.364,144209,0.00125,13.23
2026-09-01 10:50,SHIB,kSHIB,0.0050895,1.965,0.982,2.947,4.912,135680,0.00125,14.46
2026-09-01 10:50,PEPE,kPEPE,0.0034695,2.882,1.441,1.441,1.441,937906,-0.000535,11.88
2026-09-01 10:50,WIF,WIF,0.19432,3.088,2.058,2.058,3.088,18739,0.00125,16.62
2026-09-01 10:50,BONK,kBONK,0.0031390000000000003,6.371,3.186,3.186,3.186,150204,0.00125,18.87
2026-09-01 10:50,TRUMP,TRUMP,2.33975,0.427,0.214,0.214,0.214,88257,-0.005689,9.43
2026-09-01 10:55,BTC,BTC,77928.5,0.128,0.064,0.064,0.064,7093731,0.00125,12.63
2026-09-01 10:55,ETH,ETH,2451.05,0.408,0.204,0.204,0.204,5945819,0.00125,12.91
2026-09-01 10:55,SOL,SOL,102.14500000000001,0.979,0.49,0.49,0.49,4233089,-0.00029,9.98
2026-09-01 10:55,XRP,XRP,1.3642500000000002,0.733,0.367,0.367,0.367,1710379,0.00125,13.23
2026-09-01 10:55,AVAX,AVAX,7.2171,1.386,0.693,0.831,0.97,68344,0.00125,13.89
2026-09-01 10:55,LINK,LINK,11.3505,0.881,0.441,1.322,1.322,184715,0.00125,13.38
2026-09-01 10:55,LTC,LTC,48.409499999999994,1.446,0.723,1.136,1.962,44390,0.00125,13.95
2026-09-01 10:55,ADA,ADA,0.19716,1.014,0.507,0.507,1.522,74990,0.00125,13.51
2026-09-01 10:55,DOT,DOT,0.8568800000000001,2.567,1.284,1.984,2.801,45578,0.000825,13.88
2026-09-01 10:55,UNI,UNI,5.69105,2.636,1.318,1.318,2.021,43874,0.00125,15.14
2026-09-01 10:55,AAVE,AAVE,125.22,3.194,1.597,1.597,2.396,113968,0.00125,15.69
2026-09-01 10:55,ARB,ARB,0.10688500000000001,2.807,1.403,1.403,1.403,84370,0.00125,15.31
2026-09-01 10:55,POL,POL,0.091117,3.292,2.414,3.073,3.512,5313,-0.001059,13.83
2026-09-01 10:55,RENDER,RENDER,1.4412,4.163,2.082,2.775,5.551,35843,0.00125,16.66
2026-09-01 10:55,DOGE,DOGE,0.0823485,0.121,0.061,0.668,1.397,313237,0.00125,12.62
2026-09-01 10:55,SHIB,kSHIB,0.005095,3.925,1.963,1.963,1.963,281656,0.00125,16.43
2026-09-01 10:55,PEPE,kPEPE,0.0034755,2.877,1.439,1.439,1.439,1057294,-0.000271,11.88
2026-09-01 10:55,WIF,WIF,0.194735,2.568,2.311,2.824,3.338,50569,0.00125,17.12
2026-09-01 10:55,BONK,kBONK,0.0031349999999999998,6.38,3.19,3.19,6.38,168044,0.00125,18.88
2026-09-01 10:55,TRUMP,TRUMP,2.3371500000000003,0.428,0.214,0.642,1.07,30168,-0.005345,9.43
2026-09-01 11:00,BTC,BTC,77905.5,0.128,0.064,0.064,0.064,5832371,0.00125,12.63
2026-09-01 11:00,ETH,ETH,2448.3500000000004,0.408,0.204,0.204,0.204,7603925,0.00125,12.91
2026-09-01 11:00,SOL,SOL,102.045,0.98,0.49,0.49,0.49,3554609,0.000327,10.89
2026-09-01 11:00,XRP,XRP,1.36335,0.733,0.367,0.367,0.367,1742968,0.00125,13.23
2026-09-01 11:00,AVAX,AVAX,7.2120999999999995,0.832,0.416,1.525,1.941,41086,0.001228,13.27
2026-09-01 11:00,LINK,LINK,11.3385,0.882,0.441,1.323,1.323,187245,0.00125,13.38
2026-09-01 11:00,LTC,LTC,48.358999999999995,0.827,0.414,0.414,1.448,36951,0.00125,13.33
2026-09-01 11:00,ADA,ADA,0.19672499999999998,1.525,0.762,0.762,1.271,169113,0.00125,14.02
2026-09-01 11:00,DOT,DOT,0.8547750000000001,1.755,0.877,0.877,0.877,29747,0.00125,14.25
2026-09-01 11:00,UNI,UNI,5.6937999999999995,1.054,0.527,0.527,1.405,46230,0.00125,13.55
2026-09-01 11:00,AAVE,AAVE,125.27000000000001,1.597,0.798,0.798,0.798,113052,0.00125,14.1
2026-09-01 11:00,ARB,ARB,0.10697999999999999,3.739,3.739,3.739,3.739,93784,0.00125,19.98
2026-09-01 11:00,POL,POL,0.0904665,5.416,3.814,5.914,6.024,4304,-0.004873,16.63
2026-09-01 11:00,RENDER,RENDER,1.4402499999999998,0.694,0.347,0.347,0.347,38245,0.00125,13.19
2026-09-01 11:00,DOGE,DOGE,0.082304,0.972,0.486,0.608,0.608,199356,0.00125,13.47
2026-09-01 11:00,SHIB,kSHIB,0.0050904999999999995,1.964,2.947,2.947,2.947,180592,0.00125,18.39
2026-09-01 11:00,PEPE,kPEPE,0.0034725,2.88,1.44,1.44,1.44,987672,-0.000947,11.88
2026-09-01 11:00,WIF,WIF,0.194355,2.573,1.286,2.83,2.83,19902,0.00125,15.07
2026-09-01 11:00,BONK,kBONK,0.0030965,3.229,1.615,1.615,1.615,174691,0.00125,15.73
2026-09-01 11:00,TRUMP,TRUMP,2.33745,1.283,0.642,0.642,1.07,55929,-0.00563,10.28
2026-09-01 11:05,BTC,BTC,77800.5,0.129,0.064,0.064,0.064,5064670,0.00125,12.63
2026-09-01 11:05,ETH,ETH,2443.95,0.409,0.205,0.205,0.205,5320405,0.00125,12.91
2026-09-01 11:05,SOL,SOL,101.89500000000001,0.981,0.491,0.491,0.491,3212260,0.000137,10.36
2026-09-01 11:05,XRP,XRP,1.36225,0.734,0.367,0.367,1.101,1484445,0.00125,13.23
2026-09-01 11:05,AVAX,AVAX,7.2012,1.389,0.694,0.833,0.833,54243,0.000593,12.05
2026-09-01 11:05,LINK,LINK,11.310500000000001,0.884,0.442,0.442,0.442,175745,0.00125,13.38
2026-09-01 11:05,LTC,LTC,48.3325,0.621,0.31,0.517,0.931,48606,0.00125,13.12
2026-09-01 11:05,ADA,ADA,0.196275,0.509,0.255,0.255,0.255,124393,0.00125,13.01
2026-09-01 11:05,DOT,DOT,0.8509800000000001,2.585,1.293,1.998,1.998,33026,0.001156,14.82
2026-09-01 11:05,UNI,UNI,5.665649999999999,1.589,0.794,0.971,0.971,29290,0.00125,14.09
2026-09-01 11:05,AAVE,AAVE,124.865,2.403,2.002,2.002,2.803,125299,0.00125,16.5
2026-09-01 11:05,ARB,ARB,0.106815,0.936,0.468,0.468,0.468,79571,0.00125,13.44
2026-09-01 11:05,POL,POL,0.090497,3.094,1.547,1.658,2.763,5106,-0.001253,12.09
2026-09-01 11:05,RENDER,RENDER,1.4294,5.597,5.597,6.996,7.696,10248,0.00125,23.69
2026-09-01 11:05,DOGE,DOGE,0.082149,0.487,0.243,0.243,0.243,164912,0.00125,12.99
2026-09-01 11:05,SHIB,kSHIB,0.005082,3.935,1.968,1.968,1.968,161029,0.00125,16.44
2026-09-01 11:05,PEPE,kPEPE,0.0034685000000000002,2.883,1.442,1.442,1.442,885230,0.000427,13.08
2026-09-01 11:05,WIF,WIF,0.19416499999999998,1.545,0.773,1.288,2.318,71063,0.00125,14.05
2026-09-01 11:05,BONK,kBONK,0.003096,6.46,3.23,3.23,3.23,207462,0.00125,18.96
2026-09-01 11:05,TRUMP,TRUMP,2.3377499999999998,0.428,1.069,1.497,1.925,42735,-0.006214,11.14
2026-09-01 11:10,BTC,BTC,77888.5,0.128,0.064,0.064,0.064,5000527,0.00125,12.63
2026-09-01 11:10,ETH,ETH,2447.75,0.409,0.204,0.204,0.204,6542430,0.00125,12.91
2026-09-01 11:10,SOL,SOL,102.055,0.98,0.49,0.49,0.49,3397163,-0.00023,9.98
2026-09-01 11:10,XRP,XRP,1.36415,0.733,0.367,0.367,0.367,1706853,0.00125,13.23
2026-09-01 11:10,AVAX,AVAX,7.2104,2.219,1.11,1.11,1.11,34164,0.000332,12.15
2026-09-01 11:10,LINK,LINK,11.337499999999999,0.882,0.441,1.323,1.323,221093,0.00125,13.38
2026-09-01 11:10,LTC,LTC,48.4135,0.207,0.103,0.516,0.723,51237,0.00125,12.71
2026-09-01 11:10,ADA,ADA,0.19672499999999998,0.508,0.254,0.254,0.254,193424,0.00125,13.01
2026-09-01 11:10,DOT,DOT,0.855245,1.754,0.877,0.877,0.877,24389,0.00125,14.25
2026-09-01 11:10,UNI,UNI,5.7012,1.403,0.702,0.877,0.877,30960,0.00125,13.9
2026-09-01 11:10,AAVE,AAVE,125.13499999999999,0.799,0.4,0.4,0.4,144724,0.00125,13.3
2026-09-01 11:10,ARB,ARB,0.107705,4.642,2.321,2.321,2.321,49958,0.00125,17.14
2026-09-01 11:10,POL,POL,0.090584,1.546,0.773,1.546,2.981,7519,-0.001202,10.55
2026-09-01 11:10,RENDER,RENDER,1.4306999999999999,4.194,2.097,3.495,4.194,31893,0.00125,16.69
2026-09-01 11:10,DOGE,DOGE,0.0822745,0.122,0.061,0.061,0.061,194123,0.00125,12.62
2026-09-01 11:10,SHIB,kSHIB,0.005084,3.934,1.967,3.934,3.934,191684,0.00125,16.43
2026-09-01 11:10,PEPE,kPEPE,0.0034725,2.88,1.44,1.44,1.44,972694,0.000401,13.0
2026-09-01 11:10,WIF,WIF,0.19451000000000002,2.056,2.056,3.085,4.627,24497,0.00125,16.61
2026-09-01 11:10,BONK,kBONK,0.0030889999999999997,6.475,3.237,3.237,3.237,172580,0.00125,18.97
2026-09-01 11:10,TRUMP,TRUMP,2.3376,0.856,0.428,0.428,0.428,60431,-0.006529,9.86
2026-09-01 11:15,BTC,BTC,77831.5,0.128,0.064,0.064,0.064,5518872,0.00125,12.63
2026-09-01 11:15,ETH,ETH,2445.45,0.409,0.204,0.204,0.204,6281281,0.00125,12.91
2026-09-01 11:15,SOL,SOL,101.89500000000001,0.981,0.491,0.491,0.491,3496321,-0.000484,9.98
2026-09-01 11:15,XRP,XRP,1.36265,0.734,0.367,1.101,1.101,1078286,0.00125,13.23
2026-09-01 11:15,AVAX,AVAX,7.2067499999999995,0.971,0.486,0.624,0.902,39732,0.000183,10.48
2026-09-01 11:15,LINK,LINK,11.313500000000001,0.884,0.442,0.442,0.442,193546,0.00125,13.38
2026-09-01 11:15,LTC,LTC,48.4155,1.859,0.929,1.136,1.343,40820,0.00125,14.36
2026-09-01 11:15,ADA,ADA,0.19624999999999998,2.038,2.038,2.038,2.038,159203,0.00125,16.58
2026-09-01 11:15,DOT,DOT,0.8535649999999999,1.757,0.879,0.996,1.347,16277,0.00125,14.26
2026-09-01 11:15,UNI,UNI,5.6776,2.114,1.057,1.057,1.233,22507,0.00125,14.61
2026-09-01 11:15,AAVE,AAVE,124.85,1.602,0.801,0.801,0.801,132230,0.00125,14.1
2026-09-01 11:15,ARB,ARB,0.108125,2.775,1.387,1.387,1.387,88946,0.00125,15.27
2026-09-01 11:15,POL,POL,0.0906065,2.318,1.931,2.152,4.58,5731,-0.001103,12.86
2026-09-01 11:15,RENDER,RENDER,1.4259499999999998,4.909,2.455,3.857,5.26,31805,0.00125,17.41
2026-09-01 11:15,DOGE,DOGE,0.0821995,0.122,0.061,0.061,0.061,234298,0.00125,12.62
2026-09-01 11:15,SHIB,kSHIB,0.0050825,1.968,0.984,0.984,0.984,199011,0.00125,14.47
2026-09-01 11:15,PEPE,kPEPE,0.0034705,2.881,1.441,1.441,1.441,1037611,0.000546,13.41
2026-09-01 11:15,WIF,WIF,0.194355,0.515,0.772,1.286,1.801,43843,0.00125,14.04
2026-09-01 11:15,BONK,kBONK,0.003084,6.485,3.243,3.243,3.243,156972,0.00125,18.99
2026-09-01 11:15,TRUMP,TRUMP,2.3385499999999997,0.428,0.214,0.641,1.497,35847,-0.007302,9.43
2026-09-01 11:20,BTC,BTC,77840.5,0.128,0.064,0.064,0.064,4761005,0.00125,12.63
2026-09-01 11:20,ETH,ETH,2445.45,0.409,0.204,0.204,0.204,6603642,0.00125,12.91
2026-09-01 11:20,SOL,SOL,101.88499999999999,0.981,0.491,0.491,0.491,3958705,-0.00069,9.98
2026-09-01 11:20,XRP,XRP,1.3632499999999999,0.734,0.367,0.367,0.367,1747154,0.00125,13.23
2026-09-01 11:20,AVAX,AVAX,7.21075,0.693,0.347,0.485,0.485,41108,0.000113,10.01
2026-09-01 11:20,LINK,LINK,11.3065,0.884,0.442,1.327,1.327,185311,0.00125,13.38
2026-09-01 11:20,LTC,LTC,48.477000000000004,0.413,0.206,0.413,0.413,61393,0.00125,12.91
2026-09-01 11:20,ADA,ADA,0.19638,1.018,0.509,0.509,1.018,73819,0.00125,13.52
2026-09-01 11:20,DOT,DOT,0.853,2.814,1.407,1.524,1.758,19084,0.00125,15.31
2026-09-01 11:20,UNI,UNI,5.6605,1.413,0.707,0.883,2.297,20882,0.00125,13.91
2026-09-01 11:20,AAVE,AAVE,124.89,1.601,0.801,1.601,1.601,137346,0.00125,14.1
2026-09-01 11:20,ARB,ARB,0.107125,2.8,1.4,2.334,3.267,59048,0.00125,15.3
2026-09-01 11:20,POL,POL,0.09102299999999999,2.417,1.978,2.527,2.637,5199,-0.002107,12.96
2026-09-01 11:20,RENDER,RENDER,1.4274499999999999,3.503,1.751,3.152,4.554,15969,0.00125,16.0
2026-09-01 11:20,DOGE,DOGE,0.0822625,0.122,0.061,0.061,0.061,129260,0.00125,12.62
2026-09-01 11:20,SHIB,kSHIB,0.005097,3.924,1.962,1.962,3.924,198457,0.00125,16.42
2026-09-01 11:20,PEPE,kPEPE,0.0034785,2.875,1.437,1.437,1.437,977360,0.000896,14.38
2026-09-01 11:20,WIF,WIF,0.194825,2.566,1.796,2.31,3.336,14322,0.00125,16.09
2026-09-01 11:20,BONK,kBONK,0.0030905,3.236,1.618,1.618,1.618,189919,0.00125,15.74
2026-09-01 11:20,TRUMP,TRUMP,2.33985,0.427,0.214,0.214,0.214,45040,-0.007727,9.43
2026-09-01 11:25,BTC,BTC,77947.5,0.128,0.064,0.064,0.064,2836756,0.00125,12.63
2026-09-01 11:25,ETH,ETH,2450.75,0.408,0.204,0.204,0.204,6501381,0.00125,12.91
2026-09-01 11:25,SOL,SOL,102.17500000000001,0.979,0.489,0.489,0.489,4073723,-0.000638,9.98
2026-09-01 11:25,XRP,XRP,1.3657499999999998,0.732,0.366,1.098,1.098,1705369,0.00125,13.23
2026-09-01 11:25,AVAX,AVAX,7.22175,1.523,0.762,0.762,1.315,30625,0.000402,11.65
2026-09-01 11:25,LINK,LINK,11.345500000000001,0.881,0.441,1.322,1.322,205044,0.00125,13.38
2026-09-01 11:25,LTC,LTC,48.5605,0.618,0.309,0.309,1.544,50558,0.00125,13.12
2026-09-01 11:25,ADA,ADA,0.19706,1.015,0.507,1.015,1.015,81138,0.00125,13.51
2026-09-01 11:25,DOT,DOT,0.855595,1.753,0.877,1.227,1.344,23425,0.00125,14.25
2026-09-01 11:25,UNI,UNI,5.70955,2.977,1.489,1.489,3.941,45510,0.00125,15.48
2026-09-01 11:25,AAVE,AAVE,125.33,1.596,0.798,0.798,1.596,180612,0.00125,14.1
2026-09-01 11:25,ARB,ARB,0.108935,2.754,1.377,1.377,1.377,73625,0.00125,15.25
2026-09-01 11:25,POL,POL,0.091256,2.63,1.315,1.425,1.644,6660,-0.002535,11.63
2026-09-01 11:25,RENDER,RENDER,1.432,2.793,1.397,3.492,4.19,10881,0.00125,15.29
2026-09-01 11:25,DOGE,DOGE,0.0824525,0.121,0.061,0.182,0.182,185266,0.00125,12.62
2026-09-01 11:25,SHIB,kSHIB,0.0051129999999999995,3.912,1.956,3.912,3.912,175527,0.00125,16.41
2026-09-01 11:25,PEPE,kPEPE,0.0034905,2.865,1.432,1.432,1.432,921746,0.001195,15.21
2026-09-01 11:25,WIF,WIF,0.19608,2.04,1.02,2.04,3.06,66129,0.00125,14.54
2026-09-01 11:25,BONK,kBONK,0.0031065,3.219,1.61,1.61,1.61,180402,0.00125,15.72
2026-09-01 11:25,TRUMP,TRUMP,2.3512000000000004,2.552,1.276,1.701,1.701,74959,-0.007744,11.55
2026-09-01 11:30,BTC,BTC,77929.5,0.128,0.064,0.064,0.064,2312748,0.00125,12.63
2026-09-01 11:30,ETH,ETH,2451.45,0.408,0.204,0.204,0.204,4403289,0.00125,12.91
2026-09-01 11:30,SOL,SOL,102.11500000000001,0.979,0.49,0.49,0.49,3383212,-0.000606,9.98
2026-09-01 11:30,XRP,XRP,1.36585,0.732,0.366,0.366,1.098,1031375,0.00125,13.23
2026-09-01 11:30,AVAX,AVAX,7.2177500000000006,1.247,0.623,0.762,0.762,33180,0.000395,11.35
2026-09-01 11:30,LINK,LINK,11.3315,0.882,0.441,0.441,0.441,164242,0.00125,13.38
2026-09-01 11:30,LTC,LTC,48.5765,0.618,0.309,0.309,0.309,48210,0.00125,13.12
2026-09-01 11:30,ADA,ADA,0.19692500000000002,0.508,0.254,0.254,0.762,104923,0.00125,13.01
2026-09-01 11:30,DOT,DOT,0.85524,1.403,0.702,1.403,2.105,30879,0.00125,13.9
2026-09-01 11:30,UNI,UNI,5.704750000000001,0.876,0.438,0.614,0.614,44006,0.00125,13.38
2026-09-01 11:30,AAVE,AAVE,125.43,1.595,0.797,0.797,0.797,174184,0.00125,14.09
2026-09-01 11:30,ARB,ARB,0.10903499999999999,2.751,1.376,1.376,1.376,48803,0.00125,15.25
2026-09-01 11:30,POL,POL,0.0917685,2.07,2.016,4.086,4.958,4195,-0.002562,13.03
2026-09-01 11:30,RENDER,RENDER,1.42965,3.497,1.749,3.148,5.246,13503,0.00125,16.0
2026-09-01 11:30,DOGE,DOGE,0.0823865,0.121,0.303,0.425,0.425,89759,0.00125,13.11
2026-09-01 11:30,SHIB,kSHIB,0.005098500000000001,1.961,2.942,2.942,4.903,211397,0.00125,18.38
2026-09-01 11:30,PEPE,kPEPE,0.0034835,2.871,1.435,1.435,1.435,644049,0.00123,15.32
2026-09-01 11:30,WIF,WIF,0.195945,2.552,1.276,1.786,1.786,63140,0.00125,15.05
2026-09-01 11:30,BONK,kBONK,0.0030895000000000002,3.237,1.618,1.618,1.618,166869,0.00125,15.74
2026-09-01 11:30,TRUMP,TRUMP,2.34835,0.426,0.213,0.213,0.213,48594,-0.007809,9.43
2026-09-01 11:35,BTC,BTC,77927.5,0.128,0.064,0.064,0.064,5209489,0.00125,12.63
2026-09-01 11:35,ETH,ETH,2450.55,0.408,0.204,0.204,0.204,4334596,0.00125,12.91
2026-09-01 11:35,SOL,SOL,102.10499999999999,0.979,0.49,0.49,0.49,2863152,-0.000511,9.98
2026-09-01 11:35,XRP,XRP,1.36545,0.732,0.366,0.366,0.366,1411632,0.00125,13.23
2026-09-01 11:35,AVAX,AVAX,7.213699999999999,1.386,0.693,0.832,0.97,31022,0.000307,11.25
2026-09-01 11:35,LINK,LINK,11.3285,0.883,0.441,1.324,1.324,141343,0.00125,13.38
2026-09-01 11:35,LTC,LTC,48.547,0.824,0.412,1.03,1.236,53958,0.00125,13.32
2026-09-01 11:35,ADA,ADA,0.197,1.015,0.508,0.508,1.015,100621,0.00125,13.52
2026-09-01 11:35,DOT,DOT,0.8547899999999999,1.872,0.936,1.053,1.053,22854,0.00125,14.37
2026-09-01 11:35,UNI,UNI,5.68945,1.582,0.791,0.791,0.967,43237,0.00125,14.08
2026-09-01 11:35,AAVE,AAVE,125.18,1.598,0.799,0.799,0.799,112532,0.00125,14.1
2026-09-01 11:35,ARB,ARB,0.10863500000000001,4.603,2.301,2.301,2.301,66175,0.00125,17.1
2026-09-01 11:35,POL,POL,0.091917,1.523,0.762,2.502,3.155,4177,-0.002649,10.52
2026-09-01 11:35,RENDER,RENDER,1.4288,4.199,2.1,2.8,4.899,9513,0.00125,16.7
2026-09-01 11:35,DOGE,DOGE,0.08236650000000001,0.607,0.304,0.304,0.304,175344,0.00125,13.11
2026-09-01 11:35,SHIB,kSHIB,0.0051035,1.959,2.939,6.858,6.858,222024,0.00125,18.38
2026-09-01 11:35,PEPE,kPEPE,0.0034815000000000002,2.872,1.436,1.436,1.436,778629,0.00125,15.37
2026-09-01 11:35,WIF,WIF,0.196185,2.549,1.784,2.294,2.294,63726,0.00125,16.07
2026-09-01 11:35,BONK,kBONK,0.0030785,3.248,1.624,1.624,1.624,155522,0.00125,15.75
2026-09-01 11:35,TRUMP,TRUMP,2.3446499999999997,0.427,0.213,0.213,0.213,49088,-0.007986,9.43
2026-09-01 11:40,BTC,BTC,77932.5,0.128,0.064,0.064,0.064,3695077,0.00125,12.63
2026-09-01 11:40,ETH,ETH,2451.25,0.408,0.204,0.204,0.204,4772218,0.00125,12.91
2026-09-01 11:40,SOL,SOL,102.08500000000001,0.98,0.49,1.469,1.469,3156211,-0.000459,9.98
2026-09-01 11:40,XRP,XRP,1.36585,0.732,0.366,0.366,0.366,869514,0.00125,13.23
2026-09-01 11:40,AVAX,AVAX,7.213900000000001,0.554,0.277,0.416,0.416,35344,0.000183,10.07
2026-09-01 11:40,LINK,LINK,11.337499999999999,0.882,0.441,1.323,2.205,159647,0.00125,13.38
2026-09-01 11:40,LTC,LTC,48.512,0.825,0.412,0.412,0.618,65836,0.00125,13.32
2026-09-01 11:40,ADA,ADA,0.1971,1.015,0.507,0.507,0.507,313120,0.00125,13.51
2026-09-01 11:40,DOT,DOT,0.8536900000000001,2.343,1.171,1.289,1.289,26213,0.00125,14.84
2026-09-01 11:40,UNI,UNI,5.6767,1.409,0.705,1.409,2.114,19594,0.00125,13.91
2026-09-01 11:40,AAVE,AAVE,125.195,0.799,1.198,1.198,1.198,359634,0.00125,14.9
2026-09-01 11:40,ARB,ARB,0.108935,6.426,4.131,4.131,4.131,39879,0.00125,20.76
2026-09-01 11:40,POL,POL,0.09170249999999999,2.508,1.581,2.999,3.108,5128,-0.002661,12.16
2026-09-01 11:40,RENDER,RENDER,1.42815,3.501,1.751,2.451,4.551,34548,0.00125,16.0
2026-09-01 11:40,DOGE,DOGE,0.082325,0.486,0.243,0.364,0.364,134548,0.00125,12.99
2026-09-01 11:40,SHIB,kSHIB,0.005104,3.918,1.959,5.878,5.878,221463,0.00125,16.42
2026-09-01 11:40,PEPE,kPEPE,0.0034825,2.872,1.436,1.436,1.436,804241,0.00125,15.37
2026-09-01 11:40,WIF,WIF,0.196195,2.548,1.274,1.274,4.842,88980,0.00125,15.05
2026-09-01 11:40,BONK,kBONK,0.0030785,3.248,1.624,4.873,4.873,284183,0.00125,15.75
2026-09-01 11:40,TRUMP,TRUMP,2.34835,0.426,0.213,0.213,0.639,46552,-0.008035,9.43
2026-09-01 11:45,BTC,BTC,78024.5,0.128,0.064,0.064,0.064,3789641,0.00125,12.63
2026-09-01 11:45,ETH,ETH,2453.1499999999996,0.408,0.204,0.204,0.204,4281152,0.00125,12.91
2026-09-01 11:45,SOL,SOL,102.07499999999999,0.98,0.49,0.49,0.49,2781576,-0.000406,9.98
2026-09-01 11:45,XRP,XRP,1.3663500000000002,0.732,1.098,1.098,1.098,1528440,0.00125,14.7
2026-09-01 11:45,AVAX,AVAX,7.2345,1.106,0.553,0.691,0.691,30516,0.000197,10.66
2026-09-01 11:45,LINK,LINK,11.349499999999999,0.881,0.441,1.322,1.322,172020,0.00125,13.38
2026-09-01 11:45,LTC,LTC,48.5455,0.618,0.309,0.721,2.575,58866,0.00125,13.12
2026-09-01 11:45,ADA,ADA,0.197285,1.521,0.76,1.267,1.267,137663,0.00125,14.02
2026-09-01 11:45,DOT,DOT,0.854195,1.288,0.644,1.698,1.815,23085,0.001169,13.56
2026-09-01 11:45,UNI,UNI,5.68985,1.582,0.791,0.967,1.845,49843,0.00125,14.08
2026-09-01 11:45,AAVE,AAVE,125.30000000000001,1.596,0.798,1.596,1.596,151198,0.00125,14.1
2026-09-01 11:45,ARB,ARB,0.10989499999999999,0.91,0.455,0.455,0.455,51503,0.00125,13.41
2026-09-01 11:45,POL,POL,0.091969,1.522,0.87,1.74,2.827,8850,-0.002653,10.74
2026-09-01 11:45,RENDER,RENDER,1.4292500000000001,2.099,1.05,1.749,5.248,23052,0.00125,14.6
2026-09-01 11:45,DOGE,DOGE,0.08239099999999999,0.728,0.364,0.364,0.364,93152,0.00125,13.23
2026-09-01 11:45,SHIB,kSHIB,0.0051045,1.959,0.98,0.98,2.939,253057,0.00125,14.46
2026-09-01 11:45,PEPE,kPEPE,0.0034825,2.872,4.307,4.307,4.307,768534,0.00125,21.11
2026-09-01 11:45,WIF,WIF,0.1968,2.033,1.016,1.524,2.033,69458,0.00125,14.53
2026-09-01 11:45,BONK,kBONK,0.0030955,3.23,8.076,8.076,8.076,152425,0.00125,28.65
2026-09-01 11:45,TRUMP,TRUMP,2.35325,0.425,0.212,0.212,0.212,57401,-0.007968,9.42
2026-09-01 11:50,BTC,BTC,77958.5,0.128,0.064,0.064,0.064,5087223,0.00125,12.63
2026-09-01 11:50,ETH,ETH,2452.55,0.408,0.204,0.204,0.204,4785707,0.00125,12.91
2026-09-01 11:50,SOL,SOL,102.025,0.98,0.49,0.49,0.49,2744793,-0.000486,9.98
2026-09-01 11:50,XRP,XRP,1.3661500000000002,0.732,0.366,0.366,0.366,1478067,0.00125,13.23
2026-09-01 11:50,AVAX,AVAX,7.22835,0.138,0.069,0.069,0.069,20825,0.000255,9.85
2026-09-01 11:50,LINK,LINK,11.336500000000001,0.882,0.441,0.441,1.323,164283,0.00125,13.38
2026-09-01 11:50,LTC,LTC,48.504999999999995,0.825,0.412,0.618,0.618,54637,0.00125,13.32
2026-09-01 11:50,ADA,ADA,0.197125,0.507,0.254,1.268,1.268,125090,0.00125,13.01
2026-09-01 11:50,DOT,DOT,0.853155,1.055,0.527,1.114,1.231,23770,0.001019,12.91
2026-09-01 11:50,UNI,UNI,5.6831,1.76,0.88,1.232,1.408,21626,0.00125,14.26
2026-09-01 11:50,AAVE,AAVE,125.235,2.395,1.198,1.198,1.198,138469,0.00125,14.9
2026-09-01 11:50,ARB,ARB,0.10987,1.82,0.91,0.91,0.91,26858,0.00125,14.32
2026-09-01 11:50,POL,POL,0.0922195,0.108,0.054,2.982,3.85,4112,-0.002729,9.11
2026-09-01 11:50,RENDER,RENDER,1.42815,3.501,1.751,2.451,5.252,44294,0.00125,16.0
2026-09-01 11:50,DOGE,DOGE,0.0823695,0.85,0.425,0.911,1.153,133501,0.00125,13.35
2026-09-01 11:50,SHIB,kSHIB,0.0051045,1.959,0.98,0.98,2.939,243542,0.00125,14.46
2026-09-01 11:50,PEPE,kPEPE,0.003482,5.744,2.872,2.872,2.872,883139,0.00125,18.24
2026-09-01 11:50,WIF,WIF,0.19650499999999999,1.527,2.799,3.817,4.326,58874,0.00125,18.1
2026-09-01 11:50,BONK,kBONK,0.0030875,3.239,1.619,1.619,1.619,184814,0.00125,15.74
2026-09-01 11:50,TRUMP,TRUMP,2.34855,1.277,0.639,1.064,1.49,34762,-0.007922,10.28
2026-09-01 11:55,BTC,BTC,77931.5,0.128,0.064,0.064,0.064,3461575,0.00125,12.63
2026-09-01 11:55,ETH,ETH,2452.95,0.408,0.204,0.204,0.204,1515419,0.00125,12.91
2026-09-01 11:55,SOL,SOL,102.005,0.98,0.49,0.49,0.49,2858273,-0.000567,9.98
2026-09-01 11:55,XRP,XRP,1.3669,1.463,0.732,0.732,0.732,1594696,0.00125,13.96
2026-09-01 11:55,AVAX,AVAX,7.2288,1.383,0.692,0.83,0.83,59811,0.000219,11.0
2026-09-01 11:55,LINK,LINK,11.3415,0.882,0.441,1.323,1.323,156305,0.00125,13.38
2026-09-01 11:55,LTC,LTC,48.5355,1.03,0.515,1.339,1.545,51282,0.00125,13.53
2026-09-01 11:55,ADA,ADA,0.19715,2.029,1.014,1.522,1.522,142208,0.00125,14.53
2026-09-01 11:55,DOT,DOT,0.853795,0.351,0.176,0.176,0.176,27785,0.000959,12.04
2026-09-01 11:55,UNI,UNI,5.6917,2.811,1.406,1.757,1.933,38102,0.00125,15.31
2026-09-01 11:55,AAVE,AAVE,125.02000000000001,1.6,1.6,1.6,2.4,76183,0.00125,15.7
2026-09-01 11:55,ARB,ARB,0.11015,5.447,2.724,3.631,3.631,32161,0.00125,17.95
2026-09-01 11:55,POL,POL,0.0917785,2.724,1.471,1.471,2.887,8140,-0.002676,11.94
2026-09-01 11:55,RENDER,RENDER,1.4282499999999998,2.1,1.05,1.75,5.251,48795,0.00125,14.6
2026-09-01 11:55,DOGE,DOGE,0.0823625,0.121,0.061,0.061,0.061,151956,0.00125,12.62
2026-09-01 11:55,SHIB,kSHIB,0.005114499999999999,1.955,2.933,4.888,6.843,150765,0.00125,18.37
2026-09-01 11:55,PEPE,kPEPE,0.003484,5.741,2.87,2.87,2.87,1062477,0.00125,18.24
2026-09-01 11:55,WIF,WIF,0.196625,1.526,2.289,3.306,3.814,66864,0.00125,17.08
2026-09-01 11:55,BONK,kBONK,0.003098,6.456,3.228,3.228,3.228,154437,0.00125,18.96
2026-09-01 11:55,TRUMP,TRUMP,2.35385,2.124,1.062,1.062,1.062,51898,-0.007829,11.12
2026-09-01 12:00,BTC,BTC,77899.5,0.128,0.064,0.064,0.064,3839247,0.00125,12.63
2026-09-01 12:00,ETH,ETH,2452.75,0.408,0.204,0.204,0.204,7302910,0.00125,12.91
2026-09-01 12:00,SOL,SOL,101.92500000000001,0.981,0.491,0.491,0.491,3698835,-0.002576,9.98
2026-09-01 12:00,XRP,XRP,1.36685,0.732,0.366,0.366,0.366,1702413,0.00125,13.23
2026-09-01 12:00,AVAX,AVAX,7.23945,0.138,0.069,0.069,0.069,71202,-0.001019,9.14
2026-09-01 12:00,LINK,LINK,11.3325,0.882,0.441,1.324,1.324,265636,0.00125,13.38
2026-09-01 12:00,LTC,LTC,48.578500000000005,1.029,0.515,0.72,0.926,54120,0.000747,12.12
2026-09-01 12:00,ADA,ADA,0.197295,1.521,0.76,1.267,1.267,141140,0.00125,14.02
2026-09-01 12:00,DOT,DOT,0.85431,1.171,0.585,0.702,0.702,20638,-0.000258,10.17
2026-09-01 12:00,UNI,UNI,5.6844,2.463,1.231,1.407,1.407,49186,0.00125,14.96
2026-09-01 12:00,AAVE,AAVE,124.92,1.601,0.801,0.801,1.601,137021,0.001097,13.67
2026-09-01 12:00,ARB,ARB,0.110205,0.907,0.454,0.454,0.454,58423,0.00125,13.41
2026-09-01 12:00,POL,POL,0.09188099999999999,1.524,0.762,0.871,3.047,7851,-0.002871,10.52
2026-09-01 12:00,RENDER,RENDER,1.4271,2.803,1.401,2.102,4.204,15872,0.00125,15.3
2026-09-01 12:00,DOGE,DOGE,0.0823845,0.364,0.182,0.303,0.546,150784,0.00125,12.86
2026-09-01 12:00,SHIB,kSHIB,0.0051164999999999995,1.954,0.977,0.977,2.932,178365,0.00125,14.45
2026-09-01 12:00,PEPE,kPEPE,0.003484,5.741,2.87,2.87,2.87,978639,0.00125,18.24
2026-09-01 12:00,WIF,WIF,0.19641,2.037,2.546,3.564,5.601,31100,0.00125,17.59
2026-09-01 12:00,BONK,kBONK,0.0030965,3.229,1.615,1.615,1.615,169575,0.00125,15.73
2026-09-01 12:00,TRUMP,TRUMP,2.35525,1.274,0.637,0.637,1.486,58628,-0.005433,10.27
2026-09-01 12:05,BTC,BTC,77907.5,0.128,0.064,0.064,0.064,2963970,0.00125,12.63
2026-09-01 12:05,ETH,ETH,2451.55,0.408,0.204,0.204,0.204,6009176,0.00125,12.91
2026-09-01 12:05,SOL,SOL,101.92500000000001,0.981,0.491,0.491,0.491,4091957,-0.002908,9.98
2026-09-01 12:05,XRP,XRP,1.36605,0.732,0.366,0.366,0.366,1884833,0.00125,13.23
2026-09-01 12:05,AVAX,AVAX,7.2218,0.831,0.415,0.554,0.554,40546,-0.000901,9.83
2026-09-01 12:05,LINK,LINK,11.3285,0.883,0.441,0.441,0.441,232597,0.001036,12.78
2026-09-01 12:05,LTC,LTC,48.5765,0.618,0.309,0.515,0.515,46204,0.00125,13.12
2026-09-01 12:05,ADA,ADA,0.19740000000000002,1.013,0.507,0.507,0.507,184636,0.00125,13.51
2026-09-01 12:05,DOT,DOT,0.8540099999999999,0.703,0.351,1.405,1.639,18545,0.000134,10.08
2026-09-01 12:05,UNI,UNI,5.6739999999999995,2.82,1.41,1.586,1.762,18708,0.00125,15.32
2026-09-01 12:05,AAVE,AAVE,124.965,0.8,1.2,1.2,1.2,190340,0.000998,14.19
2026-09-01 12:05,ARB,ARB,0.109805,0.911,2.277,2.277,2.277,50499,0.00125,17.05
2026-09-01 12:05,POL,POL,0.0921135,2.063,1.14,1.574,5.482,3311,-0.001599,11.28
2026-09-01 12:05,RENDER,RENDER,1.4259499999999998,4.909,2.455,3.156,5.961,25277,0.00125,17.41
2026-09-01 12:05,DOGE,DOGE,0.0823555,0.121,0.061,0.789,0.789,159925,0.00125,12.62
2026-09-01 12:05,SHIB,kSHIB,0.0051155,1.955,0.977,0.977,2.932,163252,0.00125,14.45
2026-09-01 12:05,PEPE,kPEPE,0.0034835,2.871,1.435,1.435,1.435,865044,0.00125,15.37
2026-09-01 12:05,WIF,WIF,0.196255,1.529,0.764,1.783,3.312,44496,0.00125,14.03
2026-09-01 12:05,BONK,kBONK,0.003086,6.481,3.24,3.24,3.24,182198,0.00125,18.98
2026-09-01 12:05,TRUMP,TRUMP,2.35785,0.424,0.212,0.212,0.212,82536,-0.005407,9.42
2026-09-01 12:10,BTC,BTC,77801.5,0.129,0.064,0.064,0.064,3685912,0.00125,12.63
2026-09-01 12:10,ETH,ETH,2449.05,0.408,0.204,0.204,0.204,5683173,0.00125,12.91
2026-09-01 12:10,SOL,SOL,101.91499999999999,0.981,0.491,0.491,0.491,3801548,-0.002819,9.98
2026-09-01 12:10,XRP,XRP,1.36595,0.732,0.366,0.366,0.366,1898751,0.00125,13.23
2026-09-01 12:10,AVAX,AVAX,7.20725,0.139,0.069,0.069,0.069,38544,-0.000961,9.14
2026-09-01 12:10,LINK,LINK,11.3235,0.883,0.442,0.442,1.325,231717,0.001087,12.93
2026-09-01 12:10,LTC,LTC,48.564,1.647,0.824,1.03,1.235,63484,0.00125,14.15
2026-09-01 12:10,ADA,ADA,0.197325,0.507,1.267,1.267,1.267,175760,0.00125,15.03
2026-09-01 12:10,DOT,DOT,0.85341,2.109,1.055,1.172,1.406,21347,3.9e-05,11.22
2026-09-01 12:10,UNI,UNI,5.6639,1.766,0.883,0.883,1.589,24076,0.00125,14.27
2026-09-01 12:10,AAVE,AAVE,124.985,2.4,1.2,1.2,2.0,178292,0.00125,14.9
2026-09-01 12:10,ARB,ARB,0.108955,0.918,0.459,1.377,1.377,47551,0.00125,13.42
2026-09-01 12:10,POL,POL,0.0914195,2.953,1.477,1.586,2.352,6841,-0.00189,11.95
2026-09-01 12:10,RENDER,RENDER,1.42515,2.105,1.053,1.754,1.754,25998,0.00125,14.61
2026-09-01 12:10,DOGE,DOGE,0.0823405,0.121,0.061,0.061,0.061,91199,0.00125,12.62
2026-09-01 12:10,SHIB,kSHIB,0.0051094999999999995,1.957,0.979,2.936,2.936,193008,0.00125,14.46
2026-09-01 12:10,PEPE,kPEPE,0.0034775,2.876,1.438,1.438,1.438,917291,0.00125,15.38
2026-09-01 12:10,WIF,WIF,0.19627499999999998,1.528,0.764,1.274,2.293,47088,0.00125,14.03
2026-09-01 12:10,BONK,kBONK,0.003084,6.485,3.243,3.243,3.243,250216,0.00125,18.99
2026-09-01 12:10,TRUMP,TRUMP,2.352,1.701,0.85,1.701,2.126,85336,-0.005094,10.7
2026-09-01 12:15,BTC,BTC,77894.5,0.128,0.064,0.064,0.064,3928693,0.00125,12.63
2026-09-01 12:15,ETH,ETH,2452.55,0.408,0.204,0.204,0.204,5463501,0.00125,12.91
2026-09-01 12:15,SOL,SOL,102.08500000000001,0.98,0.49,0.49,0.49,3700569,-0.002661,9.98
2026-09-01 12:15,XRP,XRP,1.36895,0.73,0.365,0.365,0.365,1400138,0.00125,13.23
2026-09-01 12:15,AVAX,AVAX,7.223649999999999,0.415,0.208,0.346,0.346,22118,-0.000554,9.42
2026-09-01 12:15,LINK,LINK,11.355,1.761,0.881,0.881,0.881,258065,0.00125,14.26
2026-09-01 12:15,LTC,LTC,48.715500000000006,1.026,0.513,0.718,0.718,52673,0.00125,13.53
2026-09-01 12:15,ADA,ADA,0.197825,0.505,0.253,0.253,0.253,184308,0.00125,13.01
2026-09-01 12:15,DOT,DOT,0.856325,1.985,0.993,1.109,2.044,22402,0.000322,11.89
2026-09-01 12:15,UNI,UNI,5.67995,1.585,0.792,0.792,0.792,46587,0.00125,14.08
2026-09-01 12:15,AAVE,AAVE,125.35,1.596,0.798,0.798,1.596,167440,0.00125,14.1
2026-09-01 12:15,ARB,ARB,0.109735,0.911,0.456,0.456,0.456,59686,0.00125,13.41
2026-09-01 12:15,POL,POL,0.09128349999999999,4.492,3.013,3.67,3.999,4671,-0.00167,15.03
2026-09-01 12:15,RENDER,RENDER,1.4277,4.203,2.101,3.502,4.203,22791,0.00125,16.7
2026-09-01 12:15,DOGE,DOGE,0.08250350000000001,0.121,0.061,0.182,0.182,214624,0.00125,12.62
2026-09-01 12:15,SHIB,kSHIB,0.0051305,1.949,0.975,0.975,0.975,199794,0.00125,14.45
2026-09-01 12:15,PEPE,kPEPE,0.0034835,2.871,1.435,1.435,1.435,980482,0.00125,15.37
2026-09-01 12:15,WIF,WIF,0.19677,2.033,2.033,3.557,5.082,19547,0.00125,16.57
2026-09-01 12:15,BONK,kBONK,0.0030885,3.238,1.619,1.619,1.619,175361,0.00125,15.74
2026-09-01 12:15,TRUMP,TRUMP,2.36135,0.423,0.212,0.212,0.635,64929,-0.004457,9.42
2026-09-01 12:20,BTC,BTC,77895.5,0.128,0.064,0.064,0.064,5135911,0.00125,12.63
2026-09-01 12:20,ETH,ETH,2453.3500000000004,0.408,0.204,0.204,0.204,5693840,0.00125,12.91
2026-09-01 12:20,SOL,SOL,102.125,0.979,0.49,0.49,0.49,3649150,-0.002647,9.98
2026-09-01 12:20,XRP,XRP,1.36995,0.73,0.365,0.365,0.365,1504430,0.00125,13.23
2026-09-01 12:20,AVAX,AVAX,7.2246500000000005,1.246,0.623,0.623,0.623,59265,-0.000369,10.25
2026-09-01 12:20,LINK,LINK,11.3585,0.88,1.321,1.321,1.321,257852,0.00125,15.14
2026-09-01 12:20,LTC,LTC,48.726,0.821,0.41,0.41,0.616,61336,0.00125,13.32
2026-09-01 12:20,ADA,ADA,0.19792500000000002,0.505,0.253,0.253,0.253,141084,0.00125,13.01
2026-09-01 12:20,DOT,DOT,0.856355,3.153,1.576,1.576,1.693,20952,0.000307,13.01
2026-09-01 12:20,UNI,UNI,5.6657,2.471,1.236,1.412,1.412,33083,0.00125,14.97
2026-09-01 12:20,AAVE,AAVE,125.215,0.799,0.399,1.198,1.198,133472,0.00125,13.3
2026-09-01 12:20,ARB,ARB,0.11035500000000001,0.906,0.453,0.453,3.172,81041,0.00125,13.41
2026-09-01 12:20,POL,POL,0.091973,1.957,0.979,0.979,0.979,8765,-0.001617,10.96
2026-09-01 12:20,RENDER,RENDER,1.42865,4.9,2.45,3.15,4.55,33733,0.00125,17.4
2026-09-01 12:20,DOGE,DOGE,0.08258099999999999,1.453,0.727,0.727,0.727,159850,0.00125,13.95
2026-09-01 12:20,SHIB,kSHIB,0.005127,3.901,3.901,3.901,3.901,211789,0.00125,20.3
2026-09-01 12:20,PEPE,kPEPE,0.0034844999999999998,2.87,1.435,1.435,4.305,1083416,0.00125,15.37
2026-09-01 12:20,WIF,WIF,0.197015,2.538,1.269,1.269,1.269,82955,0.00125,15.04
2026-09-01 12:20,BONK,kBONK,0.0030945,3.232,1.616,1.616,4.847,141836,0.00125,15.73
2026-09-01 12:20,TRUMP,TRUMP,2.3579,1.696,0.848,1.696,2.121,78763,-0.004497,10.7
2026-09-01 12:25,BTC,BTC,77997.5,0.128,0.064,0.064,0.064,5206524,0.00125,12.63
2026-09-01 12:25,ETH,ETH,2457.05,0.407,0.203,0.203,0.203,5645204,0.00125,12.91
2026-09-01 12:25,SOL,SOL,102.35499999999999,0.977,0.488,0.488,0.488,4276839,-0.00242,9.98
2026-09-01 12:25,XRP,XRP,1.3726500000000001,0.729,0.364,0.364,0.364,1478624,0.00125,13.23
2026-09-01 12:25,AVAX,AVAX,7.242900000000001,0.552,0.276,0.276,0.414,54412,-0.000132,9.55
2026-09-01 12:25,LINK,LINK,11.4055,0.877,0.438,0.438,1.315,183067,0.00125,13.38
2026-09-01 12:25,LTC,LTC,48.86,0.819,0.409,0.614,0.614,55233,0.00125,13.32
2026-09-01 12:25,ADA,ADA,0.198595,0.504,0.755,0.755,0.755,120823,0.00125,14.01
2026-09-01 12:25,DOT,DOT,0.86448,1.619,0.81,0.925,1.272,18897,0.000575,12.23
2026-09-01 12:25,UNI,UNI,5.70235,0.877,0.438,0.438,0.438,31728,0.00125,13.38
2026-09-01 12:25,AAVE,AAVE,126.225,0.792,0.396,1.188,1.188,165180,0.00125,13.29
2026-09-01 12:25,ARB,ARB,0.111205,4.496,2.248,2.248,2.248,99775,0.00125,17.0
2026-09-01 12:25,POL,POL,0.0920975,3.366,1.683,1.792,2.66,5482,-0.002116,12.37
2026-09-01 12:25,RENDER,RENDER,1.4337,2.79,1.395,2.092,3.487,25647,0.00125,15.29
2026-09-01 12:25,DOGE,DOGE,0.082689,0.484,0.242,0.363,0.363,195705,0.00125,12.98
2026-09-01 12:25,SHIB,kSHIB,0.005157,3.878,1.939,1.939,1.939,212505,0.00125,16.38
2026-09-01 12:25,PEPE,kPEPE,0.0034875,2.867,1.434,1.434,1.434,988768,0.00125,15.37
2026-09-01 12:25,WIF,WIF,0.19790000000000002,2.021,1.011,1.516,1.516,58202,0.00125,14.52
2026-09-01 12:25,BONK,kBONK,0.003118,6.414,3.207,3.207,3.207,202061,0.00125,18.91
2026-09-01 12:25,TRUMP,TRUMP,2.36685,0.423,0.211,0.211,0.211,63255,-0.004416,9.42
2026-09-01 12:30,BTC,BTC,78053.5,0.128,0.064,0.064,0.064,6228337,0.00125,12.63
2026-09-01 12:30,ETH,ETH,2458.8500000000004,0.407,0.203,0.203,0.203,9750286,0.00125,12.91
2026-09-01 12:30,SOL,SOL,102.33500000000001,0.977,0.489,0.489,0.489,4760747,-0.002013,9.98
2026-09-01 12:30,XRP,XRP,1.3749500000000001,0.727,0.364,0.364,0.364,1895344,0.00125,13.23
2026-09-01 12:30,AVAX,AVAX,7.2575,0.551,0.276,0.276,0.413,29108,-8.5e-05,9.55
2026-09-01 12:30,LINK,LINK,11.4165,0.876,1.314,2.19,3.066,200287,0.00125,15.13
2026-09-01 12:30,LTC,LTC,48.8515,1.842,0.921,0.921,0.921,58501,0.00125,14.34
2026-09-01 12:30,ADA,ADA,0.19924999999999998,4.015,2.509,3.011,3.011,117867,0.00125,17.52
2026-09-01 12:30,DOT,DOT,0.8675649999999999,2.19,1.095,1.441,2.824,11275,0.000758,13.31
2026-09-01 12:30,UNI,UNI,5.7411,3.832,1.916,1.916,1.916,51497,0.00125,16.33
2026-09-01 12:30,AAVE,AAVE,126.875,2.365,1.182,1.182,1.182,160624,0.00125,14.86
2026-09-01 12:30,ARB,ARB,0.111405,0.898,1.346,1.346,1.346,40363,0.00125,15.19
2026-09-01 12:30,POL,POL,0.0920445,2.282,1.141,1.358,2.119,9087,-0.002409,11.28
2026-09-01 12:30,RENDER,RENDER,1.43925,3.474,2.432,4.516,5.906,28610,0.00125,17.36
2026-09-01 12:30,DOGE,DOGE,0.082826,0.724,0.362,0.362,0.483,145081,0.00125,13.22
2026-09-01 12:30,SHIB,kSHIB,0.0051745,1.933,0.966,0.966,0.966,162643,0.00125,14.43
2026-09-01 12:30,PEPE,kPEPE,0.0034965,2.86,1.43,1.43,1.43,921961,0.00125,15.36
2026-09-01 12:30,WIF,WIF,0.19846999999999998,2.015,1.008,1.512,1.512,70176,0.00125,14.52
2026-09-01 12:30,BONK,kBONK,0.003138,6.373,3.187,3.187,3.187,160291,0.00125,18.87
2026-09-01 12:30,TRUMP,TRUMP,2.37065,1.265,0.633,2.32,2.32,94309,-0.004282,10.27
2026-09-01 12:35,BTC,BTC,78064.5,0.128,0.064,0.064,0.064,6988464,0.00125,12.63
2026-09-01 12:35,ETH,ETH,2459.8500000000004,0.407,0.61,0.61,0.61,5717082,0.00125,13.72
2026-09-01 12:35,SOL,SOL,102.465,0.976,0.488,0.488,0.488,4736964,-0.001697,9.98
2026-09-01 12:35,XRP,XRP,1.3758499999999998,0.727,0.363,0.363,0.363,1869779,0.00125,13.23
2026-09-01 12:35,AVAX,AVAX,7.27125,0.963,0.481,0.481,0.481,38706,-1.2e-05,9.96
2026-09-01 12:35,LINK,LINK,11.4235,0.875,0.438,1.313,1.313,196914,0.00125,13.38
2026-09-01 12:35,LTC,LTC,48.8685,0.205,0.102,0.307,0.307,43839,0.00125,12.7
2026-09-01 12:35,ADA,ADA,0.19927,1.004,0.502,1.004,1.004,140586,0.00125,13.5
2026-09-01 12:35,DOT,DOT,0.8689,2.532,1.266,2.072,2.762,28490,0.000727,13.57
2026-09-01 12:35,UNI,UNI,5.744149999999999,1.567,0.783,0.783,0.783,27185,0.00125,14.07
2026-09-01 12:35,AAVE,AAVE,127.33,1.571,0.785,1.571,3.927,136773,0.00125,14.07
2026-09-01 12:35,ARB,ARB,0.11174999999999999,3.579,1.79,1.79,1.79,78399,0.00125,16.08
2026-09-01 12:35,POL,POL,0.092349,0.866,0.433,1.083,1.516,7994,-0.002467,9.87
2026-09-01 12:35,RENDER,RENDER,1.4391500000000002,4.864,2.432,3.127,3.822,28646,0.00125,17.36
2026-09-01 12:35,DOGE,DOGE,0.08284749999999999,0.604,0.302,0.422,0.422,132755,0.00125,13.1
2026-09-01 12:35,SHIB,kSHIB,0.0051725,1.933,0.967,0.967,0.967,202870,0.00125,14.43
2026-09-01 12:35,PEPE,kPEPE,0.0034915,2.864,1.432,1.432,1.432,955066,0.00125,15.36
2026-09-01 12:35,WIF,WIF,0.198635,3.524,2.769,3.272,3.272,52668,0.00125,18.04
2026-09-01 12:35,BONK,kBONK,0.003144,6.361,3.181,3.181,3.181,171885,0.00125,18.86
2026-09-01 12:35,TRUMP,TRUMP,2.37325,2.107,1.053,1.053,1.475,54239,-0.003985,11.11
2026-09-01 12:40,BTC,BTC,78150.5,0.128,0.064,0.064,0.064,6495526,0.00125,12.63
2026-09-01 12:40,ETH,ETH,2462.25,0.406,0.203,0.203,0.203,8192932,0.00125,12.91
2026-09-01 12:40,SOL,SOL,102.63499999999999,0.974,0.487,0.487,0.487,4995672,-0.001343,9.97
2026-09-01 12:40,XRP,XRP,1.38205,0.724,0.362,0.362,0.362,1597760,0.00125,13.22
2026-09-01 12:40,AVAX,AVAX,7.27795,0.137,0.069,0.069,0.069,23848,2.5e-05,9.21
2026-09-01 12:40,LINK,LINK,11.4475,0.874,0.437,0.437,0.437,223852,0.00125,13.37
2026-09-01 12:40,LTC,LTC,48.933499999999995,0.204,0.102,0.102,0.102,51289,0.00125,12.7
2026-09-01 12:40,ADA,ADA,0.19987,1.001,0.5,1.001,1.001,116910,0.00125,13.5
2026-09-01 12:40,DOT,DOT,0.86673,1.385,0.692,0.808,0.808,27318,0.000672,12.27
2026-09-01 12:40,UNI,UNI,5.74375,0.871,0.435,0.609,0.609,19239,0.00125,13.37
2026-09-01 12:40,AAVE,AAVE,127.655,2.35,1.175,1.175,1.958,135454,0.00125,14.85
2026-09-01 12:40,ARB,ARB,0.111995,2.679,3.125,3.125,3.125,65049,0.00125,18.75
2026-09-01 12:40,POL,POL,0.0926945,3.776,2.643,2.751,3.614,5411,-0.002632,14.29
2026-09-01 12:40,RENDER,RENDER,1.44285,4.852,2.426,3.812,5.198,30229,0.00125,17.35
2026-09-01 12:40,DOGE,DOGE,0.082983,0.482,0.241,0.603,0.723,137371,0.00125,12.98
2026-09-01 12:40,SHIB,kSHIB,0.005182,3.86,1.93,1.93,1.93,145418,0.00125,16.36
2026-09-01 12:40,PEPE,kPEPE,0.0034935,2.862,1.431,1.431,1.431,815061,0.00125,15.36
2026-09-01 12:40,WIF,WIF,0.199475,2.507,1.755,1.755,1.755,54930,0.00125,16.01
2026-09-01 12:40,BONK,kBONK,0.0031590000000000003,6.331,3.166,3.166,3.166,132787,0.00125,18.83
2026-09-01 12:40,TRUMP,TRUMP,2.38605,0.419,2.724,2.724,2.724,106490,-0.00359,14.45
2026-09-01 12:45,BTC,BTC,78135.5,0.128,0.064,0.064,0.064,4708061,0.00125,12.63
2026-09-01 12:45,ETH,ETH,2460.8500000000004,0.406,0.203,0.203,0.203,8850721,0.00125,12.91
2026-09-01 12:45,SOL,SOL,102.555,0.975,0.488,0.488,0.488,4985210,-0.001081,9.98
2026-09-01 12:45,XRP,XRP,1.38035,0.724,0.362,0.362,0.362,2022076,0.00125,13.22
2026-09-01 12:45,AVAX,AVAX,7.27335,0.137,0.069,0.069,0.069,46246,-5.7e-05,9.14
2026-09-01 12:45,LINK,LINK,11.432500000000001,0.875,0.437,0.437,0.437,263712,0.00125,13.37
2026-09-01 12:45,LTC,LTC,48.986000000000004,1.633,0.817,0.817,0.817,56575,0.00125,14.13
2026-09-01 12:45,ADA,ADA,0.199295,0.502,0.251,0.251,1.254,97086,0.00125,13.0
2026-09-01 12:45,DOT,DOT,0.8631949999999999,2.665,1.332,1.796,1.912,18926,0.000544,13.19
2026-09-01 12:45,UNI,UNI,5.7553,0.695,0.348,0.348,1.216,53579,0.00125,13.2
2026-09-01 12:45,AAVE,AAVE,127.215,0.786,0.393,0.393,0.393,170940,0.00125,13.29
2026-09-01 12:45,ARB,ARB,0.112085,2.677,2.23,2.23,3.123,82311,0.00125,16.96
2026-09-01 12:45,POL,POL,0.09261,1.512,1.512,3.455,3.779,8162,-0.002843,12.02
2026-09-01 12:45,RENDER,RENDER,1.44015,4.861,2.43,3.125,6.597,21128,0.00125,17.36
2026-09-01 12:45,DOGE,DOGE,0.0828865,0.121,0.06,0.06,0.06,106294,0.00125,12.62
2026-09-01 12:45,SHIB,kSHIB,0.005178,3.862,1.931,1.931,1.931,146508,0.00125,16.36
2026-09-01 12:45,PEPE,kPEPE,0.0034865,2.868,1.434,1.434,1.434,863515,0.00125,15.37
2026-09-01 12:45,WIF,WIF,0.198935,2.513,1.257,1.257,2.765,46784,0.00125,15.01
2026-09-01 12:45,BONK,kBONK,0.0031665,3.158,1.579,1.579,1.579,156850,0.00125,15.66
2026-09-01 12:45,TRUMP,TRUMP,2.37835,0.42,0.21,1.892,2.313,51565,-0.003454,9.42
2026-09-01 12:50,BTC,BTC,78066.5,0.128,0.064,0.064,0.064,4893089,0.00125,12.63
2026-09-01 12:50,ETH,ETH,2459.05,0.407,0.203,0.203,0.203,9590063,0.00125,12.91
2026-09-01 12:50,SOL,SOL,102.505,0.976,0.488,0.488,0.488,4591068,-0.000906,9.98
2026-09-01 12:50,XRP,XRP,1.3802500000000002,0.725,0.362,0.362,0.362,1888706,0.00125,13.22
2026-09-01 12:50,AVAX,AVAX,7.26685,0.688,0.344,1.307,1.445,38700,-0.000118,9.69
2026-09-01 12:50,LINK,LINK,11.4275,0.875,0.438,0.438,0.438,241800,0.00125,13.38
2026-09-01 12:50,LTC,LTC,48.9345,0.613,0.307,0.511,0.511,47569,0.00125,13.11
2026-09-01 12:50,ADA,ADA,0.19917,1.004,0.502,1.004,1.004,134238,0.00125,13.5
2026-09-01 12:50,DOT,DOT,0.8636349999999999,4.516,2.258,2.258,2.374,22530,0.000448,14.77
2026-09-01 12:50,UNI,UNI,5.74375,0.174,2.699,3.047,3.047,28119,0.00125,17.9
2026-09-01 12:50,AAVE,AAVE,126.99000000000001,1.575,0.787,1.575,2.362,158598,0.00125,14.07
2026-09-01 12:50,ARB,ARB,0.11238999999999999,1.78,3.559,5.339,7.118,61090,0.00125,19.62
2026-09-01 12:50,POL,POL,0.0927675,3.557,1.779,1.886,2.857,5522,-0.003008,12.56
2026-09-01 12:50,RENDER,RENDER,1.4410500000000002,6.245,3.123,3.817,4.511,28734,0.00125,18.75
2026-09-01 12:50,DOGE,DOGE,0.0828905,0.121,0.06,0.06,0.06,152668,0.00125,12.62
2026-09-01 12:50,SHIB,kSHIB,0.005176,3.864,3.864,3.864,3.864,247877,0.00125,20.23
2026-09-01 12:50,PEPE,kPEPE,0.0034865,2.868,1.434,1.434,1.434,653955,0.00125,15.37
2026-09-01 12:50,WIF,WIF,0.19901,3.015,1.507,3.015,3.517,73856,0.00125,15.51
2026-09-01 12:50,BONK,kBONK,0.003171,6.307,3.154,3.154,3.154,167515,0.00125,18.81
2026-09-01 12:50,TRUMP,TRUMP,2.37675,0.421,0.21,1.052,1.473,61800,-0.003511,9.42
2026-09-01 12:55,BTC,BTC,77990.5,0.128,0.064,0.064,0.064,5131737,0.00125,12.63
2026-09-01 12:55,ETH,ETH,2455.95,0.407,0.204,0.204,0.204,7314037,0.00125,12.91
2026-09-01 12:55,SOL,SOL,102.235,0.978,0.489,0.489,0.489,4027346,-0.000811,9.98
2026-09-01 12:55,XRP,XRP,1.3766500000000002,0.726,0.363,0.363,0.363,1550628,0.00125,13.23
2026-09-01 12:55,AVAX,AVAX,7.26145,0.138,0.069,0.069,0.069,38427,-0.00018,9.14
2026-09-01 12:55,LINK,LINK,11.4085,0.877,0.438,0.438,0.438,230709,0.00125,13.38
2026-09-01 12:55,LTC,LTC,48.8675,1.023,0.512,0.716,0.716,50865,0.00125,13.52
2026-09-01 12:55,ADA,ADA,0.19888,1.006,0.503,0.503,1.006,138034,0.00125,13.51
2026-09-01 12:55,DOT,DOT,0.86364,1.389,0.695,0.695,0.695,18436,0.00025,11.09
2026-09-01 12:55,UNI,UNI,5.7517,1.391,0.695,0.695,0.869,19909,0.00125,13.89
2026-09-01 12:55,AAVE,AAVE,126.75999999999999,3.156,1.578,1.578,1.578,213252,0.00125,15.66
2026-09-01 12:55,ARB,ARB,0.112865,0.886,0.443,4.873,5.759,67374,0.00125,13.39
2026-09-01 12:55,POL,POL,0.092591,2.376,1.836,1.836,3.24,7981,-0.003233,12.67
2026-09-01 12:55,RENDER,RENDER,1.4367,5.568,2.784,4.176,5.568,17240,0.00125,18.07
2026-09-01 12:55,DOGE,DOGE,0.0827925,0.121,0.06,0.06,0.06,188841,0.00125,12.62
2026-09-01 12:55,SHIB,kSHIB,0.0051605,1.938,0.969,0.969,2.907,149935,0.00125,14.44
2026-09-01 12:55,PEPE,kPEPE,0.0034825,2.872,1.436,1.436,1.436,1030629,0.00125,15.37
2026-09-01 12:55,WIF,WIF,0.198805,3.521,1.761,3.27,3.773,47424,0.00125,16.02
2026-09-01 12:55,BONK,kBONK,0.003164,6.321,3.161,3.161,3.161,175875,0.00125,18.82
2026-09-01 12:55,TRUMP,TRUMP,2.37485,0.421,0.211,0.211,0.211,55846,-0.003683,9.42
2026-09-01 13:00,BTC,BTC,77983.5,0.128,0.064,0.064,0.064,3944638,0.00125,12.63
2026-09-01 13:00,ETH,ETH,2455.3500000000004,0.407,0.204,0.204,0.204,9199449,0.00125,12.91
2026-09-01 13:00,SOL,SOL,102.265,0.978,0.489,0.489,0.489,4350257,0.000141,10.37
2026-09-01 13:00,XRP,XRP,1.37615,0.727,0.363,0.363,0.363,1940021,0.00125,13.23
2026-09-01 13:00,AVAX,AVAX,7.26905,0.688,0.344,0.481,0.481,18726,-0.000557,9.69
2026-09-01 13:00,LINK,LINK,11.413499999999999,0.876,0.438,0.438,0.438,209775,0.000454,11.15
2026-09-01 13:00,LTC,LTC,48.9175,0.613,0.307,0.307,0.307,46580,0.00125,13.11
2026-09-01 13:00,ADA,ADA,0.19881,1.006,0.503,1.006,1.006,128356,0.00125,13.51
2026-09-01 13:00,DOT,DOT,0.86195,0.928,0.464,0.58,0.58,23071,-0.002115,9.93
2026-09-01 13:00,UNI,UNI,5.73525,0.174,0.087,2.354,3.749,18541,0.00125,12.67
2026-09-01 13:00,AAVE,AAVE,126.47,1.581,0.791,0.791,0.791,174259,0.00125,14.08
2026-09-01 13:00,ARB,ARB,0.11215,1.783,0.892,0.892,2.675,42813,0.00125,14.28
2026-09-01 13:00,POL,POL,0.092506,2.811,1.405,1.513,3.027,4852,-0.004139,11.81
2026-09-01 13:00,RENDER,RENDER,1.43545,0.697,0.348,5.225,5.921,52386,0.00125,13.2
2026-09-01 13:00,DOGE,DOGE,0.0827845,0.121,0.06,0.06,0.06,168028,0.00125,12.62
2026-09-01 13:00,SHIB,kSHIB,0.0051525,1.941,2.911,2.911,2.911,196848,0.00125,18.32
2026-09-01 13:00,PEPE,kPEPE,0.0034850000000000003,5.739,2.869,2.869,2.869,885432,0.00125,18.24
2026-09-01 13:00,WIF,WIF,0.198765,2.516,2.264,3.27,3.773,68870,0.00125,17.03
2026-09-01 13:00,BONK,kBONK,0.0031615000000000002,9.489,4.745,4.745,4.745,179465,0.00125,21.99
2026-09-01 13:00,TRUMP,TRUMP,2.36975,0.422,0.211,0.211,1.899,57286,-0.006369,9.42
2026-09-01 13:05,BTC,BTC,77981.5,0.128,0.064,0.064,0.064,9523890,0.00125,12.63
2026-09-01 13:05,ETH,ETH,2454.05,0.407,0.204,0.204,0.204,10520766,0.00125,12.91
2026-09-01 13:05,SOL,SOL,102.245,0.978,0.489,0.489,0.489,4824003,-0.000287,9.98
2026-09-01 13:05,XRP,XRP,1.37515,0.727,1.091,1.091,1.091,1370792,0.00125,14.68
2026-09-01 13:05,AVAX,AVAX,7.2598,1.653,0.826,0.964,0.964,33745,-9e-06,10.65
2026-09-01 13:05,LINK,LINK,11.412500000000001,0.876,0.438,0.438,0.438,163797,0.00125,13.38
2026-09-01 13:05,LTC,LTC,48.968,0.817,0.408,0.408,0.613,52574,0.00125,13.32
2026-09-01 13:05,ADA,ADA,0.19876,1.006,0.503,0.503,0.503,169589,0.00125,13.51
2026-09-01 13:05,DOT,DOT,0.8627,0.927,0.464,0.811,2.55,26214,-0.000576,9.93
2026-09-01 13:05,UNI,UNI,5.7359,2.441,1.22,1.569,1.569,19625,0.00125,14.94
2026-09-01 13:05,AAVE,AAVE,126.675,2.368,1.184,1.184,1.184,195868,0.00125,14.87
2026-09-01 13:05,ARB,ARB,0.113075,2.653,1.327,1.327,1.327,66582,0.003389,21.14
2026-09-01 13:05,POL,POL,0.09270500000000001,2.373,1.187,1.294,1.726,8226,-0.003424,11.37
2026-09-01 13:05,RENDER,RENDER,1.4374500000000001,3.478,1.739,3.131,4.522,29401,0.00125,15.98
2026-09-01 13:05,DOGE,DOGE,0.0827565,0.121,0.06,0.06,0.06,161543,0.00125,12.62
2026-09-01 13:05,SHIB,kSHIB,0.005161499999999999,1.937,0.969,2.906,4.844,202705,0.00125,14.44
2026-09-01 13:05,PEPE,kPEPE,0.003487,5.736,2.868,2.868,2.868,831806,0.00125,18.24
2026-09-01 13:05,WIF,WIF,0.198435,2.52,1.764,2.268,3.276,24233,0.00125,16.03
2026-09-01 13:05,BONK,kBONK,0.0031539999999999997,6.341,3.171,3.171,3.171,164809,0.00125,18.84
2026-09-01 13:05,TRUMP,TRUMP,2.36965,0.422,1.477,3.165,3.587,46951,-0.004351,11.95
2026-09-01 13:10,BTC,BTC,77985.5,0.128,0.064,0.064,0.064,5175822,0.00125,12.63
2026-09-01 13:10,ETH,ETH,2454.55,0.407,0.204,0.204,0.204,7530198,0.00125,12.91
2026-09-01 13:10,SOL,SOL,102.265,0.978,0.489,0.489,0.489,4342918,-0.000133,9.98
2026-09-01 13:10,XRP,XRP,1.37605,0.727,0.363,0.363,0.363,1627935,0.00125,13.23
2026-09-01 13:10,AVAX,AVAX,7.257149999999999,1.516,0.758,0.896,0.896,34224,0.000149,10.93
2026-09-01 13:10,LINK,LINK,11.4145,0.876,0.438,0.438,0.438,187225,0.00125,13.38
2026-09-01 13:10,LTC,LTC,48.8855,1.023,0.511,0.716,0.716,43643,0.00125,13.52
2026-09-01 13:10,ADA,ADA,0.19883499999999998,0.503,0.251,0.251,0.251,189497,0.00125,13.0
2026-09-01 13:10,DOT,DOT,0.86256,2.319,1.159,1.275,2.203,29920,-0.000939,11.32
2026-09-01 13:10,UNI,UNI,5.75165,2.26,1.13,1.304,1.478,17888,0.00125,14.76
2026-09-01 13:10,AAVE,AAVE,126.61,1.58,1.58,1.58,1.58,188156,0.00125,15.66
2026-09-01 13:10,ARB,ARB,0.113605,4.401,2.201,4.841,6.602,42006,0.003261,22.53
2026-09-01 13:10,POL,POL,0.092526,2.162,1.081,1.189,2.27,5372,-0.003444,11.16
2026-09-01 13:10,RENDER,RENDER,1.43695,4.871,2.436,3.828,4.523,33840,0.00125,17.37
2026-09-01 13:10,DOGE,DOGE,0.0827635,0.121,0.06,0.06,0.06,166524,0.00125,12.62
2026-09-01 13:10,SHIB,kSHIB,0.005157500000000001,1.939,2.908,2.908,2.908,197032,0.00125,18.32
2026-09-01 13:10,PEPE,kPEPE,0.0034835,2.871,4.306,4.306,4.306,1033138,0.00125,21.11
2026-09-01 13:10,WIF,WIF,0.198125,1.514,3.785,5.804,6.309,16871,0.00125,20.07
2026-09-01 13:10,BONK,kBONK,0.0031455,3.179,1.59,1.59,1.59,156653,0.00125,15.68
2026-09-01 13:10,TRUMP,TRUMP,2.3705499999999997,0.422,0.211,0.211,0.633,41126,-0.003922,9.42
2026-09-01 13:15,BTC,BTC,77991.5,0.128,0.064,0.064,0.064,2745848,0.00125,12.63
2026-09-01 13:15,ETH,ETH,2454.95,0.407,0.204,0.204,0.204,7017486,0.00125,12.91
2026-09-01 13:15,SOL,SOL,102.265,0.978,0.489,0.489,0.489,4631826,0.000206,10.55
2026-09-01 13:15,XRP,XRP,1.37595,0.727,0.363,0.363,0.363,1565248,0.00125,13.23
2026-09-01 13:15,AVAX,AVAX,7.25615,0.689,0.345,0.482,0.482,26815,6.8e-05,9.88
2026-09-01 13:15,LINK,LINK,11.405000000000001,1.754,0.877,0.877,0.877,284435,0.00125,14.25
2026-09-01 13:15,LTC,LTC,48.8215,0.205,0.102,0.307,0.512,47013,0.00125,12.7
2026-09-01 13:15,ADA,ADA,0.19867,1.007,0.503,0.503,1.007,184355,0.00125,13.51
2026-09-01 13:15,DOT,DOT,0.862645,1.275,0.638,0.753,0.753,20665,-0.001243,10.28
2026-09-01 13:15,UNI,UNI,5.7472,1.392,0.696,1.74,2.262,27135,0.00125,13.89
2026-09-01 13:15,AAVE,AAVE,126.795,2.366,1.183,1.183,1.972,202392,0.00125,14.87
2026-09-01 13:15,ARB,ARB,0.113135,0.884,0.442,0.442,0.442,86395,0.002855,17.88
2026-09-01 13:15,POL,POL,0.0923735,3.789,2.544,2.544,3.302,5203,-0.003109,14.09
2026-09-01 13:15,RENDER,RENDER,1.4379499999999998,4.868,2.434,3.825,4.52,33521,0.00125,17.37
2026-09-01 13:15,DOGE,DOGE,0.0827415,0.121,0.06,0.181,0.181,188891,0.00125,12.62
2026-09-01 13:15,SHIB,kSHIB,0.0051565,1.939,0.97,0.97,2.909,280947,0.00125,14.44
2026-09-01 13:15,PEPE,kPEPE,0.0034855,2.869,4.304,4.304,4.304,1111044,0.00125,21.11
2026-09-01 13:15,WIF,WIF,0.197995,3.535,1.768,1.768,2.273,47824,0.00125,16.04
2026-09-01 13:15,BONK,kBONK,0.0031455,3.179,1.59,1.59,1.59,168394,0.00125,15.68
2026-09-01 13:15,TRUMP,TRUMP,2.37465,0.421,1.895,1.895,2.316,59435,-0.003336,12.79
2026-09-01 13:20,BTC,BTC,77986.5,0.128,0.064,0.064,0.064,2300907,0.00125,12.63
2026-09-01 13:20,ETH,ETH,2455.3500000000004,0.407,1.018,1.018,1.018,6685665,0.00125,14.54
2026-09-01 13:20,SOL,SOL,102.315,0.977,0.489,0.489,0.489,4422748,0.000386,11.06
2026-09-01 13:20,XRP,XRP,1.3775499999999998,0.726,0.363,0.363,0.363,1992107,0.00125,13.23
2026-09-01 13:20,AVAX,AVAX,7.262650000000001,0.688,0.344,0.482,0.482,63682,-7.8e-05,9.69
2026-09-01 13:20,LINK,LINK,11.425,1.751,0.875,0.875,1.751,263636,0.00125,14.25
2026-09-01 13:20,LTC,LTC,48.8925,0.205,0.102,0.102,0.307,67716,0.00125,12.7
2026-09-01 13:20,ADA,ADA,0.198805,0.503,0.252,0.252,1.258,195377,0.00125,13.0
2026-09-01 13:20,DOT,DOT,0.86463,1.157,0.578,0.925,1.041,17221,-0.001146,10.16
2026-09-01 13:20,UNI,UNI,5.733599999999999,0.698,0.349,0.872,1.57,44431,0.00125,13.2
2026-09-01 13:20,AAVE,AAVE,126.89500000000001,0.788,1.182,1.182,1.182,192063,0.00125,14.86
2026-09-01 13:20,ARB,ARB,0.113485,2.644,1.322,1.322,1.322,76504,0.002976,19.98
2026-09-01 13:20,POL,POL,0.092639,3.67,2.591,3.67,4.102,6477,-0.003153,14.18
2026-09-01 13:20,RENDER,RENDER,1.4378,4.173,2.087,3.478,4.869,23634,0.00125,16.67
2026-09-01 13:20,DOGE,DOGE,0.0827725,0.846,0.423,0.423,0.423,214840,0.00125,13.35
2026-09-01 13:20,SHIB,kSHIB,0.005157500000000001,1.939,0.969,0.969,2.908,212226,0.00125,14.44
2026-09-01 13:20,PEPE,kPEPE,0.0034875,2.867,1.434,1.434,1.434,991576,0.00125,15.37
2026-09-01 13:20,WIF,WIF,0.198205,2.523,1.766,3.279,4.288,47792,0.00125,16.03
2026-09-01 13:20,BONK,kBONK,0.0031479999999999998,6.353,3.177,3.177,3.177,163688,0.00125,18.85
2026-09-01 13:20,TRUMP,TRUMP,2.37445,1.263,0.632,0.632,1.474,39519,-0.002715,10.26
2026-09-01 13:25,BTC,BTC,77954.5,0.128,0.064,0.064,0.064,1787896,0.00125,12.63
2026-09-01 13:25,ETH,ETH,2455.1499999999996,0.407,0.204,0.204,0.204,6413313,0.00125,12.91
2026-09-01 13:25,SOL,SOL,102.13499999999999,0.979,0.49,0.49,0.49,3872986,0.00025,10.68
2026-09-01 13:25,XRP,XRP,1.3790499999999999,0.725,0.363,1.088,1.088,2022315,0.00125,13.23
2026-09-01 13:25,AVAX,AVAX,7.2629,0.826,0.413,0.413,0.413,53347,-2.8e-05,9.83
2026-09-01 13:25,LINK,LINK,11.4205,0.876,0.438,0.438,0.438,232653,0.00125,13.38
2026-09-01 13:25,LTC,LTC,48.959500000000006,0.204,0.306,1.94,2.145,54116,0.00125,13.11
2026-09-01 13:25,ADA,ADA,0.19898500000000002,1.508,0.754,0.754,0.754,162931,0.00125,14.01
2026-09-01 13:25,DOT,DOT,0.8644449999999999,1.735,0.868,1.33,1.446,28367,-0.000881,10.74
2026-09-01 13:25,UNI,UNI,5.7385,1.743,0.871,1.046,1.743,21008,0.00125,14.24
2026-09-01 13:25,AAVE,AAVE,126.745,2.367,1.972,1.972,2.761,157593,0.00125,16.44
2026-09-01 13:25,ARB,ARB,0.11543999999999999,15.593,8.663,12.994,15.593,33863,0.003236,35.39
2026-09-01 13:25,POL,POL,0.092587,3.24,2.376,3.132,3.24,5445,-0.003301,13.75
2026-09-01 13:25,RENDER,RENDER,1.4381,4.172,2.781,3.477,4.868,27700,0.00125,18.06
2026-09-01 13:25,DOGE,DOGE,0.082815,0.242,0.121,0.121,0.121,201859,0.00125,12.74
2026-09-01 13:25,SHIB,kSHIB,0.0051494999999999996,1.942,0.971,2.913,2.913,200189,0.00125,14.44
2026-09-01 13:25,PEPE,kPEPE,0.0034905,2.865,1.432,1.432,1.432,817095,0.00125,15.36
2026-09-01 13:25,WIF,WIF,0.198845,2.515,2.766,3.269,3.772,43801,0.00125,18.03
2026-09-01 13:25,BONK,kBONK,0.0031485000000000003,3.176,1.588,4.764,4.764,143266,0.00125,15.68
2026-09-01 13:25,TRUMP,TRUMP,2.3756500000000003,1.263,0.631,0.631,1.052,72798,-0.002373,10.26
2026-09-01 13:30,BTC,BTC,77947.5,0.128,0.064,0.064,0.064,2350649,0.00125,12.63
2026-09-01 13:30,ETH,ETH,2454.45,0.407,0.204,0.204,0.204,7806136,0.00125,12.91
2026-09-01 13:30,SOL,SOL,102.07499999999999,0.98,0.49,0.49,0.49,5324597,0.000172,10.46
2026-09-01 13:30,XRP,XRP,1.3779499999999998,0.726,1.089,1.089,1.089,1790050,0.00125,14.68
2026-09-01 13:30,AVAX,AVAX,7.2616,1.653,0.826,0.964,1.653,35839,3.3e-05,10.74
2026-09-01 13:30,LINK,LINK,11.4235,0.875,0.438,0.438,0.438,173965,0.00125,13.38
2026-09-01 13:30,LTC,LTC,48.931,0.817,0.409,0.613,0.613,48763,0.00125,13.32
2026-09-01 13:30,ADA,ADA,0.198875,0.503,0.251,0.251,0.251,163408,0.00125,13.0
2026-09-01 13:30,DOT,DOT,0.863705,1.737,0.868,1.331,1.331,20583,-0.000849,10.74
2026-09-01 13:30,UNI,UNI,5.7186,1.399,0.699,0.874,1.224,18579,0.00125,13.9
2026-09-01 13:30,AAVE,AAVE,126.635,2.369,1.185,1.185,2.764,202662,0.00125,14.87
2026-09-01 13:30,ARB,ARB,0.115375,2.6,1.3,1.3,1.3,53225,0.00296,19.89
2026-09-01 13:30,POL,POL,0.09255849999999999,1.188,2.215,2.863,3.295,5012,-0.003526,13.43
2026-09-01 13:30,RENDER,RENDER,1.43655,4.873,3.829,3.829,5.221,15309,0.00125,20.16
2026-09-01 13:30,DOGE,DOGE,0.0827445,0.121,0.906,0.906,0.906,149221,0.00125,14.31
2026-09-01 13:30,SHIB,kSHIB,0.005159,3.877,1.938,1.938,3.877,183630,0.00125,16.38
2026-09-01 13:30,PEPE,kPEPE,0.0034925,2.863,1.432,1.432,1.432,1040956,0.00125,15.36
2026-09-01 13:30,WIF,WIF,0.19889,5.028,2.514,2.514,4.022,52404,0.00125,17.53
2026-09-01 13:30,BONK,kBONK,0.003153,6.343,3.172,3.172,3.172,192904,0.00125,18.84
2026-09-01 13:30,TRUMP,TRUMP,2.3743999999999996,0.842,0.421,0.421,1.263,63740,-0.002194,9.84
2026-09-01 13:35,BTC,BTC,78084.5,0.128,0.064,0.064,0.064,1944936,0.00125,12.63
2026-09-01 13:35,ETH,ETH,2459.95,0.407,0.203,0.203,0.203,9894985,0.00125,12.91
2026-09-01 13:35,SOL,SOL,102.315,0.977,0.489,0.489,0.489,5421524,0.000306,10.83
2026-09-01 13:35,XRP,XRP,1.3815499999999998,0.724,0.362,0.362,0.362,2021198,0.00125,13.22
2026-09-01 13:35,AVAX,AVAX,7.2764500000000005,0.687,1.031,1.031,1.718,46953,0.000273,11.82
2026-09-01 13:35,LINK,LINK,11.465,1.744,0.872,0.872,0.872,224681,0.00125,14.24
2026-09-01 13:35,LTC,LTC,49.096000000000004,1.629,0.815,0.815,1.018,76836,0.00125,14.13
2026-09-01 13:35,ADA,ADA,0.199465,0.501,0.251,0.752,0.752,178646,0.00125,13.0
2026-09-01 13:35,DOT,DOT,0.86806,1.613,0.806,0.922,0.922,15468,-0.000684,10.61
2026-09-01 13:35,UNI,UNI,5.805350000000001,2.239,6.115,7.838,9.043,11657,0.00125,24.73
2026-09-01 13:35,AAVE,AAVE,127.57499999999999,0.784,1.96,3.527,4.311,350577,0.00125,16.42
2026-09-01 13:35,ARB,ARB,0.11448,1.747,0.874,0.874,0.874,73316,0.002557,17.91
2026-09-01 13:35,POL,POL,0.092849,3.016,2.154,2.154,2.369,7247,-0.003692,13.31
2026-09-01 13:35,RENDER,RENDER,1.44375,4.848,2.424,4.502,6.58,13806,0.00125,17.35
2026-09-01 13:35,DOGE,DOGE,0.08299100000000001,1.205,0.602,0.843,0.843,181204,0.00125,13.7
2026-09-01 13:35,SHIB,kSHIB,0.0051785,1.931,0.966,0.966,0.966,146963,0.00125,14.43
2026-09-01 13:35,PEPE,kPEPE,0.0035015000000000003,2.856,4.284,7.14,7.14,498739,0.00125,21.07
2026-09-01 13:35,WIF,WIF,0.200245,3.496,2.247,2.247,3.246,69018,0.00125,16.99
2026-09-01 13:35,BONK,kBONK,0.0031695,3.155,1.578,1.578,1.578,177077,0.00125,15.66
2026-09-01 13:35,TRUMP,TRUMP,2.38115,1.26,1.05,1.47,1.89,56423,-0.001938,11.1
2026-09-01 13:40,BTC,BTC,78191.5,0.128,0.064,0.064,0.064,8130865,0.00125,12.63
2026-09-01 13:40,ETH,ETH,2462.8500000000004,0.406,0.203,0.203,0.203,11242115,0.00125,12.91
2026-09-01 13:40,SOL,SOL,102.505,0.976,0.488,0.488,0.488,5548792,0.000451,11.24
2026-09-01 13:40,XRP,XRP,1.3855499999999998,0.722,0.361,0.361,0.361,1248369,0.00125,13.22
2026-09-01 13:40,AVAX,AVAX,7.2955000000000005,1.371,0.685,0.685,0.822,44097,0.000415,11.53
2026-09-01 13:40,LINK,LINK,11.48,1.742,0.871,0.871,0.871,224352,0.00125,14.24
2026-09-01 13:40,LTC,LTC,49.084500000000006,0.204,0.102,0.102,0.102,49535,0.00125,12.7
2026-09-01 13:40,ADA,ADA,0.19996,2.0,1.0,1.0,1.0,165894,0.00125,14.5
2026-09-01 13:40,DOT,DOT,0.871965,2.408,1.204,1.204,2.007,16365,-0.000666,11.41
2026-09-01 13:40,UNI,UNI,5.8377,2.398,1.199,3.426,3.769,28683,0.00125,14.9
2026-09-01 13:40,AAVE,AAVE,127.945,0.782,0.391,1.172,2.736,100827,0.00125,13.28
2026-09-01 13:40,ARB,ARB,0.114975,0.87,2.174,2.174,2.174,40705,0.002295,19.77
2026-09-01 13:40,POL,POL,0.093167,0.644,1.073,1.717,2.469,5928,-0.003647,11.15
2026-09-01 13:40,RENDER,RENDER,1.4525000000000001,2.754,1.377,2.065,6.885,14721,0.00125,15.25
2026-09-01 13:40,DOGE,DOGE,0.0831465,0.601,0.301,0.301,0.301,133683,0.00125,13.1
2026-09-01 13:40,SHIB,kSHIB,0.0051895,1.927,0.963,0.963,2.89,165833,0.00125,14.43
2026-09-01 13:40,PEPE,kPEPE,0.0035069999999999997,5.703,2.851,2.851,2.851,870457,0.00125,18.2
2026-09-01 13:40,WIF,WIF,0.20189000000000001,0.991,2.477,4.458,4.953,20956,0.00125,17.45
2026-09-01 13:40,BONK,kBONK,0.003176,6.297,3.149,3.149,3.149,118975,0.00125,18.8
2026-09-01 13:40,TRUMP,TRUMP,2.39825,4.587,2.293,2.293,2.293,62938,-0.001467,13.59
2026-09-01 13:45,BTC,BTC,78130.5,0.128,0.064,0.064,0.064,2478281,0.00125,12.63
2026-09-01 13:45,ETH,ETH,2460.8500000000004,0.406,0.203,0.203,0.203,7455255,0.00125,12.91
2026-09-01 13:45,SOL,SOL,102.465,0.976,0.488,0.488,0.488,4732997,0.000534,11.47
2026-09-01 13:45,XRP,XRP,1.3838499999999998,0.723,0.361,0.361,0.361,1285498,0.00125,13.22
2026-09-01 13:45,AVAX,AVAX,7.29565,0.959,0.48,0.48,0.48,65121,0.00046,11.25
2026-09-01 13:45,LINK,LINK,11.461500000000001,0.872,0.436,0.436,0.436,157335,0.00125,13.37
2026-09-01 13:45,LTC,LTC,49.0905,0.611,0.306,0.306,0.306,66365,0.00125,13.11
2026-09-01 13:45,ADA,ADA,0.199975,0.5,0.25,0.25,0.25,153824,0.00125,13.0
2026-09-01 13:45,DOT,DOT,0.87198,2.523,1.261,1.606,1.72,24644,-0.000647,11.52
2026-09-01 13:45,UNI,UNI,5.86065,2.559,1.28,4.01,4.01,79086,0.00125,15.06
2026-09-01 13:45,AAVE,AAVE,128.015,2.343,1.172,1.172,2.734,366140,0.00125,14.84
2026-09-01 13:45,ARB,ARB,0.11397499999999999,0.877,1.316,3.071,4.826,44442,0.001966,17.14
2026-09-01 13:45,POL,POL,0.0933985,1.392,1.445,3.48,5.621,3051,-0.003274,11.89
2026-09-01 13:45,RENDER,RENDER,1.45595,4.808,2.404,3.778,5.151,14166,0.00125,17.31
2026-09-01 13:45,DOGE,DOGE,0.0831575,0.12,0.06,0.06,0.06,164493,0.00125,12.62
2026-09-01 13:45,SHIB,kSHIB,0.0052,3.846,3.846,5.769,5.769,269128,0.00125,20.19
2026-09-01 13:45,PEPE,kPEPE,0.0035065,2.852,1.426,1.426,1.426,814247,0.00125,15.35
2026-09-01 13:45,WIF,WIF,0.20126,1.987,1.491,2.484,2.981,38872,0.00125,15.48
2026-09-01 13:45,BONK,kBONK,0.003171,6.307,3.154,3.154,3.154,137277,0.00125,18.81
2026-09-01 13:45,TRUMP,TRUMP,2.3987,1.668,0.834,1.251,1.668,38301,-0.001334,10.67
2026-09-01 13:50,BTC,BTC,78122.5,0.128,0.064,0.064,0.064,2861082,0.00125,12.63
2026-09-01 13:50,ETH,ETH,2460.6499999999996,0.406,0.203,0.203,0.203,4976576,0.00125,12.91
2026-09-01 13:50,SOL,SOL,102.315,0.977,0.489,0.489,0.489,4094270,0.000615,11.7
2026-09-01 13:50,XRP,XRP,1.3832499999999999,0.723,0.361,0.361,0.361,1629219,0.00125,13.22
2026-09-01 13:50,AVAX,AVAX,7.2753,2.199,1.237,1.237,1.237,98182,0.000461,12.77
2026-09-01 13:50,LINK,LINK,11.4605,0.873,0.436,0.436,1.309,125314,0.00125,13.37
2026-09-01 13:50,LTC,LTC,49.090500000000006,0.204,0.102,0.102,0.713,70549,0.00125,12.7
2026-09-01 13:50,ADA,ADA,0.200095,0.5,0.25,1.249,1.249,120139,0.00125,13.0
2026-09-01 13:50,DOT,DOT,0.86939,2.761,1.38,2.3,3.106,25988,-0.000727,11.76
2026-09-01 13:50,UNI,UNI,5.90885,7.954,3.977,3.977,5.162,45784,0.00125,20.45
2026-09-01 13:50,AAVE,AAVE,128.32999999999998,1.558,1.558,3.117,3.117,180165,0.00125,15.62
2026-09-01 13:50,ARB,ARB,0.11344499999999999,7.933,3.967,3.967,3.967,77054,0.001688,21.66
2026-09-01 13:50,POL,POL,0.0930025,3.548,2.527,3.064,4.032,6087,-0.00315,14.05
2026-09-01 13:50,RENDER,RENDER,1.45365,3.44,1.72,3.784,7.223,16306,0.00125,15.94
2026-09-01 13:50,DOGE,DOGE,0.0831165,0.12,0.06,0.06,0.06,163514,0.00125,12.62
2026-09-01 13:50,SHIB,kSHIB,0.005197500000000001,1.924,2.886,4.81,4.81,145634,0.00125,18.27
2026-09-01 13:50,PEPE,kPEPE,0.0035065,2.852,4.278,4.278,4.278,839257,0.00125,21.06
2026-09-01 13:50,WIF,WIF,0.20105,0.995,0.497,0.497,1.99,62027,0.00125,13.49
2026-09-01 13:50,BONK,kBONK,0.0031635,3.161,1.581,4.742,4.742,156616,0.00125,15.66
2026-09-01 13:50,TRUMP,TRUMP,2.39865,0.417,0.208,0.208,1.042,113001,-0.001125,9.42
2026-09-01 13:55,BTC,BTC,78155.5,0.128,0.064,0.064,0.064,2801979,0.00125,12.63
2026-09-01 13:55,ETH,ETH,2461.75,0.406,0.203,0.203,0.203,10029855,0.00125,12.91
2026-09-01 13:55,SOL,SOL,102.32499999999999,0.977,0.489,0.489,0.489,5396297,0.000735,12.03
2026-09-01 13:55,XRP,XRP,1.38455,0.722,0.361,0.361,0.361,1398229,0.00125,13.22
2026-09-01 13:55,AVAX,AVAX,7.28765,0.961,0.48,0.48,0.48,40303,0.000565,11.54
2026-09-01 13:55,LINK,LINK,11.4775,0.871,0.436,1.307,1.307,170423,0.00125,13.37
2026-09-01 13:55,LTC,LTC,49.1115,0.611,0.305,0.305,1.324,59298,0.00125,13.11
2026-09-01 13:55,ADA,ADA,0.200085,0.5,0.25,0.25,0.75,190803,0.00125,13.0
2026-09-01 13:55,DOT,DOT,0.8704149999999999,0.574,0.287,0.287,0.287,20372,-0.000673,9.57
2026-09-01 13:55,UNI,UNI,5.9041999999999994,4.065,2.032,2.032,2.032,51889,0.00125,16.56
2026-09-01 13:55,AAVE,AAVE,128.695,2.331,1.166,1.166,1.166,125353,0.00125,14.83
2026-09-01 13:55,ARB,ARB,0.113105,2.652,1.326,2.21,2.21,44272,0.00139,15.55
2026-09-01 13:55,POL,POL,0.092941,2.582,1.291,1.399,2.905,6031,-0.003225,11.58
2026-09-01 13:55,RENDER,RENDER,1.4539499999999999,6.19,3.095,4.471,5.846,15087,0.00125,18.69
2026-09-01 13:55,DOGE,DOGE,0.08328050000000001,0.6,0.3,0.3,0.3,172724,0.00125,13.1
2026-09-01 13:55,SHIB,kSHIB,0.005195,3.85,1.925,1.925,1.925,133370,0.00125,16.35
2026-09-01 13:55,PEPE,kPEPE,0.0035139999999999998,5.692,2.846,2.846,2.846,868600,0.00125,18.19
2026-09-01 13:55,WIF,WIF,0.201325,2.484,1.738,1.738,2.235,59852,0.00125,15.98
2026-09-01 13:55,BONK,kBONK,0.003158,6.333,3.167,3.167,3.167,151204,0.00125,18.83
2026-09-01 13:55,TRUMP,TRUMP,2.3987499999999997,0.417,0.208,0.208,1.042,69321,-0.000708,9.42
2026-09-01 14:00,BTC,BTC,78054.5,0.128,0.064,0.064,0.064,4198041,0.00125,12.63
2026-09-01 14:00,ETH,ETH,2457.1499999999996,0.407,0.203,0.203,0.203,9903369,0.00125,12.91
2026-09-01 14:00,SOL,SOL,102.17500000000001,0.979,0.489,0.489,0.489,5146086,0.000627,11.74
2026-09-01 14:00,XRP,XRP,1.38105,0.724,0.362,0.362,0.362,1127382,0.00125,13.22
2026-09-01 14:00,AVAX,AVAX,7.2771,0.825,0.412,0.412,0.412,74281,0.000522,11.29
2026-09-01 14:00,LINK,LINK,11.4575,0.873,0.436,0.436,0.436,154214,0.00125,13.37
2026-09-01 14:00,LTC,LTC,49.066500000000005,1.019,0.51,0.51,0.917,52348,0.00125,13.52
2026-09-01 14:00,ADA,ADA,0.199575,0.501,1.253,1.253,1.754,141663,0.00125,15.01
2026-09-01 14:00,DOT,DOT,0.86807,0.922,0.461,0.461,0.461,17913,-0.001604,9.92
2026-09-01 14:00,UNI,UNI,5.90235,2.88,1.44,1.61,1.61,22060,0.00125,15.38
2026-09-01 14:00,AAVE,AAVE,128.34,1.558,0.779,0.779,1.558,141965,0.00125,14.06
2026-09-01 14:00,ARB,ARB,0.113205,2.65,1.325,1.325,1.325,54705,0.00125,15.15
2026-09-01 14:00,POL,POL,0.0930735,0.322,0.161,0.269,1.45,4074,-0.002963,9.32
2026-09-01 14:00,RENDER,RENDER,1.4532500000000002,4.817,2.408,3.097,3.785,17095,0.00125,17.32
2026-09-01 14:00,DOGE,DOGE,0.0831035,0.361,0.18,0.18,0.18,163948,0.000916,11.93
2026-09-01 14:00,SHIB,kSHIB,0.005192499999999999,1.926,2.889,2.889,2.889,179986,0.00125,18.28
2026-09-01 14:00,PEPE,kPEPE,0.0035065,2.852,1.426,1.426,1.426,854363,0.00125,15.35
2026-09-01 14:00,WIF,WIF,0.200805,3.486,2.241,2.241,3.237,29337,0.00125,16.98
2026-09-01 14:00,BONK,kBONK,0.0031485000000000003,3.176,1.588,4.764,4.764,149463,0.00125,15.68
2026-09-01 14:00,TRUMP,TRUMP,2.3893000000000004,0.837,0.419,1.674,1.674,51040,-0.001033,9.84
2026-09-01 14:05,BTC,BTC,78000.5,0.128,0.064,0.064,0.064,6012891,0.00125,12.63
2026-09-01 14:05,ETH,ETH,2455.3500000000004,0.407,0.204,0.204,0.204,9196731,0.00125,12.91
2026-09-01 14:05,SOL,SOL,102.195,0.979,0.489,0.489,0.489,5004074,0.000574,11.59
2026-09-01 14:05,XRP,XRP,1.38035,0.724,0.362,0.362,0.362,1660503,0.00125,13.22
2026-09-01 14:05,AVAX,AVAX,7.27675,0.137,0.069,0.069,0.069,127093,0.00125,12.64
2026-09-01 14:05,LINK,LINK,11.442499999999999,0.874,0.437,0.437,1.311,205144,0.00125,13.37
2026-09-01 14:05,LTC,LTC,49.070499999999996,0.204,0.102,0.102,0.102,68069,0.00125,12.7
2026-09-01 14:05,ADA,ADA,0.199285,1.505,0.753,0.753,1.756,135688,0.00125,14.01
2026-09-01 14:05,DOT,DOT,0.8653500000000001,2.542,1.271,1.271,1.271,37937,-0.000464,11.54
2026-09-01 14:05,UNI,UNI,5.91065,0.169,0.085,0.931,0.931,22935,0.00125,12.67
2026-09-01 14:05,AAVE,AAVE,128.13,1.561,1.561,2.341,3.122,86418,0.00125,15.62
2026-09-01 14:05,ARB,ARB,0.112625,0.888,0.444,1.332,2.22,44386,0.00125,13.39
2026-09-01 14:05,POL,POL,0.0933575,0.107,0.803,1.553,2.839,4117,-0.000843,10.61
2026-09-01 14:05,RENDER,RENDER,1.44935,0.69,0.345,0.345,0.345,10745,0.00125,13.19
2026-09-01 14:05,DOGE,DOGE,0.083066,0.722,0.361,0.482,0.482,102680,0.00125,13.22
2026-09-01 14:05,SHIB,kSHIB,0.005192499999999999,1.926,0.963,0.963,0.963,201057,0.00125,14.43
2026-09-01 14:05,PEPE,kPEPE,0.0035045,2.853,1.427,1.427,1.427,1052076,0.00125,15.35
2026-09-01 14:05,WIF,WIF,0.200485,2.494,1.247,1.247,3.741,49477,0.00125,14.99
2026-09-01 14:05,BONK,kBONK,0.0031450000000000002,6.359,3.18,3.18,3.18,145295,0.00125,18.86
2026-09-01 14:05,TRUMP,TRUMP,2.38395,0.419,1.888,2.307,2.307,77576,0.00125,16.28
2026-09-01 14:10,BTC,BTC,78115.5,0.128,0.064,0.064,0.064,2904580,0.00125,12.63
2026-09-01 14:10,ETH,ETH,2457.1499999999996,0.407,0.203,0.203,0.203,9756266,0.00125,12.91
2026-09-01 14:10,SOL,SOL,102.305,0.977,0.489,0.489,0.489,5598012,0.00096,12.66
2026-09-01 14:10,XRP,XRP,1.38165,0.724,0.362,0.362,0.362,1757114,0.00125,13.22
2026-09-01 14:10,AVAX,AVAX,7.2837,0.275,0.137,0.137,0.549,75546,0.00125,12.77
2026-09-01 14:10,LINK,LINK,11.4745,2.614,1.307,2.179,3.05,219013,0.00125,15.11
2026-09-01 14:10,LTC,LTC,49.1395,0.204,0.102,0.102,0.305,46856,0.00125,12.7
2026-09-01 14:10,ADA,ADA,0.19970500000000002,1.502,0.751,0.751,1.252,368609,0.00125,14.0
2026-09-01 14:10,DOT,DOT,0.863605,1.737,0.868,0.868,0.868,28221,4.3e-05,10.86
2026-09-01 14:10,UNI,UNI,5.91645,0.169,3.972,4.141,4.141,38604,0.00125,20.44
2026-09-01 14:10,AAVE,AAVE,127.94999999999999,1.563,0.782,1.563,2.345,132657,0.00125,14.06
2026-09-01 14:10,ARB,ARB,0.1128,1.773,0.887,1.773,2.66,55621,0.00125,14.27
2026-09-01 14:10,POL,POL,0.092777,3.018,1.509,2.263,2.802,11634,-0.000969,12.02
2026-09-01 14:10,RENDER,RENDER,1.449,4.141,2.07,3.451,6.211,14489,0.00125,16.64
2026-09-01 14:10,DOGE,DOGE,0.0830565,0.602,0.301,0.301,0.421,121961,0.00125,13.1
2026-09-01 14:10,SHIB,kSHIB,0.005197500000000001,1.924,2.886,4.81,4.81,182931,0.00125,18.27
2026-09-01 14:10,PEPE,kPEPE,0.0035104999999999997,2.849,1.424,1.424,1.424,1082522,0.00125,15.35
2026-09-01 14:10,WIF,WIF,0.19987500000000002,1.501,1.251,1.751,2.752,32591,0.00125,15.0
2026-09-01 14:10,BONK,kBONK,0.0031475,3.177,1.589,1.589,1.589,153234,0.00125,15.68
2026-09-01 14:10,TRUMP,TRUMP,2.37695,1.262,0.631,0.631,1.052,61893,0.00125,13.76
2026-09-01 14:15,BTC,BTC,78034.5,0.128,0.064,0.064,0.064,2005517,0.00125,12.63
2026-09-01 14:15,ETH,ETH,2455.25,0.407,1.426,1.426,1.426,6797453,0.00125,15.35
2026-09-01 14:15,SOL,SOL,102.225,0.978,2.446,2.446,2.446,4562889,0.000981,16.64
2026-09-01 14:15,XRP,XRP,1.3802500000000002,0.725,0.362,0.362,0.362,1473977,0.00125,13.22
2026-09-01 14:15,AVAX,AVAX,7.28435,0.686,0.343,0.343,0.343,121267,0.00125,13.19
2026-09-01 14:15,LINK,LINK,11.5025,2.608,1.304,1.304,1.304,220285,0.00125,15.11
2026-09-01 14:15,LTC,LTC,49.1035,1.018,0.509,0.509,0.713,58938,0.00125,13.52
2026-09-01 14:15,ADA,ADA,0.199345,1.505,0.752,0.752,1.254,201088,0.00125,14.0
2026-09-01 14:15,DOT,DOT,0.863795,1.968,0.984,1.1,1.1,31517,0.000405,12.1
2026-09-01 14:15,UNI,UNI,5.88045,2.211,1.105,3.826,3.996,32255,0.00125,14.71
2026-09-01 14:15,AAVE,AAVE,127.57499999999999,0.784,0.392,2.743,2.743,163946,0.00125,13.28
2026-09-01 14:15,ARB,ARB,0.112255,2.672,2.227,3.118,3.118,49170,0.00125,16.95
2026-09-01 14:15,POL,POL,0.092574,3.025,1.512,1.512,2.917,18085,-0.000986,12.02
2026-09-01 14:15,RENDER,RENDER,1.44705,6.22,3.11,4.492,5.874,9561,0.00125,18.72
2026-09-01 14:15,DOGE,DOGE,0.0829595,0.121,0.06,0.301,0.301,87481,0.00125,12.62
2026-09-01 14:15,SHIB,kSHIB,0.0051965,1.924,0.962,2.887,2.887,276566,0.00125,14.42
2026-09-01 14:15,PEPE,kPEPE,0.0035045,2.853,1.427,1.427,1.427,901039,0.00125,15.35
2026-09-01 14:15,WIF,WIF,0.20005,2.999,2.499,2.499,2.499,58178,0.00125,17.5
2026-09-01 14:15,BONK,kBONK,0.003137,6.376,3.188,3.188,3.188,170320,0.00125,18.88
2026-09-01 14:15,TRUMP,TRUMP,2.3806000000000003,0.84,0.42,1.26,1.26,46460,0.00125,13.34
2026-09-01 14:20,BTC,BTC,77932.5,0.128,0.064,0.064,0.064,8880095,0.00125,12.63
2026-09-01 14:20,ETH,ETH,2452.45,0.408,0.204,0.204,0.204,10410922,0.00125,12.91
2026-09-01 14:20,SOL,SOL,102.11500000000001,0.979,1.469,1.469,1.469,4936769,0.001017,14.78
2026-09-01 14:20,XRP,XRP,1.3789500000000001,0.725,0.363,0.363,0.363,1805692,0.00125,13.23
2026-09-01 14:20,AVAX,AVAX,7.27075,0.413,0.206,0.344,0.344,71373,0.00125,12.91
2026-09-01 14:20,LINK,LINK,11.4455,0.874,0.437,0.437,2.184,178273,0.00125,13.37
2026-09-01 14:20,LTC,LTC,49.055499999999995,1.019,0.51,0.713,0.713,61357,0.00125,13.52
2026-09-01 14:20,ADA,ADA,0.198965,0.503,0.251,0.251,1.257,203084,0.00125,13.0
2026-09-01 14:20,DOT,DOT,0.8580099999999999,1.632,0.816,0.932,1.399,12263,0.000372,11.67
2026-09-01 14:20,UNI,UNI,5.85335,2.563,1.281,1.452,1.452,40461,0.00125,15.06
2026-09-01 14:20,AAVE,AAVE,127.005,0.787,0.394,1.181,1.181,122555,0.00125,13.29
2026-09-01 14:20,ARB,ARB,0.111695,4.476,3.134,3.134,3.134,57512,0.00125,18.77
2026-09-01 14:20,POL,POL,0.0922115,2.711,2.115,3.416,4.284,7955,-0.000898,13.23
2026-09-01 14:20,RENDER,RENDER,1.4415499999999999,2.081,3.122,3.122,4.509,12793,0.00125,18.74
2026-09-01 14:20,DOGE,DOGE,0.0827655,0.121,0.06,0.665,0.665,73494,0.00125,12.62
2026-09-01 14:20,SHIB,kSHIB,0.0051754999999999995,1.932,0.966,2.898,2.898,169197,0.00125,14.43
2026-09-01 14:20,PEPE,kPEPE,0.0034955,2.861,1.43,1.43,4.291,816491,0.00125,15.36
2026-09-01 14:20,WIF,WIF,0.198985,2.513,1.256,1.256,1.256,50146,0.00125,15.01
2026-09-01 14:20,BONK,kBONK,0.0031165,3.209,1.604,4.813,4.813,148856,0.00125,15.71
2026-09-01 14:20,TRUMP,TRUMP,2.36975,1.266,0.633,1.477,2.321,68421,0.00125,13.77
2026-09-01 14:25,BTC,BTC,78002.5,0.128,0.064,0.064,0.064,3065452,0.00125,12.63
2026-09-01 14:25,ETH,ETH,2454.8500000000004,0.407,0.204,0.204,0.204,9712486,0.00125,12.91
2026-09-01 14:25,SOL,SOL,102.245,0.978,0.489,0.489,0.489,4943948,0.000941,12.61
2026-09-01 14:25,XRP,XRP,1.3802500000000002,0.725,0.362,0.362,0.362,2160310,0.00125,13.22
2026-09-01 14:25,AVAX,AVAX,7.2805,0.824,0.687,0.687,1.786,104356,0.00125,13.87
2026-09-01 14:25,LINK,LINK,11.462499999999999,0.872,0.436,0.436,0.436,137342,0.00125,13.37
2026-09-01 14:25,LTC,LTC,49.269999999999996,0.406,0.203,0.203,0.203,52049,0.00125,12.91
2026-09-01 14:25,ADA,ADA,0.199115,0.502,0.251,0.251,0.251,167978,0.00125,13.0
2026-09-01 14:25,DOT,DOT,0.861255,1.974,0.987,0.987,0.987,24475,0.000441,12.21
2026-09-01 14:25,UNI,UNI,5.85285,3.246,1.623,1.623,2.99,21183,0.00125,15.75
2026-09-01 14:25,AAVE,AAVE,127.13,1.573,0.787,0.787,2.36,151429,0.00125,14.07
2026-09-01 14:25,ARB,ARB,0.112505,0.889,0.444,0.444,5.778,29280,0.00125,13.39
2026-09-01 14:25,POL,POL,0.092084,1.955,1.303,2.824,4.235,6395,-0.00062,11.61
2026-09-01 14:25,RENDER,RENDER,1.4402,5.555,2.777,4.166,4.86,16735,0.00125,18.05
2026-09-01 14:25,DOGE,DOGE,0.08286,0.483,0.241,0.241,0.241,79455,0.00125,12.98
2026-09-01 14:25,SHIB,kSHIB,0.0051845,1.929,0.964,2.893,2.893,196156,0.00125,14.43
2026-09-01 14:25,PEPE,kPEPE,0.0035045,2.853,1.427,1.427,1.427,881096,0.00125,15.35
2026-09-01 14:25,WIF,WIF,0.199355,3.511,2.759,3.261,4.765,15664,0.00125,18.02
2026-09-01 14:25,BONK,kBONK,0.0031305,3.194,1.597,4.792,4.792,167175,0.00125,15.69
2026-09-01 14:25,TRUMP,TRUMP,2.36965,0.422,0.211,0.211,0.211,21261,0.00125,12.92
2026-09-01 14:30,BTC,BTC,77954.5,0.128,0.064,0.064,0.064,1851388,0.00125,12.63
2026-09-01 14:30,ETH,ETH,2454.25,0.407,0.204,0.204,0.204,8341679,0.00125,12.91
2026-09-01 14:30,SOL,SOL,102.215,0.978,1.467,1.467,1.467,4671895,0.000883,14.41
2026-09-01 14:30,XRP,XRP,1.37865,0.725,0.363,0.363,0.363,1483960,0.00125,13.23
2026-09-01 14:30,AVAX,AVAX,7.28525,0.686,0.343,0.343,0.48,69633,0.00125,13.19
2026-09-01 14:30,LINK,LINK,11.459,1.745,0.873,0.873,1.745,127867,0.00125,14.25
2026-09-01 14:30,LTC,LTC,49.179,1.22,0.61,0.813,0.813,54264,0.00125,13.72
2026-09-01 14:30,ADA,ADA,0.19899499999999998,1.508,0.754,0.754,0.754,191135,0.00125,14.01
2026-09-01 14:30,DOT,DOT,0.862645,0.811,0.406,0.522,0.522,30350,0.000458,11.09
2026-09-01 14:30,UNI,UNI,5.85215,0.171,0.085,0.085,0.085,43612,0.00125,12.67
2026-09-01 14:30,AAVE,AAVE,126.97999999999999,3.15,1.575,1.575,1.575,152123,0.00125,15.65
2026-09-01 14:30,ARB,ARB,0.11199500000000001,0.893,0.446,0.446,1.339,53539,0.00125,13.39
2026-09-01 14:30,POL,POL,0.0919865,1.631,1.576,3.859,6.142,3262,5e-06,12.17
2026-09-01 14:30,RENDER,RENDER,1.4378,4.173,2.087,3.478,5.564,9978,0.00125,16.67
2026-09-01 14:30,DOGE,DOGE,0.0828335,0.121,0.06,0.06,0.06,83918,0.00125,12.62
2026-09-01 14:30,SHIB,kSHIB,0.0051785,1.931,2.897,2.897,4.828,156149,0.00125,18.29
2026-09-01 14:30,PEPE,kPEPE,0.0035015000000000003,2.856,1.428,1.428,1.428,891360,0.00125,15.36
2026-09-01 14:30,WIF,WIF,0.19953500000000002,1.503,1.754,1.754,2.756,22169,0.00125,16.01
2026-09-01 14:30,BONK,kBONK,0.0031405,3.184,4.776,7.961,7.961,153225,0.00125,22.05
2026-09-01 14:30,TRUMP,TRUMP,2.3603,1.695,0.847,1.271,1.271,59160,0.00125,14.19
2026-09-01 14:35,BTC,BTC,77842.5,0.128,0.064,0.064,0.064,3263375,0.00125,12.63
2026-09-01 14:35,ETH,ETH,2447.6499999999996,0.409,0.204,0.204,0.204,6960375,0.00125,12.91
2026-09-01 14:35,SOL,SOL,101.985,0.981,0.49,0.49,0.49,4402408,0.000799,12.22
2026-09-01 14:35,XRP,XRP,1.3747500000000001,0.727,0.364,0.364,0.364,1988632,0.00125,13.23
2026-09-01 14:35,AVAX,AVAX,7.26,0.275,0.138,0.138,0.138,51332,0.00125,12.78
2026-09-01 14:35,LINK,LINK,11.4145,0.876,0.438,0.438,0.438,135694,0.00125,13.38
2026-09-01 14:35,LTC,LTC,49.096999999999994,0.815,0.407,1.018,1.018,51605,0.00125,13.31
2026-09-01 14:35,ADA,ADA,0.19856000000000001,1.007,0.504,0.504,0.504,172108,0.00125,13.51
2026-09-01 14:35,DOT,DOT,0.86018,1.86,0.93,1.046,1.046,23818,0.000338,11.81
2026-09-01 14:35,UNI,UNI,5.78785,2.592,1.296,1.296,1.296,26243,0.00125,15.09
2026-09-01 14:35,AAVE,AAVE,126.255,2.376,1.188,1.98,1.98,74243,0.00125,14.88
2026-09-01 14:35,ARB,ARB,0.11049,1.81,0.905,1.81,1.81,46127,0.00125,14.31
2026-09-01 14:35,POL,POL,0.0915185,1.639,0.82,1.912,2.131,24145,0.000477,11.97
2026-09-01 14:35,RENDER,RENDER,1.4324,5.585,2.793,3.491,4.189,16738,0.00125,18.09
2026-09-01 14:35,DOGE,DOGE,0.082675,0.242,0.121,0.363,0.363,80270,0.00125,12.74
2026-09-01 14:35,SHIB,kSHIB,0.0051684999999999995,1.935,2.902,2.902,2.902,152378,0.00125,18.3
2026-09-01 14:35,PEPE,kPEPE,0.0035005,2.857,1.428,1.428,1.428,903397,0.00125,15.36
2026-09-01 14:35,WIF,WIF,0.198685,1.51,1.258,1.762,1.762,48661,0.00125,15.02
2026-09-01 14:35,BONK,kBONK,0.003134,6.382,3.191,3.191,3.191,161425,0.00125,18.88
2026-09-01 14:35,TRUMP,TRUMP,2.3499999999999996,0.851,0.426,1.277,1.702,43950,0.001131,13.02
2026-09-01 14:40,BTC,BTC,77766.5,0.129,0.064,0.064,0.064,3063176,0.00125,12.63
2026-09-01 14:40,ETH,ETH,2440.55,0.41,0.205,0.205,0.205,9394314,0.00125,12.91
2026-09-01 14:40,SOL,SOL,101.505,0.985,0.493,0.493,0.493,5156168,0.000471,11.3
2026-09-01 14:40,XRP,XRP,1.37115,0.729,0.365,0.365,0.365,1440035,0.00125,13.23
2026-09-01 14:40,AVAX,AVAX,7.25105,1.241,0.621,0.896,0.896,58348,0.00125,13.74
2026-09-01 14:40,LINK,LINK,11.351500000000001,0.881,0.44,1.321,1.321,143970,0.00125,13.38
2026-09-01 14:40,LTC,LTC,48.897999999999996,0.818,1.023,1.023,1.432,55024,0.00125,14.55
2026-09-01 14:40,ADA,ADA,0.19805,2.02,1.01,1.01,1.01,131689,0.00125,14.52
2026-09-01 14:40,DOT,DOT,0.85724,2.566,1.283,1.516,2.1,27061,0.000173,12.05
2026-09-01 14:40,UNI,UNI,5.74655,2.958,1.479,2.349,2.349,29087,0.00125,15.46
2026-09-01 14:40,AAVE,AAVE,125.505,2.39,1.195,1.195,2.789,128420,0.00125,14.89
2026-09-01 14:40,ARB,ARB,0.1094,5.484,2.742,2.742,2.742,45202,0.00125,17.98
2026-09-01 14:40,POL,POL,0.09122050000000001,1.864,0.932,1.041,2.576,6711,0.000866,13.29
2026-09-01 14:40,RENDER,RENDER,1.4264999999999999,4.206,2.103,3.505,4.907,8428,0.00125,16.71
2026-09-01 14:40,DOGE,DOGE,0.0824365,0.364,0.182,0.182,0.182,137774,0.00125,12.86
2026-09-01 14:40,SHIB,kSHIB,0.005145500000000001,1.943,2.915,2.915,4.859,149631,0.00125,18.33
2026-09-01 14:40,PEPE,kPEPE,0.0034905,2.865,1.432,1.432,1.432,883865,0.00125,15.36
2026-09-01 14:40,WIF,WIF,0.19798500000000002,1.515,1.768,2.778,2.778,33835,0.00125,16.04
2026-09-01 14:40,BONK,kBONK,0.0031175,3.208,4.812,8.019,8.019,117977,0.00125,22.12
2026-09-01 14:40,TRUMP,TRUMP,2.35115,0.425,0.213,1.063,1.063,55074,0.000895,11.93
2026-09-01 14:45,BTC,BTC,77927.5,0.128,0.064,0.064,0.064,3609942,0.00125,12.63
2026-09-01 14:45,ETH,ETH,2444.25,0.409,0.205,0.205,0.205,6411303,0.00125,12.91
2026-09-01 14:45,SOL,SOL,101.86500000000001,0.982,0.491,0.491,0.491,4552528,0.00024,10.65
2026-09-01 14:45,XRP,XRP,1.37365,2.184,1.092,1.092,1.092,1775154,0.00125,14.68
2026-09-01 14:45,AVAX,AVAX,7.2724,0.825,0.413,0.413,0.55,64943,0.00125,13.33
2026-09-01 14:45,LINK,LINK,11.381499999999999,0.879,0.439,0.439,0.439,152537,0.00125,13.38
2026-09-01 14:45,LTC,LTC,49.049499999999995,0.204,0.714,0.714,1.733,55508,0.00125,13.93
2026-09-01 14:45,ADA,ADA,0.19886500000000001,0.503,0.251,0.251,0.251,145603,0.00125,13.0
2026-09-01 14:45,DOT,DOT,0.85918,2.793,1.397,1.513,1.746,24182,0.000356,12.79
2026-09-01 14:45,UNI,UNI,5.7802,2.422,1.211,1.211,1.211,30318,0.00125,14.92
2026-09-01 14:45,AAVE,AAVE,125.78999999999999,1.59,0.795,1.59,1.59,129577,0.00125,14.09
2026-09-01 14:45,ARB,ARB,0.109705,0.912,0.456,2.279,2.279,81779,0.00125,13.41
2026-09-01 14:45,POL,POL,0.0910775,2.086,1.043,1.153,4.117,8671,0.001213,14.48
2026-09-01 14:45,RENDER,RENDER,1.429,4.199,3.499,3.499,4.899,9678,0.00125,19.5
2026-09-01 14:45,DOGE,DOGE,0.08262900000000001,0.484,0.242,0.242,0.242,79745,0.00125,12.98
2026-09-01 14:45,SHIB,kSHIB,0.005162,3.874,1.937,1.937,3.874,139153,0.00125,16.37
2026-09-01 14:45,PEPE,kPEPE,0.0035015000000000003,2.856,1.428,1.428,1.428,815726,0.00125,15.36
2026-09-01 14:45,WIF,WIF,0.19872,2.013,1.51,2.013,3.019,18719,0.00125,15.52
2026-09-01 14:45,BONK,kBONK,0.003125,6.4,3.2,3.2,3.2,158340,0.00125,18.9
2026-09-01 14:45,TRUMP,TRUMP,2.35815,1.272,0.636,1.484,2.332,23634,0.000711,12.26
2026-09-01 14:50,BTC,BTC,78011.5,0.128,0.064,0.064,0.064,4777747,0.00125,12.63
2026-09-01 14:50,ETH,ETH,2446.05,0.409,0.204,0.204,0.204,9522445,0.00125,12.91
2026-09-01 14:50,SOL,SOL,101.985,0.981,0.49,0.49,0.49,5085546,5e-05,10.12
2026-09-01 14:50,XRP,XRP,1.3714499999999998,0.729,0.365,0.365,0.365,1730937,0.00125,13.23
2026-09-01 14:50,AVAX,AVAX,7.29025,1.509,0.754,0.754,0.754,78052,0.00125,14.01
2026-09-01 14:50,LINK,LINK,11.3955,0.878,0.439,0.439,0.439,135094,0.00125,13.38
2026-09-01 14:50,LTC,LTC,49.1285,1.018,0.509,0.509,0.712,41770,0.00125,13.52
2026-09-01 14:50,ADA,ADA,0.198845,0.503,0.251,0.251,0.251,61474,0.00125,13.0
2026-09-01 14:50,DOT,DOT,0.861665,1.509,0.754,0.754,0.986,23927,0.000539,12.02
2026-09-01 14:50,UNI,UNI,5.7653,1.735,0.867,0.867,2.255,28172,0.00125,14.23
2026-09-01 14:50,AAVE,AAVE,125.755,0.795,0.398,0.398,0.398,151830,0.00125,13.3
2026-09-01 14:50,ARB,ARB,0.10977,1.822,0.911,0.911,1.822,53941,0.00125,14.32
2026-09-01 14:50,POL,POL,0.0905465,2.098,1.381,3.368,6.682,3231,0.00125,15.26
2026-09-01 14:50,RENDER,RENDER,1.4290500000000002,4.898,2.449,3.849,5.248,9397,0.00125,17.4
2026-09-01 14:50,DOGE,DOGE,0.082667,0.242,0.121,0.121,0.121,119871,0.00125,12.74
2026-09-01 14:50,SHIB,kSHIB,0.0051655,1.936,2.904,2.904,4.84,125400,0.00125,18.31
2026-09-01 14:50,PEPE,kPEPE,0.0035104999999999997,2.849,1.424,1.424,1.424,729081,0.00125,15.35
2026-09-01 14:50,WIF,WIF,0.198895,1.508,1.76,2.263,3.268,15980,0.00125,16.02
2026-09-01 14:50,BONK,kBONK,0.0031349999999999998,6.38,3.19,3.19,3.19,138213,0.00125,18.88
2026-09-01 14:50,TRUMP,TRUMP,2.35765,0.424,0.212,1.06,1.06,45714,0.000507,10.84
2026-09-01 14:55,BTC,BTC,78018.5,0.128,0.064,0.064,0.064,1545097,0.00125,12.63
2026-09-01 14:55,ETH,ETH,2446.6499999999996,0.409,0.204,0.204,0.204,9140497,0.00125,12.91
2026-09-01 14:55,SOL,SOL,101.975,0.981,0.49,0.49,0.49,4093583,-1.8e-05,9.98
2026-09-01 14:55,XRP,XRP,1.3733499999999998,0.728,0.364,0.364,0.364,1804106,0.00125,13.23
2026-09-01 14:55,AVAX,AVAX,7.28765,0.137,0.069,0.069,2.813,91666,0.00125,12.64
2026-09-01 14:55,LINK,LINK,11.4055,0.877,0.438,1.315,1.315,173357,0.00125,13.38
2026-09-01 14:55,LTC,LTC,49.215500000000006,1.016,0.508,1.321,1.727,74137,0.00125,13.52
2026-09-01 14:55,ADA,ADA,0.19888,3.017,1.508,1.508,1.508,276162,0.00125,15.52
2026-09-01 14:55,DOT,DOT,0.862235,1.972,0.986,1.102,1.682,25526,0.000595,12.64
2026-09-01 14:55,UNI,UNI,5.73385,2.965,1.482,1.657,1.657,59927,0.00125,15.46
2026-09-01 14:55,AAVE,AAVE,125.705,0.796,1.989,2.784,2.784,220407,0.00125,16.48
2026-09-01 14:55,ARB,ARB,0.109625,2.737,1.368,1.368,1.368,90364,0.00125,15.24
2026-09-01 14:55,POL,POL,0.090109,2.22,1.221,1.776,3.218,3429,0.00125,14.94
2026-09-01 14:55,RENDER,RENDER,1.43665,4.872,2.436,3.132,4.524,10935,0.00125,17.37
2026-09-01 14:55,DOGE,DOGE,0.0827365,0.121,0.06,0.423,0.423,96388,0.00125,12.62
2026-09-01 14:55,SHIB,kSHIB,0.005163,3.874,1.937,3.874,3.874,154299,0.00125,16.37
2026-09-01 14:55,PEPE,kPEPE,0.0035185,2.842,1.421,1.421,4.263,998599,0.00125,15.34
2026-09-01 14:55,WIF,WIF,0.198925,2.514,1.257,1.257,2.262,35732,0.00125,15.01
2026-09-01 14:55,BONK,kBONK,0.003129,6.392,3.196,3.196,3.196,174570,0.00125,18.89
2026-09-01 14:55,TRUMP,TRUMP,2.35525,0.425,0.212,0.637,0.637,13767,0.000277,10.2
2026-09-01 15:00,BTC,BTC,78004.5,0.128,0.064,0.064,0.064,6126522,0.00125,12.63
2026-09-01 15:00,ETH,ETH,2446.45,0.409,0.204,0.204,0.204,8921004,0.00125,12.91
2026-09-01 15:00,SOL,SOL,101.85499999999999,0.982,0.491,0.491,0.491,5087295,-0.000288,9.98
2026-09-01 15:00,XRP,XRP,1.3693499999999998,0.73,0.365,0.365,0.365,1887910,0.00125,13.23
2026-09-01 15:00,AVAX,AVAX,7.27145,0.688,0.344,0.894,0.894,50455,0.00125,13.19
2026-09-01 15:00,LINK,LINK,11.3865,2.635,1.317,1.317,1.317,154309,0.00125,15.13
2026-09-01 15:00,LTC,LTC,49.1935,1.423,0.711,0.711,1.321,59897,0.00125,13.92
2026-09-01 15:00,ADA,ADA,0.19833,1.008,0.504,0.504,1.008,139259,0.00125,13.51
2026-09-01 15:00,DOT,DOT,0.85887,1.397,0.699,0.815,0.815,21776,0.000143,10.8
2026-09-01 15:00,UNI,UNI,5.728400000000001,0.349,0.175,0.349,0.349,25778,0.00125,12.85
2026-09-01 15:00,AAVE,AAVE,125.65,1.592,0.796,0.796,0.796,161404,0.00125,14.09
2026-09-01 15:00,ARB,ARB,0.10952,3.652,1.826,2.739,2.739,51302,0.00125,16.15
2026-09-01 15:00,POL,POL,0.0904315,3.207,2.267,2.267,2.267,10213,0.00125,17.03
2026-09-01 15:00,RENDER,RENDER,1.4353,5.574,3.484,4.18,6.967,9569,0.00125,19.47
2026-09-01 15:00,DOGE,DOGE,0.0825415,0.121,0.061,0.061,0.061,140472,0.00125,12.62
2026-09-01 15:00,SHIB,kSHIB,0.0051565,1.939,0.97,0.97,2.909,183440,0.00125,14.44
2026-09-01 15:00,PEPE,kPEPE,0.0035055,2.853,1.426,1.426,1.426,982747,0.00125,15.35
2026-09-01 15:00,WIF,WIF,0.198245,7.566,3.783,3.783,3.783,56651,0.00125,20.07
2026-09-01 15:00,BONK,kBONK,0.003125,6.4,3.2,3.2,3.2,172433,0.00125,18.9
2026-09-01 15:00,TRUMP,TRUMP,2.348,1.704,0.852,1.278,1.278,46310,-0.00072,10.7
2026-09-01 15:05,BTC,BTC,77896.5,0.128,0.064,0.064,0.064,5632878,0.00125,12.63
2026-09-01 15:05,ETH,ETH,2442.1499999999996,0.409,0.205,0.205,0.205,9170789,0.00125,12.91
2026-09-01 15:05,SOL,SOL,101.715,0.983,0.492,0.492,0.492,5609965,-0.001107,9.98
2026-09-01 15:05,XRP,XRP,1.366,1.464,0.732,0.732,0.732,2057856,0.00125,13.96
2026-09-01 15:05,AVAX,AVAX,7.24965,0.138,0.069,0.069,0.069,99982,0.00125,12.64
2026-09-01 15:05,LINK,LINK,11.3825,0.879,0.439,0.439,0.439,158775,0.00125,13.38
2026-09-01 15:05,LTC,LTC,49.141999999999996,0.814,0.407,0.61,0.814,40158,0.00125,13.31
2026-09-01 15:05,ADA,ADA,0.19789,1.011,0.505,1.011,1.011,175397,0.00125,13.51
2026-09-01 15:05,DOT,DOT,0.8572599999999999,2.1,1.05,1.167,1.633,23531,-0.000252,11.1
2026-09-01 15:05,UNI,UNI,5.6793,1.409,0.704,0.704,0.704,32245,0.00125,13.91
2026-09-01 15:05,AAVE,AAVE,125.44999999999999,1.594,0.797,0.797,1.594,148680,0.00125,14.09
2026-09-01 15:05,ARB,ARB,0.109015,2.752,1.376,1.376,2.293,55222,0.00125,15.25
2026-09-01 15:05,POL,POL,0.0906535,2.758,2.261,4.137,5.24,10730,0.00125,17.02
2026-09-01 15:05,RENDER,RENDER,1.43255,4.886,2.443,3.141,5.235,25932,0.00125,17.39
2026-09-01 15:05,DOGE,DOGE,0.0823615,0.121,0.061,0.061,0.061,84082,0.00125,12.62
2026-09-01 15:05,SHIB,kSHIB,0.005141,3.89,1.945,1.945,3.89,191824,0.00125,16.39
2026-09-01 15:05,PEPE,kPEPE,0.0034915,2.864,1.432,1.432,1.432,917589,0.00125,15.36
2026-09-01 15:05,WIF,WIF,0.198305,1.513,0.756,0.756,1.261,31927,0.00125,14.01
2026-09-01 15:05,BONK,kBONK,0.003092,6.468,3.234,3.234,3.234,186685,0.00125,18.97
2026-09-01 15:05,TRUMP,TRUMP,2.34645,2.983,1.492,1.918,2.344,61610,-0.000333,11.98
2026-09-01 15:10,BTC,BTC,77813.5,0.129,0.578,0.835,0.835,1893937,0.00125,13.66
2026-09-01 15:10,ETH,ETH,2441.55,0.41,0.205,0.205,0.205,10786496,0.00125,12.91
2026-09-01 15:10,SOL,SOL,101.86500000000001,0.982,0.491,0.491,0.491,4337030,-0.001096,9.98
2026-09-01 15:10,XRP,XRP,1.3646500000000001,2.198,1.099,1.099,1.099,977394,0.00125,14.7
2026-09-01 15:10,AVAX,AVAX,7.26205,1.239,0.62,0.757,1.859,101061,0.00125,13.74
2026-09-01 15:10,LINK,LINK,11.4195,0.876,0.438,0.438,1.314,185218,0.00125,13.38
2026-09-01 15:10,LTC,LTC,49.2665,1.421,0.71,0.71,0.913,42037,0.00125,13.92
2026-09-01 15:10,ADA,ADA,0.19803500000000002,2.525,1.767,1.767,3.282,350301,0.00125,16.03
2026-09-01 15:10,DOT,DOT,0.859,2.561,1.281,2.212,2.212,29182,0.000134,11.94
2026-09-01 15:10,UNI,UNI,5.711650000000001,2.276,1.138,2.189,2.189,46993,0.00125,14.78
2026-09-01 15:10,AAVE,AAVE,125.83500000000001,0.795,3.576,3.576,3.576,179432,0.00125,19.65
2026-09-01 15:10,ARB,ARB,0.10930999999999999,1.83,0.915,1.83,1.83,89143,0.00125,14.33
2026-09-01 15:10,POL,POL,0.0906845,2.977,2.04,3.804,4.687,9866,0.00125,16.58
2026-09-01 15:10,RENDER,RENDER,1.43385,4.882,4.533,4.533,5.928,20113,0.00125,21.57
2026-09-01 15:10,DOGE,DOGE,0.0824905,0.606,0.303,0.424,0.424,44760,0.00125,13.11
2026-09-01 15:10,SHIB,kSHIB,0.005154499999999999,1.94,0.97,4.85,4.85,151560,0.00125,14.44
2026-09-01 15:10,PEPE,kPEPE,0.003497,5.719,2.86,2.86,2.86,999033,0.00125,18.22
2026-09-01 15:10,WIF,WIF,0.19915,2.009,1.004,3.515,4.017,15173,0.00125,14.51
2026-09-01 15:10,BONK,kBONK,0.0031225000000000003,3.203,1.601,4.804,4.804,148890,0.00125,15.7
2026-09-01 15:10,TRUMP,TRUMP,2.3535500000000003,1.275,0.637,1.062,1.487,71744,0.000422,11.46
2026-09-01 15:15,BTC,BTC,77780.5,0.129,0.064,0.064,0.064,6433418,0.00125,12.63
2026-09-01 15:15,ETH,ETH,2440.25,0.41,0.205,0.205,0.205,9893268,0.00125,12.91
2026-09-01 15:15,SOL,SOL,101.755,0.983,0.491,0.491,0.491,5485328,-0.001133,9.98
2026-09-01 15:15,XRP,XRP,1.3630499999999999,0.734,1.1,1.1,1.834,1875237,0.00125,14.7
2026-09-01 15:15,AVAX,AVAX,7.2524,1.103,0.552,0.689,0.689,53388,0.00125,13.6
2026-09-01 15:15,LINK,LINK,11.3905,0.878,0.439,0.439,0.439,131445,0.00125,13.38
2026-09-01 15:15,LTC,LTC,49.1255,1.832,0.916,1.12,1.12,58045,0.00125,14.33
2026-09-01 15:15,ADA,ADA,0.197655,0.506,0.253,0.253,0.759,179768,0.00125,13.01
2026-09-01 15:15,DOT,DOT,0.858355,1.049,0.524,0.641,1.456,26369,-5.1e-05,10.05
2026-09-01 15:15,UNI,UNI,5.73445,0.174,2.18,2.18,6.016,22830,0.00125,16.86
2026-09-01 15:15,AAVE,AAVE,125.995,2.381,1.191,1.984,1.984,188385,0.00125,14.88
2026-09-01 15:15,ARB,ARB,0.10899500000000001,0.917,0.459,0.459,1.376,108297,0.00125,13.42
2026-09-01 15:15,POL,POL,0.090479,3.095,2.321,4.421,4.642,14741,0.00125,17.14
2026-09-01 15:15,RENDER,RENDER,1.43155,3.493,1.746,3.143,3.842,15216,0.00125,15.99
2026-09-01 15:15,DOGE,DOGE,0.08238899999999999,0.971,0.486,0.486,0.486,106621,0.00125,13.47
2026-09-01 15:15,SHIB,kSHIB,0.0051465,1.943,2.915,2.915,4.858,152533,0.00125,18.33
2026-09-01 15:15,PEPE,kPEPE,0.003495,5.722,2.861,2.861,2.861,1117678,0.00125,18.22
2026-09-01 15:15,WIF,WIF,0.198905,1.508,1.257,1.257,2.765,25851,0.00125,15.01
2026-09-01 15:15,BONK,kBONK,0.0031135,3.212,1.606,1.606,4.818,119680,0.00125,15.71
2026-09-01 15:15,TRUMP,TRUMP,2.349,0.851,0.426,1.277,2.129,45017,3e-05,9.93
2026-09-01 15:20,BTC,BTC,77787.5,0.129,0.064,0.064,0.064,4094668,0.00125,12.63
2026-09-01 15:20,ETH,ETH,2439.45,0.41,0.205,0.205,0.205,7067170,0.00125,12.91
2026-09-01 15:20,SOL,SOL,101.725,0.983,0.492,0.492,0.492,4195653,-0.00105,9.98
2026-09-01 15:20,XRP,XRP,1.3646500000000001,0.733,0.366,0.366,0.366,2068226,0.00125,13.23
2026-09-01 15:20,AVAX,AVAX,7.25565,1.24,0.62,0.62,0.758,49550,0.00125,13.74
2026-09-01 15:20,LINK,LINK,11.3825,0.879,0.439,1.318,2.196,154146,0.00125,13.38
2026-09-01 15:20,LTC,LTC,49.164500000000004,0.203,0.102,0.712,0.712,45027,0.00125,12.7
2026-09-01 15:20,ADA,ADA,0.19759,2.024,1.012,1.012,2.024,151283,0.00125,14.52
2026-09-01 15:20,DOT,DOT,0.856325,1.051,0.526,0.526,0.526,41711,-0.000213,10.05
2026-09-01 15:20,UNI,UNI,5.7419,2.438,1.219,1.219,1.219,51534,0.00125,14.94
2026-09-01 15:20,AAVE,AAVE,126.035,2.38,1.19,1.19,1.19,206401,0.00125,14.88
2026-09-01 15:20,ARB,ARB,0.11027,5.441,4.534,4.534,8.162,88732,0.00125,21.57
2026-09-01 15:20,POL,POL,0.0906855,2.316,1.158,2.702,5.017,15649,0.00125,14.82
2026-09-01 15:20,RENDER,RENDER,1.43145,4.89,2.445,3.144,4.541,27545,0.00125,17.39
2026-09-01 15:20,DOGE,DOGE,0.0823985,0.121,1.153,1.153,1.153,91175,0.00125,14.81
2026-09-01 15:20,SHIB,kSHIB,0.0051494999999999996,1.942,0.971,2.913,4.855,160502,0.00125,14.44
2026-09-01 15:20,PEPE,kPEPE,0.0034945,2.862,1.431,1.431,1.431,863175,0.00125,15.36
2026-09-01 15:20,WIF,WIF,0.19945,3.008,2.006,2.507,3.51,38420,0.00125,16.51
2026-09-01 15:20,BONK,kBONK,0.0031115,3.214,1.607,4.821,8.035,138908,0.00125,15.71
2026-09-01 15:20,TRUMP,TRUMP,2.3541999999999996,0.85,0.425,2.549,3.823,64041,2.9e-05,9.93
2026-09-01 15:25,BTC,BTC,77812.5,0.129,0.064,0.064,0.064,3031533,0.00125,12.63
2026-09-01 15:25,ETH,ETH,2442.25,0.409,0.205,0.205,0.205,7021378,0.00125,12.91
2026-09-01 15:25,SOL,SOL,101.83500000000001,0.982,0.491,0.491,0.491,4089178,-0.001079,9.98
2026-09-01 15:25,XRP,XRP,1.3680500000000002,0.731,0.365,0.365,0.365,2006853,0.00125,13.23
2026-09-01 15:25,AVAX,AVAX,7.2616499999999995,0.964,0.482,0.62,0.757,44489,0.00125,13.46
2026-09-01 15:25,LINK,LINK,11.3915,0.878,0.439,0.439,0.439,129302,0.00125,13.38
2026-09-01 15:25,LTC,LTC,49.531,1.211,0.606,0.606,0.606,49658,0.00125,13.71
2026-09-01 15:25,ADA,ADA,0.197915,0.505,0.253,0.253,0.253,92948,0.00125,13.01
2026-09-01 15:25,DOT,DOT,0.85701,2.1,1.05,1.867,2.45,15781,-0.000274,11.1
2026-09-01 15:25,UNI,UNI,5.763299999999999,2.082,1.041,1.735,1.735,28412,0.00125,14.58
2026-09-01 15:25,AAVE,AAVE,125.92,1.588,0.794,0.794,0.794,97402,0.00125,14.09
2026-09-01 15:25,ARB,ARB,0.110245,2.721,1.361,1.361,2.268,102357,0.00125,15.22
2026-09-01 15:25,POL,POL,0.0907115,2.756,1.378,2.37,2.48,24671,0.00125,15.26
2026-09-01 15:25,RENDER,RENDER,1.43265,3.49,1.745,3.141,4.537,18217,0.00125,15.99
2026-09-01 15:25,DOGE,DOGE,0.08247850000000001,1.819,0.909,0.909,0.909,233012,0.00125,14.32
2026-09-01 15:25,SHIB,kSHIB,0.005158,3.877,3.877,5.816,5.816,148629,0.00125,20.25
2026-09-01 15:25,PEPE,kPEPE,0.0034955,2.861,1.43,1.43,4.291,855583,0.00125,15.36
2026-09-01 15:25,WIF,WIF,0.199695,1.502,0.751,1.252,1.753,25453,0.00125,14.0
2026-09-01 15:25,BONK,kBONK,0.0031130000000000003,6.425,3.212,3.212,3.212,167437,0.00125,18.92
2026-09-01 15:25,TRUMP,TRUMP,2.35895,1.272,0.636,1.908,1.908,47645,-0.000356,10.27
2026-09-01 15:30,BTC,BTC,77903.5,0.128,0.064,0.064,0.064,6760416,0.00125,12.63
2026-09-01 15:30,ETH,ETH,2444.3500000000004,0.409,0.205,0.205,0.205,10713858,0.00125,12.91
2026-09-01 15:30,SOL,SOL,101.795,0.982,0.491,0.491,0.491,5373276,-0.001074,9.98
2026-09-01 15:30,XRP,XRP,1.36755,0.731,0.366,0.366,0.366,2099757,0.00125,13.23
2026-09-01 15:30,AVAX,AVAX,7.2745,1.1,0.55,1.1,1.375,24146,0.00125,13.6
2026-09-01 15:30,LINK,LINK,11.391,1.756,0.878,1.756,1.756,100802,0.00125,14.26
2026-09-01 15:30,LTC,LTC,49.331500000000005,0.203,0.101,0.912,1.115,51211,0.00125,12.7
2026-09-01 15:30,ADA,ADA,0.198075,4.544,2.272,2.272,2.272,120782,0.00125,17.04
2026-09-01 15:30,DOT,DOT,0.85667,3.735,1.868,1.984,2.685,20734,-0.000314,12.74
2026-09-01 15:30,UNI,UNI,5.757099999999999,2.084,1.042,1.042,1.042,27922,0.00125,14.58
2026-09-01 15:30,AAVE,AAVE,125.985,0.794,0.397,0.397,0.397,188058,0.00125,13.29
2026-09-01 15:30,ARB,ARB,0.11075499999999999,8.126,4.063,4.063,4.063,54192,0.00125,20.63
2026-09-01 15:30,POL,POL,0.0908435,3.192,2.257,3.247,5.119,8683,0.00125,17.01
2026-09-01 15:30,RENDER,RENDER,1.4373,4.174,2.087,3.479,4.174,15467,0.00125,16.67
2026-09-01 15:30,DOGE,DOGE,0.08251,1.212,0.606,0.606,0.606,137700,0.00125,13.71
2026-09-01 15:30,SHIB,kSHIB,0.0051649999999999995,3.872,1.936,3.872,3.872,139513,0.00125,16.37
2026-09-01 15:30,PEPE,kPEPE,0.0035035,2.854,1.427,1.427,1.427,750416,0.00125,15.35
2026-09-01 15:30,WIF,WIF,0.20038499999999998,3.493,1.747,1.747,2.246,28215,0.00125,15.99
2026-09-01 15:30,BONK,kBONK,0.003127,6.396,3.198,3.198,6.396,168331,0.00125,18.9
2026-09-01 15:30,TRUMP,TRUMP,2.36315,0.423,1.904,2.751,3.597,43057,-0.000683,12.81
2026-09-01 15:35,BTC,BTC,77815.5,0.129,0.064,0.064,0.064,4324878,0.00125,12.63
2026-09-01 15:35,ETH,ETH,2442.95,0.409,0.205,0.205,0.205,8232531,0.00125,12.91
2026-09-01 15:35,SOL,SOL,101.955,0.981,0.49,0.49,0.49,6289077,-0.001035,9.98
2026-09-01 15:35,XRP,XRP,1.37065,0.73,0.365,0.365,0.365,1971022,0.00125,13.23
2026-09-01 15:35,AVAX,AVAX,7.277,1.374,0.687,0.687,0.825,68046,0.00125,13.87
2026-09-01 15:35,LINK,LINK,11.400500000000001,0.877,0.439,1.316,1.316,144452,0.00125,13.38
2026-09-01 15:35,LTC,LTC,49.283500000000004,1.42,0.71,1.116,1.522,39183,0.00125,13.92
2026-09-01 15:35,ADA,ADA,0.198365,1.512,0.756,0.756,0.756,193186,0.00125,14.01
2026-09-01 15:35,DOT,DOT,0.859505,2.676,1.338,1.92,2.036,34627,-0.00028,11.68
2026-09-01 15:35,UNI,UNI,5.7490000000000006,2.435,1.218,1.218,1.218,22201,0.00125,14.94
2026-09-01 15:35,AAVE,AAVE,126.25999999999999,3.168,2.376,3.168,3.168,188123,0.00125,17.25
2026-09-01 15:35,ARB,ARB,0.111465,2.691,1.346,1.346,1.346,86949,0.00125,15.19
2026-09-01 15:35,POL,POL,0.0907,3.087,1.654,2.315,3.418,15710,0.00125,15.81
2026-09-01 15:35,RENDER,RENDER,1.4379,2.782,1.391,8.346,9.041,29558,0.00125,15.28
2026-09-01 15:35,DOGE,DOGE,0.0825915,0.121,0.061,0.061,0.061,134539,0.00125,12.62
2026-09-01 15:35,SHIB,kSHIB,0.005171500000000001,1.934,0.967,2.901,2.901,123303,0.00125,14.43
2026-09-01 15:35,PEPE,kPEPE,0.0035035,2.854,1.427,1.427,1.427,931473,0.00125,15.35
2026-09-01 15:35,WIF,WIF,0.200665,2.492,1.744,1.744,1.744,26475,0.00125,15.99
2026-09-01 15:35,BONK,kBONK,0.0031495000000000004,9.525,4.763,7.938,7.938,172502,0.00125,22.03
2026-09-01 15:35,TRUMP,TRUMP,2.36975,1.266,0.633,1.055,1.477,89003,-0.000646,10.27
2026-09-01 15:40,BTC,BTC,77639.5,0.129,0.064,0.064,0.064,5877984,0.00125,12.63
2026-09-01 15:40,ETH,ETH,2435.95,0.411,0.205,0.205,0.205,6320719,0.00125,12.91
2026-09-01 15:40,SOL,SOL,101.545,0.985,0.492,0.492,0.492,5930173,-0.001123,9.98
2026-09-01 15:40,XRP,XRP,1.36525,0.732,0.366,0.366,0.366,1874704,0.00125,13.23
2026-09-01 15:40,AVAX,AVAX,7.243399999999999,1.381,0.69,0.69,0.69,56182,0.00125,13.88
2026-09-01 15:40,LINK,LINK,11.3445,0.881,0.441,0.441,0.441,183582,0.00125,13.38
2026-09-01 15:40,LTC,LTC,49.134,0.814,0.407,0.407,0.814,57558,0.00125,13.31
2026-09-01 15:40,ADA,ADA,0.19724,1.014,0.507,0.507,0.507,197850,0.00125,13.51
2026-09-01 15:40,DOT,DOT,0.855405,2.689,1.344,2.28,2.28,40106,-0.000577,11.69
2026-09-01 15:40,UNI,UNI,5.719099999999999,2.098,1.049,1.049,1.749,35673,0.00125,14.6
2026-09-01 15:40,AAVE,AAVE,125.535,2.39,1.195,2.788,2.788,171810,0.00125,14.89
2026-09-01 15:40,ARB,ARB,0.111145,4.499,2.249,2.249,2.249,83893,0.00125,17.0
2026-09-01 15:40,POL,POL,0.090227,2.882,2.217,2.771,4.766,6698,0.000956,16.11
2026-09-01 15:40,RENDER,RENDER,1.4295499999999999,4.897,2.448,5.946,6.645,22499,0.00125,17.4
2026-09-01 15:40,DOGE,DOGE,0.082186,0.487,0.243,0.243,0.487,160109,0.00125,12.99
2026-09-01 15:40,SHIB,kSHIB,0.0051445,1.944,0.972,2.916,4.86,170683,0.00125,14.44
2026-09-01 15:40,PEPE,kPEPE,0.0034875,2.867,1.434,1.434,1.434,974051,0.00125,15.37
2026-09-01 15:40,WIF,WIF,0.199665,2.504,1.753,1.753,2.755,31945,0.00125,16.01
2026-09-01 15:40,BONK,kBONK,0.0031265,3.198,1.599,1.599,1.599,143032,0.00125,15.7
2026-09-01 15:40,TRUMP,TRUMP,2.34925,0.426,0.213,0.639,1.49,85411,-0.000884,9.43
2026-09-01 15:45,BTC,BTC,77861.5,0.128,0.064,0.064,0.064,7931640,0.00125,12.63
2026-09-01 15:45,ETH,ETH,2441.1499999999996,0.41,0.205,0.205,0.205,9479042,0.00125,12.91
2026-09-01 15:45,SOL,SOL,101.805,0.982,0.491,0.491,0.491,4551597,-0.001119,9.98
2026-09-01 15:45,XRP,XRP,1.36855,0.731,0.365,0.365,0.365,1448227,0.00125,13.23
2026-09-01 15:45,AVAX,AVAX,7.2645,1.652,0.826,1.377,1.377,42683,0.00125,14.15
2026-09-01 15:45,LINK,LINK,11.374500000000001,0.879,0.44,0.44,0.44,156981,0.00125,13.38
2026-09-01 15:45,LTC,LTC,49.317499999999995,0.203,0.101,0.101,0.71,59350,0.00125,12.7
2026-09-01 15:45,ADA,ADA,0.197885,0.505,0.253,0.253,0.253,107569,0.00125,13.01
2026-09-01 15:45,DOT,DOT,0.85919,1.862,0.931,2.211,3.026,22101,-0.0006,10.86
2026-09-01 15:45,UNI,UNI,5.7157,3.149,1.575,1.575,1.575,55549,0.00125,15.65
2026-09-01 15:45,AAVE,AAVE,125.935,2.382,1.191,1.191,1.191,217746,0.00125,14.88
2026-09-01 15:45,ARB,ARB,0.11105000000000001,1.801,0.9,0.9,0.9,221355,0.00125,14.3
2026-09-01 15:45,POL,POL,0.090297,2.658,1.329,1.44,3.212,5495,0.000594,13.32
2026-09-01 15:45,RENDER,RENDER,1.43125,3.493,1.747,5.24,5.24,17033,0.00125,15.99
2026-09-01 15:45,DOGE,DOGE,0.0824115,0.121,0.061,0.061,0.061,95196,0.00125,12.62
2026-09-01 15:45,SHIB,kSHIB,0.005152,3.882,1.941,5.823,5.823,165879,0.00125,16.38
2026-09-01 15:45,PEPE,kPEPE,0.0034935,2.862,1.431,1.431,1.431,854309,0.00125,15.36
2026-09-01 15:45,WIF,WIF,0.2002,2.997,2.498,2.498,3.996,17962,0.00125,17.5
2026-09-01 15:45,BONK,kBONK,0.003137,6.376,3.188,3.188,6.376,171394,0.00125,18.88
2026-09-01 15:45,TRUMP,TRUMP,2.3649,0.846,0.423,0.423,1.691,111871,-0.000689,9.85
2026-09-01 15:50,BTC,BTC,78190.5,0.128,0.064,0.064,0.064,13875833,0.00125,12.63
2026-09-01 15:50,ETH,ETH,2446.75,0.409,0.204,0.204,0.204,9181215,0.00125,12.91
2026-09-01 15:50,SOL,SOL,102.275,0.978,0.489,0.489,0.489,4493687,-0.000995,9.98
2026-09-01 15:50,XRP,XRP,1.3766,1.453,0.726,0.726,0.726,1336163,0.00125,13.95
2026-09-01 15:50,AVAX,AVAX,7.2982,1.644,0.822,0.822,1.096,25608,0.00125,14.14
2026-09-01 15:50,LINK,LINK,11.4265,0.875,0.438,0.438,0.438,167849,0.00125,13.38
2026-09-01 15:50,LTC,LTC,49.42,1.214,0.607,0.607,0.809,41568,0.00125,13.71
2026-09-01 15:50,ADA,ADA,0.199135,1.507,0.753,0.753,0.753,179901,0.00125,14.01
2026-09-01 15:50,DOT,DOT,0.863095,1.043,0.521,0.521,0.521,13612,-0.00047,10.04
2026-09-01 15:50,UNI,UNI,5.7376000000000005,0.349,0.174,0.174,0.523,34335,0.00125,12.85
2026-09-01 15:50,AAVE,AAVE,126.69,1.579,0.789,1.579,1.579,341092,0.00125,14.08
2026-09-01 15:50,ARB,ARB,0.11076,3.611,1.806,2.709,2.709,53150,0.00125,16.11
2026-09-01 15:50,POL,POL,0.090295,2.658,1.329,1.44,2.547,8419,9.1e-05,11.91
2026-09-01 15:50,RENDER,RENDER,1.4362,5.57,2.785,3.481,3.481,28157,0.00125,18.07
2026-09-01 15:50,DOGE,DOGE,0.082782,0.483,0.604,0.604,0.604,111187,0.00125,13.71
2026-09-01 15:50,SHIB,kSHIB,0.0051730000000000005,3.866,1.933,3.866,3.866,150024,0.00125,16.37
2026-09-01 15:50,PEPE,kPEPE,0.0035145000000000003,2.845,1.423,1.423,1.423,881631,0.00125,15.35
2026-09-01 15:50,WIF,WIF,0.20184,2.973,2.477,3.964,4.954,14576,0.00125,17.45
2026-09-01 15:50,BONK,kBONK,0.003157,6.335,3.168,3.168,3.168,140258,0.00125,18.84
2026-09-01 15:50,TRUMP,TRUMP,2.37325,2.95,1.475,1.475,1.475,66749,-0.000414,11.95
2026-09-01 15:55,BTC,BTC,78034.5,0.128,0.064,0.064,0.064,5239591,0.00125,12.63
2026-09-01 15:55,ETH,ETH,2442.1499999999996,0.409,0.205,0.205,0.205,11314479,0.00125,12.91
2026-09-01 15:55,SOL,SOL,101.89500000000001,0.981,0.491,0.491,0.491,5217356,-0.000914,9.98
2026-09-01 15:55,XRP,XRP,1.37405,0.728,0.364,0.364,0.364,1991514,0.00125,13.23
2026-09-01 15:55,AVAX,AVAX,7.2878,0.823,0.412,0.412,0.412,68591,0.00125,13.32
2026-09-01 15:55,LINK,LINK,11.412500000000001,0.876,0.438,0.438,0.438,143754,0.00125,13.38
2026-09-01 15:55,LTC,LTC,49.434,0.809,0.405,0.607,0.809,18707,0.00125,13.31
2026-09-01 15:55,ADA,ADA,0.19874999999999998,1.006,0.503,1.006,1.006,143501,0.00125,13.51
2026-09-01 15:55,DOT,DOT,0.862985,1.97,0.985,0.985,0.985,27920,-0.000483,10.97
2026-09-01 15:55,UNI,UNI,5.71995,3.671,1.836,1.836,2.36,40965,0.00125,16.17
2026-09-01 15:55,AAVE,AAVE,126.545,0.79,0.395,0.395,0.395,191379,0.00125,13.29
2026-09-01 15:55,ARB,ARB,0.10894999999999999,1.836,0.918,0.918,0.918,79766,0.00125,14.34
2026-09-01 15:55,POL,POL,0.09067700000000001,0.882,0.441,0.993,1.765,15395,-0.000272,9.88
2026-09-01 15:55,RENDER,RENDER,1.435,4.181,2.787,2.787,2.787,15590,0.00125,18.07
2026-09-01 15:55,DOGE,DOGE,0.0827,0.242,0.121,0.726,0.726,73043,0.00125,12.74
2026-09-01 15:55,SHIB,kSHIB,0.0051705,1.934,0.967,2.901,2.901,145126,0.00125,14.43
2026-09-01 15:55,PEPE,kPEPE,0.0035195,2.841,1.421,1.421,1.421,885024,0.00125,15.34
2026-09-01 15:55,WIF,WIF,0.201195,3.479,2.237,2.237,3.231,23358,0.00125,16.97
2026-09-01 15:55,BONK,kBONK,0.003149,6.351,3.176,3.176,3.176,131337,0.00125,18.85
2026-09-01 15:55,TRUMP,TRUMP,2.367,1.69,0.845,0.845,1.267,85978,-0.000341,10.69
2026-09-01 16:00,BTC,BTC,78101.5,0.128,0.064,0.064,0.064,1747360,0.00125,12.63
2026-09-01 16:00,ETH,ETH,2444.45,0.409,0.205,1.432,1.432,7192362,0.00125,12.91
2026-09-01 16:00,SOL,SOL,101.955,0.981,0.49,0.49,0.49,4521426,0.000503,11.39
2026-09-01 16:00,XRP,XRP,1.37485,0.727,0.364,0.364,0.364,1175581,0.00125,13.23
2026-09-01 16:00,AVAX,AVAX,7.286099999999999,1.647,0.823,0.961,0.961,39418,0.00125,14.15
2026-09-01 16:00,LINK,LINK,11.401499999999999,0.877,0.439,1.316,2.193,120593,0.00125,13.38
2026-09-01 16:00,LTC,LTC,49.4315,0.607,0.303,0.303,0.303,45406,0.00125,13.11
2026-09-01 16:00,ADA,ADA,0.198975,1.508,0.754,0.754,1.759,160666,0.00125,14.01
2026-09-01 16:00,DOT,DOT,0.8625849999999999,2.435,1.217,1.333,1.913,21223,-0.000234,11.43
2026-09-01 16:00,UNI,UNI,5.687749999999999,3.692,1.846,2.374,2.374,19959,0.00125,16.19
2026-09-01 16:00,AAVE,AAVE,126.74000000000001,1.578,0.789,0.789,0.789,343784,0.00125,14.08
2026-09-01 16:00,ARB,ARB,0.1096,3.65,1.825,1.825,1.825,50118,0.00125,16.15
2026-09-01 16:00,POL,POL,0.090645,2.427,1.324,1.986,3.53,4675,-0.001727,11.65
2026-09-01 16:00,RENDER,RENDER,1.4396499999999999,6.252,4.515,5.904,5.904,13133,0.00125,21.53
2026-09-01 16:00,DOGE,DOGE,0.0827675,0.121,0.06,0.06,0.06,139183,0.00125,12.62
2026-09-01 16:00,SHIB,kSHIB,0.0051745,1.933,0.966,2.899,2.899,188842,0.00125,14.43
2026-09-01 16:00,PEPE,kPEPE,0.0035310000000000003,5.664,2.832,2.832,2.832,974063,0.00125,18.16
2026-09-01 16:00,WIF,WIF,0.20096,1.99,2.488,3.981,4.479,15273,0.00125,17.48
2026-09-01 16:00,BONK,kBONK,0.0031590000000000003,6.331,3.166,3.166,3.166,129969,0.00125,18.83
2026-09-01 16:00,TRUMP,TRUMP,2.36605,2.113,1.057,1.057,1.057,111644,0.00125,14.61
2026-09-01 16:05,BTC,BTC,78117.5,0.128,1.088,1.472,2.88,1422017,0.00125,14.68
2026-09-01 16:05,ETH,ETH,2449.45,0.408,2.245,2.245,2.245,5632709,0.00125,16.99
2026-09-01 16:05,SOL,SOL,102.025,0.98,0.49,0.49,0.49,5209392,0.000693,11.92
2026-09-01 16:05,XRP,XRP,1.3772,1.452,0.726,0.726,0.726,1442382,0.00125,13.95
2026-09-01 16:05,AVAX,AVAX,7.2964,1.371,0.685,0.685,0.685,82463,0.00125,13.87
2026-09-01 16:05,LINK,LINK,11.435500000000001,0.874,0.437,0.437,1.312,198092,0.00125,13.37
2026-09-01 16:05,LTC,LTC,49.671,0.403,0.201,0.604,1.007,40823,0.00125,12.9
2026-09-01 16:05,ADA,ADA,0.19925500000000002,1.506,0.753,0.753,0.753,176417,0.00125,14.01
2026-09-01 16:05,DOT,DOT,0.8648899999999999,2.544,1.272,2.081,2.081,24660,7.3e-05,11.75
2026-09-01 16:05,UNI,UNI,5.6873000000000005,1.407,0.703,0.703,0.703,27197,0.00125,13.91
2026-09-01 16:05,AAVE,AAVE,127.035,0.787,3.542,3.542,3.542,148821,0.00125,19.58
2026-09-01 16:05,ARB,ARB,0.111205,0.899,0.45,0.45,0.45,102103,0.00125,13.4
2026-09-01 16:05,POL,POL,0.090906,1.76,0.88,0.99,1.21,9662,-0.002076,10.76
2026-09-01 16:05,RENDER,RENDER,1.4412,2.775,1.388,1.388,1.388,29014,0.00125,15.28
2026-09-01 16:05,DOGE,DOGE,0.082837,0.966,0.483,0.483,0.483,114194,0.00125,13.47
2026-09-01 16:05,SHIB,kSHIB,0.005183,3.859,1.929,3.859,5.788,166241,0.00125,16.36
2026-09-01 16:05,PEPE,kPEPE,0.0035405000000000002,2.824,1.412,1.412,1.412,1002268,0.00125,15.32
2026-09-01 16:05,WIF,WIF,0.201745,2.478,2.231,4.213,4.709,44898,0.00125,16.96
2026-09-01 16:05,BONK,kBONK,0.0031539999999999997,6.341,3.171,3.171,3.171,138732,0.00125,18.84
2026-09-01 16:05,TRUMP,TRUMP,2.3759,1.684,0.842,0.842,1.263,69496,0.00125,14.18
2026-09-01 16:10,BTC,BTC,78345.5,0.128,0.064,0.064,0.064,2718510,0.00125,12.63
2026-09-01 16:10,ETH,ETH,2454.25,0.407,0.204,0.204,0.204,7624006,0.00125,12.91
2026-09-01 16:10,SOL,SOL,102.36500000000001,0.977,0.488,0.488,0.488,4295244,0.000838,12.32
2026-09-01 16:10,XRP,XRP,1.3802500000000002,0.725,0.362,0.362,0.362,2137994,0.00125,13.22
2026-09-01 16:10,AVAX,AVAX,7.31625,0.957,0.478,0.478,1.435,72140,0.00125,13.46
2026-09-01 16:10,LINK,LINK,11.469000000000001,1.744,0.872,0.872,0.872,153300,0.00125,14.24
2026-09-01 16:10,LTC,LTC,49.7395,1.005,0.503,0.503,0.704,40457,0.00125,13.51
2026-09-01 16:10,ADA,ADA,0.19972499999999999,1.502,0.751,0.751,1.252,198328,0.00125,14.0
2026-09-01 16:10,DOT,DOT,0.867425,1.268,0.634,0.749,0.749,23312,-0.000145,10.27
2026-09-01 16:10,UNI,UNI,5.708600000000001,0.701,0.35,0.35,1.752,48715,0.00125,13.2
2026-09-01 16:10,AAVE,AAVE,127.24000000000001,1.572,0.786,0.786,0.786,425010,0.00125,14.07
2026-09-01 16:10,ARB,ARB,0.111345,2.694,1.347,1.347,3.143,48715,0.00125,15.19
2026-09-01 16:10,POL,POL,0.0912415,2.302,1.151,1.26,2.028,19753,-0.001535,11.3
2026-09-01 16:10,RENDER,RENDER,1.4466,5.53,4.148,4.839,4.839,13660,0.00125,20.8
2026-09-01 16:10,DOGE,DOGE,0.082991,0.482,0.241,0.241,0.241,158724,0.00125,12.98
2026-09-01 16:10,SHIB,kSHIB,0.0051885,1.927,2.891,2.891,2.891,142020,0.00125,18.28
2026-09-01 16:10,PEPE,kPEPE,0.0035405000000000002,2.824,1.412,1.412,1.412,925492,0.00125,15.32
2026-09-01 16:10,WIF,WIF,0.20231,2.966,2.471,2.966,4.449,44510,0.00125,17.44
2026-09-01 16:10,BONK,kBONK,0.0031609999999999997,6.327,3.164,6.327,6.327,165224,0.00125,18.83
2026-09-01 16:10,TRUMP,TRUMP,2.3846499999999997,0.419,0.21,0.21,0.21,78258,0.00125,12.92
2026-09-01 16:15,BTC,BTC,78332.5,0.128,0.064,0.064,0.064,4395966,0.00125,12.63
2026-09-01 16:15,ETH,ETH,2454.8500000000004,0.407,0.204,0.204,0.204,7168477,0.00125,12.91
2026-09-01 16:15,SOL,SOL,102.41499999999999,0.976,0.488,0.488,0.488,4194694,0.000895,12.48
2026-09-01 16:15,XRP,XRP,1.3796499999999998,0.725,0.362,0.362,0.362,2090443,0.00125,13.22
2026-09-01 16:15,AVAX,AVAX,7.33075,1.501,0.75,0.75,0.75,55260,0.00125,14.0
2026-09-01 16:15,LINK,LINK,11.4785,0.871,0.436,0.436,1.307,184659,0.00125,13.37
2026-09-01 16:15,LTC,LTC,49.7295,0.201,1.508,1.508,1.709,39873,0.00125,15.52
2026-09-01 16:15,ADA,ADA,0.20007,1.0,0.5,0.5,0.5,169038,0.00125,13.5
2026-09-01 16:15,DOT,DOT,0.867955,1.498,0.749,1.21,2.247,17317,-0.00027,10.5
2026-09-01 16:15,UNI,UNI,5.69615,1.229,0.614,0.614,0.614,26854,0.00125,13.73
2026-09-01 16:15,AAVE,AAVE,127.22,3.144,1.572,2.358,2.358,167722,0.00125,15.64
2026-09-01 16:15,ARB,ARB,0.110815,2.707,1.354,1.354,1.354,96694,0.00125,15.21
2026-09-01 16:15,POL,POL,0.091347,3.065,2.299,3.284,3.613,8255,-0.001667,13.6
2026-09-01 16:15,RENDER,RENDER,1.4512,5.513,2.756,2.756,2.756,27867,0.00125,18.01
2026-09-01 16:15,DOGE,DOGE,0.0829785,0.844,0.422,0.422,0.422,138292,0.00125,13.34
2026-09-01 16:15,SHIB,kSHIB,0.0051915,1.926,2.889,4.816,4.816,210509,0.00125,18.28
2026-09-01 16:15,PEPE,kPEPE,0.0035395,2.825,1.413,1.413,1.413,1170979,0.00125,15.33
2026-09-01 16:15,WIF,WIF,0.20289000000000001,0.986,0.986,2.464,2.464,37097,0.00125,14.47
2026-09-01 16:15,BONK,kBONK,0.003164,6.321,3.161,3.161,6.321,164621,0.00125,18.82
2026-09-01 16:15,TRUMP,TRUMP,2.38215,2.099,1.049,1.469,2.309,48034,0.001095,14.16
2026-09-01 16:20,BTC,BTC,78206.5,0.128,0.064,0.064,0.064,4737839,0.00125,12.63
2026-09-01 16:20,ETH,ETH,2449.25,0.408,0.204,0.204,0.204,9010358,0.00125,12.91
2026-09-01 16:20,SOL,SOL,102.215,0.978,0.489,0.489,0.489,4522854,0.000744,12.06
2026-09-01 16:20,XRP,XRP,1.3779499999999998,0.726,0.363,0.363,0.363,1285235,0.00125,13.23
2026-09-01 16:20,AVAX,AVAX,7.31105,0.684,0.342,0.616,0.616,96401,0.00125,13.18
2026-09-01 16:20,LINK,LINK,11.444500000000001,0.874,0.437,0.437,1.311,192314,0.00125,13.37
2026-09-01 16:20,LTC,LTC,49.685500000000005,1.006,0.503,0.503,1.711,62453,0.00125,13.51
2026-09-01 16:20,ADA,ADA,0.1995,1.003,0.501,0.501,1.003,183173,0.00125,13.5
2026-09-01 16:20,DOT,DOT,0.8665449999999999,1.731,0.866,0.981,0.981,28433,-0.000632,10.73
2026-09-01 16:20,UNI,UNI,5.70545,2.279,1.139,1.84,1.84,24192,0.00125,14.78
2026-09-01 16:20,AAVE,AAVE,126.83,1.577,0.788,0.788,0.788,362403,0.00125,14.08
2026-09-01 16:20,ARB,ARB,0.11015,3.631,1.816,1.816,1.816,98172,0.00125,16.13
2026-09-01 16:20,POL,POL,0.0913645,1.861,0.93,1.04,1.04,18524,-0.001839,10.86
2026-09-01 16:20,RENDER,RENDER,1.4449,4.153,2.076,2.076,2.076,15625,0.00125,16.65
2026-09-01 16:20,DOGE,DOGE,0.0827905,0.121,0.06,0.06,0.423,105340,0.00125,12.62
2026-09-01 16:20,SHIB,kSHIB,0.005180499999999999,1.93,2.895,2.895,2.895,183096,0.00125,18.29
2026-09-01 16:20,PEPE,kPEPE,0.0035205,2.841,1.42,1.42,1.42,952787,0.00125,15.34
2026-09-01 16:20,WIF,WIF,0.20212,2.969,2.474,2.474,2.474,30254,0.00125,17.45
2026-09-01 16:20,BONK,kBONK,0.0031585,3.166,1.583,1.583,4.749,174759,0.00125,15.67
2026-09-01 16:20,TRUMP,TRUMP,2.3718500000000002,1.265,0.632,1.476,1.476,46178,0.000673,12.15
2026-09-01 16:25,BTC,BTC,78352.5,0.128,0.064,0.064,0.064,1386966,0.00125,12.63
2026-09-01 16:25,ETH,ETH,2453.55,0.408,0.611,0.611,0.611,4688304,0.00125,13.72
2026-09-01 16:25,SOL,SOL,102.38499999999999,0.977,0.488,0.488,0.488,3963692,0.000787,12.18
2026-09-01 16:25,XRP,XRP,1.38035,0.724,0.362,0.362,0.362,1708352,0.00125,13.22
2026-09-01 16:25,AVAX,AVAX,7.3202,0.82,0.956,1.639,1.639,65948,0.00125,14.41
2026-09-01 16:25,LINK,LINK,11.4775,0.871,1.307,1.307,2.178,221318,0.00125,15.11
2026-09-01 16:25,LTC,LTC,49.699,1.207,0.604,0.604,0.805,52697,0.00125,13.71
2026-09-01 16:25,ADA,ADA,0.200065,1.5,0.75,0.75,0.75,173792,0.00125,14.0
2026-09-01 16:25,DOT,DOT,0.8716349999999999,0.115,3.04,3.04,5.564,39854,-0.000524,15.08
2026-09-01 16:25,UNI,UNI,5.7406500000000005,3.658,1.829,1.829,1.829,35152,0.00125,16.16
2026-09-01 16:25,AAVE,AAVE,127.58500000000001,0.784,1.959,1.959,2.743,382200,0.00125,16.42
2026-09-01 16:25,ARB,ARB,0.11032,1.813,0.906,0.906,0.906,96639,0.00125,14.31
2026-09-01 16:25,POL,POL,0.0916385,2.292,2.019,2.783,4.965,3815,-0.001894,13.04
2026-09-01 16:25,RENDER,RENDER,1.4517,5.511,2.755,4.822,6.2,24923,0.00125,18.01
2026-09-01 16:25,DOGE,DOGE,0.0829585,0.362,0.301,0.301,1.386,119072,0.00125,13.1
2026-09-01 16:25,SHIB,kSHIB,0.0051955000000000005,1.925,0.962,2.887,4.812,171505,0.00125,14.42
2026-09-01 16:25,PEPE,kPEPE,0.003535,5.658,2.829,2.829,2.829,852600,0.00125,18.16
2026-09-01 16:25,WIF,WIF,0.20277,2.959,2.466,3.452,5.425,44363,0.00125,17.43
2026-09-01 16:25,BONK,kBONK,0.0031785,3.146,4.719,4.719,11.011,119438,0.00125,21.94
2026-09-01 16:25,TRUMP,TRUMP,2.37995,0.42,0.21,0.21,0.21,97895,0.000687,11.34
2026-09-01 16:30,BTC,BTC,78307.5,0.128,0.319,0.319,0.319,1718153,0.00125,13.14
2026-09-01 16:30,ETH,ETH,2454.05,0.407,0.204,0.204,0.204,8493729,0.00125,12.91
2026-09-01 16:30,SOL,SOL,102.255,0.978,1.467,1.467,1.467,4538922,0.000825,14.24
2026-09-01 16:30,XRP,XRP,1.37725,0.726,0.363,0.363,0.363,1365859,0.00125,13.23
2026-09-01 16:30,AVAX,AVAX,7.3149,0.82,0.41,0.41,0.41,63471,0.00125,13.32
2026-09-01 16:30,LINK,LINK,11.4635,0.872,0.436,1.309,1.309,196494,0.00125,13.37
2026-09-01 16:30,LTC,LTC,49.589,0.807,0.403,0.605,1.412,68436,0.00125,13.31
2026-09-01 16:30,ADA,ADA,0.199625,0.501,0.25,0.25,0.25,195074,0.00125,13.0
2026-09-01 16:30,DOT,DOT,0.8701300000000001,1.379,0.69,0.69,0.69,25016,-0.000572,10.38
2026-09-01 16:30,UNI,UNI,5.7263,1.048,0.524,0.699,0.699,26624,0.00125,13.55
2026-09-01 16:30,AAVE,AAVE,126.975,2.363,1.181,1.181,1.181,378169,0.00125,14.86
2026-09-01 16:30,ARB,ARB,0.10927999999999999,9.151,4.575,4.575,4.575,114020,0.00125,21.65
2026-09-01 16:30,POL,POL,0.091362,3.721,2.408,3.065,4.269,8770,-0.00185,13.82
2026-09-01 16:30,RENDER,RENDER,1.4466999999999999,5.53,2.765,4.839,5.53,26028,0.00125,18.03
2026-09-01 16:30,DOGE,DOGE,0.0827915,0.121,0.06,0.785,1.268,144189,0.00125,12.62
2026-09-01 16:30,SHIB,kSHIB,0.005186,3.857,1.928,3.857,3.857,155676,0.00125,16.36
2026-09-01 16:30,PEPE,kPEPE,0.003521,5.68,2.84,2.84,2.84,819739,0.00125,18.18
2026-09-01 16:30,WIF,WIF,0.202815,0.493,3.698,4.191,4.191,42648,0.00125,19.9
2026-09-01 16:30,BONK,kBONK,0.003158,6.333,3.167,3.167,3.167,170714,0.00125,18.83
2026-09-01 16:30,TRUMP,TRUMP,2.3749000000000002,0.842,0.421,0.421,0.421,97753,0.000654,11.67
2026-09-01 16:35,BTC,BTC,78343.5,0.128,0.064,0.064,0.064,4845841,0.00125,12.63
2026-09-01 16:35,ETH,ETH,2455.05,0.407,0.204,0.204,0.204,10265286,0.00125,12.91
2026-09-01 16:35,SOL,SOL,102.345,0.977,0.489,0.489,0.489,5263954,0.00084,12.33
2026-09-01 16:35,XRP,XRP,1.3789500000000001,0.725,0.363,0.363,0.363,1538244,0.00125,13.23
2026-09-01 16:35,AVAX,AVAX,7.32435,0.683,0.478,0.478,0.478,65105,0.00125,13.46
2026-09-01 16:35,LINK,LINK,11.470500000000001,0.872,0.436,0.436,0.436,165066,0.00125,13.37
2026-09-01 16:35,LTC,LTC,49.596000000000004,0.807,0.403,0.605,0.807,45873,0.00125,13.31
2026-09-01 16:35,ADA,ADA,0.19986500000000001,1.501,0.751,0.751,1.251,253039,0.00125,14.0
2026-09-01 16:35,DOT,DOT,0.87224,2.293,1.146,1.261,2.064,34346,-0.000449,11.29
2026-09-01 16:35,UNI,UNI,5.7435,4.875,2.438,2.438,2.438,43408,0.00125,17.38
2026-09-01 16:35,AAVE,AAVE,127.285,3.928,1.964,1.964,1.964,134124,0.00125,16.43
2026-09-01 16:35,ARB,ARB,0.110015,0.909,0.454,0.454,0.454,118673,0.00125,13.41
2026-09-01 16:35,POL,POL,0.0914855,6.886,4.208,4.755,6.067,5009,-0.001485,17.42
2026-09-01 16:35,RENDER,RENDER,1.45085,4.825,2.412,3.102,3.102,20035,0.00125,17.32
2026-09-01 16:35,DOGE,DOGE,0.08288699999999999,1.448,0.724,0.724,0.724,70198,0.00125,13.95
2026-09-01 16:35,SHIB,kSHIB,0.005190500000000001,1.927,2.89,2.89,4.816,171413,0.00125,18.28
2026-09-01 16:35,PEPE,kPEPE,0.0035245,2.837,1.419,1.419,1.419,676575,0.00125,15.34
2026-09-01 16:35,WIF,WIF,0.202825,0.493,2.219,3.205,3.698,19946,0.00125,16.94
2026-09-01 16:35,BONK,kBONK,0.003169,6.311,3.156,6.311,6.311,142341,0.00125,18.81
2026-09-01 16:35,TRUMP,TRUMP,2.3788,0.841,0.42,0.42,0.841,97801,0.00083,12.17
2026-09-01 16:40,BTC,BTC,78285.5,0.128,0.064,0.064,0.575,1648878,0.00125,12.63
2026-09-01 16:40,ETH,ETH,2452.95,0.408,0.204,0.204,0.204,7313970,0.00125,12.91
2026-09-01 16:40,SOL,SOL,102.22999999999999,1.956,0.978,0.978,0.978,4565802,0.000765,13.1
2026-09-01 16:40,XRP,XRP,1.3783500000000002,0.726,1.814,1.814,1.814,1534824,0.00125,16.13
2026-09-01 16:40,AVAX,AVAX,7.335850000000001,0.409,0.204,0.204,1.022,65681,0.00125,12.91
2026-09-01 16:40,LINK,LINK,11.4635,0.872,0.436,1.309,1.309,168554,0.00125,13.37
2026-09-01 16:40,LTC,LTC,49.6435,1.41,0.705,1.309,2.115,66920,0.00125,13.91
2026-09-01 16:40,ADA,ADA,0.19983,2.002,1.001,1.001,1.001,154504,0.00125,14.5
2026-09-01 16:40,DOT,DOT,0.8721,1.147,1.949,1.949,2.179,13857,-0.000184,12.9
2026-09-01 16:40,UNI,UNI,5.7866,2.419,1.21,1.383,1.383,31924,0.00125,14.92
2026-09-01 16:40,AAVE,AAVE,127.87,1.564,1.564,1.564,1.564,142050,0.00125,15.63
2026-09-01 16:40,ARB,ARB,0.110295,0.907,0.453,0.453,0.453,109734,0.00125,13.41
2026-09-01 16:40,POL,POL,0.0913855,0.109,0.383,3.885,5.088,4226,-0.001336,9.77
2026-09-01 16:40,RENDER,RENDER,1.45295,6.194,3.097,4.474,14.109,26085,0.00125,18.69
2026-09-01 16:40,DOGE,DOGE,0.0828875,0.845,0.422,0.422,0.422,136067,0.00125,13.34
2026-09-01 16:40,SHIB,kSHIB,0.0051965,1.924,0.962,0.962,2.887,130585,0.00125,14.42
2026-09-01 16:40,PEPE,kPEPE,0.003521,5.68,2.84,2.84,2.84,724099,0.00125,18.18
2026-09-01 16:40,WIF,WIF,0.202515,2.469,2.222,3.21,4.197,58533,0.00125,16.94
2026-09-01 16:40,BONK,kBONK,0.003176,6.297,3.149,6.297,6.297,156250,0.00125,18.8
2026-09-01 16:40,TRUMP,TRUMP,2.37875,2.102,1.051,1.471,2.312,79224,0.00076,13.23
2026-09-01 16:45,BTC,BTC,78371.5,0.128,0.064,0.064,0.064,4008323,0.00125,12.63
2026-09-01 16:45,ETH,ETH,2455.3500000000004,0.407,0.204,0.204,0.204,7452690,0.00125,12.91
2026-09-01 16:45,SOL,SOL,102.315,0.977,0.489,0.489,0.489,3831777,0.000732,12.03
2026-09-01 16:45,XRP,XRP,1.38165,0.724,0.362,0.362,0.362,1970764,0.00125,13.22
2026-09-01 16:45,AVAX,AVAX,7.34085,1.498,0.749,0.885,0.885,57405,0.00125,14.0
2026-09-01 16:45,LINK,LINK,11.4775,0.871,0.436,0.436,0.436,183576,0.00125,13.37
2026-09-01 16:45,LTC,LTC,49.6145,1.008,0.504,0.705,1.109,33844,0.00125,13.51
2026-09-01 16:45,ADA,ADA,0.200215,0.499,0.25,0.25,1.748,151604,0.00125,13.0
2026-09-01 16:45,DOT,DOT,0.8713949999999999,2.18,1.09,1.09,1.09,24500,-2e-05,11.18
2026-09-01 16:45,UNI,UNI,5.77205,0.52,0.26,0.78,0.78,29749,0.00125,13.02
2026-09-01 16:45,AAVE,AAVE,128.34500000000003,2.337,1.169,1.948,1.948,180601,0.00125,14.84
2026-09-01 16:45,ARB,ARB,0.110175,0.908,0.454,0.454,0.454,89611,0.00125,13.41
2026-09-01 16:45,POL,POL,0.0916885,3.163,2.127,2.236,4.308,5637,-0.001246,13.25
2026-09-01 16:45,RENDER,RENDER,1.45825,4.8,2.4,3.086,3.086,31266,0.00125,17.3
2026-09-01 16:45,DOGE,DOGE,0.08300199999999999,0.723,1.928,1.928,1.928,169507,0.00125,16.36
2026-09-01 16:45,SHIB,kSHIB,0.0051965,1.924,0.962,0.962,2.887,153089,0.00125,14.42
2026-09-01 16:45,PEPE,kPEPE,0.003525,5.674,2.837,2.837,2.837,922008,0.00125,18.17
2026-09-01 16:45,WIF,WIF,0.202705,0.493,1.233,2.713,3.7,16067,0.00125,14.97
2026-09-01 16:45,BONK,kBONK,0.003181,6.287,3.144,3.144,3.144,198429,0.00125,18.79
2026-09-01 16:45,TRUMP,TRUMP,2.38025,1.26,0.63,0.63,1.05,86597,0.000765,12.4
2026-09-01 16:50,BTC,BTC,78323.0,0.511,0.255,0.255,0.255,2749274,0.00125,13.01
2026-09-01 16:50,ETH,ETH,2454.25,0.407,0.204,0.204,0.204,7251765,0.00125,12.91
2026-09-01 16:50,SOL,SOL,102.245,0.978,0.489,0.489,0.489,3740843,0.00069,11.91
2026-09-01 16:50,XRP,XRP,1.38075,0.724,0.362,0.362,0.362,1989504,0.00125,13.22
2026-09-01 16:50,AVAX,AVAX,7.350350000000001,0.408,0.204,0.204,0.204,73479,0.00125,12.91
2026-09-01 16:50,LINK,LINK,11.4785,0.871,0.436,0.436,0.436,206378,0.00125,13.37
2026-09-01 16:50,LTC,LTC,49.6115,1.008,0.504,0.504,0.504,55170,0.00125,13.51
2026-09-01 16:50,ADA,ADA,0.200105,0.5,0.25,0.75,0.75,125271,0.00125,13.0
2026-09-01 16:50,DOT,DOT,0.87253,2.063,1.031,1.031,1.031,30824,0.000214,11.66
2026-09-01 16:50,UNI,UNI,5.7744,1.732,1.732,1.732,1.732,26836,0.00125,15.96
2026-09-01 16:50,AAVE,AAVE,128.115,0.781,0.39,0.39,0.39,180374,0.00125,13.28
2026-09-01 16:50,ARB,ARB,0.110225,4.536,2.268,2.268,2.268,107193,0.00125,17.04
2026-09-01 16:50,POL,POL,0.0914925,2.295,1.476,2.35,2.35,10328,-0.001162,11.95
2026-09-01 16:50,RENDER,RENDER,1.46,4.11,2.055,4.11,4.795,30480,0.00125,16.61
2026-09-01 16:50,DOGE,DOGE,0.0829905,0.843,0.422,0.422,0.422,147991,0.00125,13.34
2026-09-01 16:50,SHIB,kSHIB,0.0052005,1.923,2.884,2.884,2.884,156666,0.00125,18.27
2026-09-01 16:50,PEPE,kPEPE,0.0035315,2.832,1.416,4.247,4.247,909172,0.00125,15.33
2026-09-01 16:50,WIF,WIF,0.202825,2.465,2.712,3.205,4.684,14740,0.00125,17.92
2026-09-01 16:50,BONK,kBONK,0.003179,6.291,3.146,3.146,3.146,153650,0.00125,18.79
2026-09-01 16:50,TRUMP,TRUMP,2.38725,2.094,1.047,1.885,1.885,66785,0.000958,13.78
2026-09-01 16:55,BTC,BTC,78157.5,0.128,0.064,0.064,0.064,3513519,0.00125,12.63
2026-09-01 16:55,ETH,ETH,2448.45,0.408,0.204,0.204,0.204,5793024,0.00125,12.91
2026-09-01 16:55,SOL,SOL,101.89500000000001,0.981,0.491,0.491,0.491,4139534,0.000522,11.44
2026-09-01 16:55,XRP,XRP,1.37615,0.727,0.363,0.363,0.363,1470174,0.00125,13.23
2026-09-01 16:55,AVAX,AVAX,7.32315,1.229,0.614,0.751,0.751,57555,0.00125,13.73
2026-09-01 16:55,LINK,LINK,11.4435,2.622,1.311,1.311,1.311,156851,0.00125,15.12
2026-09-01 16:55,LTC,LTC,49.5225,0.606,0.303,0.303,1.313,45630,0.00125,13.11
2026-09-01 16:55,ADA,ADA,0.19932499999999997,1.505,0.753,0.753,0.753,199414,0.00125,14.01
2026-09-01 16:55,DOT,DOT,0.86866,1.842,0.921,0.921,0.921,26300,0.000367,11.87
2026-09-01 16:55,UNI,UNI,5.7709,2.773,1.386,1.386,1.386,41803,0.00125,15.27
2026-09-01 16:55,AAVE,AAVE,127.685,0.783,0.392,0.392,0.392,167412,0.00125,13.28
2026-09-01 16:55,ARB,ARB,0.10986499999999999,0.91,2.276,5.916,6.827,68283,0.00125,17.05
2026-09-01 16:55,POL,POL,0.09124550000000001,2.082,1.041,1.151,1.26,7006,-0.001206,11.08
2026-09-01 16:55,RENDER,RENDER,1.4525000000000001,4.131,2.065,3.442,4.819,16183,0.00125,16.63
2026-09-01 16:55,DOGE,DOGE,0.0827215,0.121,0.06,0.06,0.06,160427,0.00125,12.62
2026-09-01 16:55,SHIB,kSHIB,0.0051885,1.927,0.964,0.964,2.891,169520,0.00125,14.43
2026-09-01 16:55,PEPE,kPEPE,0.0035165,2.844,1.422,1.422,1.422,859902,0.00125,15.34
2026-09-01 16:55,WIF,WIF,0.201775,2.478,2.23,3.717,5.204,37172,0.00125,16.96
2026-09-01 16:55,BONK,kBONK,0.0031615000000000002,3.163,1.582,1.582,1.582,201933,0.00125,15.66
2026-09-01 16:55,TRUMP,TRUMP,2.3772,1.683,1.262,1.683,1.683,49009,0.000906,14.06
2026-09-01 17:00,BTC,BTC,78067.0,0.256,0.128,0.128,0.128,6301425,0.00125,12.76
2026-09-01 17:00,ETH,ETH,2447.6499999999996,0.409,0.204,0.204,0.204,10416671,0.00125,12.91
2026-09-01 17:00,SOL,SOL,101.745,0.983,0.491,0.491,0.491,4687053,-0.002134,9.98
2026-09-01 17:00,XRP,XRP,1.37515,0.727,0.364,0.364,0.364,1716922,0.00125,13.23
2026-09-01 17:00,AVAX,AVAX,7.3233,1.639,0.819,0.956,0.956,64562,0.00125,14.14
2026-09-01 17:00,LINK,LINK,11.430499999999999,0.875,0.437,0.437,0.437,135167,0.00125,13.37
2026-09-01 17:00,LTC,LTC,49.5085,1.414,0.707,0.909,1.515,53291,0.00125,13.91
2026-09-01 17:00,ADA,ADA,0.19911,3.013,2.511,2.511,2.511,142569,0.00125,17.52
2026-09-01 17:00,DOT,DOT,0.866465,2.654,1.327,2.135,3.635,26213,0.00125,15.15
2026-09-01 17:00,UNI,UNI,5.74025,2.613,1.307,1.481,1.481,78996,0.00125,15.11
2026-09-01 17:00,AAVE,AAVE,127.205,0.786,0.393,0.393,0.393,154989,0.00125,13.29
2026-09-01 17:00,ARB,ARB,0.10964,5.472,4.56,4.56,4.56,90305,0.00125,21.62
2026-09-01 17:00,POL,POL,0.09109900000000001,1.537,0.768,1.647,2.964,9572,-0.002071,10.54
2026-09-01 17:00,RENDER,RENDER,1.45275,7.572,3.786,4.474,4.474,9739,0.00125,20.07
2026-09-01 17:00,DOGE,DOGE,0.082589,0.484,0.726,0.726,0.726,197563,0.00125,13.95
2026-09-01 17:00,SHIB,kSHIB,0.0051825,1.93,0.965,0.965,0.965,171906,0.00125,14.43
2026-09-01 17:00,PEPE,kPEPE,0.0035065,2.852,1.426,1.426,1.426,719834,0.00125,15.35
2026-09-01 17:00,WIF,WIF,0.20091,2.986,2.986,3.484,3.484,46204,0.00125,18.47
2026-09-01 17:00,BONK,kBONK,0.0031455,3.179,1.59,1.59,1.59,156829,0.00125,15.68
2026-09-01 17:00,TRUMP,TRUMP,2.36795,3.801,1.9,4.012,4.012,146884,0.000153,13.23
2026-09-01 17:05,BTC,BTC,77836.5,0.128,0.064,0.064,0.064,3886309,0.00125,12.63
2026-09-01 17:05,ETH,ETH,2439.45,0.41,0.205,0.205,0.205,8729816,0.00125,12.91
2026-09-01 17:05,SOL,SOL,101.205,0.988,0.494,0.494,0.494,5310558,-0.002459,9.99
2026-09-01 17:05,XRP,XRP,1.3682500000000002,0.731,0.365,0.365,0.365,1958675,0.00125,13.23
2026-09-01 17:05,AVAX,AVAX,7.2962,2.193,1.096,1.096,1.234,44410,0.00125,14.69
2026-09-01 17:05,LINK,LINK,11.3825,0.879,0.439,0.439,0.439,149164,0.00125,13.38
2026-09-01 17:05,LTC,LTC,49.3965,0.202,0.101,1.518,2.328,42360,0.00125,12.7
2026-09-01 17:05,ADA,ADA,0.198295,0.504,0.252,0.252,1.261,115325,0.00125,13.0
2026-09-01 17:05,DOT,DOT,0.862345,3.131,1.565,1.565,2.029,25052,0.00125,15.63
2026-09-01 17:05,UNI,UNI,5.6954,1.405,0.702,1.405,1.58,23876,0.00125,13.9
2026-09-01 17:05,AAVE,AAVE,126.67,1.579,0.789,0.789,0.789,182780,0.00125,14.08
2026-09-01 17:05,ARB,ARB,0.10999500000000001,0.909,6.818,7.728,7.728,67426,0.00125,26.14
2026-09-01 17:05,POL,POL,0.091253,1.534,1.753,3.288,3.835,5556,-0.001257,12.51
2026-09-01 17:05,RENDER,RENDER,1.4484,2.762,1.381,1.381,1.381,17714,0.00125,15.26
2026-09-01 17:05,DOGE,DOGE,0.0822405,1.094,0.547,0.547,0.547,96745,0.00125,13.59
2026-09-01 17:05,SHIB,kSHIB,0.005154,3.88,1.94,3.88,5.821,168986,0.00125,16.38
2026-09-01 17:05,PEPE,kPEPE,0.0034885000000000003,2.867,1.433,1.433,1.433,921402,0.00125,15.37
2026-09-01 17:05,WIF,WIF,0.199805,3.503,3.754,4.755,5.255,29122,0.00125,20.01
2026-09-01 17:05,BONK,kBONK,0.003129,6.392,3.196,3.196,6.392,140230,0.00125,18.89
2026-09-01 17:05,TRUMP,TRUMP,2.3537,1.699,1.275,1.699,1.699,64529,-0.002017,11.55
2026-09-01 17:10,BTC,BTC,77745.5,0.129,0.064,0.064,0.064,3839275,0.00125,12.63
2026-09-01 17:10,ETH,ETH,2437.25,0.41,0.205,0.205,0.205,10996850,0.00125,12.91
2026-09-01 17:10,SOL,SOL,101.155,0.989,0.494,0.494,0.494,3579896,-0.00213,9.99
2026-09-01 17:10,XRP,XRP,1.3676499999999998,0.731,0.366,0.366,0.366,2013279,0.00125,13.23
2026-09-01 17:10,AVAX,AVAX,7.27045,1.788,0.894,1.719,1.994,61370,0.00125,14.29
2026-09-01 17:10,LINK,LINK,11.357,1.761,0.881,2.642,2.642,215920,0.00125,14.26
2026-09-01 17:10,LTC,LTC,49.321,1.217,0.608,0.608,0.811,43081,0.00125,13.72
2026-09-01 17:10,ADA,ADA,0.19796,1.01,0.505,0.505,0.505,135787,0.00125,13.51
2026-09-01 17:10,DOT,DOT,0.859835,2.442,1.221,1.221,1.221,36726,0.00125,14.94
2026-09-01 17:10,UNI,UNI,5.70225,0.175,0.088,0.088,0.263,27908,0.00125,12.68
2026-09-01 17:10,AAVE,AAVE,126.235,2.377,1.188,1.98,1.98,227011,0.00125,14.88
2026-09-01 17:10,ARB,ARB,0.10828499999999999,2.77,3.232,3.232,5.079,87465,0.00125,18.96
2026-09-01 17:10,POL,POL,0.09074750000000001,2.314,1.708,1.708,3.141,3994,-0.002306,12.42
2026-09-01 17:10,RENDER,RENDER,1.4466999999999999,4.147,2.074,4.147,4.839,15081,0.00125,16.65
2026-09-01 17:10,DOGE,DOGE,0.0820485,0.853,0.427,0.427,0.427,121595,0.00125,13.35
2026-09-01 17:10,SHIB,kSHIB,0.0051465,1.943,2.915,2.915,4.858,186301,0.00125,18.33
2026-09-01 17:10,PEPE,kPEPE,0.0034785,2.875,1.437,1.437,1.437,894325,0.00125,15.37
2026-09-01 17:10,WIF,WIF,0.19898500000000002,1.508,2.261,4.272,5.277,30293,0.00125,17.02
2026-09-01 17:10,BONK,kBONK,0.00312,6.41,3.205,3.205,3.205,194558,0.00125,18.91
2026-09-01 17:10,TRUMP,TRUMP,2.35625,1.273,1.061,1.061,1.061,11473,-0.00226,11.12
2026-09-01 17:15,BTC,BTC,77851.5,0.128,0.064,0.064,0.064,3565510,0.00125,12.63
2026-09-01 17:15,ETH,ETH,2440.05,0.41,0.205,0.205,0.205,7678969,0.00125,12.91
2026-09-01 17:15,SOL,SOL,101.495,0.985,0.493,0.493,0.493,4367255,-0.002034,9.99
2026-09-01 17:15,XRP,XRP,1.3712499999999999,0.729,0.365,0.365,0.365,1881192,0.00125,13.23
2026-09-01 17:15,AVAX,AVAX,7.289949999999999,0.412,0.206,0.206,0.206,39330,0.00125,12.91
2026-09-01 17:15,LINK,LINK,11.376000000000001,1.758,0.879,0.879,0.879,244168,0.00125,14.26
2026-09-01 17:15,LTC,LTC,49.445499999999996,1.416,0.708,0.91,1.517,33154,0.00125,13.92
2026-09-01 17:15,ADA,ADA,0.198565,1.511,0.755,1.259,1.259,156468,0.00125,14.01
2026-09-01 17:15,DOT,DOT,0.8629549999999999,2.897,1.449,1.449,2.144,24570,0.00125,15.4
2026-09-01 17:15,UNI,UNI,5.742,2.438,1.219,1.219,1.567,39533,0.00125,14.94
2026-09-01 17:15,AAVE,AAVE,126.65,1.579,0.79,2.369,2.369,104237,0.00125,14.08
2026-09-01 17:15,ARB,ARB,0.108805,0.919,0.46,0.46,0.46,92138,0.00125,13.42
2026-09-01 17:15,POL,POL,0.091434,2.187,1.531,1.75,4.375,8092,-0.002927,12.06
2026-09-01 17:15,RENDER,RENDER,1.45085,6.203,3.102,3.102,3.791,9032,0.00125,18.7
2026-09-01 17:15,DOGE,DOGE,0.0822655,0.122,0.061,0.061,0.061,71278,0.00125,12.62
2026-09-01 17:15,SHIB,kSHIB,0.005161499999999999,1.937,0.969,0.969,2.906,223341,0.00125,14.44
2026-09-01 17:15,PEPE,kPEPE,0.0034955,2.861,1.43,1.43,1.43,970169,0.00125,15.36
2026-09-01 17:15,WIF,WIF,0.19879,3.018,3.018,3.521,4.024,19094,0.00125,18.54
2026-09-01 17:15,BONK,kBONK,0.0031255,3.199,1.6,4.799,4.799,177717,0.00125,15.7
2026-09-01 17:15,TRUMP,TRUMP,2.3625499999999997,0.423,0.212,0.212,1.058,35755,-0.002389,9.42
2026-09-01 17:20,BTC,BTC,77841.5,0.128,0.064,0.064,0.064,3640848,0.00125,12.63
2026-09-01 17:20,ETH,ETH,2439.8500000000004,0.41,0.205,0.205,0.205,8284527,0.00125,12.91
2026-09-01 17:20,SOL,SOL,101.455,0.986,0.493,0.493,0.493,4366513,-0.001998,9.99
2026-09-01 17:20,XRP,XRP,1.37115,0.729,0.365,0.365,0.365,1967265,0.00125,13.23
2026-09-01 17:20,AVAX,AVAX,7.284000000000001,1.373,0.686,0.686,0.686,19080,0.00125,13.87
2026-09-01 17:20,LINK,LINK,11.3825,0.879,0.439,1.318,1.318,225486,0.00125,13.38
2026-09-01 17:20,LTC,LTC,49.3555,0.203,0.101,0.101,1.114,48422,0.00125,12.7
2026-09-01 17:20,ADA,ADA,0.19845000000000002,1.008,0.504,0.504,1.008,136193,0.00125,13.51
2026-09-01 17:20,DOT,DOT,0.86354,2.084,3.011,3.011,3.011,29683,0.00125,18.52
2026-09-01 17:20,UNI,UNI,5.7313,4.536,2.268,2.268,2.268,36055,0.00125,17.04
2026-09-01 17:20,AAVE,AAVE,126.80000000000001,1.577,1.577,2.366,2.366,102412,0.00125,15.65
2026-09-01 17:20,ARB,ARB,0.10904,3.668,1.834,1.834,1.834,97017,0.00125,16.17
2026-09-01 17:20,POL,POL,0.0916585,2.509,1.255,2.018,2.673,9344,-0.003277,11.51
2026-09-01 17:20,RENDER,RENDER,1.4510999999999998,6.891,3.446,4.135,4.135,15390,0.00125,19.39
2026-09-01 17:20,DOGE,DOGE,0.0823,0.486,0.243,0.729,0.729,161714,0.00125,12.99
2026-09-01 17:20,SHIB,kSHIB,0.0051625,1.937,0.969,0.969,0.969,220970,0.00125,14.44
2026-09-01 17:20,PEPE,kPEPE,0.0034935,2.862,1.431,1.431,1.431,959215,0.00125,15.36
2026-09-01 17:20,WIF,WIF,0.198795,2.515,2.264,2.264,3.27,18865,0.00125,17.03
2026-09-01 17:20,BONK,kBONK,0.003125,6.4,3.2,3.2,3.2,185340,0.00125,18.9
2026-09-01 17:20,TRUMP,TRUMP,2.35515,2.123,1.062,1.486,1.911,75205,-0.002776,11.12
2026-09-01 17:25,BTC,BTC,77841.5,0.128,0.064,0.064,0.064,2549214,0.00125,12.63
2026-09-01 17:25,ETH,ETH,2441.55,0.41,0.205,0.205,0.205,8238677,0.00125,12.91
2026-09-01 17:25,SOL,SOL,101.60499999999999,0.984,0.492,0.492,0.492,4345974,-0.0018,9.98
2026-09-01 17:25,XRP,XRP,1.3705500000000002,0.73,0.365,0.365,0.365,1731803,0.00125,13.23
2026-09-01 17:25,AVAX,AVAX,7.2854,1.373,0.686,0.824,0.824,41510,0.00125,13.87
2026-09-01 17:25,LINK,LINK,11.391,1.756,0.878,1.756,1.756,273882,0.00125,14.26
2026-09-01 17:25,LTC,LTC,49.3915,1.012,0.506,0.506,0.506,51929,0.00125,13.51
2026-09-01 17:25,ADA,ADA,0.19855499999999998,0.504,0.252,0.252,0.252,169777,0.00125,13.0
2026-09-01 17:25,DOT,DOT,0.8643149999999999,2.198,1.099,1.099,1.099,24415,0.00125,14.7
2026-09-01 17:25,UNI,UNI,5.72595,2.27,1.135,1.135,1.31,21060,0.00125,14.77
2026-09-01 17:25,AAVE,AAVE,126.965,2.363,1.181,1.181,1.969,181672,0.00125,14.86
2026-09-01 17:25,ARB,ARB,0.10886000000000001,3.674,1.837,2.756,2.756,110438,0.00125,16.17
2026-09-01 17:25,POL,POL,0.091587,2.184,1.747,2.402,3.166,5479,-0.00356,12.49
2026-09-01 17:25,RENDER,RENDER,1.4501,6.896,3.448,3.448,3.448,14228,0.00125,19.4
2026-09-01 17:25,DOGE,DOGE,0.0822975,1.337,0.668,0.668,0.668,218875,0.00125,13.84
2026-09-01 17:25,SHIB,kSHIB,0.0051595,1.938,0.969,0.969,2.907,256543,0.00125,14.44
2026-09-01 17:25,PEPE,kPEPE,0.0034925,2.863,1.432,1.432,1.432,957518,0.00125,15.36
2026-09-01 17:25,WIF,WIF,0.19864500000000002,0.503,0.252,0.252,1.762,45333,0.00125,13.0
2026-09-01 17:25,BONK,kBONK,0.0031190000000000002,6.412,3.206,3.206,3.206,216217,0.00125,18.91
2026-09-01 17:25,TRUMP,TRUMP,2.35335,0.425,0.212,1.062,1.912,43887,-0.003059,9.42
2026-09-01 17:30,BTC,BTC,77822.5,0.128,0.064,0.064,0.064,5882361,0.00125,12.63
2026-09-01 17:30,ETH,ETH,2441.75,0.41,0.205,0.205,0.205,10513497,0.00125,12.91
2026-09-01 17:30,SOL,SOL,101.685,0.983,0.492,0.492,0.492,5069577,-0.001522,9.98
2026-09-01 17:30,XRP,XRP,1.3703500000000002,0.73,0.365,0.365,0.365,1839773,0.00125,13.23
2026-09-01 17:30,AVAX,AVAX,7.2864,0.823,0.412,0.549,0.823,42512,0.00125,13.32
2026-09-01 17:30,LINK,LINK,11.3865,0.878,0.439,1.317,1.317,178460,0.00125,13.38
2026-09-01 17:30,LTC,LTC,49.491,0.808,0.404,0.606,0.606,33597,0.00125,13.31
2026-09-01 17:30,ADA,ADA,0.198595,0.504,0.252,0.252,0.252,214277,0.00125,13.0
2026-09-01 17:30,DOT,DOT,0.863135,1.97,0.985,1.101,1.101,17212,0.00125,14.47
2026-09-01 17:30,UNI,UNI,5.71815,0.175,0.087,0.087,0.087,39628,0.00125,12.67
2026-09-01 17:30,AAVE,AAVE,127.125,0.787,0.393,0.393,0.393,166444,0.00125,13.29
2026-09-01 17:30,ARB,ARB,0.10925,1.831,0.915,0.915,0.915,99003,0.00125,14.33
2026-09-01 17:30,POL,POL,0.09141550000000001,2.078,1.914,2.461,4.212,6630,-0.003437,12.83
2026-09-01 17:30,RENDER,RENDER,1.4516,4.133,2.067,2.756,2.756,38137,0.00125,16.63
2026-09-01 17:30,DOGE,DOGE,0.0823315,0.121,0.061,0.061,0.061,169627,0.00125,12.62
2026-09-01 17:30,SHIB,kSHIB,0.0051625,1.937,2.906,2.906,4.843,244713,0.00125,18.31
2026-09-01 17:30,PEPE,kPEPE,0.0034945,2.862,1.431,1.431,1.431,888348,0.00125,15.36
2026-09-01 17:30,WIF,WIF,0.19893,3.016,1.508,2.011,3.016,18873,0.00125,15.52
2026-09-01 17:30,BONK,kBONK,0.003121,6.408,3.204,3.204,3.204,194514,0.00125,18.91
2026-09-01 17:30,TRUMP,TRUMP,2.35715,2.121,1.061,1.061,2.333,45651,-0.003298,11.12
2026-09-01 17:35,BTC,BTC,77887.5,0.128,0.064,0.064,0.064,2157950,0.00125,12.63
2026-09-01 17:35,ETH,ETH,2445.75,0.409,0.204,0.204,0.204,9564703,0.00125,12.91
2026-09-01 17:35,SOL,SOL,101.975,0.981,0.49,0.49,0.49,5209014,-0.00124,9.98
2026-09-01 17:35,XRP,XRP,1.3749500000000001,0.727,0.364,0.364,0.364,1613904,0.00125,13.23
2026-09-01 17:35,AVAX,AVAX,7.3068,0.821,0.411,0.547,1.232,54834,0.00125,13.32
2026-09-01 17:35,LINK,LINK,11.416,1.752,0.876,1.752,1.752,203297,0.00125,14.25
2026-09-01 17:35,LTC,LTC,49.781499999999994,1.406,0.703,0.703,1.306,48451,0.00125,13.91
2026-09-01 17:35,ADA,ADA,0.199455,1.504,0.752,0.752,0.752,169779,0.00125,14.0
2026-09-01 17:35,DOT,DOT,0.8668,1.154,0.577,0.692,0.692,21808,0.00125,13.65
2026-09-01 17:35,UNI,UNI,5.73535,2.267,1.133,1.656,1.656,32537,0.00125,14.77
2026-09-01 17:35,AAVE,AAVE,127.705,0.783,0.392,0.392,0.392,363090,0.00125,13.28
2026-09-01 17:35,ARB,ARB,0.108805,4.595,2.298,2.298,2.298,95918,0.00125,17.1
2026-09-01 17:35,POL,POL,0.091627,1.964,0.982,1.091,1.964,9178,-0.003087,10.96
2026-09-01 17:35,RENDER,RENDER,1.45865,3.428,1.714,2.399,2.399,15459,0.00125,15.93
2026-09-01 17:35,DOGE,DOGE,0.0825475,0.848,0.424,0.545,0.545,169563,0.00125,13.35
2026-09-01 17:35,SHIB,kSHIB,0.005183500000000001,1.929,2.894,2.894,2.894,172490,0.00125,18.29
2026-09-01 17:35,PEPE,kPEPE,0.0035075,2.851,1.426,1.426,4.277,941871,0.00125,15.35
2026-09-01 17:35,WIF,WIF,0.199915,1.501,2.251,2.751,4.752,37249,0.00125,17.0
2026-09-01 17:35,BONK,kBONK,0.003131,6.388,3.194,3.194,6.388,196653,0.00125,18.89
2026-09-01 17:35,TRUMP,TRUMP,2.37655,0.421,0.21,0.21,0.21,140021,-0.003177,9.42
2026-09-01 17:40,BTC,BTC,77901.5,0.128,0.064,0.064,0.064,3251009,0.00125,12.63
2026-09-01 17:40,ETH,ETH,2445.3500000000004,0.409,0.204,0.204,0.204,7302567,0.00125,12.91
2026-09-01 17:40,SOL,SOL,101.985,0.981,0.49,0.49,0.49,4176495,-0.001061,9.98
2026-09-01 17:40,XRP,XRP,1.37615,0.727,0.363,0.363,0.363,1834450,0.00125,13.23
2026-09-01 17:40,AVAX,AVAX,7.3118,0.821,0.41,0.547,1.504,58156,0.00125,13.32
2026-09-01 17:40,LINK,LINK,11.4265,0.875,0.438,0.438,0.438,231327,0.00125,13.38
2026-09-01 17:40,LTC,LTC,49.815,1.606,0.803,1.204,1.606,51801,0.00125,14.11
2026-09-01 17:40,ADA,ADA,0.1997,1.002,0.501,1.002,1.002,143986,0.00125,13.5
2026-09-01 17:40,DOT,DOT,0.86717,1.845,0.923,1.73,1.845,31761,0.00125,14.35
2026-09-01 17:40,UNI,UNI,5.73435,0.523,0.785,0.785,0.785,37028,0.00125,14.07
2026-09-01 17:40,AAVE,AAVE,127.66,1.567,0.783,0.783,1.567,357933,0.00125,14.07
2026-09-01 17:40,ARB,ARB,0.10874500000000001,0.92,0.46,0.46,0.46,61560,0.00125,13.42
2026-09-01 17:40,POL,POL,0.091397,1.313,1.422,2.845,3.829,7126,-0.002855,11.84
2026-09-01 17:40,RENDER,RENDER,1.4611999999999998,8.212,4.791,4.791,5.475,16719,0.00125,22.08
2026-09-01 17:40,DOGE,DOGE,0.082559,0.969,0.485,0.485,0.485,179680,0.00125,13.47
2026-09-01 17:40,SHIB,kSHIB,0.0051865,1.928,2.892,4.82,4.82,173831,0.00125,18.28
2026-09-01 17:40,PEPE,kPEPE,0.0035075,2.851,1.426,1.426,1.426,1003543,0.00125,15.35
2026-09-01 17:40,WIF,WIF,0.19977,2.002,2.503,3.504,4.505,21094,0.00125,17.51
2026-09-01 17:40,BONK,kBONK,0.003142,6.365,3.183,3.183,3.183,212553,0.00125,18.87
2026-09-01 17:40,TRUMP,TRUMP,2.38575,1.257,0.629,1.048,2.305,46694,-0.002654,10.26
2026-09-01 17:45,BTC,BTC,77974.5,0.128,0.064,0.064,0.064,3122969,0.00125,12.63
2026-09-01 17:45,ETH,ETH,2448.8500000000004,0.408,0.204,0.204,0.204,6005059,0.00125,12.91
2026-09-01 17:45,SOL,SOL,102.14500000000001,0.979,0.49,0.49,0.49,3643731,-0.000969,9.98
2026-09-01 17:45,XRP,XRP,1.37935,0.725,0.362,0.362,0.362,2041738,0.00125,13.22
2026-09-01 17:45,AVAX,AVAX,7.32,1.093,0.546,0.546,0.82,48589,0.00125,13.59
2026-09-01 17:45,LINK,LINK,11.440999999999999,1.748,0.874,0.874,0.874,229797,0.00125,14.25
2026-09-01 17:45,LTC,LTC,49.7895,0.603,0.301,0.502,0.904,54327,0.00125,13.1
2026-09-01 17:45,ADA,ADA,0.20013999999999998,0.999,0.5,0.5,1.499,196278,0.00125,13.5
2026-09-01 17:45,DOT,DOT,0.86912,1.841,0.92,1.611,1.611,23387,0.00125,14.34
2026-09-01 17:45,UNI,UNI,5.731999999999999,0.698,0.349,0.523,0.698,30621,0.00125,13.2
2026-09-01 17:45,AAVE,AAVE,127.555,0.784,0.392,1.176,1.96,161229,0.00125,13.28
2026-09-01 17:45,ARB,ARB,0.110345,4.531,2.266,2.266,3.172,109959,0.00125,17.03
2026-09-01 17:45,POL,POL,0.0918375,0.109,2.341,3.648,5.281,5604,-0.002772,13.68
2026-09-01 17:45,RENDER,RENDER,1.4634,5.467,2.733,3.417,3.417,22340,0.00125,17.97
2026-09-01 17:45,DOGE,DOGE,0.0827345,0.604,0.302,0.302,0.665,209922,0.00125,13.1
2026-09-01 17:45,SHIB,kSHIB,0.005197,3.848,1.924,1.924,3.848,174782,0.00125,16.35
2026-09-01 17:45,PEPE,kPEPE,0.0035215,2.84,1.42,1.42,1.42,883875,0.00125,15.34
2026-09-01 17:45,WIF,WIF,0.20101,1.99,2.487,2.985,3.98,54779,0.00125,17.47
2026-09-01 17:45,BONK,kBONK,0.0031725,3.152,1.576,1.576,1.576,173877,0.00125,15.65
2026-09-01 17:45,TRUMP,TRUMP,2.3814,1.68,1.26,1.26,1.26,150751,-0.002348,11.52
2026-09-01 17:50,BTC,BTC,78032.5,0.128,0.064,0.064,0.064,3348265,0.00125,12.63
2026-09-01 17:50,ETH,ETH,2450.95,0.408,0.204,0.204,0.204,7099956,0.00125,12.91
2026-09-01 17:50,SOL,SOL,102.205,0.978,0.489,0.489,0.489,4018547,-0.000794,9.98
2026-09-01 17:50,XRP,XRP,1.37975,0.725,0.362,0.362,0.362,2030898,0.00125,13.22
2026-09-01 17:50,AVAX,AVAX,7.3223,0.819,0.41,0.546,0.546,51234,0.00125,13.32
2026-09-01 17:50,LINK,LINK,11.433499999999999,0.875,0.437,0.437,0.437,221192,0.00125,13.37
2026-09-01 17:50,LTC,LTC,49.879000000000005,0.802,0.401,1.002,1.203,45478,0.00125,13.3
2026-09-01 17:50,ADA,ADA,0.19994499999999998,1.5,0.75,0.75,0.75,137816,0.00125,14.0
2026-09-01 17:50,DOT,DOT,0.868335,2.418,1.209,1.324,1.324,28753,0.00125,14.92
2026-09-01 17:50,UNI,UNI,5.7223,1.398,0.699,0.874,1.049,39338,0.00125,13.9
2026-09-01 17:50,AAVE,AAVE,127.30000000000001,1.571,0.786,0.786,1.571,183210,0.00125,14.07
2026-09-01 17:50,ARB,ARB,0.1096,1.825,0.912,0.912,1.825,102803,0.00125,14.32
2026-09-01 17:50,POL,POL,0.0917605,2.507,2.452,3.542,3.651,5188,-0.003025,13.9
2026-09-01 17:50,RENDER,RENDER,1.45975,7.536,3.768,4.453,5.138,14661,0.00125,20.04
2026-09-01 17:50,DOGE,DOGE,0.08283750000000001,0.362,0.181,0.302,0.664,167347,0.00125,12.86
2026-09-01 17:50,SHIB,kSHIB,0.005206499999999999,1.921,2.881,2.881,2.881,153095,0.00125,18.26
2026-09-01 17:50,PEPE,kPEPE,0.0035255,2.836,1.418,1.418,1.418,1016568,0.00125,15.34
2026-09-01 17:50,WIF,WIF,0.200995,2.488,2.239,2.239,2.736,63101,0.00125,16.98
2026-09-01 17:50,BONK,kBONK,0.003168,6.313,3.157,3.157,6.313,140733,0.00125,18.81
2026-09-01 17:50,TRUMP,TRUMP,2.3835,1.678,0.839,1.678,2.517,84649,-0.002099,10.68
2026-09-01 17:55,BTC,BTC,78024.5,0.128,0.064,0.064,0.064,3087331,0.00125,12.63
2026-09-01 17:55,ETH,ETH,2452.95,0.408,0.204,0.204,0.204,8126515,0.00125,12.91
2026-09-01 17:55,SOL,SOL,102.125,0.979,0.49,0.49,0.49,4279148,-0.000646,9.98
2026-09-01 17:55,XRP,XRP,1.37995,0.725,0.362,0.362,0.362,1776315,0.00125,13.22
2026-09-01 17:55,AVAX,AVAX,7.3162,0.82,0.41,0.547,0.547,49389,0.00125,13.32
2026-09-01 17:55,LINK,LINK,11.4435,0.874,0.437,1.311,1.311,207455,0.00125,13.37
2026-09-01 17:55,LTC,LTC,49.909,0.801,0.401,0.601,1.002,38731,0.00125,13.3
2026-09-01 17:55,ADA,ADA,0.199765,0.501,0.25,0.25,0.25,157873,0.00125,13.0
2026-09-01 17:55,DOT,DOT,0.868865,1.266,0.633,0.748,0.748,41598,0.00125,13.77
2026-09-01 17:55,UNI,UNI,5.7501999999999995,7.304,3.652,5.217,5.217,34715,0.00125,19.8
2026-09-01 17:55,AAVE,AAVE,127.29499999999999,3.928,1.964,1.964,1.964,155770,0.00125,16.43
2026-09-01 17:55,ARB,ARB,0.109575,0.913,0.456,0.456,0.456,93471,0.00125,13.41
2026-09-01 17:55,POL,POL,0.0916705,2.291,1.145,1.254,2.236,6183,-0.003152,11.29
2026-09-01 17:55,RENDER,RENDER,1.4588999999999999,5.484,2.742,3.427,3.427,16522,0.00125,17.98
2026-09-01 17:55,DOGE,DOGE,0.082761,0.242,0.121,0.121,0.121,182172,0.00125,12.74
2026-09-01 17:55,SHIB,kSHIB,0.00521,3.839,3.839,3.839,3.839,178347,0.00125,20.18
2026-09-01 17:55,PEPE,kPEPE,0.0035245,2.837,1.419,1.419,1.419,979532,0.00125,15.34
2026-09-01 17:55,WIF,WIF,0.20076,1.992,0.996,2.989,4.483,47515,0.00125,14.49
2026-09-01 17:55,BONK,kBONK,0.0031675,3.157,4.736,4.736,4.736,130297,0.00125,21.97
2026-09-01 17:55,TRUMP,TRUMP,2.37085,1.265,0.633,0.633,1.898,30422,-0.002032,10.27
2026-09-01 18:00,BTC,BTC,77921.5,0.128,0.064,0.064,0.064,6732912,0.00125,12.63
2026-09-01 18:00,ETH,ETH,2449.25,0.408,0.204,0.204,0.204,10458959,0.00125,12.91
2026-09-01 18:00,SOL,SOL,101.92500000000001,0.981,0.491,0.491,0.491,5046191,0.000425,11.17
2026-09-01 18:00,XRP,XRP,1.3777499999999998,0.726,0.363,0.363,0.363,1404867,0.00125,13.23
2026-09-01 18:00,AVAX,AVAX,7.30445,0.137,0.068,0.068,0.753,73710,0.00125,12.64
2026-09-01 18:00,LINK,LINK,11.438500000000001,0.874,0.437,0.437,0.437,215361,0.00125,13.37
2026-09-01 18:00,LTC,LTC,49.8755,1.403,0.702,0.702,1.504,40685,0.00125,13.9
2026-09-01 18:00,ADA,ADA,0.199195,0.502,0.251,0.251,0.251,165864,0.00125,13.0
2026-09-01 18:00,DOT,DOT,0.86844,2.303,1.151,1.958,2.303,35902,0.00125,14.8
2026-09-01 18:00,UNI,UNI,5.7287,1.396,0.698,0.873,1.047,33291,0.00125,13.9
2026-09-01 18:00,AAVE,AAVE,127.155,2.359,1.18,1.18,3.539,93357,0.00125,14.86
2026-09-01 18:00,ARB,ARB,0.10968,1.823,0.912,2.735,3.647,71887,0.00125,14.32
2026-09-01 18:00,POL,POL,0.091844,3.266,2.286,3.266,5.226,5605,-0.000803,13.57
2026-09-01 18:00,RENDER,RENDER,1.45845,3.428,1.714,1.714,1.714,16348,0.00125,15.93
2026-09-01 18:00,DOGE,DOGE,0.0826815,0.121,0.06,0.06,0.06,162520,0.00125,12.62
2026-09-01 18:00,SHIB,kSHIB,0.0052055,1.921,2.882,4.803,4.803,177739,0.00125,18.26
2026-09-01 18:00,PEPE,kPEPE,0.0035139999999999998,5.692,2.846,2.846,2.846,836015,0.00125,18.19
2026-09-01 18:00,WIF,WIF,0.20059,0.997,0.499,2.991,3.988,51480,0.00125,13.5
2026-09-01 18:00,BONK,kBONK,0.0031774999999999998,3.147,1.574,1.574,4.721,150392,0.00125,15.65
2026-09-01 18:00,TRUMP,TRUMP,2.36935,0.422,2.321,2.321,2.743,41405,0.001008,16.46
2026-09-01 18:05,BTC,BTC,77959.5,0.128,0.064,0.064,0.064,5077039,0.00125,12.63
2026-09-01 18:05,ETH,ETH,2447.6499999999996,0.409,0.204,0.204,0.204,8808772,0.00125,12.91
2026-09-01 18:05,SOL,SOL,101.91499999999999,0.981,0.491,0.491,0.491,4872309,0.000101,10.26
2026-09-01 18:05,XRP,XRP,1.37725,0.726,1.815,1.815,1.815,2074620,0.00125,16.13
2026-09-01 18:05,AVAX,AVAX,7.301550000000001,4.52,2.26,2.808,2.808,73289,0.00125,17.02
2026-09-01 18:05,LINK,LINK,11.4505,0.873,0.437,0.437,1.31,234140,0.00125,13.37
2026-09-01 18:05,LTC,LTC,49.7435,1.407,0.704,0.905,0.905,51630,0.00125,13.91
2026-09-01 18:05,ADA,ADA,0.19914500000000002,0.502,0.251,0.251,0.753,179260,0.00125,13.0
2026-09-01 18:05,DOT,DOT,0.868155,0.115,0.058,1.44,1.44,23190,0.00125,12.62
2026-09-01 18:05,UNI,UNI,5.7185,1.399,0.699,0.699,1.574,27073,0.00125,13.9
2026-09-01 18:05,AAVE,AAVE,126.97,1.575,1.575,1.575,2.363,311618,0.00125,15.65
2026-09-01 18:05,ARB,ARB,0.10987,1.82,0.91,0.91,0.91,71858,0.00125,14.32
2026-09-01 18:05,POL,POL,0.092085,2.389,1.412,1.846,2.715,14537,-0.000676,11.82
2026-09-01 18:05,RENDER,RENDER,1.45455,11.687,5.844,6.531,9.969,18999,0.00125,24.19
2026-09-01 18:05,DOGE,DOGE,0.082623,1.452,0.726,2.058,2.058,142609,0.00125,13.95
2026-09-01 18:05,SHIB,kSHIB,0.005199499999999999,1.923,0.962,2.885,2.885,169020,0.00125,14.42
2026-09-01 18:05,PEPE,kPEPE,0.003512,5.695,2.847,2.847,2.847,951562,0.00125,18.19
2026-09-01 18:05,WIF,WIF,0.19996,3.001,2.501,3.001,4.001,51423,0.00125,17.5
2026-09-01 18:05,BONK,kBONK,0.0031545,3.17,1.585,1.585,1.585,189062,0.00125,15.67
2026-09-01 18:05,TRUMP,TRUMP,2.3674999999999997,0.845,0.422,0.845,2.112,23020,-0.001076,9.84
2026-09-01 18:10,BTC,BTC,77795.5,0.129,0.064,0.064,0.064,3994929,0.00125,12.63
2026-09-01 18:10,ETH,ETH,2440.1499999999996,0.41,0.205,0.205,0.205,8436327,0.00125,12.91
2026-09-01 18:10,SOL,SOL,101.625,0.984,0.492,0.492,0.492,4242828,-0.000366,9.98
2026-09-01 18:10,XRP,XRP,1.37305,0.728,0.364,0.364,0.364,1942962,0.00125,13.23
2026-09-01 18:10,AVAX,AVAX,7.27565,1.237,1.168,1.168,1.306,20348,0.00125,14.84
2026-09-01 18:10,LINK,LINK,11.3945,0.878,0.439,0.439,0.439,239395,0.00125,13.38
2026-09-01 18:10,LTC,LTC,49.544,0.404,0.202,0.404,1.009,42896,0.00125,12.9
2026-09-01 18:10,ADA,ADA,0.19821499999999997,1.514,0.757,0.757,1.261,188644,0.00125,14.01
2026-09-01 18:10,DOT,DOT,0.8625050000000001,0.116,0.058,0.406,0.986,21744,0.00125,12.62
2026-09-01 18:10,UNI,UNI,5.683999999999999,2.111,1.056,1.232,1.232,33063,0.00125,14.61
2026-09-01 18:10,AAVE,AAVE,126.18,3.17,1.585,2.378,3.17,187008,0.00125,15.67
2026-09-01 18:10,ARB,ARB,0.10872000000000001,3.679,1.84,1.84,1.84,96906,0.00125,16.18
2026-09-01 18:10,POL,POL,0.09169150000000001,2.29,1.145,3.217,3.435,12466,-0.001161,11.29
2026-09-01 18:10,RENDER,RENDER,1.4473,4.146,2.073,2.764,4.146,11586,0.00125,16.65
2026-09-01 18:10,DOGE,DOGE,0.08234949999999999,0.364,0.182,0.304,0.304,123105,0.00125,12.86
2026-09-01 18:10,SHIB,kSHIB,0.0051785,1.931,0.966,4.828,4.828,172030,0.00125,14.43
2026-09-01 18:10,PEPE,kPEPE,0.0034955,2.861,1.43,1.43,1.43,944331,0.00125,15.36
2026-09-01 18:10,WIF,WIF,0.19907,2.009,3.014,3.014,3.516,56215,0.00125,18.53
2026-09-01 18:10,BONK,kBONK,0.0031195,3.206,1.603,4.808,4.808,164942,0.00125,15.71
2026-09-01 18:10,TRUMP,TRUMP,2.3606,2.542,1.271,2.542,3.389,65907,-0.001517,11.54
2026-09-01 18:15,BTC,BTC,77688.5,0.129,0.064,0.064,0.064,1614677,0.00125,12.63
2026-09-01 18:15,ETH,ETH,2437.3500000000004,0.41,0.205,0.205,0.205,8895074,0.00125,12.91
2026-09-01 18:15,SOL,SOL,101.475,0.985,0.493,0.493,0.493,5239632,-0.000542,9.99
2026-09-01 18:15,XRP,XRP,1.3714499999999998,0.729,0.365,0.365,0.365,1510167,0.00125,13.23
2026-09-01 18:15,AVAX,AVAX,7.2677499999999995,0.138,0.069,1.307,1.445,33087,0.00125,12.64
2026-09-01 18:15,LINK,LINK,11.381499999999999,0.879,0.439,0.439,0.439,224001,0.00125,13.38
2026-09-01 18:15,LTC,LTC,49.509,1.212,0.606,1.01,1.212,51332,0.00125,13.71
2026-09-01 18:15,ADA,ADA,0.198085,0.505,0.252,1.262,1.767,84350,0.00125,13.0
2026-09-01 18:15,DOT,DOT,0.8626400000000001,1.391,0.696,0.811,1.739,28895,0.00125,13.89
2026-09-01 18:15,UNI,UNI,5.70315,0.877,1.49,2.542,3.068,18948,0.00125,15.48
2026-09-01 18:15,AAVE,AAVE,126.28999999999999,1.584,0.792,0.792,1.584,129151,0.00125,14.08
2026-09-01 18:15,ARB,ARB,0.109045,0.917,0.459,0.459,0.459,80187,0.00125,13.42
2026-09-01 18:15,POL,POL,0.09184,3.049,2.287,3.158,3.267,11246,-0.001078,13.57
2026-09-01 18:15,RENDER,RENDER,1.4440499999999998,6.232,3.116,3.809,3.809,33041,0.00125,18.73
2026-09-01 18:15,DOGE,DOGE,0.0822695,0.365,0.182,0.304,0.304,105223,0.00125,12.86
2026-09-01 18:15,SHIB,kSHIB,0.0051705,1.934,0.967,4.835,4.835,189871,0.00125,14.43
2026-09-01 18:15,PEPE,kPEPE,0.0034905,2.865,1.432,1.432,1.432,993135,0.00125,15.36
2026-09-01 18:15,WIF,WIF,0.19864500000000002,2.517,2.265,2.265,3.272,70069,0.00125,17.03
2026-09-01 18:15,BONK,kBONK,0.0031035,3.222,1.611,1.611,4.833,223771,0.00125,15.72
2026-09-01 18:15,TRUMP,TRUMP,2.3611000000000004,0.847,0.424,0.424,1.694,80180,-0.002042,9.85
2026-09-01 18:20,BTC,BTC,77583.5,0.129,0.064,0.064,0.064,2046872,0.00125,12.63
2026-09-01 18:20,ETH,ETH,2433.1499999999996,0.411,0.205,0.205,0.205,6803325,0.00125,12.91
2026-09-01 18:20,SOL,SOL,101.235,0.988,0.494,0.494,0.494,4028627,-0.000768,9.99
2026-09-01 18:20,XRP,XRP,1.36835,0.731,0.365,0.365,0.365,2143386,0.00125,13.23
2026-09-01 18:20,AVAX,AVAX,7.2578,0.827,0.413,0.551,0.551,38877,0.00125,13.33
2026-09-01 18:20,LINK,LINK,11.3535,0.881,0.44,0.44,0.44,227322,0.00125,13.38
2026-09-01 18:20,LTC,LTC,49.457499999999996,1.011,0.505,0.708,1.112,34958,0.00125,13.51
2026-09-01 18:20,ADA,ADA,0.19728,4.055,2.028,2.534,2.534,176325,0.00125,16.56
2026-09-01 18:20,DOT,DOT,0.85976,2.326,1.163,1.279,1.279,24369,0.00125,14.83
2026-09-01 18:20,UNI,UNI,5.67375,1.234,0.617,0.617,0.793,30854,0.00125,13.73
2026-09-01 18:20,AAVE,AAVE,125.945,2.382,1.191,1.191,2.779,96316,0.00125,14.88
2026-09-01 18:20,ARB,ARB,0.10805000000000001,3.702,1.851,2.776,2.776,55394,0.00125,16.2
2026-09-01 18:20,POL,POL,0.091839,6.098,3.049,3.049,4.682,10761,-0.0011,15.1
2026-09-01 18:20,RENDER,RENDER,1.44015,3.472,1.736,1.736,3.125,21412,0.00125,15.97
2026-09-01 18:20,DOGE,DOGE,0.0820955,0.609,0.305,1.401,1.523,113912,0.00125,13.11
2026-09-01 18:20,SHIB,kSHIB,0.00516,3.876,1.938,3.876,5.814,148128,0.00125,16.38
2026-09-01 18:20,PEPE,kPEPE,0.003484,5.741,2.87,2.87,2.87,1024877,0.00125,18.24
2026-09-01 18:20,WIF,WIF,0.1983,3.026,2.521,2.521,3.026,74893,0.00125,17.54
2026-09-01 18:20,BONK,kBONK,0.0031000000000000003,6.452,3.226,6.452,6.452,218621,0.00125,18.95
2026-09-01 18:20,TRUMP,TRUMP,2.3502,3.404,1.702,3.404,3.404,53478,-0.00252,12.4
2026-09-01 18:25,BTC,BTC,77536.5,0.129,0.064,0.064,0.064,1971106,0.00125,12.63
2026-09-01 18:25,ETH,ETH,2430.8500000000004,0.411,0.206,0.206,0.206,7235246,0.00125,12.91
2026-09-01 18:25,SOL,SOL,101.125,0.989,0.494,0.494,0.494,4554286,-0.001071,9.99
2026-09-01 18:25,XRP,XRP,1.3646500000000001,0.733,0.366,0.366,0.366,2046154,0.00125,13.23
2026-09-01 18:25,AVAX,AVAX,7.244350000000001,1.518,0.759,0.759,0.759,32576,0.00125,14.02
2026-09-01 18:25,LINK,LINK,11.350000000000001,1.762,0.881,0.881,0.881,232200,0.00125,14.26
2026-09-01 18:25,LTC,LTC,49.581500000000005,1.008,0.504,0.504,0.706,40450,0.00125,13.51
2026-09-01 18:25,ADA,ADA,0.19705,1.015,0.507,0.507,0.507,140697,0.00125,13.51
2026-09-01 18:25,DOT,DOT,0.8595200000000001,0.931,0.465,1.28,1.512,19509,0.00125,13.43
2026-09-01 18:25,UNI,UNI,5.65405,0.884,0.442,0.973,1.15,35039,0.00125,13.38
2026-09-01 18:25,AAVE,AAVE,125.91,1.588,1.588,2.383,2.383,123122,0.00125,15.68
2026-09-01 18:25,ARB,ARB,0.10811499999999999,0.925,0.462,0.462,0.462,60162,0.00125,13.42
2026-09-01 18:25,POL,POL,0.0917985,2.07,1.797,2.887,3.214,8725,-0.001107,12.59
2026-09-01 18:25,RENDER,RENDER,1.4353500000000001,6.27,4.529,6.619,8.709,14223,0.00125,21.56
2026-09-01 18:25,DOGE,DOGE,0.0821125,1.096,0.548,0.792,1.401,189851,0.00125,13.6
2026-09-01 18:25,SHIB,kSHIB,0.005164,3.873,1.936,5.809,5.809,177108,0.00125,16.37
2026-09-01 18:25,PEPE,kPEPE,0.0034855,2.869,1.435,1.435,1.435,1027280,0.00125,15.37
2026-09-01 18:25,WIF,WIF,0.198445,2.52,2.772,2.772,2.772,31374,0.00125,18.04
2026-09-01 18:25,BONK,kBONK,0.0030985,3.227,1.614,1.614,1.614,212318,0.00125,15.73
2026-09-01 18:25,TRUMP,TRUMP,2.3512500000000003,0.425,0.213,0.638,0.638,85908,-0.002608,9.43
2026-09-01 18:30,BTC,BTC,77560.5,0.129,0.064,0.064,0.451,2581014,0.00125,12.63
2026-09-01 18:30,ETH,ETH,2432.3500000000004,0.411,0.206,0.206,0.206,10675634,0.00125,12.91
2026-09-01 18:30,SOL,SOL,101.28,1.975,0.987,0.987,0.987,4956999,-0.001226,10.97
2026-09-01 18:30,XRP,XRP,1.36525,0.732,1.099,1.099,1.099,2137373,0.00125,14.7
2026-09-01 18:30,AVAX,AVAX,7.2426,1.105,0.552,0.69,0.967,35765,0.00125,13.6
2026-09-01 18:30,LINK,LINK,11.371500000000001,0.879,0.44,1.319,1.319,211458,0.00125,13.38
2026-09-01 18:30,LTC,LTC,49.57,2.421,1.21,1.614,1.816,37833,0.00125,14.92
2026-09-01 18:30,ADA,ADA,0.196975,1.523,0.762,0.762,1.777,169098,0.00125,14.02
2026-09-01 18:30,DOT,DOT,0.8603149999999999,2.441,1.22,1.337,1.337,24768,0.00125,14.94
2026-09-01 18:30,UNI,UNI,5.67895,1.937,0.968,0.968,0.968,20444,0.00125,14.44
2026-09-01 18:30,AAVE,AAVE,125.91,1.588,1.588,1.588,2.383,143412,0.00125,15.68
2026-09-01 18:30,ARB,ARB,0.10838500000000001,0.923,0.461,0.461,0.461,114278,0.00125,13.42
2026-09-01 18:30,POL,POL,0.09201000000000001,3.695,1.956,1.956,1.956,9914,-0.001003,12.91
2026-09-01 18:30,RENDER,RENDER,1.436,5.571,2.786,4.178,6.267,12463,0.00125,18.07
2026-09-01 18:30,DOGE,DOGE,0.0821725,0.122,0.061,0.061,0.061,193492,0.00125,12.62
2026-09-01 18:30,SHIB,kSHIB,0.005175,3.865,1.932,1.932,1.932,177318,0.00125,16.36
2026-09-01 18:30,PEPE,kPEPE,0.003484,5.741,2.87,2.87,2.87,1060140,0.00125,18.24
2026-09-01 18:30,WIF,WIF,0.19868,2.013,1.007,1.007,1.007,46770,0.00125,14.51
2026-09-01 18:30,BONK,kBONK,0.003096,6.46,3.23,3.23,6.46,184772,0.00125,18.96
2026-09-01 18:30,TRUMP,TRUMP,2.3489000000000004,0.851,0.426,1.277,2.554,79041,-0.002387,9.85
2026-09-01 18:35,BTC,BTC,77489.5,0.129,0.065,0.065,0.065,5594928,0.00125,12.63
2026-09-01 18:35,ETH,ETH,2430.95,0.411,0.206,0.206,0.206,11712455,0.00125,12.91
2026-09-01 18:35,SOL,SOL,101.11500000000001,0.989,0.494,0.494,0.494,4915145,-0.001242,9.99
2026-09-01 18:35,XRP,XRP,1.36285,0.734,0.367,0.367,0.367,2344851,0.00125,13.23
2026-09-01 18:35,AVAX,AVAX,7.24005,0.691,0.345,0.345,0.345,49445,0.00125,13.19
2026-09-01 18:35,LINK,LINK,11.3525,0.881,0.44,1.321,1.321,254419,0.00125,13.38
2026-09-01 18:35,LTC,LTC,49.5945,1.411,0.706,0.907,1.109,44693,0.00125,13.91
2026-09-01 18:35,ADA,ADA,0.196915,1.523,0.762,0.762,0.762,153359,0.00125,14.02
2026-09-01 18:35,DOT,DOT,0.858515,2.446,1.223,1.223,1.223,30282,0.00125,14.95
2026-09-01 18:35,UNI,UNI,5.6724499999999995,0.881,0.441,0.617,1.146,37971,0.00125,13.38
2026-09-01 18:35,AAVE,AAVE,125.64500000000001,0.796,0.398,0.398,0.398,176815,0.00125,13.3
2026-09-01 18:35,ARB,ARB,0.109325,0.915,0.457,0.457,0.457,83063,0.00125,13.41
2026-09-01 18:35,POL,POL,0.092154,1.953,0.977,1.411,2.93,5879,-0.000675,10.95
2026-09-01 18:35,RENDER,RENDER,1.4355,6.966,3.483,4.18,5.573,19232,0.00125,19.47
2026-09-01 18:35,DOGE,DOGE,0.082097,0.244,0.122,0.244,0.609,111282,0.00125,12.74
2026-09-01 18:35,SHIB,kSHIB,0.0051705,1.934,0.967,2.901,2.901,192892,0.00125,14.43
2026-09-01 18:35,PEPE,kPEPE,0.0034805,2.873,1.437,1.437,1.437,919176,0.00125,15.37
2026-09-01 18:35,WIF,WIF,0.19863,3.021,1.51,4.028,4.531,72406,0.00125,15.52
2026-09-01 18:35,BONK,kBONK,0.0030955,3.23,1.615,1.615,4.846,183759,0.00125,15.73
2026-09-01 18:35,TRUMP,TRUMP,2.33915,2.138,1.069,1.069,1.069,101260,-0.002477,11.14
2026-09-01 18:40,BTC,BTC,77528.5,0.129,0.064,0.064,0.064,4699426,0.00125,12.63
2026-09-01 18:40,ETH,ETH,2432.05,0.411,0.206,0.206,0.206,5882865,0.00125,12.91
2026-09-01 18:40,SOL,SOL,100.985,0.99,0.495,0.495,0.495,3800778,-0.001411,9.99
2026-09-01 18:40,XRP,XRP,1.3648500000000001,0.733,0.366,0.366,1.099,1938965,0.00125,13.23
2026-09-01 18:40,AVAX,AVAX,7.25675,2.067,1.034,1.034,1.034,49630,0.00125,14.57
2026-09-01 18:40,LINK,LINK,11.359,1.761,0.88,0.88,0.88,204050,0.00125,14.26
2026-09-01 18:40,LTC,LTC,49.567499999999995,1.009,0.504,0.706,0.706,54724,0.00125,13.51
2026-09-01 18:40,ADA,ADA,0.196955,0.508,0.254,0.254,1.269,93031,0.00125,13.01
2026-09-01 18:40,DOT,DOT,0.860985,0.116,0.058,0.407,1.8,45830,0.00125,12.62
2026-09-01 18:40,UNI,UNI,5.6576,0.354,0.177,0.354,0.354,29921,0.00125,12.85
2026-09-01 18:40,AAVE,AAVE,125.845,2.384,1.192,1.192,1.987,368367,0.00125,14.88
2026-09-01 18:40,ARB,ARB,0.11014499999999999,0.908,0.454,0.454,0.454,69434,0.00125,13.41
2026-09-01 18:40,POL,POL,0.092088,2.389,1.846,2.28,2.606,10354,-0.000393,12.69
2026-09-01 18:40,RENDER,RENDER,1.4306,4.194,2.097,3.495,4.194,37925,0.00125,16.69
2026-09-01 18:40,DOGE,DOGE,0.0822245,0.122,0.061,0.061,0.791,92593,0.00125,12.62
2026-09-01 18:40,SHIB,kSHIB,0.0051635,1.937,0.968,2.905,2.905,139002,0.00125,14.44
2026-09-01 18:40,PEPE,kPEPE,0.0034795,2.874,1.437,1.437,1.437,1011785,0.00125,15.37
2026-09-01 18:40,WIF,WIF,0.198765,2.516,1.258,4.276,4.78,37651,0.00125,15.02
2026-09-01 18:40,BONK,kBONK,0.0030825,3.244,1.622,1.622,1.622,177720,0.00125,15.74
2026-09-01 18:40,TRUMP,TRUMP,2.34575,0.426,1.918,1.918,1.918,85635,-0.002699,12.84
2026-09-01 18:45,BTC,BTC,77471.5,0.129,0.065,0.065,0.065,5180902,0.00125,12.63
2026-09-01 18:45,ETH,ETH,2430.05,0.412,0.206,0.206,0.206,7485135,0.00125,12.91
2026-09-01 18:45,SOL,SOL,100.905,0.991,0.496,0.496,0.496,4649044,-0.001446,9.99
2026-09-01 18:45,XRP,XRP,1.36455,0.733,0.366,0.366,1.099,2080905,0.00125,13.23
2026-09-01 18:45,AVAX,AVAX,7.2523,0.827,0.414,0.965,0.965,28363,0.00125,13.33
2026-09-01 18:45,LINK,LINK,11.366,1.76,0.88,0.88,0.88,242067,0.00125,14.26
2026-09-01 18:45,LTC,LTC,49.469,2.426,1.213,1.415,1.415,56409,0.00125,14.93
2026-09-01 18:45,ADA,ADA,0.197015,0.508,0.254,0.254,0.254,152989,0.00125,13.01
2026-09-01 18:45,DOT,DOT,0.860255,2.906,1.453,1.569,1.686,29383,0.00125,15.41
2026-09-01 18:45,UNI,UNI,5.6566,0.354,0.177,0.177,0.53,29913,0.00125,12.85
2026-09-01 18:45,AAVE,AAVE,125.66,1.592,0.796,1.592,1.592,95644,0.00125,14.09
2026-09-01 18:45,ARB,ARB,0.10848,3.687,1.844,1.844,1.844,107095,0.00125,16.19
2026-09-01 18:45,POL,POL,0.0918435,2.286,2.014,2.232,2.341,15189,-0.000215,13.03
2026-09-01 18:45,RENDER,RENDER,1.4287,8.399,4.2,4.2,4.9,35247,0.00125,20.9
2026-09-01 18:45,DOGE,DOGE,0.082118,0.731,0.365,0.365,0.365,121675,0.00125,13.23
2026-09-01 18:45,SHIB,kSHIB,0.0051655,1.936,2.904,2.904,4.84,163788,0.00125,18.31
2026-09-01 18:45,PEPE,kPEPE,0.0034775,2.876,1.438,1.438,1.438,997578,0.00125,15.38
2026-09-01 18:45,WIF,WIF,0.19853500000000002,1.511,1.259,1.763,2.77,39210,0.00125,15.02
2026-09-01 18:45,BONK,kBONK,0.0030725,3.255,1.627,1.627,1.627,185529,0.00125,15.75
2026-09-01 18:45,TRUMP,TRUMP,2.3342,2.57,1.285,1.285,1.285,55794,-0.002586,11.57
2026-09-01 18:50,BTC,BTC,77597.5,0.129,0.064,0.064,0.064,3661033,0.00125,12.63
2026-09-01 18:50,ETH,ETH,2433.05,0.411,0.617,0.617,0.617,4586024,0.00125,13.73
2026-09-01 18:50,SOL,SOL,101.015,0.99,0.495,0.495,0.495,4258131,-0.001363,9.99
2026-09-01 18:50,XRP,XRP,1.36585,0.732,1.098,1.098,1.098,2126290,0.00125,14.7
2026-09-01 18:50,AVAX,AVAX,7.2620000000000005,1.102,0.551,0.689,0.689,29774,0.00125,13.6
2026-09-01 18:50,LINK,LINK,11.375499999999999,0.879,1.319,1.319,1.319,256059,0.00125,15.14
2026-09-01 18:50,LTC,LTC,49.659499999999994,0.201,0.101,0.302,0.302,44298,0.00125,12.7
2026-09-01 18:50,ADA,ADA,0.197505,1.519,0.759,0.759,0.759,112066,0.00125,14.02
2026-09-01 18:50,DOT,DOT,0.862425,1.739,0.87,0.87,1.681,20448,0.00125,14.24
2026-09-01 18:50,UNI,UNI,5.7111,0.7,0.35,0.875,1.051,42840,0.00125,13.2
2026-09-01 18:50,AAVE,AAVE,125.955,0.794,0.397,0.397,0.397,159297,0.00125,13.29
2026-09-01 18:50,ARB,ARB,0.10817,1.849,0.924,0.924,0.924,102473,0.00125,14.35
2026-09-01 18:50,POL,POL,0.09175349999999999,1.853,0.926,1.907,2.125,16417,-0.000204,10.85
2026-09-01 18:50,RENDER,RENDER,1.4323000000000001,4.189,2.095,4.189,5.585,24115,0.00125,16.69
2026-09-01 18:50,DOGE,DOGE,0.08221,0.73,0.365,0.487,0.487,54182,0.00125,13.23
2026-09-01 18:50,SHIB,kSHIB,0.0051725,1.933,4.833,6.767,8.7,139269,0.00125,22.17
2026-09-01 18:50,PEPE,kPEPE,0.0034805,2.873,1.437,1.437,1.437,1106950,0.00125,15.37
2026-09-01 18:50,WIF,WIF,0.19898,2.01,1.005,1.508,3.015,51730,0.00125,14.51
2026-09-01 18:50,BONK,kBONK,0.0030635000000000003,3.264,1.632,1.632,4.896,183200,0.00125,15.76
2026-09-01 18:50,TRUMP,TRUMP,2.34565,1.279,0.639,1.066,1.066,66123,-0.002374,10.28
2026-09-01 18:55,BTC,BTC,77632.5,0.129,0.064,0.064,0.064,4057701,0.00125,12.63
2026-09-01 18:55,ETH,ETH,2434.8500000000004,0.411,0.205,0.205,0.205,5988090,0.00125,12.91
2026-09-01 18:55,SOL,SOL,100.995,0.99,0.495,0.495,0.495,4422187,-0.001362,9.99
2026-09-01 18:55,XRP,XRP,1.3665500000000002,0.732,0.366,0.366,0.366,1608149,0.00125,13.23
2026-09-01 18:55,AVAX,AVAX,7.26135,0.138,0.069,0.069,0.344,17492,0.00125,12.64
2026-09-01 18:55,LINK,LINK,11.378499999999999,0.879,0.439,2.197,2.197,245678,0.00125,13.38
2026-09-01 18:55,LTC,LTC,49.658,0.403,0.201,0.403,0.403,40581,0.00125,12.9
2026-09-01 18:55,ADA,ADA,0.197305,0.507,0.253,0.253,0.253,146317,0.00125,13.01
2026-09-01 18:55,DOT,DOT,0.862735,2.434,1.217,1.797,2.028,32281,0.00125,14.93
2026-09-01 18:55,UNI,UNI,5.7038,0.351,0.175,0.351,0.351,35403,0.00125,12.85
2026-09-01 18:55,AAVE,AAVE,126.125,2.379,1.189,1.189,1.982,79065,0.00125,14.88
2026-09-01 18:55,ARB,ARB,0.10850499999999999,0.922,0.461,2.304,3.226,80235,0.00125,13.42
2026-09-01 18:55,POL,POL,0.09174299999999999,2.18,1.09,1.962,2.507,12165,-0.000218,11.18
2026-09-01 18:55,RENDER,RENDER,1.4317,1.397,0.698,2.095,3.492,11046,0.00125,13.9
2026-09-01 18:55,DOGE,DOGE,0.082189,0.973,0.487,0.487,0.608,130103,0.00125,13.47
2026-09-01 18:55,SHIB,kSHIB,0.005175,3.865,3.865,3.865,3.865,189872,0.00125,20.23
2026-09-01 18:55,PEPE,kPEPE,0.0034805,2.873,1.437,1.437,1.437,958817,0.00125,15.37
2026-09-01 18:55,WIF,WIF,0.19885999999999998,2.011,3.52,6.034,7.04,45806,0.00125,19.54
2026-09-01 18:55,BONK,kBONK,0.0030645,3.263,1.632,1.632,1.632,155651,0.00125,15.76
2026-09-01 18:55,TRUMP,TRUMP,2.3456,1.705,0.853,1.705,2.132,75021,-0.001888,10.71
2026-09-01 19:00,BTC,BTC,77597.5,0.129,0.064,0.064,0.064,4669359,0.00125,12.63
2026-09-01 19:00,ETH,ETH,2433.45,0.411,0.205,0.205,0.205,10245726,0.00125,12.91
2026-09-01 19:00,SOL,SOL,100.935,0.991,0.495,0.495,0.495,5348010,0.001178,13.29
2026-09-01 19:00,XRP,XRP,1.36695,0.732,0.366,0.366,0.366,2133905,0.00125,13.23
2026-09-01 19:00,AVAX,AVAX,7.263400000000001,0.551,0.275,0.413,0.413,43109,0.00125,13.05
2026-09-01 19:00,LINK,LINK,11.3635,0.88,0.44,0.44,0.44,171419,0.00125,13.38
2026-09-01 19:00,LTC,LTC,49.7,0.805,0.402,0.402,0.604,45396,0.00125,13.3
2026-09-01 19:00,ADA,ADA,0.197195,0.507,0.254,0.254,0.254,88253,0.00125,13.01
2026-09-01 19:00,DOT,DOT,0.86425,2.546,1.273,1.851,1.967,32818,0.001102,14.63
2026-09-01 19:00,UNI,UNI,5.69815,1.93,1.141,1.141,1.141,33169,0.00125,14.78
2026-09-01 19:00,AAVE,AAVE,126.165,2.378,1.189,1.189,1.189,98191,0.00125,14.88
2026-09-01 19:00,ARB,ARB,0.108655,0.92,0.46,0.46,0.46,124214,0.00125,13.42
2026-09-01 19:00,POL,POL,0.0920195,2.065,1.032,1.576,2.988,16431,0.00125,14.56
2026-09-01 19:00,RENDER,RENDER,1.4317,4.191,2.095,2.794,4.191,14914,0.00125,16.69
2026-09-01 19:00,DOGE,DOGE,0.0821665,0.365,0.183,0.304,0.304,105575,0.00125,12.87
2026-09-01 19:00,SHIB,kSHIB,0.005171,3.868,1.934,1.934,1.934,165353,0.00125,16.37
2026-09-01 19:00,PEPE,kPEPE,0.0034785,2.875,1.437,1.437,4.312,836699,0.00125,15.37
2026-09-01 19:00,WIF,WIF,0.198805,2.515,2.767,3.27,3.773,44551,0.00125,18.03
2026-09-01 19:00,BONK,kBONK,0.0030594999999999997,3.269,1.634,1.634,1.634,225284,0.00125,15.77
2026-09-01 19:00,TRUMP,TRUMP,2.32845,1.288,0.644,1.074,2.362,99293,0.00055,11.83
2026-09-01 19:05,BTC,BTC,77565.5,0.129,0.064,0.064,0.064,2960195,0.00125,12.63
2026-09-01 19:05,ETH,ETH,2432.95,0.411,0.206,0.206,0.206,8984173,0.00125,12.91
2026-09-01 19:05,SOL,SOL,100.89500000000001,0.991,1.487,1.487,1.487,4897463,-0.000665,11.97
2026-09-01 19:05,XRP,XRP,1.36645,2.195,1.098,1.098,1.098,2071721,0.00125,14.7
2026-09-01 19:05,AVAX,AVAX,7.253,1.654,0.827,1.379,1.379,50761,0.000651,12.48
2026-09-01 19:05,LINK,LINK,11.3605,0.88,0.44,0.44,0.44,240227,0.00125,13.38
2026-09-01 19:05,LTC,LTC,49.6495,0.604,0.302,0.504,0.906,43151,0.00125,13.1
2026-09-01 19:05,ADA,ADA,0.19748500000000002,1.519,0.76,0.76,1.772,161018,0.000215,11.12
2026-09-01 19:05,DOT,DOT,0.86208,1.16,0.58,0.696,1.856,24491,-0.000155,10.16
2026-09-01 19:05,UNI,UNI,5.696,3.511,1.756,2.458,2.985,29624,0.00125,16.01
2026-09-01 19:05,AAVE,AAVE,126.25,1.584,0.792,0.792,0.792,174453,0.00125,14.08
2026-09-01 19:05,ARB,ARB,0.10816999999999999,3.698,1.849,1.849,1.849,115440,0.00125,16.2
2026-09-01 19:05,POL,POL,0.0917595,2.289,1.144,1.253,2.779,6999,0.000562,12.86
2026-09-01 19:05,RENDER,RENDER,1.43125,3.493,1.747,3.144,3.843,28984,0.00125,15.99
2026-09-01 19:05,DOGE,DOGE,0.08213000000000001,0.731,0.365,0.365,0.365,134520,0.00125,13.23
2026-09-01 19:05,SHIB,kSHIB,0.0051675,5.806,2.903,2.903,4.838,163425,0.00125,18.31
2026-09-01 19:05,PEPE,kPEPE,0.00348,5.747,2.874,2.874,2.874,1082260,0.00125,18.25
2026-09-01 19:05,WIF,WIF,0.19865,3.02,1.51,2.517,3.02,38941,0.00125,15.52
2026-09-01 19:05,BONK,kBONK,0.0030655,3.262,1.631,1.631,1.631,173577,0.00125,15.76
2026-09-01 19:05,TRUMP,TRUMP,2.32875,1.288,0.644,1.074,1.932,75058,0.00125,13.79
2026-09-01 19:10,BTC,BTC,77523.5,0.129,0.064,0.064,0.064,4653626,0.00125,12.63
2026-09-01 19:10,ETH,ETH,2434.3500000000004,0.411,0.205,0.205,0.205,6616526,0.00125,12.91
2026-09-01 19:10,SOL,SOL,100.845,0.992,0.496,0.496,0.496,4804783,-0.000898,9.99
2026-09-01 19:10,XRP,XRP,1.36605,0.732,0.366,0.366,0.366,2124485,0.00125,13.23
2026-09-01 19:10,AVAX,AVAX,7.25315,0.414,0.207,0.207,0.207,58058,0.001056,12.37
2026-09-01 19:10,LINK,LINK,11.3605,0.88,0.44,1.32,1.32,229488,0.00125,13.38
2026-09-01 19:10,LTC,LTC,49.622,0.403,0.202,0.202,1.209,32535,0.00125,12.9
2026-09-01 19:10,ADA,ADA,0.197495,0.506,0.253,0.253,0.253,122907,0.000256,10.22
2026-09-01 19:10,DOT,DOT,0.8632599999999999,2.085,1.043,1.158,1.158,22023,0.000491,12.46
2026-09-01 19:10,UNI,UNI,5.683249999999999,0.528,0.264,1.848,1.848,36541,0.00125,13.03
2026-09-01 19:10,AAVE,AAVE,126.19999999999999,1.585,0.792,1.585,2.377,125148,0.00125,14.08
2026-09-01 19:10,ARB,ARB,0.10814499999999999,0.925,0.462,1.387,1.387,61051,0.00125,13.42
2026-09-01 19:10,POL,POL,0.0916885,2.727,1.363,1.472,1.691,10981,0.000397,12.84
2026-09-01 19:10,RENDER,RENDER,1.4321,4.19,2.095,2.793,4.888,10505,0.00125,16.69
2026-09-01 19:10,DOGE,DOGE,0.08210049999999999,1.34,0.67,0.67,0.67,168472,0.00125,13.84
2026-09-01 19:10,SHIB,kSHIB,0.0051684999999999995,1.935,2.902,4.837,6.772,151452,0.00125,18.3
2026-09-01 19:10,PEPE,kPEPE,0.0034765,2.876,1.438,1.438,1.438,963872,0.00125,15.38
2026-09-01 19:10,WIF,WIF,0.19827,2.017,6.557,6.557,7.061,54060,0.00125,25.61
2026-09-01 19:10,BONK,kBONK,0.0030625,3.265,1.633,1.633,4.898,198578,0.00125,15.77
2026-09-01 19:10,TRUMP,TRUMP,2.3226,1.722,0.861,1.292,1.292,53940,0.00125,14.22
2026-09-01 19:15,BTC,BTC,77509.5,0.129,0.065,0.065,0.065,2331061,0.00125,12.63
2026-09-01 19:15,ETH,ETH,2434.05,0.411,0.205,0.205,0.205,6494366,0.00125,12.91
2026-09-01 19:15,SOL,SOL,100.745,0.993,0.496,0.496,0.496,4625354,-0.001076,9.99
2026-09-01 19:15,XRP,XRP,1.3655499999999998,0.732,0.366,0.366,0.366,2120534,0.00125,13.23
2026-09-01 19:15,AVAX,AVAX,7.26075,0.138,2.41,3.099,3.099,27084,0.001031,16.71
2026-09-01 19:15,LINK,LINK,11.367,1.759,0.88,0.88,0.88,271822,0.00125,14.26
2026-09-01 19:15,LTC,LTC,49.545500000000004,0.202,0.101,0.505,0.706,43184,0.00125,12.7
2026-09-01 19:15,ADA,ADA,0.197555,0.506,0.253,0.253,0.759,117223,0.000381,10.57
2026-09-01 19:15,DOT,DOT,0.8640399999999999,2.083,1.042,1.042,1.042,32501,0.000554,12.63
2026-09-01 19:15,UNI,UNI,5.68755,0.879,0.44,0.44,0.791,23371,0.00125,13.38
2026-09-01 19:15,AAVE,AAVE,126.16,6.341,3.171,3.171,3.171,190745,0.00125,18.84
2026-09-01 19:15,ARB,ARB,0.10816,3.698,1.849,1.849,1.849,96431,0.00125,16.2
2026-09-01 19:15,POL,POL,0.0915285,2.294,1.147,1.256,3.442,5868,0.000254,12.01
2026-09-01 19:15,RENDER,RENDER,1.43225,7.68,3.84,4.538,5.237,15039,0.00125,20.18
2026-09-01 19:15,DOGE,DOGE,0.0821215,1.096,0.548,0.548,0.548,215456,0.00125,13.6
2026-09-01 19:15,SHIB,kSHIB,0.0051705,1.934,0.967,0.967,2.901,206078,0.00125,14.43
2026-09-01 19:15,PEPE,kPEPE,0.0034775,2.876,1.438,1.438,1.438,1110204,0.00125,15.38
2026-09-01 19:15,WIF,WIF,0.198595,3.525,2.769,2.769,3.273,30715,0.00125,18.04
2026-09-01 19:15,BONK,kBONK,0.0030685,3.259,1.629,1.629,1.629,223349,0.00125,15.76
2026-09-01 19:15,TRUMP,TRUMP,2.32205,2.153,1.077,1.077,1.938,32884,0.000602,12.84
2026-09-01 19:20,BTC,BTC,77605.5,0.129,0.064,0.064,0.064,3863924,0.00125,12.63
2026-09-01 19:20,ETH,ETH,2436.45,0.41,0.205,0.205,0.205,5348688,0.00125,12.91
2026-09-01 19:20,SOL,SOL,101.07499999999999,0.989,0.495,0.495,0.495,4440711,-0.000943,9.99
2026-09-01 19:20,XRP,XRP,1.36945,0.73,0.365,0.365,0.365,2158280,0.00125,13.23
2026-09-01 19:20,AVAX,AVAX,7.2742,0.825,0.962,1.1,1.1,71306,0.00125,14.42
2026-09-01 19:20,LINK,LINK,11.381499999999999,0.879,0.439,0.439,0.439,218680,0.00125,13.38
2026-09-01 19:20,LTC,LTC,49.584,0.807,0.403,0.605,0.807,35921,0.00125,13.31
2026-09-01 19:20,ADA,ADA,0.197995,0.505,0.253,0.253,0.758,103317,0.000784,11.7
2026-09-01 19:20,DOT,DOT,0.8687849999999999,0.115,0.058,1.439,3.396,35972,0.000966,11.82
2026-09-01 19:20,UNI,UNI,5.7295,1.745,0.873,1.047,1.047,26765,0.00125,14.25
2026-09-01 19:20,AAVE,AAVE,126.63,1.579,0.79,0.79,1.579,371694,0.00125,14.08
2026-09-01 19:20,ARB,ARB,0.108195,0.924,0.462,1.386,1.386,72968,0.00125,13.42
2026-09-01 19:20,POL,POL,0.09141550000000001,1.641,1.805,3.227,4.868,6136,0.000157,13.05
2026-09-01 19:20,RENDER,RENDER,1.4386,4.171,2.085,2.78,3.476,17037,0.00125,16.67
2026-09-01 19:20,DOGE,DOGE,0.0823405,0.121,0.061,0.304,0.304,63447,0.00125,12.62
2026-09-01 19:20,SHIB,kSHIB,0.005184,3.858,3.858,3.858,5.787,177629,0.00125,20.22
2026-09-01 19:20,PEPE,kPEPE,0.0034925,2.863,1.432,1.432,1.432,1278774,0.00125,15.36
2026-09-01 19:20,WIF,WIF,0.199615,2.505,1.753,1.753,2.755,67199,0.00125,16.01
2026-09-01 19:20,BONK,kBONK,0.0030875,3.239,1.619,1.619,1.619,163494,0.00125,15.74
2026-09-01 19:20,TRUMP,TRUMP,2.32815,0.43,0.215,0.215,0.644,66150,-0.000559,9.43
2026-09-01 19:25,BTC,BTC,77549.5,0.129,0.064,0.064,0.064,4096295,0.00125,12.63
2026-09-01 19:25,ETH,ETH,2435.95,0.411,0.205,0.205,0.205,6772667,0.00125,12.91
2026-09-01 19:25,SOL,SOL,101.025,0.99,0.495,0.495,0.495,4511577,-0.000853,9.99
2026-09-01 19:25,XRP,XRP,1.3701500000000002,0.73,0.365,0.365,0.365,1475051,0.00125,13.23
2026-09-01 19:25,AVAX,AVAX,7.28215,1.511,0.755,0.893,1.579,52457,0.00125,14.01
2026-09-01 19:25,LINK,LINK,11.383,3.514,1.757,1.757,1.757,175054,0.00125,16.01
2026-09-01 19:25,LTC,LTC,49.6515,0.201,0.101,0.101,0.101,57067,0.00125,12.7
2026-09-01 19:25,ADA,ADA,0.19854,1.007,0.504,0.504,1.511,121769,0.001105,13.1
2026-09-01 19:25,DOT,DOT,0.87053,1.608,0.804,1.264,2.068,17416,0.00125,14.11
2026-09-01 19:25,UNI,UNI,5.7377,2.091,1.046,1.046,1.569,25039,0.00125,14.59
2026-09-01 19:25,AAVE,AAVE,126.56,1.58,0.79,0.79,0.79,132813,0.00125,14.08
2026-09-01 19:25,ARB,ARB,0.108475,4.609,2.305,2.305,2.305,138701,0.00125,17.11
2026-09-01 19:25,POL,POL,0.091362,1.532,0.766,1.642,2.955,13348,0.000101,10.82
2026-09-01 19:25,RENDER,RENDER,1.44275,6.238,3.119,3.812,5.198,13030,0.00125,18.74
2026-09-01 19:25,DOGE,DOGE,0.08236399999999999,0.243,0.121,0.364,0.364,145185,0.00125,12.74
2026-09-01 19:25,SHIB,kSHIB,0.005197,3.848,1.924,1.924,3.848,171261,0.00125,16.35
2026-09-01 19:25,PEPE,kPEPE,0.003493,5.726,2.863,2.863,2.863,913045,0.00125,18.23
2026-09-01 19:25,WIF,WIF,0.19986500000000001,2.502,1.251,2.252,3.252,71107,0.00125,15.0
2026-09-01 19:25,BONK,kBONK,0.003098,6.456,3.228,3.228,3.228,174772,0.00125,18.96
2026-09-01 19:25,TRUMP,TRUMP,2.32165,0.431,0.215,0.646,1.077,46238,-0.001284,9.43
2026-09-01 19:30,BTC,BTC,77524.5,0.129,0.064,0.064,0.064,2249519,0.00125,12.63
2026-09-01 19:30,ETH,ETH,2434.25,0.411,0.205,0.205,0.205,9678981,0.00125,12.91
2026-09-01 19:30,SOL,SOL,100.995,0.99,0.495,0.495,0.495,5343267,-0.000828,9.99
2026-09-01 19:30,XRP,XRP,1.3697499999999998,0.73,0.365,0.365,0.365,1068909,0.00125,13.23
2026-09-01 19:30,AVAX,AVAX,7.2886500000000005,1.509,1.029,1.166,1.166,60179,0.00125,14.56
2026-09-01 19:30,LINK,LINK,11.389,1.756,0.878,1.756,1.756,184159,0.00125,14.26
2026-09-01 19:30,LTC,LTC,49.6525,1.007,0.503,1.913,1.913,49445,0.00125,13.51
2026-09-01 19:30,ADA,ADA,0.198365,0.504,0.252,0.756,0.756,102493,0.000954,12.18
2026-09-01 19:30,DOT,DOT,0.8698600000000001,0.92,0.46,1.724,1.724,41672,0.00125,13.42
2026-09-01 19:30,UNI,UNI,5.74455,0.522,0.261,0.261,1.132,16726,0.00125,13.02
2026-09-01 19:30,AAVE,AAVE,126.715,2.368,1.184,1.184,1.973,192923,0.00125,14.87
2026-09-01 19:30,ARB,ARB,0.108205,2.773,1.386,1.386,2.31,63198,0.00125,15.27
2026-09-01 19:30,POL,POL,0.09108150000000001,1.866,2.361,2.69,3.129,10641,5e-06,13.73
2026-09-01 19:30,RENDER,RENDER,1.4433,5.543,2.771,6.236,6.929,37645,0.00125,18.04
2026-09-01 19:30,DOGE,DOGE,0.082425,1.456,0.728,0.849,0.849,222956,0.00125,13.96
2026-09-01 19:30,SHIB,kSHIB,0.005194,3.851,3.851,3.851,3.851,201032,0.00125,20.2
2026-09-01 19:30,PEPE,kPEPE,0.0035015000000000003,2.856,1.428,1.428,1.428,911905,0.00125,15.36
2026-09-01 19:30,WIF,WIF,0.200465,5.487,3.741,3.741,6.236,68921,0.00125,19.98
2026-09-01 19:30,BONK,kBONK,0.0030965,3.229,1.615,1.615,1.615,187353,0.00125,15.73
2026-09-01 19:30,TRUMP,TRUMP,2.3193,0.862,0.431,0.431,0.862,41705,-0.002031,9.86
2026-09-01 19:35,BTC,BTC,77665.5,0.129,0.064,0.064,0.064,3654825,0.00125,12.63
2026-09-01 19:35,ETH,ETH,2437.6499999999996,0.41,0.205,0.205,0.205,8850365,0.00125,12.91
2026-09-01 19:35,SOL,SOL,101.11500000000001,0.989,0.494,0.494,0.494,5192046,-0.000801,9.99
2026-09-01 19:35,XRP,XRP,1.37215,0.729,0.364,0.364,0.364,1491192,0.00125,13.23
2026-09-01 19:35,AVAX,AVAX,7.293699999999999,0.548,0.274,0.411,1.234,41303,0.00125,13.05
2026-09-01 19:35,LINK,LINK,11.4115,0.876,0.438,1.314,1.314,224654,0.00125,13.38
2026-09-01 19:35,LTC,LTC,49.818,0.803,0.401,0.602,0.602,50685,0.00125,13.3
2026-09-01 19:35,ADA,ADA,0.19891999999999999,1.005,0.503,1.005,1.005,167965,0.001152,13.23
2026-09-01 19:35,DOT,DOT,0.875065,2.857,1.428,2.343,3.257,22592,0.00125,15.36
2026-09-01 19:35,UNI,UNI,5.7773,2.423,1.212,1.212,1.212,31967,0.00125,14.92
2026-09-01 19:35,AAVE,AAVE,126.97,1.575,0.788,2.363,3.15,171628,0.00125,14.08
2026-09-01 19:35,ARB,ARB,0.10838,1.845,0.923,0.923,1.845,101427,0.00125,14.35
2026-09-01 19:35,POL,POL,0.091379,2.408,1.204,1.204,2.626,16514,-4.6e-05,11.41
2026-09-01 19:35,RENDER,RENDER,1.4429500000000002,4.851,2.426,3.812,5.198,15170,0.00125,17.35
2026-09-01 19:35,DOGE,DOGE,0.0824995,0.606,0.303,0.424,0.545,161467,0.00125,13.11
2026-09-01 19:35,SHIB,kSHIB,0.005204500000000001,1.921,2.882,4.804,4.804,195779,0.00125,18.26
2026-09-01 19:35,PEPE,kPEPE,0.0035104999999999997,2.849,1.424,1.424,1.424,868963,0.00125,15.35
2026-09-01 19:35,WIF,WIF,0.20035,2.995,3.494,4.991,5.49,18951,0.00125,19.49
2026-09-01 19:35,BONK,kBONK,0.0031035,3.222,1.611,1.611,1.611,149869,0.00125,15.72
2026-09-01 19:35,TRUMP,TRUMP,2.31765,0.431,0.216,0.216,0.216,104252,-0.002697,9.43
2026-09-01 19:40,BTC,BTC,77580.5,0.129,0.064,0.064,0.064,3237333,0.00125,12.63
2026-09-01 19:40,ETH,ETH,2435.8500000000004,0.411,0.205,0.205,0.205,5566207,0.00125,12.91
2026-09-01 19:40,SOL,SOL,101.095,0.989,0.495,0.495,0.495,4011449,-0.00083,9.99
2026-09-01 19:40,XRP,XRP,1.37195,0.729,0.364,0.364,0.364,1428986,0.00125,13.23
2026-09-01 19:40,AVAX,AVAX,7.2789,1.099,0.55,0.687,0.824,49868,0.00125,13.6
2026-09-01 19:40,LINK,LINK,11.3995,0.877,0.439,1.316,1.316,210175,0.00125,13.38
2026-09-01 19:40,LTC,LTC,49.8675,1.404,0.902,1.303,1.303,42566,0.00125,14.3
2026-09-01 19:40,ADA,ADA,0.198745,1.509,0.755,0.755,1.258,172086,0.00125,14.01
2026-09-01 19:40,DOT,DOT,0.874995,3.314,1.657,1.657,1.657,33948,0.00125,15.81
2026-09-01 19:40,UNI,UNI,5.7875,3.11,1.555,1.555,1.555,42751,0.00125,15.61
2026-09-01 19:40,AAVE,AAVE,126.705,5.525,2.762,3.552,3.552,179160,0.00125,18.02
2026-09-01 19:40,ARB,ARB,0.108325,0.923,0.462,0.462,0.462,183200,0.00125,13.42
2026-09-01 19:40,POL,POL,0.091349,1.97,0.985,1.97,1.97,20300,-0.000146,10.97
2026-09-01 19:40,RENDER,RENDER,1.4412500000000001,4.857,2.428,3.122,4.51,15729,0.00125,17.36
2026-09-01 19:40,DOGE,DOGE,0.08244699999999999,0.485,0.243,0.364,0.364,199154,0.00125,12.99
2026-09-01 19:40,SHIB,kSHIB,0.0051920000000000004,3.852,1.926,1.926,3.852,207938,0.00125,16.35
2026-09-01 19:40,PEPE,kPEPE,0.0035025,2.855,1.428,1.428,4.283,973126,0.00125,15.36
2026-09-01 19:40,WIF,WIF,0.19957,3.006,1.503,2.505,4.009,29283,0.00125,15.51
2026-09-01 19:40,BONK,kBONK,0.003098,6.456,3.228,3.228,3.228,188998,0.00125,18.96
2026-09-01 19:40,TRUMP,TRUMP,2.30865,0.433,0.217,1.083,1.083,48339,-0.003404,9.43
2026-09-01 19:45,BTC,BTC,77499.5,0.129,0.065,0.065,0.065,9188100,0.00125,12.63
2026-09-01 19:45,ETH,ETH,2432.45,0.411,0.206,0.206,0.206,11279035,0.00125,12.91
2026-09-01 19:45,SOL,SOL,100.945,0.991,0.495,0.495,0.495,4032395,-0.000817,9.99
2026-09-01 19:45,XRP,XRP,1.37005,0.73,0.365,0.365,0.365,1484634,0.00125,13.23
2026-09-01 19:45,AVAX,AVAX,7.2691,1.101,0.55,0.688,1.238,23692,0.00125,13.6
2026-09-01 19:45,LINK,LINK,11.376000000000001,1.758,0.879,0.879,0.879,224462,0.00125,14.26
2026-09-01 19:45,LTC,LTC,49.7315,1.005,0.503,1.91,2.111,43383,0.00125,13.51
2026-09-01 19:45,ADA,ADA,0.19816,1.009,0.505,0.505,0.505,84893,0.00125,13.51
2026-09-01 19:45,DOT,DOT,0.8804449999999999,0.568,1.306,1.42,1.76,14912,0.00125,15.11
2026-09-01 19:45,UNI,UNI,5.7711500000000004,0.173,2.686,2.686,2.859,22207,0.00125,17.87
2026-09-01 19:45,AAVE,AAVE,126.7,3.157,1.579,1.579,1.579,186144,0.00125,15.66
2026-09-01 19:45,ARB,ARB,0.10848,1.844,0.922,0.922,2.765,65127,0.00125,14.34
2026-09-01 19:45,POL,POL,0.091321,2.409,1.205,2.19,4.052,10940,-6.1e-05,11.41
2026-09-01 19:45,RENDER,RENDER,1.4422,4.16,2.08,2.774,4.854,31427,0.00125,16.66
2026-09-01 19:45,DOGE,DOGE,0.0823885,0.121,0.061,0.061,0.061,120067,0.00125,12.62
2026-09-01 19:45,SHIB,kSHIB,0.0051965,1.924,2.887,2.887,2.887,174404,0.00125,18.27
2026-09-01 19:45,PEPE,kPEPE,0.003499,5.716,2.858,2.858,2.858,1055043,0.00125,18.22
2026-09-01 19:45,WIF,WIF,0.19956000000000002,3.007,1.503,2.004,2.506,74419,0.00125,15.51
2026-09-01 19:45,BONK,kBONK,0.0030965,3.229,1.615,4.844,4.844,200701,0.00125,15.73
2026-09-01 19:45,TRUMP,TRUMP,2.30485,2.169,1.085,1.519,1.519,112292,-0.003532,11.17
2026-09-01 19:50,BTC,BTC,77419.5,0.129,0.065,0.065,0.065,3973091,0.00125,12.63
2026-09-01 19:50,ETH,ETH,2428.75,0.412,0.206,0.206,0.206,11141819,0.00125,12.91
2026-09-01 19:50,SOL,SOL,100.85499999999999,0.992,0.496,0.496,0.496,4652726,-0.000767,9.99
2026-09-01 19:50,XRP,XRP,1.36795,0.731,0.366,0.366,0.366,1229686,0.00125,13.23
2026-09-01 19:50,AVAX,AVAX,7.2642,1.927,0.964,1.101,1.239,24273,0.00125,14.43
2026-09-01 19:50,LINK,LINK,11.357,1.761,0.881,0.881,0.881,200059,0.00125,14.26
2026-09-01 19:50,LTC,LTC,49.712500000000006,1.408,0.704,0.704,1.106,45876,0.00125,13.91
2026-09-01 19:50,ADA,ADA,0.198085,1.515,0.757,0.757,0.757,109472,0.00125,14.01
2026-09-01 19:50,DOT,DOT,0.87873,5.007,2.504,2.504,2.504,23722,0.00125,17.51
2026-09-01 19:50,UNI,UNI,5.7773,1.039,0.519,0.519,1.039,23238,0.00125,13.54
2026-09-01 19:50,AAVE,AAVE,126.455,2.372,1.977,1.977,2.768,183654,0.00125,16.45
2026-09-01 19:50,ARB,ARB,0.107935,0.926,0.463,1.39,2.316,155836,0.00125,13.43
2026-09-01 19:50,POL,POL,0.0911675,0.987,0.494,2.578,3.126,12342,-8.3e-05,9.99
2026-09-01 19:50,RENDER,RENDER,1.4414,4.163,2.081,3.469,4.163,30270,0.00125,16.66
2026-09-01 19:50,DOGE,DOGE,0.0823365,0.121,0.061,0.061,0.061,161155,0.00125,12.62
2026-09-01 19:50,SHIB,kSHIB,0.0051885,1.927,2.891,2.891,2.891,184928,0.00125,18.28
2026-09-01 19:50,PEPE,kPEPE,0.0034965,2.86,1.43,1.43,4.29,907597,0.00125,15.36
2026-09-01 19:50,WIF,WIF,0.198845,2.515,1.257,1.257,2.766,62718,0.00125,15.01
2026-09-01 19:50,BONK,kBONK,0.0030865,3.24,1.62,1.62,1.62,203288,0.00125,15.74
2026-09-01 19:50,TRUMP,TRUMP,2.2986500000000003,0.435,0.218,0.653,2.828,57339,-0.003654,9.44
2026-09-01 19:55,BTC,BTC,77341.5,0.129,0.065,0.065,0.065,2145178,0.00125,12.63
2026-09-01 19:55,ETH,ETH,2423.95,0.413,0.206,0.206,0.206,18854031,0.00125,12.91
2026-09-01 19:55,SOL,SOL,100.485,0.995,0.498,0.498,0.498,4752925,-0.000805,10.0
2026-09-01 19:55,XRP,XRP,1.3627500000000001,0.734,0.367,0.367,0.367,1690381,0.00125,13.23
2026-09-01 19:55,AVAX,AVAX,7.25115,0.69,0.345,0.483,0.483,77796,0.00125,13.19
2026-09-01 19:55,LINK,LINK,11.3235,0.883,0.442,1.325,1.325,203830,0.00125,13.38
2026-09-01 19:55,LTC,LTC,49.6125,1.411,0.705,0.705,0.705,61497,0.00125,13.91
2026-09-01 19:55,ADA,ADA,0.19698,7.107,3.554,4.061,4.061,194752,0.00125,19.61
2026-09-01 19:55,DOT,DOT,0.87395,1.373,0.687,0.687,0.687,19075,0.00125,13.87
2026-09-01 19:55,UNI,UNI,5.7409,2.439,1.219,1.568,1.742,28229,0.00125,14.94
2026-09-01 19:55,AAVE,AAVE,125.93,1.588,0.794,0.794,1.588,115749,0.00125,14.09
2026-09-01 19:55,ARB,ARB,0.10694000000000001,3.74,1.87,1.87,2.805,66164,0.00125,16.24
2026-09-01 19:55,POL,POL,0.09105099999999999,4.393,2.965,3.624,3.624,8822,-6.7e-05,14.93
2026-09-01 19:55,RENDER,RENDER,1.4328500000000002,3.49,1.745,1.745,3.141,23866,0.00125,15.99
2026-09-01 19:55,DOGE,DOGE,0.082036,0.244,0.122,0.244,0.244,268990,0.00125,12.74
2026-09-01 19:55,SHIB,kSHIB,0.0051725,1.933,0.967,0.967,2.9,180098,0.00125,14.43
2026-09-01 19:55,PEPE,kPEPE,0.0034835,2.871,1.435,1.435,1.435,946652,0.00125,15.37
2026-09-01 19:55,WIF,WIF,0.197845,2.527,1.769,2.275,3.791,49525,0.00125,16.04
2026-09-01 19:55,BONK,kBONK,0.0030625,3.265,1.633,1.633,1.633,170514,0.00125,15.77
2026-09-01 19:55,TRUMP,TRUMP,2.2794,1.755,0.877,1.755,1.755,72017,-0.003934,10.75
2026-09-01 20:00,BTC,BTC,77268.5,0.129,0.065,0.065,0.065,4164105,0.00125,12.63
2026-09-01 20:00,ETH,ETH,2419.1499999999996,0.413,0.207,0.207,0.207,11923052,0.00125,12.91
2026-09-01 20:00,SOL,SOL,100.555,0.994,0.497,0.497,0.497,5528230,-0.001741,9.99
2026-09-01 20:00,XRP,XRP,1.36395,0.733,0.367,0.367,0.367,1065544,0.00125,13.23
2026-09-01 20:00,AVAX,AVAX,7.2427,1.105,0.552,0.69,2.209,36124,0.00125,13.6
2026-09-01 20:00,LINK,LINK,11.3215,0.883,0.442,0.442,0.442,173051,0.00125,13.38
2026-09-01 20:00,LTC,LTC,49.6405,2.216,1.108,1.712,1.914,35876,0.00125,14.72
2026-09-01 20:00,ADA,ADA,0.197455,0.506,0.253,0.253,0.253,123789,0.00125,13.01
2026-09-01 20:00,DOT,DOT,0.87565,0.914,0.457,0.571,0.571,24589,0.0008,12.15
2026-09-01 20:00,UNI,UNI,5.7517499999999995,0.869,0.435,0.956,0.956,27412,0.00125,13.37
2026-09-01 20:00,AAVE,AAVE,126.30000000000001,1.584,0.792,1.584,1.584,166841,0.00125,14.08
2026-09-01 20:00,ARB,ARB,0.10742499999999999,0.931,0.465,1.396,1.396,92811,0.00125,13.43
2026-09-01 20:00,POL,POL,0.091191,1.755,1.316,2.303,4.496,8670,-0.000289,11.63
2026-09-01 20:00,RENDER,RENDER,1.4341,4.184,2.092,2.092,4.184,20201,0.00125,16.68
2026-09-01 20:00,DOGE,DOGE,0.0820755,0.609,0.305,0.305,0.305,104771,0.00125,13.11
2026-09-01 20:00,SHIB,kSHIB,0.0051855,1.928,0.964,2.893,4.821,193405,0.00125,14.43
2026-09-01 20:00,PEPE,kPEPE,0.0034855,2.869,1.435,1.435,1.435,789994,0.00125,15.37
2026-09-01 20:00,WIF,WIF,0.198235,2.522,2.774,2.774,3.783,66161,0.00125,18.05
2026-09-01 20:00,BONK,kBONK,0.0030655,3.262,1.631,4.893,4.893,161226,0.00125,15.76
2026-09-01 20:00,TRUMP,TRUMP,2.28575,0.437,0.219,0.219,0.219,56837,-0.009018,9.44
2026-09-01 20:05,BTC,BTC,77246.5,0.129,0.065,0.065,0.065,4332677,0.00125,12.63
2026-09-01 20:05,ETH,ETH,2416.55,0.414,0.207,0.207,0.207,9958177,0.00125,12.91
2026-09-01 20:05,SOL,SOL,100.435,0.996,0.498,0.498,0.498,5677156,-0.001519,10.0
2026-09-01 20:05,XRP,XRP,1.3615499999999998,0.734,0.367,0.367,0.367,1669753,0.00125,13.23
2026-09-01 20:05,AVAX,AVAX,7.2345500000000005,0.691,0.346,1.037,1.037,36891,0.001178,12.99
2026-09-01 20:05,LINK,LINK,11.305499999999999,0.885,0.442,0.442,0.442,257347,0.00125,13.38
2026-09-01 20:05,LTC,LTC,49.6335,1.41,0.705,0.705,1.108,40774,0.00125,13.91
2026-09-01 20:05,ADA,ADA,0.196965,1.523,0.762,0.762,0.762,102777,0.00125,14.02
2026-09-01 20:05,DOT,DOT,0.8716200000000001,2.524,1.262,2.065,2.868,25291,-0.000301,11.52
2026-09-01 20:05,UNI,UNI,5.75855,0.174,0.087,0.087,0.087,54689,0.00125,12.67
2026-09-01 20:05,AAVE,AAVE,125.855,2.384,1.192,1.192,1.192,148151,0.00125,14.88
2026-09-01 20:05,ARB,ARB,0.106965,4.674,2.337,3.272,3.272,83578,0.00125,17.17
2026-09-01 20:05,POL,POL,0.09117600000000001,0.877,0.439,1.755,1.755,16416,-0.00124,9.88
2026-09-01 20:05,RENDER,RENDER,1.428,4.202,2.101,3.501,4.902,15879,0.00125,16.7
2026-09-01 20:05,DOGE,DOGE,0.0819115,0.855,0.427,0.549,0.549,199537,0.00125,13.35
2026-09-01 20:05,SHIB,kSHIB,0.0051815,1.93,0.965,2.895,2.895,168566,0.00125,14.43
2026-09-01 20:05,PEPE,kPEPE,0.0034815000000000002,2.872,1.436,1.436,1.436,871592,0.000714,13.87
2026-09-01 20:05,WIF,WIF,0.19785999999999998,2.022,1.516,2.022,3.538,67107,0.00125,15.53
2026-09-01 20:05,BONK,kBONK,0.0030565,3.272,1.636,1.636,1.636,170107,0.00125,15.77
2026-09-01 20:05,TRUMP,TRUMP,2.2929500000000003,3.053,1.526,1.963,1.963,59394,-0.005723,12.05
2026-09-01 20:10,BTC,BTC,77155.5,0.13,0.065,0.065,0.065,6886107,0.00125,12.63
2026-09-01 20:10,ETH,ETH,2412.1499999999996,0.415,0.207,0.207,0.207,6393671,0.00125,12.91
2026-09-01 20:10,SOL,SOL,100.32499999999999,0.997,0.498,0.498,0.498,4547484,-0.00176,10.0
2026-09-01 20:10,XRP,XRP,1.3581500000000002,0.736,0.368,0.368,0.368,1838622,0.00125,13.24
2026-09-01 20:10,AVAX,AVAX,7.21785,1.524,0.762,0.901,0.901,33865,0.000504,11.94
2026-09-01 20:10,LINK,LINK,11.248999999999999,1.778,0.889,0.889,0.889,217519,0.00125,14.28
2026-09-01 20:10,LTC,LTC,49.5475,1.009,0.505,0.505,1.11,39421,0.00125,13.51
2026-09-01 20:10,ADA,ADA,0.19611499999999998,0.51,0.255,0.255,0.255,122036,0.00125,13.01
2026-09-01 20:10,DOT,DOT,0.8688400000000001,1.611,0.806,0.806,0.806,19279,-0.00072,10.61
2026-09-01 20:10,UNI,UNI,5.7204,1.748,0.874,1.049,1.573,30234,0.00125,14.25
2026-09-01 20:10,AAVE,AAVE,124.93,3.202,2.401,2.401,3.202,145714,0.000928,16.4
2026-09-01 20:10,ARB,ARB,0.107115,2.801,1.4,1.4,1.4,97125,0.00125,15.3
2026-09-01 20:10,POL,POL,0.090989,2.857,1.429,2.198,3.517,6083,-0.001179,11.86
2026-09-01 20:10,RENDER,RENDER,1.4249,4.211,2.105,2.807,2.807,34091,0.00125,16.71
2026-09-01 20:10,DOGE,DOGE,0.0817295,0.367,0.184,0.306,0.306,211045,0.00125,12.87
2026-09-01 20:10,SHIB,kSHIB,0.0051595,1.938,2.907,4.845,6.784,176018,0.00125,18.31
2026-09-01 20:10,PEPE,kPEPE,0.0034735,2.879,1.439,1.439,1.439,1063427,0.000727,13.91
2026-09-01 20:10,WIF,WIF,0.19669999999999999,3.05,2.542,2.542,2.542,69519,0.00125,17.58
2026-09-01 20:10,BONK,kBONK,0.0030355,3.294,1.647,4.942,4.942,171526,0.00125,15.79
2026-09-01 20:10,TRUMP,TRUMP,2.28895,0.437,0.218,0.218,0.655,91582,-0.004006,9.44
2026-09-01 20:15,BTC,BTC,77177.5,0.13,0.065,0.065,0.065,4855130,0.00125,12.63
2026-09-01 20:15,ETH,ETH,2415.8500000000004,0.414,0.207,0.207,0.207,7226585,0.00125,12.91
2026-09-01 20:15,SOL,SOL,99.936,0.4,0.2,0.2,0.2,266823,-0.001661,9.4
2026-09-01 20:15,XRP,XRP,1.3576,1.473,0.737,0.737,0.737,1901110,0.00125,13.97
2026-09-01 20:15,AVAX,AVAX,7.227449999999999,0.692,0.346,0.484,0.623,26980,0.000659,11.54
2026-09-01 20:15,LINK,LINK,11.252500000000001,0.889,0.444,0.444,0.444,176363,0.00125,13.39
2026-09-01 20:15,LTC,LTC,49.509,1.212,0.606,0.808,0.808,45410,0.00125,13.71
2026-09-01 20:15,ADA,ADA,0.195935,0.51,0.255,0.766,0.766,102929,0.00125,13.01
2026-09-01 20:15,DOT,DOT,0.87027,0.689,0.345,0.345,0.345,25317,-0.000252,9.69
2026-09-01 20:15,UNI,UNI,5.7254000000000005,1.747,0.873,0.873,0.873,42544,0.00125,14.25
2026-09-01 20:15,AAVE,AAVE,125.125,0.799,0.4,0.4,0.4,182423,0.00125,13.3
2026-09-01 20:15,ARB,ARB,0.10779,3.711,1.855,2.783,2.783,72972,0.00125,16.21
2026-09-01 20:15,POL,POL,0.0910865,2.306,1.921,2.36,3.458,8212,-0.000598,12.84
2026-09-01 20:15,RENDER,RENDER,1.4212500000000001,2.111,1.055,1.055,1.759,38325,0.00125,14.61
2026-09-01 20:15,DOGE,DOGE,0.0817785,0.856,0.428,0.55,0.55,213738,0.00125,13.36
2026-09-01 20:15,SHIB,kSHIB,0.0051655,1.936,0.968,2.904,2.904,162193,0.00125,14.44
2026-09-01 20:15,PEPE,kPEPE,0.0034745,2.878,1.439,1.439,1.439,910024,0.001075,14.89
2026-09-01 20:15,WIF,WIF,0.196375,2.546,4.328,5.347,5.856,46928,0.00125,21.16
2026-09-01 20:15,BONK,kBONK,0.0030324999999999996,9.893,4.946,4.946,8.244,166541,0.00125,22.39
2026-09-01 20:15,TRUMP,TRUMP,2.2923,1.745,0.872,0.872,0.872,88888,-0.00283,10.74
2026-09-01 20:20,BTC,BTC,77058.5,0.13,0.065,0.065,0.065,4629195,0.00125,12.63
2026-09-01 20:20,ETH,ETH,2413.95,0.414,0.207,0.207,0.207,6200145,0.00125,12.91
2026-09-01 20:20,SOL,SOL,99.7245,0.1,0.05,0.05,0.05,274973,-0.001906,9.1
2026-09-01 20:20,XRP,XRP,1.3547500000000001,0.738,0.369,0.369,0.369,1523640,0.00125,13.24
2026-09-01 20:20,AVAX,AVAX,7.21805,0.416,0.208,0.346,0.346,41010,0.000576,11.03
2026-09-01 20:20,LINK,LINK,11.217500000000001,0.891,0.446,0.446,1.337,187853,0.00125,13.39
2026-09-01 20:20,LTC,LTC,49.331,0.811,0.405,0.608,0.608,45243,0.00125,13.31
2026-09-01 20:20,ADA,ADA,0.19542500000000002,0.512,0.256,0.256,0.256,123229,0.00125,13.01
2026-09-01 20:20,DOT,DOT,0.8674,2.306,1.153,1.729,1.845,36778,-0.000191,11.31
2026-09-01 20:20,UNI,UNI,5.6806,2.112,1.056,1.056,1.056,39592,0.00125,14.61
2026-09-01 20:20,AAVE,AAVE,125.21000000000001,1.597,0.799,1.597,1.597,194728,0.00125,14.1
2026-09-01 20:20,ARB,ARB,0.107835,0.927,0.464,0.464,0.464,56981,0.00125,13.43
2026-09-01 20:20,POL,POL,0.0907425,2.314,1.708,2.48,3.361,11000,-0.000316,12.42
2026-09-01 20:20,RENDER,RENDER,1.4209,5.63,2.815,3.519,3.519,23645,0.00125,18.13
2026-09-01 20:20,DOGE,DOGE,0.0816125,0.858,0.429,0.551,0.551,240519,0.00125,13.36
2026-09-01 20:20,SHIB,kSHIB,0.0051565,1.939,2.909,2.909,2.909,176267,0.00125,18.32
2026-09-01 20:20,PEPE,kPEPE,0.0034725,2.88,1.44,1.44,1.44,1069165,0.000906,14.42
2026-09-01 20:20,WIF,WIF,0.1961,2.04,3.57,3.57,4.08,48481,0.00125,19.64
2026-09-01 20:20,BONK,kBONK,0.0030235,3.307,1.654,4.961,4.961,197220,0.00125,15.81
2026-09-01 20:20,TRUMP,TRUMP,2.29455,1.307,0.654,1.525,1.961,51163,-0.001988,10.31
2026-09-01 20:25,BTC,BTC,77083.5,0.13,0.065,0.065,0.065,5064375,0.00125,12.63
2026-09-01 20:25,ETH,ETH,2415.25,0.414,0.207,0.207,0.207,7210969,0.00125,12.91
2026-09-01 20:25,SOL,SOL,99.8245,0.1,0.05,0.05,0.05,388916,-0.00183,9.1
2026-09-01 20:25,XRP,XRP,1.35285,0.739,0.37,0.37,0.37,2234431,0.00125,13.24
2026-09-01 20:25,AVAX,AVAX,7.214700000000001,0.832,0.416,0.416,1.247,69679,0.000802,12.08
2026-09-01 20:25,LINK,LINK,11.2225,0.891,0.446,0.446,0.446,196183,0.00125,13.39
2026-09-01 20:25,LTC,LTC,49.227999999999994,0.813,0.406,0.609,0.609,35492,0.00125,13.31
2026-09-01 20:25,ADA,ADA,0.195355,0.512,0.256,0.256,0.256,155270,0.00125,13.01
2026-09-01 20:25,DOT,DOT,0.86707,1.615,0.807,0.807,0.923,32386,-2.9e-05,10.61
2026-09-01 20:25,UNI,UNI,5.69735,0.176,0.088,0.088,1.316,29394,0.00125,12.68
2026-09-01 20:25,AAVE,AAVE,125.255,0.798,0.399,0.399,0.399,181783,0.00125,13.3
2026-09-01 20:25,ARB,ARB,0.106965,0.935,0.467,1.402,1.402,91029,0.00125,13.43
2026-09-01 20:25,POL,POL,0.0909655,2.968,1.594,1.594,3.793,11661,0.000201,12.75
2026-09-01 20:25,RENDER,RENDER,1.42,4.225,2.113,2.817,3.521,36158,0.00125,16.73
2026-09-01 20:25,DOGE,DOGE,0.0816065,0.123,0.061,0.061,0.061,204585,0.00125,12.62
2026-09-01 20:25,SHIB,kSHIB,0.0051605,1.938,0.969,2.907,4.844,202226,0.00125,14.44
2026-09-01 20:25,PEPE,kPEPE,0.0034745,2.878,1.439,1.439,1.439,1035137,0.000581,13.51
2026-09-01 20:25,WIF,WIF,0.19643500000000003,1.527,3.818,3.818,4.836,14141,0.00125,20.14
2026-09-01 20:25,BONK,kBONK,0.0030235,3.307,1.654,1.654,1.654,153695,0.00125,15.81
2026-09-01 20:25,TRUMP,TRUMP,2.29825,6.527,3.263,3.263,3.263,116323,-0.001442,15.53
2026-09-01 20:30,BTC,BTC,77043.5,0.13,0.065,0.065,0.065,2842458,0.00125,12.63
2026-09-01 20:30,ETH,ETH,2414.3500000000004,0.414,0.207,0.207,0.207,5688956,0.00125,12.91
2026-09-01 20:30,SOL,SOL,99.3265,0.101,0.05,0.05,0.05,742492,-0.002091,9.1
2026-09-01 20:30,XRP,XRP,1.35195,0.74,0.37,0.37,0.37,2137060,0.00125,13.24
2026-09-01 20:30,AVAX,AVAX,7.20335,1.805,0.902,1.041,1.041,14383,0.000754,12.92
2026-09-01 20:30,LINK,LINK,11.2315,2.671,1.336,1.336,1.336,167346,0.00125,15.17
2026-09-01 20:30,LTC,LTC,49.21,0.813,0.406,1.016,1.219,40732,0.00125,13.31
2026-09-01 20:30,ADA,ADA,0.195615,2.556,1.278,1.278,1.278,144509,0.00125,15.06
2026-09-01 20:30,DOT,DOT,0.8682650000000001,0.115,0.058,0.058,0.058,25366,0.000223,9.74
2026-09-01 20:30,UNI,UNI,5.70655,1.928,0.964,0.964,0.964,45681,0.00125,14.43
2026-09-01 20:30,AAVE,AAVE,125.50999999999999,1.593,0.797,0.797,0.797,171181,0.00125,14.09
2026-09-01 20:30,ARB,ARB,0.106875,2.807,1.404,1.404,1.404,83626,0.00125,15.31
2026-09-01 20:30,POL,POL,0.0906225,2.097,1.821,4.359,5.793,5858,0.000218,13.25
2026-09-01 20:30,RENDER,RENDER,1.4247,4.211,4.211,4.211,5.615,14293,0.00125,20.92
2026-09-01 20:30,DOGE,DOGE,0.081461,1.473,0.737,0.737,0.737,280947,0.00125,13.97
2026-09-01 20:30,SHIB,kSHIB,0.0051505000000000006,1.942,2.912,2.912,2.912,177179,0.00125,18.32
2026-09-01 20:30,PEPE,kPEPE,0.0034685000000000002,2.883,1.442,1.442,4.325,665214,0.000526,13.36
2026-09-01 20:30,WIF,WIF,0.19696,6.093,4.569,5.585,7.108,48916,0.00125,21.64
2026-09-01 20:30,BONK,kBONK,0.0030295,3.301,1.65,4.951,4.951,222541,0.00125,15.8
2026-09-01 20:30,TRUMP,TRUMP,2.2943,0.872,0.436,0.436,0.872,44141,-0.00155,9.87
2026-09-01 20:35,BTC,BTC,76862.5,0.13,0.065,0.065,0.846,1921128,0.00125,12.63
2026-09-01 20:35,ETH,ETH,2408.6499999999996,0.415,0.208,0.208,0.208,20323270,0.00125,12.92
2026-09-01 20:35,SOL,SOL,99.1035,0.101,0.05,0.05,0.05,324533,-0.002256,9.1
2026-09-01 20:35,XRP,XRP,1.34795,0.742,0.371,0.371,0.371,2506208,0.00125,13.24
2026-09-01 20:35,AVAX,AVAX,7.18305,1.253,0.626,0.766,0.766,35231,0.000618,11.98
2026-09-01 20:35,LINK,LINK,11.193999999999999,1.787,0.893,0.893,0.893,229699,0.00125,14.29
2026-09-01 20:35,LTC,LTC,49.079499999999996,1.426,0.713,1.732,1.732,50620,0.00125,13.93
2026-09-01 20:35,ADA,ADA,0.19498,1.026,0.513,1.026,1.026,134634,0.00125,13.53
2026-09-01 20:35,DOT,DOT,0.865255,1.502,0.751,1.098,1.907,31954,0.000323,11.41
2026-09-01 20:35,UNI,UNI,5.6873000000000005,0.703,0.352,0.527,0.527,28207,0.00125,13.2
2026-09-01 20:35,AAVE,AAVE,125.095,0.799,0.4,0.4,0.4,147639,0.00125,13.3
2026-09-01 20:35,ARB,ARB,0.10692499999999999,0.935,0.468,0.468,2.338,84238,0.00125,13.44
2026-09-01 20:35,POL,POL,0.0904835,2.1,1.824,2.818,5.471,4104,0.00012,12.98
2026-09-01 20:35,RENDER,RENDER,1.4184,2.82,1.41,2.115,3.525,9066,0.00125,15.32
2026-09-01 20:35,DOGE,DOGE,0.0813075,0.615,0.307,0.43,0.43,179325,0.00125,13.11
2026-09-01 20:35,SHIB,kSHIB,0.005136,3.894,1.947,3.894,5.841,190813,0.00125,16.39
2026-09-01 20:35,PEPE,kPEPE,0.0034584999999999998,2.891,1.446,1.446,1.446,988813,0.000233,12.54
2026-09-01 20:35,WIF,WIF,0.196515,0.509,0.254,2.29,3.308,16940,0.00125,13.01
2026-09-01 20:35,BONK,kBONK,0.0030225,3.309,1.654,1.654,1.654,198796,0.00125,15.81
2026-09-01 20:35,TRUMP,TRUMP,2.2840999999999996,0.876,0.438,0.876,0.876,72456,-0.00172,9.88
2026-09-01 20:40,BTC,BTC,76755.5,0.13,0.065,0.065,0.065,3357381,0.00125,12.63
2026-09-01 20:40,ETH,ETH,2396.6499999999996,0.417,0.626,0.626,1.043,5952011,0.00125,13.75
2026-09-01 20:40,SOL,SOL,98.7125,0.101,0.051,0.051,0.051,544054,-0.002437,9.1
2026-09-01 20:40,XRP,XRP,1.3449499999999999,0.744,0.372,0.372,0.372,1632754,0.00125,13.24
2026-09-01 20:40,AVAX,AVAX,7.17215,1.534,0.767,1.185,1.185,38233,0.000485,11.89
2026-09-01 20:40,LINK,LINK,11.1425,0.897,0.449,0.449,0.449,191877,0.00125,13.4
2026-09-01 20:40,LTC,LTC,48.9895,1.429,0.714,1.123,1.939,57560,0.00125,13.93
2026-09-01 20:40,ADA,ADA,0.194455,2.571,1.286,1.286,1.286,197160,0.00125,15.07
2026-09-01 20:40,DOT,DOT,0.86089,2.323,1.162,1.278,1.278,29138,0.000461,12.61
2026-09-01 20:40,UNI,UNI,5.64215,0.177,0.089,1.329,1.684,26638,0.00125,12.68
2026-09-01 20:40,AAVE,AAVE,125.21000000000001,1.597,0.799,0.799,0.799,365283,0.00125,14.1
2026-09-01 20:40,ARB,ARB,0.106365,0.94,0.47,0.47,0.47,131265,0.00125,13.44
2026-09-01 20:40,POL,POL,0.09042649999999999,2.322,1.935,1.935,2.82,5000,-0.000143,12.87
2026-09-01 20:40,RENDER,RENDER,1.416,2.825,1.412,2.119,4.237,10773,0.00125,15.32
2026-09-01 20:40,DOGE,DOGE,0.0811625,0.123,0.062,0.062,0.062,276889,0.00125,12.62
2026-09-01 20:40,SHIB,kSHIB,0.005128499999999999,1.95,2.925,2.925,2.925,190557,0.00125,18.35
2026-09-01 20:40,PEPE,kPEPE,0.0034495,2.899,1.449,1.449,1.449,755408,0.000409,13.05
2026-09-01 20:40,WIF,WIF,0.19546,3.07,2.046,2.558,4.605,64472,0.00125,16.59
2026-09-01 20:40,BONK,kBONK,0.0030085,3.324,1.662,1.662,4.986,226211,0.00125,15.82
2026-09-01 20:40,TRUMP,TRUMP,2.2807500000000003,0.438,0.219,3.288,3.727,88581,-0.001799,9.44
2026-09-01 20:45,BTC,BTC,76405.5,0.131,0.065,0.065,0.065,2075378,0.00125,12.63
2026-09-01 20:45,ETH,ETH,2385.8,0.838,0.419,0.419,0.419,8306824,0.00125,13.34
2026-09-01 20:45,SOL,SOL,98.4195,0.102,0.051,0.051,0.051,643328,-0.002433,9.1
2026-09-01 20:45,XRP,XRP,1.3392499999999998,0.747,0.373,0.373,0.373,1621704,0.00125,13.25
2026-09-01 20:45,AVAX,AVAX,7.1463,1.119,0.56,1.119,1.259,33726,0.000346,11.09
2026-09-01 20:45,LINK,LINK,11.085,1.804,0.902,0.902,0.902,199637,0.00125,14.3
2026-09-01 20:45,LTC,LTC,48.846500000000006,1.433,0.717,0.717,0.717,40011,0.00125,13.93
2026-09-01 20:45,ADA,ADA,0.193695,0.516,0.258,0.258,0.258,153847,0.00125,13.02
2026-09-01 20:45,DOT,DOT,0.8570599999999999,2.1,1.05,1.167,1.633,23601,0.000546,12.63
2026-09-01 20:45,UNI,UNI,5.5827,1.791,1.791,1.791,1.97,39411,0.00125,16.08
2026-09-01 20:45,AAVE,AAVE,125.005,0.8,0.4,0.4,0.4,208426,0.00125,13.3
2026-09-01 20:45,ARB,ARB,0.10584,5.669,2.834,2.834,2.834,105726,0.00125,18.17
2026-09-01 20:45,POL,POL,0.0901405,3.439,1.72,1.83,3.716,4668,-0.000492,12.44
2026-09-01 20:45,RENDER,RENDER,1.4088500000000002,3.549,1.774,1.774,6.033,21242,0.00125,16.05
2026-09-01 20:45,DOGE,DOGE,0.0808835,1.607,0.804,0.804,0.804,174796,0.00125,14.11
2026-09-01 20:45,SHIB,kSHIB,0.0051065,1.958,0.979,0.979,4.896,187994,0.00125,14.46
2026-09-01 20:45,PEPE,kPEPE,0.0034545,2.895,1.447,1.447,4.342,521290,0.001135,15.07
2026-09-01 20:45,WIF,WIF,0.193715,3.614,2.839,2.839,3.872,61274,0.00125,18.18
2026-09-01 20:45,BONK,kBONK,0.0030005,3.333,1.666,1.666,4.999,134857,0.00125,15.83
2026-09-01 20:45,TRUMP,TRUMP,2.27415,4.837,2.418,3.298,4.617,162041,-0.001745,13.84
2026-09-01 20:50,BTC,BTC,76855.5,0.13,0.065,0.065,0.065,2137152,0.00125,12.63
2026-09-01 20:50,ETH,ETH,2401.75,0.416,0.208,0.208,0.208,7465283,0.00125,12.92
2026-09-01 20:50,SOL,SOL,99.0765,0.101,0.05,0.05,0.05,375108,-0.002252,9.1
2026-09-01 20:50,XRP,XRP,1.3499500000000002,0.741,3.333,3.333,3.333,1921328,0.00125,19.17
2026-09-01 20:50,AVAX,AVAX,7.19055,1.252,0.626,0.765,1.46,34509,0.000394,11.35
2026-09-01 20:50,LINK,LINK,11.148499999999999,0.897,0.448,1.345,1.345,328214,0.00125,13.4
2026-09-01 20:50,LTC,LTC,49.157,2.034,1.017,1.221,3.255,47407,0.00125,14.53
2026-09-01 20:50,ADA,ADA,0.195415,1.535,0.768,0.768,0.768,142918,0.00125,14.04
2026-09-01 20:50,DOT,DOT,0.863785,0.116,0.058,2.489,2.836,37374,0.000665,10.98
2026-09-01 20:50,UNI,UNI,5.68445,2.639,1.319,3.254,3.254,53300,0.00125,15.14
2026-09-01 20:50,AAVE,AAVE,125.965,0.794,0.397,1.191,1.191,174868,0.00125,13.29
2026-09-01 20:50,ARB,ARB,0.106215,2.824,1.412,1.412,1.412,89757,0.00125,15.32
2026-09-01 20:50,POL,POL,0.090444,2.432,1.99,2.432,3.87,5507,-0.000577,12.98
2026-09-01 20:50,RENDER,RENDER,1.4228,4.217,4.92,5.623,7.028,19908,0.00125,22.34
2026-09-01 20:50,DOGE,DOGE,0.0814565,1.35,0.675,0.675,0.675,138758,0.00125,13.85
2026-09-01 20:50,SHIB,kSHIB,0.0051595,1.938,2.907,2.907,4.845,171596,0.00125,18.31
2026-09-01 20:50,PEPE,kPEPE,0.0034865,2.868,1.434,1.434,1.434,645687,0.00125,15.37
2026-09-01 20:50,WIF,WIF,0.19646,2.036,2.545,3.563,4.581,62520,0.00125,17.59
2026-09-01 20:50,BONK,kBONK,0.003046,6.566,3.283,3.283,6.566,189436,0.00125,19.07
2026-09-01 20:50,TRUMP,TRUMP,2.28895,1.311,0.655,1.529,2.403,92774,-0.001534,10.31
2026-09-01 20:55,BTC,BTC,76930.5,0.13,0.065,0.065,0.065,5296403,0.00125,12.63
2026-09-01 20:55,ETH,ETH,2407.25,0.415,0.208,0.208,0.208,11054128,0.00125,12.92
2026-09-01 20:55,SOL,SOL,99.3495,0.101,0.05,0.05,0.05,733105,-0.002048,9.1
2026-09-01 20:55,XRP,XRP,1.35235,0.739,0.37,0.37,0.37,2247325,0.00125,13.24
2026-09-01 20:55,AVAX,AVAX,7.2066,1.943,0.971,1.526,2.22,83724,0.000541,12.46
2026-09-01 20:55,LINK,LINK,11.1725,0.895,0.448,0.448,0.448,213323,0.00125,13.4
2026-09-01 20:55,LTC,LTC,49.2285,1.828,0.914,1.117,1.727,49906,0.00125,14.33
2026-09-01 20:55,ADA,ADA,0.195945,2.552,1.276,1.276,1.276,183580,0.00125,15.05
2026-09-01 20:55,DOT,DOT,0.86509,3.468,1.734,1.85,1.85,16348,0.000655,14.3
2026-09-01 20:55,UNI,UNI,5.65835,1.944,0.972,1.149,1.149,40326,0.00125,14.44
2026-09-01 20:55,AAVE,AAVE,125.89500000000001,0.794,0.397,0.397,0.397,207830,0.00125,13.29
2026-09-01 20:55,ARB,ARB,0.10580500000000001,0.945,0.473,0.473,0.473,85704,0.00125,13.45
2026-09-01 20:55,POL,POL,0.090895,2.42,1.21,2.09,2.31,5956,-0.000815,11.42
2026-09-01 20:55,RENDER,RENDER,1.42615,4.908,2.454,3.155,6.661,29606,0.00125,17.41
2026-09-01 20:55,DOGE,DOGE,0.081555,0.736,0.368,0.49,0.49,187789,0.00125,13.24
2026-09-01 20:55,SHIB,kSHIB,0.005161499999999999,1.937,0.969,4.844,4.844,222536,0.00125,14.44
2026-09-01 20:55,PEPE,kPEPE,0.0035005,2.857,1.428,1.428,1.428,664175,0.00125,15.36
2026-09-01 20:55,WIF,WIF,0.196975,2.538,1.269,1.269,2.792,48286,0.00125,15.04
2026-09-01 20:55,BONK,kBONK,0.0030475,3.281,1.641,1.641,4.922,193688,0.00125,15.78
2026-09-01 20:55,TRUMP,TRUMP,2.29345,0.436,0.218,0.218,0.654,67704,-0.001269,9.44
2026-09-01 21:00,BTC,BTC,77171.5,0.13,0.065,0.065,0.065,5253045,0.00125,12.63
2026-09-01 21:00,ETH,ETH,2414.25,0.414,0.207,0.207,0.207,12034477,0.00125,12.91
2026-09-01 21:00,SOL,SOL,99.6495,0.1,0.05,0.05,0.05,514935,-0.00089,9.1
2026-09-01 21:00,XRP,XRP,1.3568500000000001,0.737,0.369,0.369,0.369,1786437,0.00125,13.24
2026-09-01 21:00,AVAX,AVAX,7.22145,1.246,0.623,0.762,0.762,21634,0.00125,13.75
2026-09-01 21:00,LINK,LINK,11.2085,0.892,0.446,0.446,0.446,164415,0.00125,13.39
2026-09-01 21:00,LTC,LTC,49.346999999999994,0.811,0.405,0.405,0.405,52487,0.00125,13.31
2026-09-01 21:00,ADA,ADA,0.196655,2.543,1.271,1.271,1.271,159347,0.00125,15.04
2026-09-01 21:00,DOT,DOT,0.867035,1.269,0.634,0.75,1.903,23131,0.00125,13.77
2026-09-01 21:00,UNI,UNI,5.65,1.77,0.885,0.885,0.885,36604,0.00125,14.27
2026-09-01 21:00,AAVE,AAVE,126.10499999999999,0.793,0.396,0.396,0.396,107679,0.000829,12.11
2026-09-01 21:00,ARB,ARB,0.106475,0.939,0.47,0.47,0.47,92706,0.00125,13.44
2026-09-01 21:00,POL,POL,0.0909935,2.308,1.154,1.264,1.923,4826,-0.001121,11.31
2026-09-01 21:00,RENDER,RENDER,1.4325,6.981,3.49,4.188,8.377,22679,0.00125,19.48
2026-09-01 21:00,DOGE,DOGE,0.08175099999999999,0.734,0.367,0.367,0.367,158810,0.00125,13.23
2026-09-01 21:00,SHIB,kSHIB,0.005171,3.868,1.934,3.868,5.802,150235,0.00125,16.37
2026-09-01 21:00,PEPE,kPEPE,0.0035015000000000003,2.856,1.428,1.428,1.428,1006400,0.00125,15.36
2026-09-01 21:00,WIF,WIF,0.197835,2.527,2.275,4.802,5.813,23409,0.00125,17.05
2026-09-01 21:00,BONK,kBONK,0.003055,6.547,3.273,3.273,3.273,189501,0.00125,19.05
2026-09-01 21:00,TRUMP,TRUMP,2.2944500000000003,0.436,1.09,1.09,1.961,67807,0.00125,14.68
2026-09-01 21:05,BTC,BTC,77264.5,0.129,0.065,0.065,0.065,3017943,0.00125,12.63
2026-09-01 21:05,ETH,ETH,2417.45,0.414,0.207,0.207,0.207,10382886,0.00125,12.91
2026-09-01 21:05,SOL,SOL,99.86449999999999,0.1,0.05,0.05,0.05,1055303,0.00077,11.26
2026-09-01 21:05,XRP,XRP,1.3590499999999999,0.736,0.368,0.368,0.368,2093762,0.00125,13.24
2026-09-01 21:05,AVAX,AVAX,7.22895,0.138,0.069,0.207,0.346,20679,0.000598,10.81
2026-09-01 21:05,LINK,LINK,11.244499999999999,0.889,0.445,0.445,0.445,152105,0.00125,13.39
2026-09-01 21:05,LTC,LTC,49.4075,1.012,0.506,0.506,0.506,49092,0.00125,13.51
2026-09-01 21:05,ADA,ADA,0.196955,0.508,0.254,1.269,1.269,144099,0.00125,13.01
2026-09-01 21:05,DOT,DOT,0.87,2.069,1.034,1.149,1.839,18844,0.00125,14.57
2026-09-01 21:05,UNI,UNI,5.65905,0.177,0.088,0.088,0.088,43520,0.00125,12.68
2026-09-01 21:05,AAVE,AAVE,126.625,0.79,0.395,0.395,1.185,78774,0.00125,13.29
2026-09-01 21:05,ARB,ARB,0.10617499999999999,0.942,0.471,0.471,0.471,160385,0.00125,13.44
2026-09-01 21:05,POL,POL,0.09086050000000001,2.091,1.046,1.376,2.036,5190,-0.001708,11.09
2026-09-01 21:05,RENDER,RENDER,1.4327999999999999,6.979,3.49,4.188,4.886,29896,0.00125,19.48
2026-09-01 21:05,DOGE,DOGE,0.081895,0.244,0.122,0.122,0.122,199414,0.00125,12.74
2026-09-01 21:05,SHIB,kSHIB,0.0051765000000000005,1.932,2.898,2.898,4.83,167238,0.00125,18.3
2026-09-01 21:05,PEPE,kPEPE,0.0035045,2.853,1.427,1.427,1.427,768995,0.00125,15.35
2026-09-01 21:05,WIF,WIF,0.19837500000000002,4.537,3.781,3.781,3.781,67049,0.00125,20.06
2026-09-01 21:05,BONK,kBONK,0.0030695,3.258,1.629,1.629,1.629,224678,0.00125,15.76
2026-09-01 21:05,TRUMP,TRUMP,2.29855,0.435,0.653,1.523,1.958,47190,0.00125,13.81
2026-09-01 21:10,BTC,BTC,77172.5,0.13,0.065,0.065,0.065,2075400,0.00125,12.63
2026-09-01 21:10,ETH,ETH,2415.3500000000004,0.414,0.207,0.207,0.207,7845398,0.00125,12.91
2026-09-01 21:10,SOL,SOL,99.6805,0.1,0.05,0.05,0.05,518220,0.000255,9.82
2026-09-01 21:10,XRP,XRP,1.35495,0.738,0.369,0.369,0.369,2210875,0.00125,13.24
2026-09-01 21:10,AVAX,AVAX,7.213150000000001,0.693,0.347,0.485,0.485,59177,7.8e-05,9.91
2026-09-01 21:10,LINK,LINK,11.2305,0.89,0.445,0.445,0.445,206781,0.00125,13.39
2026-09-01 21:10,LTC,LTC,49.2755,1.015,0.507,0.507,0.913,58795,0.00125,13.51
2026-09-01 21:10,ADA,ADA,0.19591,2.042,1.021,1.531,1.531,173318,0.00125,14.54
2026-09-01 21:10,DOT,DOT,0.8678699999999999,2.074,1.037,1.037,1.037,20201,2.9e-05,11.16
2026-09-01 21:10,UNI,UNI,5.62655,3.021,1.511,5.065,5.065,35879,0.00125,15.52
2026-09-01 21:10,AAVE,AAVE,126.425,2.373,1.186,1.186,1.186,113273,0.00125,14.87
2026-09-01 21:10,ARB,ARB,0.105965,0.944,3.303,3.303,4.247,71751,0.00125,19.11
2026-09-01 21:10,POL,POL,0.090723,1.984,0.992,2.315,3.858,8824,-0.002173,10.98
2026-09-01 21:10,RENDER,RENDER,1.43025,6.293,3.146,3.845,3.845,17988,0.00125,18.79
2026-09-01 21:10,DOGE,DOGE,0.0818405,0.611,0.305,0.55,0.55,229696,0.00125,13.11
2026-09-01 21:10,SHIB,kSHIB,0.0051754999999999995,1.932,0.966,2.898,2.898,219585,0.00125,14.43
2026-09-01 21:10,PEPE,kPEPE,0.0034974999999999997,2.859,1.43,1.43,1.43,682401,0.00125,15.36
2026-09-01 21:10,WIF,WIF,0.197935,2.526,1.263,1.768,3.284,55909,0.00125,15.03
2026-09-01 21:10,BONK,kBONK,0.003065,6.525,3.263,3.263,3.263,191318,0.00125,19.03
2026-09-01 21:10,TRUMP,TRUMP,2.29575,0.436,1.525,1.96,1.96,53256,0.00125,15.55
2026-09-01 21:15,BTC,BTC,77120.5,0.13,0.065,0.065,0.065,2233841,0.00125,12.63
2026-09-01 21:15,ETH,ETH,2413.05,0.414,0.207,0.207,0.207,6931923,0.00125,12.91
2026-09-01 21:15,SOL,SOL,99.6755,0.1,0.05,0.05,0.05,607977,5.4e-05,9.25
2026-09-01 21:15,XRP,XRP,1.35345,0.739,0.369,0.369,0.369,2046363,0.00125,13.24
2026-09-01 21:15,AVAX,AVAX,7.2058,0.555,0.278,0.416,0.416,38720,-0.000121,9.56
2026-09-01 21:15,LINK,LINK,11.2105,0.892,0.446,0.446,0.446,186947,0.00125,13.39
2026-09-01 21:15,LTC,LTC,49.2395,0.203,0.102,0.305,0.305,45404,0.00125,12.7
2026-09-01 21:15,ADA,ADA,0.195685,1.533,0.767,0.767,0.767,99768,0.00125,14.03
2026-09-01 21:15,DOT,DOT,0.86622,0.693,0.346,1.847,2.078,29616,-0.000453,9.69
2026-09-01 21:15,UNI,UNI,5.6212,2.491,1.245,1.423,2.135,31034,0.00125,14.99
2026-09-01 21:15,AAVE,AAVE,125.875,0.794,0.397,0.397,0.397,145401,0.00125,13.29
2026-09-01 21:15,ARB,ARB,0.10575000000000001,1.891,0.946,0.946,0.946,110782,0.00125,14.39
2026-09-01 21:15,POL,POL,0.0905605,2.981,1.491,1.601,3.92,7610,-0.002407,11.98
2026-09-01 21:15,RENDER,RENDER,1.4279,4.202,2.801,2.801,2.801,15008,0.00125,18.1
2026-09-01 21:15,DOGE,DOGE,0.081748,0.734,0.367,0.367,0.367,208841,0.00125,13.23
2026-09-01 21:15,SHIB,kSHIB,0.005161,3.875,1.938,3.875,5.813,154233,0.00125,16.38
2026-09-01 21:15,PEPE,kPEPE,0.0034865,2.868,1.434,1.434,1.434,750556,0.00125,15.37
2026-09-01 21:15,WIF,WIF,0.19765500000000003,1.518,1.265,1.771,1.771,49720,0.00125,15.03
2026-09-01 21:15,BONK,kBONK,0.0030525,3.276,1.638,1.638,1.638,189847,0.00125,15.78
2026-09-01 21:15,TRUMP,TRUMP,2.2907,0.873,0.437,0.437,1.31,61846,0.00125,13.37
2026-09-01 21:20,BTC,BTC,77231.5,0.129,0.065,0.065,0.065,2912193,0.00125,12.63
2026-09-01 21:20,ETH,ETH,2417.05,0.414,0.207,0.207,0.207,6741270,0.00125,12.91
2026-09-01 21:20,SOL,SOL,99.8765,0.1,0.05,0.05,0.05,397499,-1e-05,9.1
2026-09-01 21:20,XRP,XRP,1.35885,0.736,0.368,0.368,0.368,1871084,0.00125,13.24
2026-09-01 21:20,AVAX,AVAX,7.2299500000000005,0.138,0.069,0.069,0.069,48841,2.8e-05,9.22
2026-09-01 21:20,LINK,LINK,11.2385,0.89,0.445,0.445,0.445,160477,0.00125,13.39
2026-09-01 21:20,LTC,LTC,49.365,1.215,0.608,1.013,1.215,49193,0.00125,13.72
2026-09-01 21:20,ADA,ADA,0.19617,1.02,0.51,0.51,1.529,170031,0.00125,13.52
2026-09-01 21:20,DOT,DOT,0.873945,2.861,1.43,1.545,1.659,20784,-0.000155,11.86
2026-09-01 21:20,UNI,UNI,5.6419999999999995,2.127,1.063,1.063,1.418,39349,0.00125,14.63
2026-09-01 21:20,AAVE,AAVE,126.28999999999999,1.584,0.792,0.792,1.584,103908,0.00125,14.08
2026-09-01 21:20,ARB,ARB,0.10642,1.879,0.94,0.94,0.94,85678,0.00125,14.38
2026-09-01 21:20,POL,POL,0.09084300000000001,0.881,0.44,1.761,3.633,6375,-0.002407,9.88
2026-09-01 21:20,RENDER,RENDER,1.4325,4.188,2.094,2.792,2.792,28794,0.00125,16.69
2026-09-01 21:20,DOGE,DOGE,0.0819485,0.122,0.061,0.549,0.549,142756,0.00125,12.62
2026-09-01 21:20,SHIB,kSHIB,0.005168,3.87,1.935,3.87,3.87,259190,0.00125,16.37
2026-09-01 21:20,PEPE,kPEPE,0.0034980000000000002,5.718,2.859,2.859,2.859,716912,0.00125,18.22
2026-09-01 21:20,WIF,WIF,0.198375,2.52,2.773,3.277,3.277,52097,0.00125,18.05
2026-09-01 21:20,BONK,kBONK,0.0030645,3.263,1.632,1.632,4.895,191013,0.00125,15.76
2026-09-01 21:20,TRUMP,TRUMP,2.29805,0.435,1.958,2.828,2.828,73749,0.00125,16.42
2026-09-01 21:25,BTC,BTC,77346.5,0.129,0.065,0.065,0.065,1747594,0.00125,12.63
2026-09-01 21:25,ETH,ETH,2420.55,0.413,0.207,0.207,0.207,8008383,0.00125,12.91
2026-09-01 21:25,SOL,SOL,100.015,1.0,0.5,0.5,0.5,4813740,9.5e-05,10.27
2026-09-01 21:25,XRP,XRP,1.3611499999999999,0.735,0.367,0.367,0.367,2331685,0.00125,13.23
2026-09-01 21:25,AVAX,AVAX,7.23325,1.521,0.76,0.899,1.452,41379,0.000128,10.88
2026-09-01 21:25,LINK,LINK,11.24,1.779,0.89,0.89,0.89,186511,0.00125,14.28
2026-09-01 21:25,LTC,LTC,49.400999999999996,0.405,0.202,0.202,0.202,53788,0.00125,12.9
2026-09-01 21:25,ADA,ADA,0.19696,2.031,1.015,1.015,1.015,229995,0.00125,14.53
2026-09-01 21:25,DOT,DOT,0.874235,2.631,1.315,1.315,1.315,30719,-0.000207,11.63
2026-09-01 21:25,UNI,UNI,5.6676,1.412,0.706,0.882,0.882,32995,0.00125,13.91
2026-09-01 21:25,AAVE,AAVE,126.53999999999999,1.581,0.79,0.79,0.79,127520,0.00125,14.08
2026-09-01 21:25,ARB,ARB,0.10732,1.864,1.864,1.864,2.795,89332,0.00125,16.23
2026-09-01 21:25,POL,POL,0.0908145,2.973,1.487,1.597,2.257,7918,-0.002629,11.97
2026-09-01 21:25,RENDER,RENDER,1.4337,2.79,1.395,2.092,2.092,15612,0.00125,15.29
2026-09-01 21:25,DOGE,DOGE,0.0820225,0.853,0.427,0.792,0.792,189166,0.00125,13.35
2026-09-01 21:25,SHIB,kSHIB,0.005171500000000001,1.934,0.967,2.901,2.901,152238,0.00125,14.43
2026-09-01 21:25,PEPE,kPEPE,0.0034965,2.86,1.43,1.43,1.43,736917,0.00125,15.36
2026-09-01 21:25,WIF,WIF,0.19852999999999998,3.022,2.519,2.519,4.03,46362,0.00125,17.54
2026-09-01 21:25,BONK,kBONK,0.0030605,3.267,1.634,1.634,4.901,222052,0.00125,15.77
2026-09-01 21:25,TRUMP,TRUMP,2.29835,1.305,0.653,0.653,0.653,58365,0.00125,13.81
2026-09-01 21:30,BTC,BTC,77343.5,0.129,0.065,0.065,0.065,4190359,0.00125,12.63
2026-09-01 21:30,ETH,ETH,2421.45,0.413,0.206,0.206,0.206,10545788,0.00125,12.91
2026-09-01 21:30,SOL,SOL,100.055,0.999,1.499,1.499,1.499,5021007,0.000247,12.69
2026-09-01 21:30,XRP,XRP,1.36315,0.734,0.367,0.367,0.367,1845521,0.00125,13.23
2026-09-01 21:30,AVAX,AVAX,7.242100000000001,1.381,0.69,0.828,0.828,38900,0.000216,10.98
2026-09-01 21:30,LINK,LINK,11.2315,0.89,0.445,0.445,0.445,152760,0.00125,13.39
2026-09-01 21:30,LTC,LTC,49.5965,0.605,0.302,0.504,0.504,73617,0.00125,13.1
2026-09-01 21:30,ADA,ADA,0.19705,1.015,0.507,0.507,0.507,153354,0.00125,13.51
2026-09-01 21:30,DOT,DOT,0.877865,2.392,1.196,1.993,3.019,24203,-0.00012,11.39
2026-09-01 21:30,UNI,UNI,5.64935,2.655,1.328,1.328,1.328,36820,0.00125,15.16
2026-09-01 21:30,AAVE,AAVE,126.69999999999999,1.579,0.789,0.789,0.789,140244,0.00125,14.08
2026-09-01 21:30,ARB,ARB,0.107765,2.784,1.392,1.392,1.392,84948,0.00125,15.28
2026-09-01 21:30,POL,POL,0.09096599999999999,2.199,1.099,1.209,2.089,6199,-0.002373,11.2
2026-09-01 21:30,RENDER,RENDER,1.4374500000000001,7.652,3.826,3.826,3.826,15948,0.00125,20.15
2026-09-01 21:30,DOGE,DOGE,0.08214250000000001,0.122,0.426,0.426,0.426,137224,0.00125,13.35
2026-09-01 21:30,SHIB,kSHIB,0.0051855,1.928,2.893,4.821,4.821,171628,0.00125,18.29
2026-09-01 21:30,PEPE,kPEPE,0.0035015000000000003,2.856,1.428,1.428,1.428,735145,0.00125,15.36
2026-09-01 21:30,WIF,WIF,0.199155,3.515,2.26,2.26,2.26,85865,0.00125,17.02
2026-09-01 21:30,BONK,kBONK,0.003066,6.523,3.262,3.262,3.262,192782,0.00125,19.02
2026-09-01 21:30,TRUMP,TRUMP,2.30035,1.304,0.652,0.652,0.652,69730,0.00125,13.8
2026-09-01 21:35,BTC,BTC,77343.5,0.129,0.065,0.065,0.065,1457564,0.00125,12.63
2026-09-01 21:35,ETH,ETH,2420.95,0.413,0.207,0.207,0.207,11380015,0.00125,12.91
2026-09-01 21:35,SOL,SOL,100.015,1.0,0.5,0.5,0.5,6653374,0.000295,10.83
2026-09-01 21:35,XRP,XRP,1.36285,0.734,0.367,0.367,0.367,2076882,0.00125,13.23
2026-09-01 21:35,AVAX,AVAX,7.2413,4.971,2.486,2.762,2.9,41280,0.00021,14.56
2026-09-01 21:35,LINK,LINK,11.235,1.78,0.89,0.89,0.89,269647,0.00125,14.28
2026-09-01 21:35,LTC,LTC,49.562,1.211,0.605,0.807,1.816,58890,0.00125,13.71
2026-09-01 21:35,ADA,ADA,0.19703500000000002,1.523,0.761,0.761,0.761,187087,0.00125,14.02
2026-09-01 21:35,DOT,DOT,0.8766700000000001,1.369,0.684,1.597,2.395,19470,-0.000253,10.37
2026-09-01 21:35,UNI,UNI,5.65995,1.943,0.972,0.972,0.972,28302,0.00125,14.44
2026-09-01 21:35,AAVE,AAVE,126.385,2.374,1.187,1.187,1.187,200502,0.00125,14.87
2026-09-01 21:35,ARB,ARB,0.10777,1.856,0.928,2.784,2.784,112173,0.00125,14.36
2026-09-01 21:35,POL,POL,0.0909375,2.089,1.045,1.155,2.364,5023,-0.002465,11.09
2026-09-01 21:35,RENDER,RENDER,1.43545,7.663,3.832,3.832,4.528,37525,0.00125,20.16
2026-09-01 21:35,DOGE,DOGE,0.0820545,0.366,0.183,0.183,0.183,193263,0.00125,12.87
2026-09-01 21:35,SHIB,kSHIB,0.0051815,1.93,0.965,2.895,2.895,155213,0.00125,14.43
2026-09-01 21:35,PEPE,kPEPE,0.0034965,2.86,1.43,1.43,1.43,716573,0.00125,15.36
2026-09-01 21:35,WIF,WIF,0.198965,2.513,1.759,2.262,3.77,31584,0.00125,16.02
2026-09-01 21:35,BONK,kBONK,0.0030629999999999998,6.53,3.265,3.265,3.265,221093,0.00125,19.03
2026-09-01 21:35,TRUMP,TRUMP,2.2962499999999997,0.435,0.218,0.218,1.524,93508,0.00125,12.94
2026-09-01 21:40,BTC,BTC,77301.5,0.129,0.065,0.065,0.065,1420692,0.00125,12.63
2026-09-01 21:40,ETH,ETH,2417.95,0.414,0.207,0.207,0.207,8609131,0.00125,12.91
2026-09-01 21:40,SOL,SOL,99.82849999999999,0.1,0.05,0.05,0.05,412706,0.000259,9.83
2026-09-01 21:40,XRP,XRP,1.35845,0.736,0.368,0.368,0.368,1698911,0.00125,13.24
2026-09-01 21:40,AVAX,AVAX,7.23435,0.691,0.346,0.484,0.484,39152,0.000221,10.31
2026-09-01 21:40,LINK,LINK,11.2135,0.892,0.446,0.446,0.446,219513,0.00125,13.39
2026-09-01 21:40,LTC,LTC,49.538,0.404,0.202,0.606,1.413,69431,0.00125,12.9
2026-09-01 21:40,ADA,ADA,0.19659,1.017,0.509,0.509,0.509,187171,0.00125,13.52
2026-09-01 21:40,DOT,DOT,0.8759250000000001,2.397,1.199,1.313,1.427,26112,-0.000303,11.4
2026-09-01 21:40,UNI,UNI,5.6575,1.414,0.707,0.884,0.884,29105,0.00125,13.91
2026-09-01 21:40,AAVE,AAVE,126.185,2.377,1.189,1.189,1.189,155527,0.00125,14.88
2026-09-01 21:40,ARB,ARB,0.10808000000000001,1.85,0.925,1.85,1.85,84910,0.00125,14.35
2026-09-01 21:40,POL,POL,0.09076100000000001,2.424,1.212,1.212,1.983,8986,-0.002652,11.42
2026-09-01 21:40,RENDER,RENDER,1.42895,4.899,2.449,2.449,3.149,16438,0.00125,17.4
2026-09-01 21:40,DOGE,DOGE,0.0819855,0.854,0.427,0.427,0.427,196086,0.00125,13.35
2026-09-01 21:40,SHIB,kSHIB,0.005176,3.864,1.932,1.932,1.932,161138,0.00125,16.36
2026-09-01 21:40,PEPE,kPEPE,0.0034925,2.863,1.432,1.432,1.432,700357,0.00125,15.36
2026-09-01 21:40,WIF,WIF,0.198465,5.543,3.779,3.779,3.779,80129,0.00125,20.06
2026-09-01 21:40,BONK,kBONK,0.0030565,3.272,1.636,1.636,1.636,211960,0.00125,15.77
2026-09-01 21:40,TRUMP,TRUMP,2.2954,1.743,0.871,0.871,0.871,128162,0.00125,14.24
2026-09-01 21:45,BTC,BTC,77316.5,0.129,0.065,0.065,0.065,2660129,0.00125,12.63
2026-09-01 21:45,ETH,ETH,2418.8500000000004,0.413,0.207,0.207,0.207,6596355,0.00125,12.91
2026-09-01 21:45,SOL,SOL,99.9165,0.1,0.05,0.05,0.05,235592,0.000196,9.65
2026-09-01 21:45,XRP,XRP,1.3596499999999998,0.735,0.368,0.368,0.368,2020979,0.00125,13.24
2026-09-01 21:45,AVAX,AVAX,7.23645,1.796,0.898,0.898,1.589,59578,0.0002,11.36
2026-09-01 21:45,LINK,LINK,11.2295,0.891,2.226,2.226,2.226,188371,0.00125,16.95
2026-09-01 21:45,LTC,LTC,49.5955,0.605,0.302,0.302,1.109,73183,0.00125,13.1
2026-09-01 21:45,ADA,ADA,0.196665,0.508,0.254,0.254,0.763,204539,0.00125,13.01
2026-09-01 21:45,DOT,DOT,0.878055,3.075,1.537,1.651,2.449,23992,-0.000407,12.07
2026-09-01 21:45,UNI,UNI,5.6506,1.416,0.708,0.885,1.593,24403,0.00125,13.92
2026-09-01 21:45,AAVE,AAVE,126.32499999999999,0.792,0.396,0.396,1.187,185203,0.00125,13.29
2026-09-01 21:45,ARB,ARB,0.10805000000000001,1.851,0.925,0.925,0.925,114734,0.00125,14.35
2026-09-01 21:45,POL,POL,0.0905995,2.98,1.49,1.6,2.263,7505,-0.002661,11.98
2026-09-01 21:45,RENDER,RENDER,1.43055,4.893,2.447,3.845,3.845,15690,0.00125,17.39
2026-09-01 21:45,DOGE,DOGE,0.081998,0.732,0.366,0.488,0.488,211088,0.00125,13.23
2026-09-01 21:45,SHIB,kSHIB,0.005178,3.862,1.931,3.862,3.862,251871,0.00125,16.36
2026-09-01 21:45,PEPE,kPEPE,0.0034925,2.863,1.432,1.432,1.432,703767,0.00125,15.36
2026-09-01 21:45,WIF,WIF,0.198655,2.517,1.258,2.265,3.272,69752,0.00125,15.02
2026-09-01 21:45,BONK,kBONK,0.0030575000000000003,9.812,4.906,4.906,4.906,244718,0.00125,22.31
2026-09-01 21:45,TRUMP,TRUMP,2.29335,0.436,0.218,0.218,0.218,109873,0.00125,12.94
2026-09-01 21:50,BTC,BTC,77279.5,0.129,0.065,0.065,0.065,2346243,0.00125,12.63
2026-09-01 21:50,ETH,ETH,2416.45,0.414,0.207,0.207,0.207,7800488,0.00125,12.91
2026-09-01 21:50,SOL,SOL,99.8605,0.1,0.05,0.05,0.05,552889,0.000188,9.63
2026-09-01 21:50,XRP,XRP,1.3562,1.475,0.737,0.737,0.737,2050398,0.00125,13.97
2026-09-01 21:50,AVAX,AVAX,7.22835,0.968,0.484,0.484,0.484,55805,0.000193,10.51
2026-09-01 21:50,LINK,LINK,11.206,1.785,0.892,0.892,0.892,194934,0.00125,14.28
2026-09-01 21:50,LTC,LTC,49.501000000000005,1.616,0.808,1.01,1.01,57617,0.00125,14.12
2026-09-01 21:50,ADA,ADA,0.1963,1.019,0.509,0.509,0.509,171314,0.00125,13.52
2026-09-01 21:50,DOT,DOT,0.876455,2.168,1.084,1.198,1.312,26024,-0.000538,11.17
2026-09-01 21:50,UNI,UNI,5.649649999999999,2.301,1.151,1.328,1.328,34579,0.00125,14.8
2026-09-01 21:50,AAVE,AAVE,125.92500000000001,0.794,0.397,0.397,1.191,137932,0.00125,13.29
2026-09-01 21:50,ARB,ARB,0.10799500000000001,0.926,0.463,0.463,0.463,83498,0.00125,13.43
2026-09-01 21:50,POL,POL,0.09036050000000001,2.324,1.162,1.162,1.937,7403,-0.00254,11.32
2026-09-01 21:50,RENDER,RENDER,1.4312,2.795,1.397,2.096,2.096,32014,0.00125,15.29
2026-09-01 21:50,DOGE,DOGE,0.0819445,0.122,0.061,0.183,0.183,173680,0.00125,12.62
2026-09-01 21:50,SHIB,kSHIB,0.0051655,1.936,2.904,2.904,2.904,178463,0.00125,18.31
2026-09-01 21:50,PEPE,kPEPE,0.0034895,2.866,1.433,1.433,1.433,766942,0.00125,15.37
2026-09-01 21:50,WIF,WIF,0.19823000000000002,1.009,2.522,5.045,5.549,67328,0.00125,17.54
2026-09-01 21:50,BONK,kBONK,0.0030555,3.273,1.636,1.636,1.636,193174,0.00125,15.77
2026-09-01 21:50,TRUMP,TRUMP,2.2794,0.877,0.439,0.877,1.316,82837,0.00125,13.38
2026-09-01 21:55,BTC,BTC,77215.5,0.13,0.065,0.065,0.065,3602663,0.00125,12.63
2026-09-01 21:55,ETH,ETH,2414.75,0.414,0.207,0.207,0.207,7249084,0.00125,12.91
2026-09-01 21:55,SOL,SOL,99.9005,0.1,0.05,0.05,0.05,281381,0.000148,9.51
2026-09-01 21:55,XRP,XRP,1.3543500000000002,0.738,0.369,0.369,0.369,2099891,0.00125,13.24
2026-09-01 21:55,AVAX,AVAX,7.22865,0.138,0.069,0.069,0.069,67660,0.000159,9.58
2026-09-01 21:55,LINK,LINK,11.2025,0.893,0.446,0.446,0.446,206128,0.00125,13.39
2026-09-01 21:55,LTC,LTC,49.452,0.809,0.404,0.404,0.404,63566,0.00125,13.31
2026-09-01 21:55,ADA,ADA,0.19624,1.019,0.51,1.019,1.019,151014,0.00125,13.52
2026-09-01 21:55,DOT,DOT,0.877595,2.393,1.196,1.31,1.538,27874,-0.000603,11.39
2026-09-01 21:55,UNI,UNI,5.6568000000000005,3.889,1.945,2.121,2.298,27909,0.00125,16.39
2026-09-01 21:55,AAVE,AAVE,125.965,2.382,1.191,1.985,2.779,176867,0.00125,14.88
2026-09-01 21:55,ARB,ARB,0.10808999999999999,1.85,0.925,1.85,1.85,84436,0.00125,14.35
2026-09-01 21:55,POL,POL,0.090241,2.66,1.33,1.441,2.549,11256,-0.002337,11.66
2026-09-01 21:55,RENDER,RENDER,1.4328500000000002,4.885,2.443,3.141,3.141,18549,0.00125,17.39
2026-09-01 21:55,DOGE,DOGE,0.08190900000000001,0.733,0.366,0.488,0.488,136909,0.00125,13.23
2026-09-01 21:55,SHIB,kSHIB,0.0051625,1.937,0.969,0.969,0.969,192401,0.00125,14.44
2026-09-01 21:55,PEPE,kPEPE,0.0034844999999999998,2.87,1.435,1.435,1.435,789330,0.00125,15.37
2026-09-01 21:55,WIF,WIF,0.197865,2.527,1.769,2.274,4.801,66989,0.00125,16.04
2026-09-01 21:55,BONK,kBONK,0.0030565,3.272,1.636,1.636,1.636,238063,0.00125,15.77
2026-09-01 21:55,TRUMP,TRUMP,2.28395,0.438,0.219,0.219,0.657,99841,0.00125,12.94
2026-09-01 22:00,BTC,BTC,77321.5,0.129,0.065,0.065,0.065,2753256,0.00125,12.63
2026-09-01 22:00,ETH,ETH,2419.1499999999996,0.413,0.207,0.207,0.207,11052218,0.00125,12.91
2026-09-01 22:00,SOL,SOL,100.015,1.0,0.5,0.5,0.5,6098180,-0.000204,10.0
2026-09-01 22:00,XRP,XRP,1.35535,0.738,0.369,0.369,0.369,1525113,0.00125,13.24
2026-09-01 22:00,AVAX,AVAX,7.2299500000000005,0.692,0.346,0.346,0.346,39206,0.000592,11.35
2026-09-01 22:00,LINK,LINK,11.218499999999999,0.891,0.446,0.446,0.446,188711,0.00125,13.39
2026-09-01 22:00,LTC,LTC,49.516000000000005,0.808,0.404,0.808,0.808,77592,0.00125,13.31
2026-09-01 22:00,ADA,ADA,0.19654,1.018,0.509,1.018,1.018,130600,0.00125,13.52
2026-09-01 22:00,DOT,DOT,0.8746400000000001,0.915,0.457,0.457,0.572,24085,0.001221,13.33
2026-09-01 22:00,UNI,UNI,5.651400000000001,2.123,1.062,1.062,1.769,40876,0.00125,14.62
2026-09-01 22:00,AAVE,AAVE,125.88499999999999,0.794,0.397,0.397,1.192,103266,0.00125,13.29
2026-09-01 22:00,ARB,ARB,0.10803499999999999,0.926,0.463,0.463,0.463,135923,0.00125,13.43
2026-09-01 22:00,POL,POL,0.090231,2.438,1.219,1.441,2.217,7745,0.001148,14.65
2026-09-01 22:00,RENDER,RENDER,1.4308999999999998,6.989,3.494,4.193,4.892,20977,0.00125,19.49
2026-09-01 22:00,DOGE,DOGE,0.0819025,0.366,0.183,0.183,0.183,240388,0.00125,12.87
2026-09-01 22:00,SHIB,kSHIB,0.0051625,1.937,0.969,0.969,2.906,201057,0.00125,14.44
2026-09-01 22:00,PEPE,kPEPE,0.0034835,2.871,1.435,1.435,1.435,550826,0.00125,15.37
2026-09-01 22:00,WIF,WIF,0.19749,5.064,2.532,4.051,4.557,57731,0.00125,17.56
2026-09-01 22:00,BONK,kBONK,0.0030495,3.279,1.64,1.64,1.64,185102,0.00125,15.78
2026-09-01 22:00,TRUMP,TRUMP,2.282,0.876,0.438,0.438,1.315,68857,0.00125,13.38
2026-09-01 22:05,BTC,BTC,77377.5,0.129,0.065,0.065,0.065,2613756,0.00125,12.63
2026-09-01 22:05,ETH,ETH,2418.8500000000004,0.413,0.207,0.207,0.207,8832772,0.00125,12.91
2026-09-01 22:05,SOL,SOL,100.015,1.0,0.5,0.5,0.5,5173197,-0.000463,10.0
2026-09-01 22:05,XRP,XRP,1.3517,1.48,0.74,0.74,0.74,1779608,0.00125,13.98
2026-09-01 22:05,AVAX,AVAX,7.2302,1.106,0.553,0.553,0.553,98439,-0.000206,10.11
2026-09-01 22:05,LINK,LINK,11.215499999999999,0.892,0.446,0.446,0.446,275614,0.00125,13.39
2026-09-01 22:05,LTC,LTC,49.5055,1.01,0.505,1.111,1.515,56629,0.00125,13.51
2026-09-01 22:05,ADA,ADA,0.19672499999999998,1.525,0.762,0.762,0.762,155417,0.00125,14.02
2026-09-01 22:05,DOT,DOT,0.8753949999999999,1.257,0.628,0.628,0.628,18344,-0.00087,10.26
2026-09-01 22:05,UNI,UNI,5.6613500000000005,0.883,0.442,0.442,0.442,23811,0.00125,13.38
2026-09-01 22:05,AAVE,AAVE,125.74000000000001,1.591,0.795,0.795,1.591,160567,0.00125,14.09
2026-09-01 22:05,ARB,ARB,0.10767,1.858,0.929,0.929,0.929,107853,0.00125,14.36
2026-09-01 22:05,POL,POL,0.090308,7.308,3.654,4.097,5.204,19463,0.000742,18.39
2026-09-01 22:05,RENDER,RENDER,1.43,5.594,2.797,3.497,3.497,30721,0.00125,18.09
2026-09-01 22:05,DOGE,DOGE,0.0819065,0.122,1.77,1.77,1.77,149651,0.00125,16.04
2026-09-01 22:05,SHIB,kSHIB,0.0051595,1.938,2.907,2.907,4.845,177018,0.00125,18.31
2026-09-01 22:05,PEPE,kPEPE,0.0034855,2.869,1.435,1.435,1.435,1150523,0.00125,15.37
2026-09-01 22:05,WIF,WIF,0.19842500000000002,1.512,2.268,2.268,3.78,43683,0.00125,17.04
2026-09-01 22:05,BONK,kBONK,0.0030555,3.273,1.636,1.636,4.909,180452,0.00125,15.77
2026-09-01 22:05,TRUMP,TRUMP,2.28255,0.438,0.219,0.657,0.657,136652,0.00082,11.73
2026-09-01 22:10,BTC,BTC,77277.5,0.129,0.065,0.065,0.065,1493550,0.00125,12.63
2026-09-01 22:10,ETH,ETH,2414.8500000000004,0.414,0.207,0.207,0.207,6488953,0.00125,12.91
2026-09-01 22:10,SOL,SOL,99.9295,0.1,0.05,0.05,0.05,357703,-0.000416,9.1
2026-09-01 22:10,XRP,XRP,1.35095,0.74,3.331,3.331,3.331,1977304,0.00125,19.16
2026-09-01 22:10,AVAX,AVAX,7.225,1.107,0.554,0.692,0.692,44175,-0.000421,10.11
2026-09-01 22:10,LINK,LINK,11.2075,0.892,0.446,1.338,1.338,234470,0.00125,13.39
2026-09-01 22:10,LTC,LTC,49.513999999999996,0.808,0.404,0.404,0.404,85671,0.00125,13.31
2026-09-01 22:10,ADA,ADA,0.196415,0.509,0.255,0.255,0.255,213816,0.00125,13.01
2026-09-01 22:10,DOT,DOT,0.8715900000000001,3.671,1.836,1.836,1.836,37813,-0.001227,12.67
2026-09-01 22:10,UNI,UNI,5.6643,1.765,0.883,1.942,1.942,25214,0.00125,14.27
2026-09-01 22:10,AAVE,AAVE,125.755,0.795,0.398,1.193,1.193,146054,0.00125,13.3
2026-09-01 22:10,ARB,ARB,0.10737,1.863,0.931,0.931,0.931,102077,0.00125,14.36
2026-09-01 22:10,POL,POL,0.090386,2.655,1.328,1.549,1.991,21894,0.000809,13.92
2026-09-01 22:10,RENDER,RENDER,1.4297499999999999,6.295,3.147,3.147,5.246,36739,0.00125,18.79
2026-09-01 22:10,DOGE,DOGE,0.08178150000000001,0.122,0.061,0.061,0.061,179183,0.00125,12.62
2026-09-01 22:10,SHIB,kSHIB,0.005155,3.88,1.94,1.94,1.94,215933,0.00125,16.38
2026-09-01 22:10,PEPE,kPEPE,0.0034895,2.866,1.433,1.433,1.433,1097245,0.00125,15.37
2026-09-01 22:10,WIF,WIF,0.19863,3.021,3.021,5.034,5.034,43668,0.00125,18.54
2026-09-01 22:10,BONK,kBONK,0.0030495,3.279,1.64,1.64,1.64,227715,0.00125,15.78
2026-09-01 22:10,TRUMP,TRUMP,2.27785,1.317,0.659,1.098,1.098,72438,0.00125,13.82
2026-09-01 22:15,BTC,BTC,77456.5,0.129,0.065,0.065,0.065,2784869,0.00125,12.63
2026-09-01 22:15,ETH,ETH,2421.55,0.413,0.206,0.206,0.206,6580190,0.00125,12.91
2026-09-01 22:15,SOL,SOL,100.17500000000001,0.998,0.499,0.499,0.499,4631631,-0.000103,10.0
2026-09-01 22:15,XRP,XRP,1.3541500000000002,0.738,0.369,0.369,0.369,1412390,0.00125,13.24
2026-09-01 22:15,AVAX,AVAX,7.2359,2.764,1.382,1.382,1.382,93864,-0.000468,11.76
2026-09-01 22:15,LINK,LINK,11.2515,0.889,0.444,0.444,0.444,197853,0.00125,13.39
2026-09-01 22:15,LTC,LTC,49.6315,1.007,0.504,0.504,2.116,54927,0.00125,13.51
2026-09-01 22:15,ADA,ADA,0.19642500000000002,0.509,0.255,0.255,0.255,152605,0.00125,13.01
2026-09-01 22:15,DOT,DOT,0.87105,0.459,0.23,0.23,0.23,24742,-0.001465,9.46
2026-09-01 22:15,UNI,UNI,5.69545,1.229,1.668,1.668,1.668,35202,0.00125,15.84
2026-09-01 22:15,AAVE,AAVE,126.17500000000001,0.793,0.396,0.396,1.189,120709,0.00125,13.29
2026-09-01 22:15,ARB,ARB,0.10741,1.862,0.931,1.862,2.793,84047,0.00125,14.36
2026-09-01 22:15,POL,POL,0.090169,2.218,1.109,1.22,1.22,11793,0.000688,13.15
2026-09-01 22:15,RENDER,RENDER,1.43055,6.291,3.146,3.845,5.243,15827,0.00125,18.79
2026-09-01 22:15,DOGE,DOGE,0.08195050000000001,0.854,0.427,0.549,0.549,140013,0.00125,13.35
2026-09-01 22:15,SHIB,kSHIB,0.005166499999999999,1.936,2.903,2.903,2.903,180629,0.00125,18.31
2026-09-01 22:15,PEPE,kPEPE,0.0034935,2.862,1.431,1.431,1.431,769706,0.00125,15.36
2026-09-01 22:15,WIF,WIF,0.1988,3.018,3.018,4.024,5.03,62479,0.00125,18.54
2026-09-01 22:15,BONK,kBONK,0.003052,6.553,3.277,3.277,3.277,158391,0.00125,19.05
2026-09-01 22:15,TRUMP,TRUMP,2.28395,2.189,1.095,1.095,1.095,57947,0.001106,14.28
2026-09-01 22:20,BTC,BTC,77399.5,0.129,0.065,0.065,0.065,4047505,0.00125,12.63
2026-09-01 22:20,ETH,ETH,2421.1499999999996,0.413,0.207,0.207,0.207,7654130,0.00125,12.91
2026-09-01 22:20,SOL,SOL,100.16499999999999,0.998,0.499,0.499,0.499,5425251,0.000161,10.45
2026-09-01 22:20,XRP,XRP,1.35515,0.738,0.369,0.369,0.369,1883577,0.00125,13.24
2026-09-01 22:20,AVAX,AVAX,7.23435,0.968,0.484,1.037,1.175,67095,-4.3e-05,9.97
2026-09-01 22:20,LINK,LINK,11.256499999999999,0.888,1.333,1.333,1.333,161817,0.00125,15.17
2026-09-01 22:20,LTC,LTC,49.713,1.609,0.805,1.609,1.609,67338,0.00125,14.11
2026-09-01 22:20,ADA,ADA,0.19654500000000003,1.526,0.763,0.763,0.763,165153,0.00125,14.03
2026-09-01 22:20,DOT,DOT,0.8715900000000001,2.065,1.033,1.147,1.492,27818,-0.001421,11.07
2026-09-01 22:20,UNI,UNI,5.68785,1.582,0.791,1.494,1.494,49517,0.00125,14.08
2026-09-01 22:20,AAVE,AAVE,126.19,1.585,0.792,0.792,1.585,143177,0.00125,14.08
2026-09-01 22:20,ARB,ARB,0.10744999999999999,1.861,0.931,0.931,0.931,71811,0.00125,14.36
2026-09-01 22:20,POL,POL,0.089795,8.018,4.009,4.789,6.348,8656,0.000801,19.26
2026-09-01 22:20,RENDER,RENDER,1.43265,6.282,3.141,3.141,5.235,32073,0.00125,18.78
2026-09-01 22:20,DOGE,DOGE,0.0820215,0.122,0.061,1.158,1.28,134700,0.00125,12.62
2026-09-01 22:20,SHIB,kSHIB,0.005166499999999999,1.936,2.903,2.903,2.903,189947,0.00125,18.31
2026-09-01 22:20,PEPE,kPEPE,0.0034935,2.862,1.431,1.431,1.431,776128,0.00125,15.36
2026-09-01 22:20,WIF,WIF,0.19863,3.021,2.517,3.021,5.538,32094,0.00125,17.53
2026-09-01 22:20,BONK,kBONK,0.0030499999999999998,6.557,3.279,3.279,3.279,243342,0.00125,19.06
2026-09-01 22:20,TRUMP,TRUMP,2.28785,4.808,2.404,5.901,5.901,221610,0.00125,17.31
2026-09-01 22:25,BTC,BTC,77381.5,0.129,0.065,0.065,0.065,978983,0.00125,12.63
2026-09-01 22:25,ETH,ETH,2420.1499999999996,0.413,0.207,0.207,0.207,6725509,0.00125,12.91
2026-09-01 22:25,SOL,SOL,100.025,1.0,0.5,0.5,0.5,5016772,0.000273,10.77
2026-09-01 22:25,XRP,XRP,1.35155,0.74,0.37,0.37,0.37,2349915,0.00125,13.24
2026-09-01 22:25,AVAX,AVAX,7.23015,1.245,0.622,0.761,0.761,46960,2.4e-05,10.31
2026-09-01 22:25,LINK,LINK,11.2325,0.89,0.445,0.445,0.445,154223,0.00125,13.39
2026-09-01 22:25,LTC,LTC,49.6605,0.604,0.302,0.503,0.503,50950,0.00125,13.1
2026-09-01 22:25,ADA,ADA,0.196085,0.51,0.255,0.255,0.255,191549,0.00125,13.01
2026-09-01 22:25,DOT,DOT,0.8714900000000001,2.524,1.262,1.262,1.262,19854,-0.001289,11.52
2026-09-01 22:25,UNI,UNI,5.68715,0.176,2.022,2.198,2.198,25428,0.00125,16.54
2026-09-01 22:25,AAVE,AAVE,126.155,0.793,0.396,0.396,0.396,164623,0.00125,13.29
2026-09-01 22:25,ARB,ARB,0.10719999999999999,1.866,0.933,0.933,0.933,88016,0.00125,14.37
2026-09-01 22:25,POL,POL,0.0898275,0.111,0.056,0.946,1.614,71030,5e-05,9.25
2026-09-01 22:25,RENDER,RENDER,1.42985,4.896,2.448,3.147,3.147,18097,0.00125,17.4
2026-09-01 22:25,DOGE,DOGE,0.0818825,0.611,0.305,0.305,0.305,167985,0.00125,13.11
2026-09-01 22:25,SHIB,kSHIB,0.0051585,1.939,2.908,2.908,2.908,188889,0.00125,18.32
2026-09-01 22:25,PEPE,kPEPE,0.0034855,2.869,1.435,1.435,1.435,785922,0.00125,15.37
2026-09-01 22:25,WIF,WIF,0.19867,1.007,1.007,1.51,1.51,59155,0.00125,14.51
2026-09-01 22:25,BONK,kBONK,0.003039,6.581,3.291,3.291,3.291,256501,0.00125,19.08
2026-09-01 22:25,TRUMP,TRUMP,2.28445,1.313,0.657,0.657,1.532,95807,0.00125,13.81
2026-09-01 22:30,BTC,BTC,77402.5,0.129,0.065,0.065,0.065,5363752,0.00125,12.63
2026-09-01 22:30,ETH,ETH,2420.8500000000004,0.413,0.207,0.207,0.207,10612561,0.00125,12.91
2026-09-01 22:30,SOL,SOL,100.015,1.0,0.5,0.5,0.5,5470024,0.000313,10.88
2026-09-01 22:30,XRP,XRP,1.35155,0.74,0.37,0.37,0.37,1964288,0.00125,13.24
2026-09-01 22:30,AVAX,AVAX,7.223800000000001,0.554,0.277,0.415,0.415,35119,-6.9e-05,9.55
2026-09-01 22:30,LINK,LINK,11.2315,0.89,0.445,0.445,0.445,180424,0.00125,13.39
2026-09-01 22:30,LTC,LTC,49.6005,0.605,0.302,0.302,0.504,42543,0.00125,13.1
2026-09-01 22:30,ADA,ADA,0.1961,1.02,0.51,1.02,1.02,147657,0.00125,13.52
2026-09-01 22:30,DOT,DOT,0.870135,0.115,0.057,0.057,0.057,21847,-0.001319,9.11
2026-09-01 22:30,UNI,UNI,5.6727,1.763,0.881,1.058,1.058,53769,0.00125,14.26
2026-09-01 22:30,AAVE,AAVE,125.945,0.794,0.397,1.191,1.191,119957,0.00125,13.29
2026-09-01 22:30,ARB,ARB,0.10667499999999999,2.812,1.406,1.406,1.406,93259,0.00125,15.31
2026-09-01 22:30,POL,POL,0.0898355,0.779,0.39,0.501,0.724,62891,-0.001404,9.78
2026-09-01 22:30,RENDER,RENDER,1.4288,4.199,2.1,2.8,4.199,16143,0.00125,16.7
2026-09-01 22:30,DOGE,DOGE,0.081887,0.488,0.244,0.244,0.244,210583,0.00125,12.99
2026-09-01 22:30,SHIB,kSHIB,0.005157500000000001,1.939,2.908,2.908,2.908,176099,0.00125,18.32
2026-09-01 22:30,PEPE,kPEPE,0.0034875,2.867,1.434,1.434,1.434,830361,0.00125,15.37
2026-09-01 22:30,WIF,WIF,0.19833499999999998,2.521,2.269,2.269,2.773,22744,0.00125,17.04
2026-09-01 22:30,BONK,kBONK,0.0030325,3.298,1.649,1.649,4.946,215436,0.00125,15.8
2026-09-01 22:30,TRUMP,TRUMP,2.28045,2.193,1.096,1.973,2.412,98384,0.001171,14.47
2026-09-01 22:35,BTC,BTC,77409.5,0.129,0.065,0.065,0.065,3077940,0.00125,12.63
2026-09-01 22:35,ETH,ETH,2422.1499999999996,0.413,0.206,0.206,0.206,10926115,0.00125,12.91
2026-09-01 22:35,SOL,SOL,100.045,1.0,0.5,0.5,0.5,5664223,4.1e-05,10.11
2026-09-01 22:35,XRP,XRP,1.35445,0.738,0.369,0.369,0.369,2029866,0.00125,13.24
2026-09-01 22:35,AVAX,AVAX,7.228,0.83,0.415,0.553,0.553,42257,-6.7e-05,9.83
2026-09-01 22:35,LINK,LINK,11.2365,0.89,0.445,1.335,1.335,261942,0.00125,13.39
2026-09-01 22:35,LTC,LTC,49.661500000000004,0.201,0.101,0.101,0.705,62917,0.00125,12.7
2026-09-01 22:35,ADA,ADA,0.196395,0.509,0.255,0.255,0.255,177832,0.00125,13.01
2026-09-01 22:35,DOT,DOT,0.868895,0.115,0.058,0.058,0.058,27861,-0.001402,9.12
2026-09-01 22:35,UNI,UNI,5.6915,0.351,2.108,2.284,2.284,26310,0.00125,16.72
2026-09-01 22:35,AAVE,AAVE,125.87,1.589,0.794,0.794,0.794,164366,0.00125,14.09
2026-09-01 22:35,ARB,ARB,0.10672999999999999,1.874,0.937,0.937,0.937,86157,0.00125,14.37
2026-09-01 22:35,POL,POL,0.089838,0.89,0.445,0.557,0.557,30052,-0.002825,9.89
2026-09-01 22:35,RENDER,RENDER,1.4317,6.985,3.492,4.191,4.889,31649,0.00125,19.48
2026-09-01 22:35,DOGE,DOGE,0.08193349999999999,0.61,0.305,0.427,0.427,163015,0.00125,13.11
2026-09-01 22:35,SHIB,kSHIB,0.0051605,1.938,2.907,2.907,2.907,238219,0.00125,18.31
2026-09-01 22:35,PEPE,kPEPE,0.0034895,2.866,1.433,1.433,1.433,1053081,0.00125,15.37
2026-09-01 22:35,WIF,WIF,0.19803500000000002,1.515,0.757,0.757,0.757,57549,0.00125,14.01
2026-09-01 22:35,BONK,kBONK,0.0030345,3.295,1.648,1.648,1.648,240621,0.00125,15.8
2026-09-01 22:35,TRUMP,TRUMP,2.27575,0.439,1.099,1.099,1.977,50885,0.001074,14.2
2026-09-01 22:40,BTC,BTC,77391.5,0.129,0.065,0.065,0.065,5015824,0.00125,12.63
2026-09-01 22:40,ETH,ETH,2421.1499999999996,0.413,0.207,0.207,0.207,7302717,0.00125,12.91
2026-09-01 22:40,SOL,SOL,99.9295,0.1,0.05,0.05,0.05,336114,-4.4e-05,9.1
2026-09-01 22:40,XRP,XRP,1.3514499999999998,0.74,0.37,0.37,0.37,2163922,0.00125,13.24
2026-09-01 22:40,AVAX,AVAX,7.2249,0.83,0.415,0.554,0.554,21549,6.9e-05,10.02
2026-09-01 22:40,LINK,LINK,11.2275,0.891,0.445,1.336,1.336,237252,0.00125,13.39
2026-09-01 22:40,LTC,LTC,49.6155,0.605,0.302,0.504,0.504,53964,0.00125,13.1
2026-09-01 22:40,ADA,ADA,0.19609,1.02,0.51,1.02,1.02,139150,0.00125,13.52
2026-09-01 22:40,DOT,DOT,0.8678,0.691,0.346,0.346,0.346,28768,-0.001352,9.69
2026-09-01 22:40,UNI,UNI,5.6808,1.056,0.528,0.704,0.704,36003,0.00125,13.56
2026-09-01 22:40,AAVE,AAVE,125.845,0.795,0.397,0.397,1.192,120400,0.00125,13.29
2026-09-01 22:40,ARB,ARB,0.10675499999999999,0.937,0.468,0.468,0.468,93615,0.00125,13.44
2026-09-01 22:40,POL,POL,0.0897385,0.111,0.056,2.953,3.845,7054,-0.003458,9.11
2026-09-01 22:40,RENDER,RENDER,1.4296,5.596,2.798,3.497,4.896,16822,0.00125,18.1
2026-09-01 22:40,DOGE,DOGE,0.0818655,0.122,0.061,0.55,0.672,141659,0.00125,12.62
2026-09-01 22:40,SHIB,kSHIB,0.005157500000000001,1.939,0.969,0.969,2.908,212483,0.00125,14.44
2026-09-01 22:40,PEPE,kPEPE,0.0034825,2.872,1.436,1.436,1.436,823669,0.00125,15.37
2026-09-01 22:40,WIF,WIF,0.19764500000000002,1.518,2.783,4.301,5.313,16324,0.00125,18.07
2026-09-01 22:40,BONK,kBONK,0.0030215,3.31,1.655,1.655,1.655,217607,0.00125,15.81
2026-09-01 22:40,TRUMP,TRUMP,2.27405,1.319,0.66,1.099,1.979,149719,0.00105,13.26
2026-09-01 22:45,BTC,BTC,77380.5,0.129,0.065,0.065,0.065,4000285,0.00125,12.63
2026-09-01 22:45,ETH,ETH,2419.1499999999996,0.413,0.207,0.207,0.207,6887083,0.00125,12.91
2026-09-01 22:45,SOL,SOL,99.80250000000001,0.1,0.05,0.05,0.05,377717,-0.000114,9.1
2026-09-01 22:45,XRP,XRP,1.34975,0.741,0.37,0.37,0.37,2235914,0.00125,13.24
2026-09-01 22:45,AVAX,AVAX,7.22085,0.969,0.485,0.623,0.9,36271,0.000142,10.37
2026-09-01 22:45,LINK,LINK,11.212499999999999,0.892,0.446,1.338,1.338,203232,0.00125,13.39
2026-09-01 22:45,LTC,LTC,49.552,0.807,0.404,0.605,0.605,48042,0.00125,13.31
2026-09-01 22:45,ADA,ADA,0.19563999999999998,1.022,0.511,1.022,1.022,175632,0.00125,13.52
2026-09-01 22:45,DOT,DOT,0.86627,1.154,0.577,0.693,0.693,26028,-0.001364,10.15
2026-09-01 22:45,UNI,UNI,5.6784,1.057,0.528,0.704,0.704,24205,0.00125,13.56
2026-09-01 22:45,AAVE,AAVE,125.60499999999999,0.796,0.398,0.398,0.398,118966,0.00125,13.3
2026-09-01 22:45,ARB,ARB,0.106755,2.81,1.405,1.405,1.405,116527,0.00125,15.31
2026-09-01 22:45,POL,POL,0.08973249999999999,2.117,1.059,2.73,3.622,5883,-0.002991,11.12
2026-09-01 22:45,RENDER,RENDER,1.4276,4.203,2.101,2.802,4.903,20088,0.00125,16.7
2026-09-01 22:45,DOGE,DOGE,0.0816925,0.612,0.306,0.428,0.428,172700,0.00125,13.11
2026-09-01 22:45,SHIB,kSHIB,0.0051485,1.942,2.913,2.913,2.913,169151,0.00125,18.33
2026-09-01 22:45,PEPE,kPEPE,0.0034745,2.878,1.439,1.439,1.439,813953,0.00125,15.38
2026-09-01 22:45,WIF,WIF,0.19745000000000001,1.013,2.532,2.532,3.545,29613,0.00125,17.56
2026-09-01 22:45,BONK,kBONK,0.0030150000000000003,6.633,3.317,3.317,3.317,181795,0.00125,19.13
2026-09-01 22:45,TRUMP,TRUMP,2.2662500000000003,0.441,0.221,0.662,1.103,46557,0.000845,11.81
2026-09-01 22:50,BTC,BTC,77360.5,0.129,0.065,0.065,0.065,2028888,0.00125,12.63
2026-09-01 22:50,ETH,ETH,2417.8500000000004,0.414,0.207,0.207,0.207,7163160,0.00125,12.91
2026-09-01 22:50,SOL,SOL,99.7445,0.1,0.05,0.05,0.05,343721,-0.000173,9.1
2026-09-01 22:50,XRP,XRP,1.3495499999999998,0.741,0.37,0.37,0.37,2147799,0.00125,13.24
2026-09-01 22:50,AVAX,AVAX,7.2117,0.832,0.416,0.555,0.555,51249,0.000166,10.3
2026-09-01 22:50,LINK,LINK,11.2075,0.892,0.446,0.446,0.446,261127,0.00125,13.39
2026-09-01 22:50,LTC,LTC,49.5055,1.01,0.505,0.707,0.707,45203,0.00125,13.51
2026-09-01 22:50,ADA,ADA,0.195575,1.534,0.767,0.767,0.767,122870,0.00125,14.03
2026-09-01 22:50,DOT,DOT,0.865175,0.116,0.058,0.173,0.173,19042,-0.001381,9.12
2026-09-01 22:50,UNI,UNI,5.6713000000000005,1.058,0.529,0.529,0.529,30332,0.00125,13.56
2026-09-01 22:50,AAVE,AAVE,125.47,1.594,0.797,1.594,2.391,92616,0.00125,14.09
2026-09-01 22:50,ARB,ARB,0.10671,1.874,0.937,0.937,0.937,63037,0.00125,14.37
2026-09-01 22:50,POL,POL,0.089693,1.784,0.892,1.895,3.456,6637,-0.002988,10.78
2026-09-01 22:50,RENDER,RENDER,1.4258,4.208,2.104,2.805,2.805,17671,0.00125,16.71
2026-09-01 22:50,DOGE,DOGE,0.0816775,0.122,0.061,0.061,0.061,218393,0.00125,12.62
2026-09-01 22:50,SHIB,kSHIB,0.005140499999999999,1.945,2.918,2.918,2.918,183636,0.00125,18.34
2026-09-01 22:50,PEPE,kPEPE,0.0034765,2.876,1.438,1.438,1.438,847549,0.00125,15.38
2026-09-01 22:50,WIF,WIF,0.196895,2.539,1.778,4.825,5.841,16268,0.00125,16.06
2026-09-01 22:50,BONK,kBONK,0.0030080000000000003,6.649,3.324,3.324,3.324,244690,0.00125,19.15
2026-09-01 22:50,TRUMP,TRUMP,2.2634499999999997,0.442,0.221,0.221,0.221,77877,0.000663,11.3
2026-09-01 22:55,BTC,BTC,77420.5,0.129,0.065,0.065,0.065,2799838,0.00125,12.63
2026-09-01 22:55,ETH,ETH,2420.45,0.413,0.207,0.207,0.207,7000007,0.00125,12.91
2026-09-01 22:55,SOL,SOL,100.045,1.0,0.5,0.5,0.5,4904356,-9.2e-05,10.0
2026-09-01 22:55,XRP,XRP,1.35255,0.739,0.37,0.37,0.37,2239260,0.00125,13.24
2026-09-01 22:55,AVAX,AVAX,7.2215,1.108,0.554,0.692,1.246,56653,0.000164,10.57
2026-09-01 22:55,LINK,LINK,11.236,1.78,0.89,0.89,0.89,262698,0.00125,14.28
2026-09-01 22:55,LTC,LTC,49.5915,0.605,0.302,0.302,0.302,51106,0.00125,13.1
2026-09-01 22:55,ADA,ADA,0.196135,0.51,1.275,1.275,1.784,123540,0.00125,15.05
2026-09-01 22:55,DOT,DOT,0.8655250000000001,0.578,0.289,0.404,0.404,25596,-0.001349,9.58
2026-09-01 22:55,UNI,UNI,5.7075499999999995,2.278,1.139,1.664,1.84,25937,0.00125,14.78
2026-09-01 22:55,AAVE,AAVE,125.77000000000001,1.59,0.795,0.795,1.59,172511,0.00125,14.09
2026-09-01 22:55,ARB,ARB,0.106585,0.938,0.469,0.469,0.469,127007,0.00125,13.44
2026-09-01 22:55,POL,POL,0.0893685,2.35,1.175,2.294,4.644,6261,-0.002754,11.35
2026-09-01 22:55,RENDER,RENDER,1.4282,7.002,3.501,3.501,3.501,19991,0.00125,19.5
2026-09-01 22:55,DOGE,DOGE,0.0818255,0.122,0.061,0.061,1.405,121821,0.00125,12.62
2026-09-01 22:55,SHIB,kSHIB,0.0051515,1.941,0.971,0.971,2.912,260583,0.00125,14.44
2026-09-01 22:55,PEPE,kPEPE,0.0034855,2.869,1.435,1.435,1.435,1115894,0.00125,15.37
2026-09-01 22:55,WIF,WIF,0.196985,2.538,2.792,2.792,4.315,19711,0.00125,18.08
2026-09-01 22:55,BONK,kBONK,0.003009,6.647,3.323,3.323,3.323,230551,0.00125,19.15
2026-09-01 22:55,TRUMP,TRUMP,2.27095,1.321,0.661,0.661,1.101,94062,0.000626,12.07
2026-09-01 23:00,BTC,BTC,77452.5,0.129,0.065,0.065,0.065,1687359,0.00125,12.63
2026-09-01 23:00,ETH,ETH,2421.75,0.413,0.206,0.206,0.206,8835069,0.00125,12.91
2026-09-01 23:00,SOL,SOL,100.045,1.0,0.5,0.5,0.5,5767967,0.000555,11.55
2026-09-01 23:00,XRP,XRP,1.35325,0.739,0.369,0.369,0.369,1954392,0.00125,13.24
2026-09-01 23:00,AVAX,AVAX,7.22905,1.245,0.622,0.761,0.761,56488,0.000804,12.5
2026-09-01 23:00,LINK,LINK,11.247499999999999,0.889,0.445,0.445,0.445,242143,0.00125,13.39
2026-09-01 23:00,LTC,LTC,49.605999999999995,0.806,0.403,0.605,0.605,59271,0.00125,13.31
2026-09-01 23:00,ADA,ADA,0.196235,0.51,0.255,0.764,0.764,142273,0.00125,13.01
2026-09-01 23:00,DOT,DOT,0.86554,2.542,1.271,1.386,1.964,26680,0.00024,12.21
2026-09-01 23:00,UNI,UNI,5.71555,1.925,0.962,1.137,1.662,32683,0.00125,14.42
2026-09-01 23:00,AAVE,AAVE,126.025,0.793,0.397,0.397,0.397,104221,0.00125,13.29
2026-09-01 23:00,ARB,ARB,0.107045,0.934,0.467,0.467,1.401,124858,0.00125,13.43
2026-09-01 23:00,POL,POL,0.0896145,2.343,1.506,2.511,3.069,8196,-0.000614,12.01
2026-09-01 23:00,RENDER,RENDER,1.4295499999999999,6.296,3.148,3.148,4.547,28483,0.00125,18.8
2026-09-01 23:00,DOGE,DOGE,0.0819195,0.122,0.061,0.671,0.793,212216,0.00125,12.62
2026-09-01 23:00,SHIB,kSHIB,0.0051585,1.939,2.908,2.908,2.908,153352,0.00125,18.32
2026-09-01 23:00,PEPE,kPEPE,0.0034865,2.868,1.434,1.434,1.434,773378,0.00125,15.37
2026-09-01 23:00,WIF,WIF,0.19711499999999998,0.507,0.254,0.761,1.776,17416,0.00125,13.01
2026-09-01 23:00,BONK,kBONK,0.0030074999999999998,3.325,1.663,1.663,4.988,234507,0.00125,15.83
2026-09-01 23:00,TRUMP,TRUMP,2.2767,0.878,0.439,0.439,1.318,88893,0.000153,10.31
2026-09-01 23:05,BTC,BTC,77309.5,0.129,0.065,0.065,0.065,3589838,0.00125,12.63
2026-09-01 23:05,ETH,ETH,2416.4,0.828,0.414,0.828,0.828,9623511,0.00125,13.33
2026-09-01 23:05,SOL,SOL,99.8485,0.1,0.05,0.05,0.05,491345,9.7e-05,9.37
2026-09-01 23:05,XRP,XRP,1.34925,0.741,0.371,0.371,0.371,2044084,0.00125,13.24
2026-09-01 23:05,AVAX,AVAX,7.21785,1.247,0.623,0.623,0.901,41918,0.001215,13.65
2026-09-01 23:05,LINK,LINK,11.229,1.781,0.891,0.891,0.891,282347,0.00125,14.28
2026-09-01 23:05,LTC,LTC,49.570499999999996,1.009,0.504,0.504,0.706,50628,0.00125,13.51
2026-09-01 23:05,ADA,ADA,0.196025,1.53,0.765,0.765,0.765,158365,0.00125,14.03
2026-09-01 23:05,DOT,DOT,0.8646499999999999,0.925,0.463,0.81,0.81,21377,-0.000315,9.93
2026-09-01 23:05,UNI,UNI,5.7181999999999995,2.099,1.049,1.224,1.224,21339,0.00125,14.6
2026-09-01 23:05,AAVE,AAVE,125.905,0.794,0.397,1.191,1.986,142580,0.00125,13.29
2026-09-01 23:05,ARB,ARB,0.107065,0.934,0.467,2.335,2.335,69407,0.00125,13.43
2026-09-01 23:05,POL,POL,0.0892435,3.922,1.961,2.633,2.633,9670,-0.002031,12.92
2026-09-01 23:05,RENDER,RENDER,1.42685,4.906,2.453,3.154,3.154,16949,0.00125,17.41
2026-09-01 23:05,DOGE,DOGE,0.081678,0.735,0.367,0.49,0.49,198087,0.00125,13.23
2026-09-01 23:05,SHIB,kSHIB,0.0051465,1.943,2.915,4.858,4.858,149457,0.00125,18.33
2026-09-01 23:05,PEPE,kPEPE,0.0034795,2.874,1.437,1.437,1.437,783138,0.00125,15.37
2026-09-01 23:05,WIF,WIF,0.19695000000000001,2.031,2.539,2.539,6.093,30805,0.00125,17.58
2026-09-01 23:05,BONK,kBONK,0.0030020000000000003,6.662,3.331,3.331,3.331,184123,0.00125,19.16
2026-09-01 23:05,TRUMP,TRUMP,2.27025,2.202,1.101,1.101,1.542,142297,-0.000166,11.2
2026-09-01 23:10,BTC,BTC,77159.5,0.13,0.065,0.065,0.065,2255888,0.00125,12.63
2026-09-01 23:10,ETH,ETH,2411.3500000000004,0.415,0.207,0.207,0.207,8037054,0.00125,12.91
2026-09-01 23:10,SOL,SOL,99.4735,0.101,0.05,0.05,0.05,235564,-3.9e-05,9.1
2026-09-01 23:10,XRP,XRP,1.3444500000000001,0.744,0.372,0.372,0.372,2134068,0.00125,13.24
2026-09-01 23:10,AVAX,AVAX,7.196949999999999,1.528,0.764,0.903,0.903,80978,0.000428,11.73
2026-09-01 23:10,LINK,LINK,11.184999999999999,1.788,0.894,0.894,0.894,260487,0.00125,14.29
2026-09-01 23:10,LTC,LTC,49.411,0.405,0.202,0.405,0.81,37447,0.00125,12.9
2026-09-01 23:10,ADA,ADA,0.195075,1.538,0.769,0.769,0.769,156941,0.00125,14.04
2026-09-01 23:10,DOT,DOT,0.85972,0.931,0.465,0.465,0.465,24057,-0.001135,9.93
2026-09-01 23:10,UNI,UNI,5.703250000000001,1.578,0.789,0.964,2.016,25721,0.00125,14.08
2026-09-01 23:10,AAVE,AAVE,125.135,2.397,1.199,1.199,1.199,130137,0.00125,14.9
2026-09-01 23:10,ARB,ARB,0.10639499999999999,0.94,0.47,1.41,1.41,81058,0.00125,13.44
2026-09-01 23:10,POL,POL,0.088669,2.03,1.015,2.707,4.737,4341,-0.001264,11.03
2026-09-01 23:10,RENDER,RENDER,1.4218,5.627,2.813,3.517,4.923,26568,0.00125,18.13
2026-09-01 23:10,DOGE,DOGE,0.0813895,2.58,1.29,1.29,1.29,184913,0.00125,15.08
2026-09-01 23:10,SHIB,kSHIB,0.005125,3.902,1.951,3.902,3.902,155405,0.00125,16.4
2026-09-01 23:10,PEPE,kPEPE,0.0034635,2.887,1.444,1.444,1.444,795344,0.00125,15.39
2026-09-01 23:10,WIF,WIF,0.196165,2.549,1.274,1.274,1.274,30783,0.00125,15.05
2026-09-01 23:10,BONK,kBONK,0.0029835,3.352,1.676,1.676,1.676,186691,0.00125,15.85
2026-09-01 23:10,TRUMP,TRUMP,2.2628500000000003,0.442,0.221,0.221,1.105,46115,-0.000388,9.44
2026-09-01 23:15,BTC,BTC,77104.5,0.13,0.065,0.065,0.065,3537464,0.00125,12.63
2026-09-01 23:15,ETH,ETH,2408.1,0.831,0.415,0.415,0.415,8382085,0.00125,13.33
2026-09-01 23:15,SOL,SOL,99.1675,0.706,0.353,0.353,0.353,400953,-0.000499,9.71
2026-09-01 23:15,XRP,XRP,1.3435,1.489,0.744,1.489,1.489,1862453,0.00125,13.99
2026-09-01 23:15,AVAX,AVAX,7.18895,1.252,0.626,0.765,0.765,48172,5.5e-05,10.4
2026-09-01 23:15,LINK,LINK,11.1445,0.897,0.449,1.346,1.346,410212,0.00125,13.4
2026-09-01 23:15,LTC,LTC,49.3765,0.608,0.304,0.304,0.304,57153,0.00125,13.11
2026-09-01 23:15,ADA,ADA,0.194755,0.513,0.257,0.257,0.257,168695,0.00125,13.01
2026-09-01 23:15,DOT,DOT,0.8593850000000001,2.909,1.455,1.571,2.036,27207,-0.000917,11.91
2026-09-01 23:15,UNI,UNI,5.71025,1.926,0.963,1.138,1.313,20667,0.00125,14.43
2026-09-01 23:15,AAVE,AAVE,125.25,1.597,0.798,1.597,1.597,142600,0.00125,14.1
2026-09-01 23:15,ARB,ARB,0.10613,3.769,1.884,2.827,2.827,99365,0.00125,16.27
2026-09-01 23:15,POL,POL,0.0882875,3.285,1.642,2.435,4.814,5505,-0.001588,12.28
2026-09-01 23:15,RENDER,RENDER,1.41995,6.338,3.169,3.169,4.578,43859,0.00125,18.84
2026-09-01 23:15,DOGE,DOGE,0.0812625,0.615,0.308,0.308,0.308,228341,0.00125,13.12
2026-09-01 23:15,SHIB,kSHIB,0.005119500000000001,1.953,0.977,2.93,2.93,200003,0.00125,14.45
2026-09-01 23:15,PEPE,kPEPE,0.0034595,2.891,1.445,1.445,1.445,609587,0.00125,15.39
2026-09-01 23:15,WIF,WIF,0.196125,2.549,1.785,2.294,2.294,30962,0.00125,16.07
2026-09-01 23:15,BONK,kBONK,0.002981,6.709,3.355,3.355,3.355,201686,0.00125,19.21
2026-09-01 23:15,TRUMP,TRUMP,2.26035,0.442,0.221,0.221,0.664,47338,-0.000724,9.44
2026-09-01 23:20,BTC,BTC,77088.5,0.13,0.065,0.065,0.065,3075302,0.00125,12.63
2026-09-01 23:20,ETH,ETH,2410.05,0.415,0.207,0.207,0.207,8521750,0.00125,12.91
2026-09-01 23:20,SOL,SOL,99.37049999999999,0.101,0.05,0.05,0.05,520869,-0.000836,9.1
2026-09-01 23:20,XRP,XRP,1.34505,0.743,0.372,0.372,0.372,1802951,0.00125,13.24
2026-09-01 23:20,AVAX,AVAX,7.18755,0.696,0.348,0.348,0.487,60055,-0.000304,9.7
2026-09-01 23:20,LINK,LINK,11.153500000000001,0.897,0.448,0.448,0.448,407516,0.00125,13.4
2026-09-01 23:20,LTC,LTC,49.522999999999996,0.404,0.202,0.202,0.606,42039,0.00125,12.9
2026-09-01 23:20,ADA,ADA,0.195245,1.537,0.768,1.28,1.28,160048,0.00125,14.04
2026-09-01 23:20,DOT,DOT,0.86076,0.929,0.465,0.465,0.465,18440,-0.000876,9.93
2026-09-01 23:20,UNI,UNI,5.7393,5.576,2.788,2.788,2.788,29354,0.00125,18.08
2026-09-01 23:20,AAVE,AAVE,125.715,2.386,1.193,1.193,1.193,214149,0.00125,14.89
2026-09-01 23:20,ARB,ARB,0.10676,1.873,0.937,0.937,0.937,80620,0.00125,14.37
2026-09-01 23:20,POL,POL,0.088379,2.716,1.358,1.471,4.752,8576,-0.001926,11.72
2026-09-01 23:20,RENDER,RENDER,1.42195,7.736,3.868,4.571,7.384,22996,0.00125,20.24
2026-09-01 23:20,DOGE,DOGE,0.081394,1.229,0.614,0.614,0.614,176775,0.00125,13.73
2026-09-01 23:20,SHIB,kSHIB,0.005126,3.902,1.951,1.951,3.902,220371,0.00125,16.4
2026-09-01 23:20,PEPE,kPEPE,0.003464,5.774,2.887,2.887,2.887,784394,0.00125,18.27
2026-09-01 23:20,WIF,WIF,0.19639,2.037,1.018,1.018,1.018,17279,0.00125,14.54
2026-09-01 23:20,BONK,kBONK,0.002983,6.705,3.352,3.352,3.352,186171,0.00125,19.2
2026-09-01 23:20,TRUMP,TRUMP,2.2647000000000004,0.883,0.442,0.883,1.766,98438,-0.001035,9.88
2026-09-01 23:25,BTC,BTC,77216.5,0.13,0.065,0.065,0.065,2749740,0.00125,12.63
2026-09-01 23:25,ETH,ETH,2416.55,0.414,0.207,0.207,0.207,7492027,0.00125,12.91
2026-09-01 23:25,SOL,SOL,99.54050000000001,0.1,0.05,0.05,0.05,911704,-0.000852,9.1
2026-09-01 23:25,XRP,XRP,1.34815,0.742,0.371,0.371,0.371,2084122,0.00125,13.24
2026-09-01 23:25,AVAX,AVAX,7.20965,0.694,0.347,0.347,1.179,51805,-0.000157,9.69
2026-09-01 23:25,LINK,LINK,11.1875,0.894,0.447,1.341,1.341,498383,0.00125,13.39
2026-09-01 23:25,LTC,LTC,49.641000000000005,0.403,0.201,1.41,1.612,38948,0.00125,12.9
2026-09-01 23:25,ADA,ADA,0.19583499999999998,0.511,0.255,0.255,1.277,137043,0.00125,13.01
2026-09-01 23:25,DOT,DOT,0.8630800000000001,2.549,1.275,1.39,1.97,32827,-0.00059,11.55
2026-09-01 23:25,UNI,UNI,5.75355,0.174,0.087,0.261,0.261,29183,0.00125,12.67
2026-09-01 23:25,AAVE,AAVE,126.02000000000001,1.587,0.794,0.794,1.587,112005,0.00125,14.09
2026-09-01 23:25,ARB,ARB,0.10697000000000001,1.87,0.935,0.935,0.935,86957,0.00125,14.37
2026-09-01 23:25,POL,POL,0.088727,1.803,0.902,2.254,3.832,9505,-0.001544,10.8
2026-09-01 23:25,RENDER,RENDER,1.4256,4.209,4.209,4.91,4.91,23498,0.00125,20.92
2026-09-01 23:25,DOGE,DOGE,0.0815355,0.123,0.061,0.061,0.061,195355,0.00125,12.62
2026-09-01 23:25,SHIB,kSHIB,0.005136,3.894,1.947,1.947,1.947,204134,0.00125,16.39
2026-09-01 23:25,PEPE,kPEPE,0.0034735,2.879,1.439,1.439,1.439,825659,0.00125,15.38
2026-09-01 23:25,WIF,WIF,0.19729,3.041,2.534,5.069,5.069,53105,0.00125,17.57
2026-09-01 23:25,BONK,kBONK,0.0029905,3.344,1.672,1.672,1.672,288407,0.00125,15.84
2026-09-01 23:25,TRUMP,TRUMP,2.2701000000000002,0.881,0.441,1.322,2.203,97279,-0.000821,9.88
2026-09-01 23:30,BTC,BTC,77140.5,0.13,0.065,0.065,0.065,1696841,0.00125,12.63
2026-09-01 23:30,ETH,ETH,2413.8500000000004,0.414,0.207,0.207,0.207,9499614,0.00125,12.91
2026-09-01 23:30,SOL,SOL,99.4135,0.101,1.559,1.559,1.559,186534,-0.000983,12.12
2026-09-01 23:30,XRP,XRP,1.34775,0.742,0.371,0.371,0.371,1875309,0.00125,13.24
2026-09-01 23:30,AVAX,AVAX,7.2001,2.5,1.25,1.25,1.389,36934,-8.1e-05,11.5
2026-09-01 23:30,LINK,LINK,11.1765,0.895,1.342,1.342,1.342,431375,0.00125,15.18
2026-09-01 23:30,LTC,LTC,49.6265,1.411,0.705,0.907,1.108,55277,0.00125,13.91
2026-09-01 23:30,ADA,ADA,0.195735,0.511,0.255,0.255,1.788,155234,0.00125,13.01
2026-09-01 23:30,DOT,DOT,0.861295,1.974,0.987,0.987,1.451,29425,-0.000307,10.97
2026-09-01 23:30,UNI,UNI,5.7481,0.348,0.174,2.957,3.131,26331,0.00125,12.85
2026-09-01 23:30,AAVE,AAVE,125.66499999999999,0.796,0.398,1.194,1.194,96806,0.00125,13.3
2026-09-01 23:30,ARB,ARB,0.10708000000000001,1.868,0.934,0.934,0.934,108628,0.00125,14.37
2026-09-01 23:30,POL,POL,0.088583,3.161,1.58,1.58,3.161,9683,-0.001875,12.16
2026-09-01 23:30,RENDER,RENDER,1.422,2.813,1.406,2.11,2.11,36960,0.00125,15.31
2026-09-01 23:30,DOGE,DOGE,0.0815195,0.368,0.184,0.184,0.184,195039,0.00125,12.87
2026-09-01 23:30,SHIB,kSHIB,0.005131500000000001,1.949,0.974,2.923,2.923,201991,0.00125,14.45
2026-09-01 23:30,PEPE,kPEPE,0.0034675,2.884,1.442,1.442,1.442,763885,0.00125,15.38
2026-09-01 23:30,WIF,WIF,0.19678,1.016,0.508,0.508,0.508,63187,0.00125,13.52
2026-09-01 23:30,BONK,kBONK,0.0029765,3.36,1.68,5.039,5.039,157028,0.00125,15.86
2026-09-01 23:30,TRUMP,TRUMP,2.27025,2.202,1.101,1.982,1.982,68949,-0.000619,11.2
2026-09-01 23:35,BTC,BTC,77074.5,0.13,0.065,0.065,0.065,3452919,0.00125,12.63
2026-09-01 23:35,ETH,ETH,2409.6499999999996,0.415,0.207,0.207,0.207,10888366,0.00125,12.91
2026-09-01 23:35,SOL,SOL,99.2175,0.101,0.05,0.05,0.05,683737,-0.001109,9.1
2026-09-01 23:35,XRP,XRP,1.3455499999999998,0.743,0.372,0.372,0.372,1928107,0.00125,13.24
2026-09-01 23:35,AVAX,AVAX,7.189349999999999,1.53,0.765,0.904,0.904,66799,3.2e-05,10.62
2026-09-01 23:35,LINK,LINK,11.157499999999999,0.896,0.448,0.448,0.448,498427,0.00125,13.4
2026-09-01 23:35,LTC,LTC,49.527,0.808,0.404,0.606,1.211,51107,0.00125,13.31
2026-09-01 23:35,ADA,ADA,0.195215,0.512,0.256,0.256,0.256,192604,0.00125,13.01
2026-09-01 23:35,DOT,DOT,0.86007,1.86,0.93,1.046,1.163,35369,-4e-05,10.86
2026-09-01 23:35,UNI,UNI,5.73475,0.872,0.436,0.61,0.61,27383,0.00125,13.37
2026-09-01 23:35,AAVE,AAVE,125.27000000000001,1.597,0.798,1.597,1.597,160469,0.00125,14.1
2026-09-01 23:35,ARB,ARB,0.106855,0.936,0.468,3.275,3.275,46140,0.00125,13.44
2026-09-01 23:35,POL,POL,0.088641,2.482,1.241,2.82,3.723,4599,-0.00203,11.48
2026-09-01 23:35,RENDER,RENDER,1.42075,6.335,3.167,3.167,3.871,33824,0.00125,18.83
2026-09-01 23:35,DOGE,DOGE,0.0813585,1.106,0.553,0.553,0.553,186151,0.00125,13.61
2026-09-01 23:35,SHIB,kSHIB,0.005115,3.91,1.955,5.865,5.865,220959,0.00125,16.41
2026-09-01 23:35,PEPE,kPEPE,0.0034595,2.891,1.445,1.445,1.445,804515,0.00125,15.39
2026-09-01 23:35,WIF,WIF,0.196085,2.55,1.275,1.785,1.785,48243,0.00125,15.05
2026-09-01 23:35,BONK,kBONK,0.0029595,3.379,1.689,1.689,1.689,207845,0.00125,15.88
2026-09-01 23:35,TRUMP,TRUMP,2.26365,0.442,0.221,1.546,1.988,94342,-0.000381,9.44
2026-09-01 23:40,BTC,BTC,77158.5,0.13,0.065,0.065,0.065,2100485,0.00125,12.63
2026-09-01 23:40,ETH,ETH,2411.6499999999996,0.415,0.207,0.207,0.207,6932180,0.00125,12.91
2026-09-01 23:40,SOL,SOL,99.3265,0.101,0.755,0.755,0.755,481841,-0.001061,10.51
2026-09-01 23:40,XRP,XRP,1.3467500000000001,0.743,0.371,0.371,0.371,1999418,0.00125,13.24
2026-09-01 23:40,AVAX,AVAX,7.1944,1.946,0.973,1.112,1.112,99590,0.000162,11.4
2026-09-01 23:40,LINK,LINK,11.1705,0.895,0.448,0.448,0.448,523722,0.00125,13.4
2026-09-01 23:40,LTC,LTC,49.593,0.807,0.403,0.605,0.605,38515,0.00125,13.31
2026-09-01 23:40,ADA,ADA,0.195405,0.512,0.256,1.791,1.791,184756,0.00125,13.01
2026-09-01 23:40,DOT,DOT,0.86156,0.696,0.348,1.045,2.089,11503,0.000168,10.17
2026-09-01 23:40,UNI,UNI,5.73045,0.175,0.087,2.879,2.879,28147,0.00125,12.67
2026-09-01 23:40,AAVE,AAVE,125.63499999999999,0.796,2.786,2.786,3.582,108177,0.00125,18.07
2026-09-01 23:40,ARB,ARB,0.10788,1.854,0.927,1.854,1.854,98365,0.00125,14.35
2026-09-01 23:40,POL,POL,0.088859,2.026,1.013,2.138,3.489,7793,-0.002258,11.03
2026-09-01 23:40,RENDER,RENDER,1.4211,4.222,2.111,2.111,2.111,32127,0.00125,16.72
2026-09-01 23:40,DOGE,DOGE,0.081488,0.736,0.368,0.491,0.491,164182,0.00125,13.24
2026-09-01 23:40,SHIB,kSHIB,0.0051205,1.953,0.976,2.929,4.882,281053,0.00125,14.45
2026-09-01 23:40,PEPE,kPEPE,0.0034635,2.887,1.444,1.444,1.444,784964,0.00125,15.39
2026-09-01 23:40,WIF,WIF,0.19619,3.058,2.549,3.058,3.568,19368,0.00125,17.6
2026-09-01 23:40,BONK,kBONK,0.002961,6.754,3.377,3.377,3.377,214375,0.00125,19.25
2026-09-01 23:40,TRUMP,TRUMP,2.2668999999999997,0.882,0.441,0.441,1.765,98959,-6.7e-05,9.88
2026-09-01 23:45,BTC,BTC,77113.5,0.13,0.065,0.065,0.065,2728749,0.00125,12.63
2026-09-01 23:45,ETH,ETH,2413.1499999999996,0.414,0.207,0.207,0.207,9151009,0.00125,12.91
2026-09-01 23:45,SOL,SOL,99.3715,0.101,0.05,0.05,0.05,442744,-0.001004,9.1
2026-09-01 23:45,XRP,XRP,1.3463500000000002,0.743,0.371,0.371,0.371,2157339,0.00125,13.24
2026-09-01 23:45,AVAX,AVAX,7.1956,0.834,0.417,0.556,0.973,69248,0.000303,10.68
2026-09-01 23:45,LINK,LINK,11.1685,0.895,0.448,0.448,0.448,495158,0.00125,13.4
2026-09-01 23:45,LTC,LTC,49.626000000000005,0.806,0.403,0.605,1.008,44871,0.00125,13.31
2026-09-01 23:45,ADA,ADA,0.19547,3.07,1.535,1.535,1.535,198287,0.00125,15.57
2026-09-01 23:45,DOT,DOT,0.861325,1.742,0.871,0.987,2.032,23537,0.000412,11.9
2026-09-01 23:45,UNI,UNI,5.7250499999999995,0.175,2.009,2.707,2.882,28789,0.00125,16.52
2026-09-01 23:45,AAVE,AAVE,125.745,2.386,1.193,1.193,1.193,115640,0.00125,14.89
2026-09-01 23:45,ARB,ARB,0.10754,1.86,0.93,0.93,0.93,107635,0.00125,14.36
2026-09-01 23:45,POL,POL,0.08901,2.472,1.236,1.348,1.91,7169,-0.002575,11.47
2026-09-01 23:45,RENDER,RENDER,1.4199,4.226,2.113,2.817,2.817,22854,0.00125,16.73
2026-09-01 23:45,DOGE,DOGE,0.08153450000000001,0.859,0.429,0.429,0.429,210244,0.00125,13.36
2026-09-01 23:45,SHIB,kSHIB,0.005125,3.902,1.951,5.854,5.854,192313,0.00125,16.4
2026-09-01 23:45,PEPE,kPEPE,0.0034645,2.886,1.443,4.33,4.33,820284,0.00125,15.39
2026-09-01 23:45,WIF,WIF,0.19624,3.057,2.038,2.038,2.548,51076,0.00125,16.58
2026-09-01 23:45,BONK,kBONK,0.002963,6.75,3.375,3.375,3.375,168456,0.00125,19.25
2026-09-01 23:45,TRUMP,TRUMP,2.26845,3.086,1.543,4.629,5.07,68644,0.000287,12.89
2026-09-01 23:50,BTC,BTC,77163.5,0.13,0.065,0.065,0.065,3224889,0.00125,12.63
2026-09-01 23:50,ETH,ETH,2415.3500000000004,0.414,0.207,0.207,0.207,6855336,0.00125,12.91
2026-09-01 23:50,SOL,SOL,99.4465,0.101,0.05,0.05,0.05,506627,-0.000907,9.1
2026-09-01 23:50,XRP,XRP,1.34855,0.742,0.371,0.371,0.371,2245238,0.00125,13.24
2026-09-01 23:50,AVAX,AVAX,7.20215,0.694,0.347,0.486,0.764,72631,0.000385,10.77
2026-09-01 23:50,LINK,LINK,11.183499999999999,0.894,0.447,0.447,0.447,518065,0.00125,13.39
2026-09-01 23:50,LTC,LTC,49.837500000000006,1.003,0.502,0.702,0.903,39938,0.00125,13.5
2026-09-01 23:50,ADA,ADA,0.196025,0.51,0.255,0.255,0.765,160501,0.00125,13.01
2026-09-01 23:50,DOT,DOT,0.86541,2.08,1.04,1.156,1.849,14198,0.000626,12.83
2026-09-01 23:50,UNI,UNI,5.77175,0.173,3.032,3.032,3.205,21721,0.00125,18.56
2026-09-01 23:50,AAVE,AAVE,126.03999999999999,1.587,0.793,0.793,1.587,111386,0.00125,14.09
2026-09-01 23:50,ARB,ARB,0.10793,1.853,0.927,0.927,0.927,101694,0.00125,14.35
2026-09-01 23:50,POL,POL,0.0890855,0.786,0.393,0.505,2.413,5961,-0.002788,9.79
2026-09-01 23:50,RENDER,RENDER,1.4235,4.215,2.107,2.81,4.215,18241,0.00125,16.71
2026-09-01 23:50,DOGE,DOGE,0.0815425,0.123,0.061,0.061,0.92,114713,0.00125,12.62
2026-09-01 23:50,SHIB,kSHIB,0.0051365000000000004,1.947,2.92,2.92,4.867,167159,0.00125,18.34
2026-09-01 23:50,PEPE,kPEPE,0.0034655,2.886,1.443,1.443,1.443,1067051,0.00125,15.39
2026-09-01 23:50,WIF,WIF,0.19664,3.051,3.051,5.594,6.103,14126,0.00125,18.6
2026-09-01 23:50,BONK,kBONK,0.0029665,3.371,1.685,1.685,1.685,178396,0.00125,15.87
2026-09-01 23:50,TRUMP,TRUMP,2.27775,0.439,1.098,1.537,1.976,49621,0.000661,13.05
2026-09-01 23:55,BTC,BTC,77247.5,0.129,0.324,0.971,0.971,1358954,0.00125,13.15
2026-09-01 23:55,ETH,ETH,2418.05,0.414,0.62,0.62,0.62,6206289,0.00125,13.74
2026-09-01 23:55,SOL,SOL,99.6555,0.1,0.05,0.05,0.05,415204,-0.000756,9.1
2026-09-01 23:55,XRP,XRP,1.3507500000000001,0.74,0.37,0.37,0.37,1942045,0.00125,13.24
2026-09-01 23:55,AVAX,AVAX,7.20715,0.694,0.347,0.486,1.041,53242,0.000445,10.94
2026-09-01 23:55,LINK,LINK,11.1935,0.893,0.447,0.447,0.447,481079,0.00125,13.39
2026-09-01 23:55,LTC,LTC,49.944,0.801,0.4,1.001,1.402,55043,0.00125,13.3
2026-09-01 23:55,ADA,ADA,0.19613,1.02,0.51,0.51,0.51,243205,0.00125,13.52
2026-09-01 23:55,DOT,DOT,0.86665,1.615,0.808,0.923,0.923,18568,0.0007,12.58
2026-09-01 23:55,UNI,UNI,5.7951,0.345,0.69,3.279,3.279,20835,0.00125,13.88
2026-09-01 23:55,AAVE,AAVE,126.53,1.581,0.79,0.79,1.581,177821,0.00125,14.08
2026-09-01 23:55,ARB,ARB,0.108185,0.924,0.462,0.462,0.462,85509,0.00125,13.42
2026-09-01 23:55,POL,POL,0.089085,1.572,0.786,0.898,3.031,8575,-0.00277,10.57
2026-09-01 23:55,RENDER,RENDER,1.42415,4.915,3.862,5.968,5.968,24175,0.00125,20.22
2026-09-01 23:55,DOGE,DOGE,0.0816015,0.123,0.061,0.184,0.551,144550,0.00125,12.62
2026-09-01 23:55,SHIB,kSHIB,0.0051415,1.945,0.972,4.862,4.862,139624,0.00125,14.44
2026-09-01 23:55,PEPE,kPEPE,0.0034675,2.884,1.442,4.326,4.326,1064160,0.00125,15.38
2026-09-01 23:55,WIF,WIF,0.196595,0.509,2.289,5.341,8.393,10907,0.00125,17.08
2026-09-01 23:55,BONK,kBONK,0.0029690000000000003,6.736,3.368,3.368,6.736,231149,0.00125,19.24
2026-09-01 23:55,TRUMP,TRUMP,2.2767,0.878,0.439,0.439,0.878,50855,0.000788,12.09
2026-09-02 00:00,BTC,BTC,77180.5,0.13,0.065,0.065,0.065,5102278,0.00125,12.63
2026-09-02 00:00,ETH,ETH,2415.25,0.414,0.207,0.207,0.207,11961546,0.00125,12.91
2026-09-02 00:00,SOL,SOL,99.5895,0.1,0.05,0.05,0.05,615726,0.000568,10.69
2026-09-02 00:00,XRP,XRP,1.3484500000000001,0.742,0.371,0.371,0.371,2075046,0.00125,13.24
2026-09-02 00:00,AVAX,AVAX,7.197850000000001,1.528,0.764,0.903,1.459,22275,0.000783,12.72
2026-09-02 00:00,LINK,LINK,11.175,1.79,0.895,0.895,0.895,433644,0.00125,14.29
2026-09-02 00:00,LTC,LTC,49.933,1.202,0.601,0.601,0.601,41465,0.00125,13.7
2026-09-02 00:00,ADA,ADA,0.195695,1.533,0.766,1.277,1.277,194587,0.00125,14.03
2026-09-02 00:00,DOT,DOT,0.864485,2.661,1.33,1.446,2.14,24567,0.00125,15.16
2026-09-02 00:00,UNI,UNI,5.77195,2.252,1.126,1.126,1.473,27064,0.00125,14.75
2026-09-02 00:00,AAVE,AAVE,126.245,0.792,0.396,0.396,0.396,124604,0.00125,13.29
2026-09-02 00:00,ARB,ARB,0.108195,0.924,0.462,0.462,0.462,55337,0.00125,13.42
2026-09-02 00:00,POL,POL,0.089212,2.466,1.233,1.233,1.793,7685,-3.2e-05,11.47
2026-09-02 00:00,RENDER,RENDER,1.4217499999999998,3.517,1.758,2.462,3.165,23444,0.00125,16.02
2026-09-02 00:00,DOGE,DOGE,0.0814435,0.123,0.061,1.289,2.026,203233,0.00125,12.62
2026-09-02 00:00,SHIB,kSHIB,0.0051295,1.95,2.924,4.874,6.823,156473,0.00125,18.35
2026-09-02 00:00,PEPE,kPEPE,0.0034595,2.891,1.445,1.445,4.336,781249,0.00125,15.39
2026-09-02 00:00,WIF,WIF,0.196235,2.548,1.784,1.784,1.784,46682,0.00125,16.07
2026-09-02 00:00,BONK,kBONK,0.002963,6.75,3.375,3.375,3.375,191076,0.00125,19.25
2026-09-02 00:00,TRUMP,TRUMP,2.27245,0.44,2.42,2.86,3.74,55328,0.00125,17.34
2026-09-02 00:05,BTC,BTC,77246.5,0.129,0.065,0.065,0.065,2948428,0.00125,12.63
2026-09-02 00:05,ETH,ETH,2415.75,0.414,0.207,0.207,0.207,9910328,0.00125,12.91
2026-09-02 00:05,SOL,SOL,99.6575,0.1,0.05,0.05,0.05,364870,3.2e-05,9.19
2026-09-02 00:05,XRP,XRP,1.34965,0.741,0.37,0.37,0.37,1905920,0.00125,13.24
2026-09-02 00:05,AVAX,AVAX,7.2014499999999995,0.139,0.069,0.069,0.069,48743,0.000953,11.81
2026-09-02 00:05,LINK,LINK,11.194500000000001,0.893,0.447,0.447,1.34,472290,0.00125,13.39
2026-09-02 00:05,LTC,LTC,49.924,0.801,0.401,0.601,0.601,44937,0.00125,13.3
2026-09-02 00:05,ADA,ADA,0.19577499999999998,1.532,0.766,1.277,1.277,146747,0.00125,14.03
2026-09-02 00:05,DOT,DOT,0.8647549999999999,2.428,1.214,1.33,1.561,17694,0.00125,14.93
2026-09-02 00:05,UNI,UNI,5.77895,0.173,0.087,0.087,1.99,23657,0.00125,12.67
2026-09-02 00:05,AAVE,AAVE,126.46000000000001,1.582,0.791,1.582,1.582,151149,0.00125,14.08
2026-09-02 00:05,ARB,ARB,0.108325,2.769,1.385,1.385,1.385,115479,0.00125,15.27
2026-09-02 00:05,POL,POL,0.089295,3.136,2.24,2.352,2.912,8479,-6.6e-05,13.48
2026-09-02 00:05,RENDER,RENDER,1.4240499999999998,2.107,1.053,1.756,1.756,35397,0.00125,14.61
2026-09-02 00:05,DOGE,DOGE,0.08151449999999999,0.859,0.429,0.552,0.552,193527,0.00125,13.36
2026-09-02 00:05,SHIB,kSHIB,0.005140499999999999,1.945,2.918,2.918,4.863,158576,0.00125,18.34
2026-09-02 00:05,PEPE,kPEPE,0.0034665,2.885,1.442,1.442,1.442,807769,0.00125,15.38
2026-09-02 00:05,WIF,WIF,0.196275,2.547,2.293,4.331,4.331,52765,0.00125,17.09
2026-09-02 00:05,BONK,kBONK,0.0029695,3.368,1.684,1.684,5.051,250084,0.00125,15.87
2026-09-02 00:05,TRUMP,TRUMP,2.27515,1.319,0.659,0.659,1.538,78375,0.00125,13.82
2026-09-02 00:10,BTC,BTC,77274.5,0.129,0.065,0.065,0.065,2477270,0.00125,12.63
2026-09-02 00:10,ETH,ETH,2416.75,0.414,0.207,0.207,0.207,8588394,0.00125,12.91
2026-09-02 00:10,SOL,SOL,99.6765,0.1,0.05,0.05,0.05,228202,-0.000152,9.1
2026-09-02 00:10,XRP,XRP,1.35095,0.74,0.37,0.37,0.37,1938876,0.00125,13.24
2026-09-02 00:10,AVAX,AVAX,7.19975,0.694,0.347,0.486,0.486,76826,0.000819,11.99
2026-09-02 00:10,LINK,LINK,11.2065,0.892,0.446,0.446,0.446,462007,0.00125,13.39
2026-09-02 00:10,LTC,LTC,49.9775,0.2,0.1,0.1,0.7,58961,0.00125,12.7
2026-09-02 00:10,ADA,ADA,0.19598,1.021,0.51,0.51,0.51,173777,0.00125,13.52
2026-09-02 00:10,DOT,DOT,0.863945,2.431,1.215,1.331,1.447,23520,0.00125,14.93
2026-09-02 00:10,UNI,UNI,5.7848,1.383,0.691,0.691,0.691,33809,0.00125,13.88
2026-09-02 00:10,AAVE,AAVE,126.60499999999999,3.949,1.975,2.765,2.765,180915,0.00125,16.45
2026-09-02 00:10,ARB,ARB,0.10849,1.843,0.922,0.922,0.922,84342,0.00125,14.34
2026-09-02 00:10,POL,POL,0.089313,1.568,0.784,2.239,4.591,9935,-0.000199,10.57
2026-09-02 00:10,RENDER,RENDER,1.4228,5.623,2.811,3.514,3.514,23080,0.00125,18.12
2026-09-02 00:10,DOGE,DOGE,0.0815715,0.368,0.184,0.184,0.184,150253,0.00125,12.87
2026-09-02 00:10,SHIB,kSHIB,0.0051459999999999995,3.887,1.943,1.943,1.943,224622,0.00125,16.39
2026-09-02 00:10,PEPE,kPEPE,0.0034675,2.884,1.442,4.326,4.326,797025,0.00125,15.38
2026-09-02 00:10,WIF,WIF,0.19620500000000002,1.529,0.765,0.765,4.842,54364,0.00125,14.03
2026-09-02 00:10,BONK,kBONK,0.0029705,3.366,1.683,1.683,1.683,224017,0.00125,15.87
2026-09-02 00:10,TRUMP,TRUMP,2.2765500000000003,1.318,0.659,0.659,1.537,103014,0.00125,13.82
2026-09-02 00:15,BTC,BTC,77265.5,0.129,0.065,0.065,0.065,2233883,0.00125,12.63
2026-09-02 00:15,ETH,ETH,2416.25,0.414,0.207,0.207,0.207,6922611,0.00125,12.91
2026-09-02 00:15,SOL,SOL,99.7105,0.1,0.05,0.05,0.05,247702,-0.000283,9.1
2026-09-02 00:15,XRP,XRP,1.3501500000000002,0.741,0.37,0.37,0.37,1872458,0.00125,13.24
2026-09-02 00:15,AVAX,AVAX,7.1983,0.556,0.278,0.417,1.528,70478,0.000861,11.97
2026-09-02 00:15,LINK,LINK,11.1965,0.893,0.447,0.447,0.447,474065,0.00125,13.39
2026-09-02 00:15,LTC,LTC,49.9975,0.2,0.1,0.1,1.1,56221,0.00125,12.7
2026-09-02 00:15,ADA,ADA,0.19583499999999998,0.511,0.255,0.255,0.255,207456,0.00125,13.01
2026-09-02 00:15,DOT,DOT,0.8628549999999999,2.202,1.101,1.217,1.217,29222,0.00125,14.7
2026-09-02 00:15,UNI,UNI,5.79965,0.172,0.086,1.466,1.466,25016,0.00125,12.67
2026-09-02 00:15,AAVE,AAVE,126.57,1.58,0.79,1.58,1.58,139710,0.00125,14.08
2026-09-02 00:15,ARB,ARB,0.10858999999999999,1.842,0.921,0.921,0.921,54572,0.00125,14.34
2026-09-02 00:15,POL,POL,0.08943000000000001,1.565,1.23,2.348,3.914,4434,-0.000311,11.46
2026-09-02 00:15,RENDER,RENDER,1.4242,1.404,0.702,0.702,0.702,20309,0.00125,13.9
2026-09-02 00:15,DOGE,DOGE,0.0815405,0.123,0.061,0.675,0.675,160836,0.00125,12.62
2026-09-02 00:15,SHIB,kSHIB,0.005145500000000001,1.943,0.972,2.915,2.915,180465,0.00125,14.44
2026-09-02 00:15,PEPE,kPEPE,0.0034660000000000003,5.77,2.885,2.885,2.885,805507,0.00125,18.27
2026-09-02 00:15,WIF,WIF,0.195965,1.531,2.807,5.868,6.379,29499,0.00125,18.11
2026-09-02 00:15,BONK,kBONK,0.0029649999999999998,6.745,3.373,3.373,3.373,181984,0.00125,19.25
2026-09-02 00:15,TRUMP,TRUMP,2.27175,0.44,0.22,0.22,0.66,76037,0.00125,12.94
2026-09-02 00:20,BTC,BTC,77232.5,0.129,0.065,0.065,0.065,3743975,0.00125,12.63
2026-09-02 00:20,ETH,ETH,2415.05,0.414,0.207,0.207,0.207,7905264,0.00125,12.91
2026-09-02 00:20,SOL,SOL,99.6335,0.1,0.05,0.05,0.05,276531,-0.000441,9.1
2026-09-02 00:20,XRP,XRP,1.3478500000000002,0.742,0.371,0.371,0.371,1910719,0.00125,13.24
2026-09-02 00:20,AVAX,AVAX,7.1914,0.556,0.695,0.695,0.834,41317,0.000833,12.72
2026-09-02 00:20,LINK,LINK,11.188500000000001,0.894,0.447,0.447,0.447,488659,0.00125,13.39
2026-09-02 00:20,LTC,LTC,49.966499999999996,0.2,0.1,0.1,0.901,35718,0.00125,12.7
2026-09-02 00:20,ADA,ADA,0.19550499999999998,0.511,0.256,0.256,0.256,171497,0.00125,13.01
2026-09-02 00:20,DOT,DOT,0.86069,1.627,0.813,1.51,1.627,32264,0.00125,14.13
2026-09-02 00:20,UNI,UNI,5.786250000000001,1.901,0.951,1.469,1.642,24882,0.00125,14.4
2026-09-02 00:20,AAVE,AAVE,126.11,1.586,0.793,1.586,1.586,144722,0.00125,14.09
2026-09-02 00:20,ARB,ARB,0.10842,1.845,0.922,0.922,0.922,94457,0.00125,14.34
2026-09-02 00:20,POL,POL,0.08950749999999999,2.346,1.173,1.285,2.067,7842,-0.000427,11.35
2026-09-02 00:20,RENDER,RENDER,1.42055,4.928,2.464,3.872,4.576,21496,0.00125,17.43
2026-09-02 00:20,DOGE,DOGE,0.081485,0.982,0.491,0.614,0.614,140215,0.00125,13.48
2026-09-02 00:20,SHIB,kSHIB,0.005136,3.894,1.947,3.894,5.841,143741,0.00125,16.39
2026-09-02 00:20,PEPE,kPEPE,0.0034575,2.892,1.446,1.446,1.446,805601,0.00125,15.39
2026-09-02 00:20,WIF,WIF,0.19527,3.073,3.073,6.145,6.657,20400,0.00125,18.65
2026-09-02 00:20,BONK,kBONK,0.002959,6.759,3.38,3.38,3.38,192509,0.00125,19.26
2026-09-02 00:20,TRUMP,TRUMP,2.26975,1.322,0.661,1.542,1.983,61414,0.00125,13.82
2026-09-02 00:25,BTC,BTC,77154.5,0.13,0.065,0.065,0.065,2200348,0.00125,12.63
2026-09-02 00:25,ETH,ETH,2411.25,0.415,0.207,0.207,0.207,7937104,0.00125,12.91
2026-09-02 00:25,SOL,SOL,99.5305,0.1,0.05,0.05,0.05,383983,-0.000434,9.1
2026-09-02 00:25,XRP,XRP,1.34575,0.743,0.372,0.372,0.372,1868645,0.00125,13.24
2026-09-02 00:25,AVAX,AVAX,7.1867,0.835,0.417,0.557,0.557,42480,0.000817,12.12
2026-09-02 00:25,LINK,LINK,11.180499999999999,0.894,0.447,0.447,0.447,449256,0.00125,13.39
2026-09-02 00:25,LTC,LTC,49.751000000000005,0.402,0.201,0.201,0.402,52807,0.00125,12.9
2026-09-02 00:25,ADA,ADA,0.19515,1.025,0.512,0.512,0.512,143034,0.00125,13.52
2026-09-02 00:25,DOT,DOT,0.8585050000000001,2.446,1.223,1.34,1.34,21571,0.00125,14.95
2026-09-02 00:25,UNI,UNI,5.78825,0.864,0.432,0.605,0.605,29972,0.00125,13.36
2026-09-02 00:25,AAVE,AAVE,126.05000000000001,1.587,0.793,0.793,0.793,141162,0.00125,14.09
2026-09-02 00:25,ARB,ARB,0.10828,1.847,0.924,1.847,1.847,54645,0.00125,14.35
2026-09-02 00:25,POL,POL,0.089489,3.129,1.564,1.676,2.794,9972,-0.000566,12.13
2026-09-02 00:25,RENDER,RENDER,1.4174,4.233,2.117,2.822,4.233,18988,0.00125,16.73
2026-09-02 00:25,DOGE,DOGE,0.0813945,0.123,0.061,0.061,0.061,186905,0.00125,12.62
2026-09-02 00:25,SHIB,kSHIB,0.005128,3.9,1.95,3.9,3.9,195786,0.00125,16.4
2026-09-02 00:25,PEPE,kPEPE,0.0034549999999999997,5.789,2.894,2.894,2.894,823868,0.00125,18.29
2026-09-02 00:25,WIF,WIF,0.195365,1.536,1.792,1.792,3.327,67753,0.00125,16.08
2026-09-02 00:25,BONK,kBONK,0.0029560000000000003,6.766,3.383,3.383,3.383,205414,0.00125,19.27
2026-09-02 00:25,TRUMP,TRUMP,2.26125,0.442,0.221,1.106,2.432,72808,0.00125,12.94
2026-09-02 00:30,BTC,BTC,77030.5,0.13,0.065,0.065,0.065,3472418,0.00125,12.63
2026-09-02 00:30,ETH,ETH,2406.45,0.416,0.208,0.208,0.208,10347986,0.00125,12.92
2026-09-02 00:30,SOL,SOL,99.3565,0.101,0.05,0.05,0.05,518848,-0.000484,9.1
2026-09-02 00:30,XRP,XRP,1.34185,0.745,0.373,0.373,0.373,2128209,0.00125,13.25
2026-09-02 00:30,AVAX,AVAX,7.17825,2.09,1.045,1.184,1.184,38082,0.000651,12.91
2026-09-02 00:30,LINK,LINK,11.165,1.791,0.896,0.896,0.896,468209,0.00125,14.29
2026-09-02 00:30,LTC,LTC,49.6335,1.007,0.504,0.504,0.705,48502,0.00125,13.51
2026-09-02 00:30,ADA,ADA,0.19477,2.054,1.027,1.027,1.027,182774,0.00125,14.55
2026-09-02 00:30,DOT,DOT,0.858715,1.048,0.524,1.921,2.038,13148,0.00125,13.55
2026-09-02 00:30,UNI,UNI,5.79445,0.173,0.086,0.086,2.157,26435,0.00125,12.67
2026-09-02 00:30,AAVE,AAVE,125.77000000000001,1.59,0.795,0.795,0.795,136051,0.00125,14.09
2026-09-02 00:30,ARB,ARB,0.10811,1.85,1.85,1.85,2.775,53866,0.00125,16.2
2026-09-02 00:30,POL,POL,0.0893795,3.021,1.51,1.622,2.853,7740,-0.00052,12.02
2026-09-02 00:30,RENDER,RENDER,1.4155,4.239,2.119,2.826,3.532,32357,0.00125,16.74
2026-09-02 00:30,DOGE,DOGE,0.0812485,1.108,0.554,0.677,0.677,150581,0.00125,13.61
2026-09-02 00:30,SHIB,kSHIB,0.005121499999999999,1.953,2.929,4.881,4.881,164776,0.00125,18.36
2026-09-02 00:30,PEPE,kPEPE,0.0034485,2.9,1.45,1.45,1.45,790980,0.00125,15.4
2026-09-02 00:30,WIF,WIF,0.19500499999999998,2.564,1.282,1.282,1.795,67762,0.00125,15.06
2026-09-02 00:30,BONK,kBONK,0.0029519999999999998,6.775,3.388,3.388,3.388,181364,0.00125,19.28
2026-09-02 00:30,TRUMP,TRUMP,2.2536,1.775,0.887,1.331,1.775,41932,0.00125,14.27
2026-09-02 00:35,BTC,BTC,77081.5,0.13,0.065,0.065,0.065,6054176,0.00125,12.63
2026-09-02 00:35,ETH,ETH,2408.25,0.415,0.208,0.208,0.208,8624465,0.00125,12.92
2026-09-02 00:35,SOL,SOL,99.4755,0.101,0.251,0.251,0.251,232853,-0.000486,9.5
2026-09-02 00:35,XRP,XRP,1.3432499999999998,0.744,0.372,0.372,0.372,1665114,0.00125,13.24
2026-09-02 00:35,AVAX,AVAX,7.1817,1.114,0.557,0.696,0.696,47392,0.000485,11.47
2026-09-02 00:35,LINK,LINK,11.1725,0.895,0.448,0.448,0.448,520166,0.00125,13.4
2026-09-02 00:35,LTC,LTC,49.689,0.805,0.403,0.604,0.604,48336,0.00125,13.31
2026-09-02 00:35,ADA,ADA,0.19489499999999998,1.539,0.77,0.77,0.77,125378,0.00125,14.04
2026-09-02 00:35,DOT,DOT,0.859645,1.512,0.756,1.803,1.919,25112,0.00125,14.01
2026-09-02 00:35,UNI,UNI,5.79085,0.173,0.086,1.641,1.641,29573,0.00125,12.67
2026-09-02 00:35,AAVE,AAVE,126.005,0.794,0.397,0.397,0.397,156620,0.00125,13.29
2026-09-02 00:35,ARB,ARB,0.108075,2.776,2.313,3.238,4.164,62667,0.00125,17.13
2026-09-02 00:35,POL,POL,0.0895695,2.345,1.284,1.284,3.405,8973,-0.000368,11.57
2026-09-02 00:35,RENDER,RENDER,1.41595,3.531,1.766,2.472,3.178,26133,0.00125,16.03
2026-09-02 00:35,DOGE,DOGE,0.081346,0.738,0.369,0.369,0.369,137965,0.00125,13.24
2026-09-02 00:35,SHIB,kSHIB,0.005121499999999999,1.953,2.929,4.881,6.834,176413,0.00125,18.36
2026-09-02 00:35,PEPE,kPEPE,0.0034485,2.9,1.45,1.45,1.45,813638,0.00125,15.4
2026-09-02 00:35,WIF,WIF,0.19502999999999998,2.051,2.051,2.051,2.051,59244,0.00125,16.6
2026-09-02 00:35,BONK,kBONK,0.0029545,3.385,1.692,1.692,5.077,172410,0.00125,15.88
2026-09-02 00:35,TRUMP,TRUMP,2.2563500000000003,1.33,0.665,0.665,1.108,42710,0.00125,13.83
2026-09-02 00:40,BTC,BTC,77085.5,0.13,0.065,0.065,0.065,6233565,0.00125,12.63
2026-09-02 00:40,ETH,ETH,2407.55,0.415,0.208,0.208,0.208,8693607,0.00125,12.92
2026-09-02 00:40,SOL,SOL,99.43350000000001,0.101,0.05,0.05,0.05,904768,-0.000446,9.1
2026-09-02 00:40,XRP,XRP,1.34275,0.745,0.372,0.372,0.372,1990307,0.00125,13.24
2026-09-02 00:40,AVAX,AVAX,7.1783,0.836,0.418,0.557,0.975,41904,0.000508,11.26
2026-09-02 00:40,LINK,LINK,11.159500000000001,0.896,0.448,0.448,0.448,331096,0.00125,13.4
2026-09-02 00:40,LTC,LTC,49.659,0.805,0.403,0.604,0.805,38701,0.00125,13.31
2026-09-02 00:40,ADA,ADA,0.19472499999999998,1.541,0.77,0.77,0.77,187154,0.00125,14.04
2026-09-02 00:40,DOT,DOT,0.85955,2.327,1.163,1.28,1.396,24939,0.00125,14.83
2026-09-02 00:40,UNI,UNI,5.7828,0.692,0.346,0.346,0.346,47338,0.00125,13.19
2026-09-02 00:40,AAVE,AAVE,125.97,1.588,0.794,0.794,0.794,150783,0.00125,14.09
2026-09-02 00:40,ARB,ARB,0.107765,0.928,0.464,0.464,0.464,79068,0.00125,13.43
2026-09-02 00:40,POL,POL,0.0894875,2.57,1.285,3.408,4.079,6342,-0.000348,11.57
2026-09-02 00:40,RENDER,RENDER,1.4147500000000002,3.534,1.767,2.474,3.181,23849,0.00125,16.03
2026-09-02 00:40,DOGE,DOGE,0.0812895,0.123,0.062,0.062,0.062,199687,0.00125,12.62
2026-09-02 00:40,SHIB,kSHIB,0.0051164999999999995,1.954,0.977,4.886,6.841,159866,0.00125,14.45
2026-09-02 00:40,PEPE,kPEPE,0.0034465,2.901,1.451,1.451,1.451,778181,0.00125,15.4
2026-09-02 00:40,WIF,WIF,0.194795,1.54,0.77,0.77,1.283,73658,0.00125,14.04
2026-09-02 00:40,BONK,kBONK,0.0029519999999999998,6.775,3.388,3.388,3.388,211076,0.00125,19.28
2026-09-02 00:40,TRUMP,TRUMP,2.24675,0.445,0.223,1.113,1.113,70749,0.00125,12.95
2026-09-02 00:45,BTC,BTC,77206.5,0.13,0.065,0.065,0.065,4435134,0.00125,12.63
2026-09-02 00:45,ETH,ETH,2410.45,0.415,0.207,0.207,0.207,8713941,0.00125,12.91
2026-09-02 00:45,SOL,SOL,99.5705,0.1,0.05,0.05,0.05,328092,-0.000343,9.1
2026-09-02 00:45,XRP,XRP,1.34355,0.744,0.372,0.372,0.372,1627407,0.00125,13.24
2026-09-02 00:45,AVAX,AVAX,7.1797,0.836,0.418,0.418,0.418,64323,0.000452,11.1
2026-09-02 00:45,LINK,LINK,11.1645,0.896,0.448,0.448,0.448,485323,0.00125,13.4
2026-09-02 00:45,LTC,LTC,49.587,0.807,0.403,0.403,1.21,51261,0.00125,13.31
2026-09-02 00:45,ADA,ADA,0.19489499999999998,0.513,0.257,0.257,0.257,127764,0.00125,13.01
2026-09-02 00:45,DOT,DOT,0.860915,1.278,0.639,0.755,0.755,20816,0.00125,13.78
2026-09-02 00:45,UNI,UNI,5.7871500000000005,0.173,0.086,0.086,0.086,30410,0.00125,12.67
2026-09-02 00:45,AAVE,AAVE,126.19999999999999,1.585,0.792,0.792,0.792,144797,0.00125,14.08
2026-09-02 00:45,ARB,ARB,0.10803499999999999,2.777,1.388,1.388,1.388,77963,0.00125,15.28
2026-09-02 00:45,POL,POL,0.08958849999999999,1.674,0.837,2.177,3.963,4677,-0.000381,10.67
2026-09-02 00:45,RENDER,RENDER,1.4166,2.824,1.412,2.118,2.118,18967,0.00125,15.32
2026-09-02 00:45,DOGE,DOGE,0.081387,0.246,0.123,0.123,0.123,147563,0.00125,12.75
2026-09-02 00:45,SHIB,kSHIB,0.0051210000000000006,3.905,1.953,5.858,5.858,159647,0.00125,16.41
2026-09-02 00:45,PEPE,kPEPE,0.0034535,2.896,1.448,1.448,1.448,1117447,0.00125,15.4
2026-09-02 00:45,WIF,WIF,0.19531500000000002,2.56,2.304,4.864,5.376,41352,0.00125,17.11
2026-09-02 00:45,BONK,kBONK,0.0029465,3.394,1.697,1.697,1.697,218630,0.00125,15.89
2026-09-02 00:45,TRUMP,TRUMP,2.25335,1.331,0.666,0.666,1.553,11114,0.00125,13.83
2026-09-02 00:50,BTC,BTC,77340.5,0.129,0.065,0.065,0.065,3474973,0.00125,12.63
2026-09-02 00:50,ETH,ETH,2415.55,0.414,0.207,0.207,0.207,7331801,0.00125,12.91
2026-09-02 00:50,SOL,SOL,99.8195,0.1,0.05,0.05,0.05,387730,-0.000183,9.1
2026-09-02 00:50,XRP,XRP,1.34775,0.742,0.371,0.371,0.371,1533726,0.00125,13.24
2026-09-02 00:50,AVAX,AVAX,7.1929,0.834,0.417,0.556,0.556,52136,0.000564,11.41
2026-09-02 00:50,LINK,LINK,11.2025,0.893,0.446,0.446,0.446,499693,0.00125,13.39
2026-09-02 00:50,LTC,LTC,49.653000000000006,0.806,0.403,0.604,0.604,68987,0.00125,13.31
2026-09-02 00:50,ADA,ADA,0.195655,0.511,0.256,0.256,2.3,133494,0.00125,13.01
2026-09-02 00:50,DOT,DOT,0.866,1.617,0.808,0.924,1.039,39222,0.00125,14.12
2026-09-02 00:50,UNI,UNI,5.837149999999999,2.227,1.114,1.285,1.285,37850,0.00125,14.73
2026-09-02 00:50,AAVE,AAVE,126.86500000000001,0.788,1.971,2.759,2.759,196530,0.00125,16.44
2026-09-02 00:50,ARB,ARB,0.109155,4.581,2.29,5.039,5.039,38214,0.00125,17.08
2026-09-02 00:50,POL,POL,0.08959900000000001,1.563,1.563,2.455,3.237,8358,-0.000449,12.13
2026-09-02 00:50,RENDER,RENDER,1.4238,4.214,3.512,3.512,5.619,13832,0.00125,19.52
2026-09-02 00:50,DOGE,DOGE,0.08160300000000001,1.225,0.613,0.613,0.613,179786,0.00125,13.73
2026-09-02 00:50,SHIB,kSHIB,0.0051365000000000004,1.947,2.92,4.867,6.814,238958,0.00125,18.34
2026-09-02 00:50,PEPE,kPEPE,0.0034695,2.882,1.441,1.441,4.323,846416,0.00125,15.38
2026-09-02 00:50,WIF,WIF,0.19606,2.04,2.04,3.57,3.57,54103,0.00125,16.58
2026-09-02 00:50,BONK,kBONK,0.0029585,3.38,1.69,5.07,5.07,291001,0.00125,15.88
2026-09-02 00:50,TRUMP,TRUMP,2.2615999999999996,0.884,0.884,1.326,1.769,114278,0.00122,14.18
2026-09-02 00:55,BTC,BTC,77300.5,0.129,0.065,0.065,0.065,2656019,0.00125,12.63
2026-09-02 00:55,ETH,ETH,2414.6499999999996,0.414,0.207,0.207,0.207,8189460,0.00125,12.91
2026-09-02 00:55,SOL,SOL,99.6455,0.1,0.05,0.05,0.05,279907,-0.000147,9.1
2026-09-02 00:55,XRP,XRP,1.34575,0.743,0.372,0.372,0.372,2164879,0.00125,13.24
2026-09-02 00:55,AVAX,AVAX,7.18685,1.531,0.765,0.904,0.904,54345,0.000612,12.24
2026-09-02 00:55,LINK,LINK,11.1795,0.894,0.447,0.447,0.447,544150,0.00125,13.39
2026-09-02 00:55,LTC,LTC,49.549499999999995,0.202,0.101,0.101,0.101,67316,0.00125,12.7
2026-09-02 00:55,ADA,ADA,0.195475,0.512,0.256,0.256,1.279,191642,0.00125,13.01
2026-09-02 00:55,DOT,DOT,0.863165,1.274,0.637,0.753,0.753,19046,0.00125,13.77
2026-09-02 00:55,UNI,UNI,5.8351500000000005,0.171,1.628,1.628,2.828,27168,0.00125,15.76
2026-09-02 00:55,AAVE,AAVE,126.86,1.577,0.788,0.788,1.577,209920,0.00125,14.08
2026-09-02 00:55,ARB,ARB,0.108875,0.918,0.459,2.296,4.133,43133,0.00125,13.42
2026-09-02 00:55,POL,POL,0.089501,3.128,1.564,2.682,4.581,7166,-0.000544,12.13
2026-09-02 00:55,RENDER,RENDER,1.42075,3.519,1.76,2.463,3.871,14509,0.00125,16.02
2026-09-02 00:55,DOGE,DOGE,0.0815285,0.123,0.061,0.061,0.061,140630,0.00125,12.62
2026-09-02 00:55,SHIB,kSHIB,0.0051295,1.95,2.924,2.924,4.874,164245,0.00125,18.35
2026-09-02 00:55,PEPE,kPEPE,0.0034645,2.886,1.443,1.443,1.443,811878,0.00125,15.39
2026-09-02 00:55,WIF,WIF,0.195745,2.554,2.299,2.81,3.832,66780,0.00125,17.1
2026-09-02 00:55,BONK,kBONK,0.0029575,3.381,1.691,5.072,5.072,208741,0.00125,15.88
2026-09-02 00:55,TRUMP,TRUMP,2.25745,0.443,0.221,0.664,1.107,22545,0.001108,12.55
2026-09-02 01:00,BTC,BTC,77237.5,0.129,0.065,0.065,0.065,7844938,0.00125,12.63
2026-09-02 01:00,ETH,ETH,2412.1499999999996,0.415,0.207,0.207,0.207,10920247,0.00125,12.91
2026-09-02 01:00,SOL,SOL,99.5885,0.1,0.05,0.05,0.05,411907,-0.000628,9.1
2026-09-02 01:00,XRP,XRP,1.34435,0.744,0.372,1.86,2.603,2132144,0.00125,13.24
2026-09-02 01:00,AVAX,AVAX,7.181900000000001,1.671,0.835,0.835,1.532,62781,0.00114,13.86
2026-09-02 01:00,LINK,LINK,11.1615,0.896,0.448,0.448,0.448,449965,0.00125,13.4
2026-09-02 01:00,LTC,LTC,49.5135,0.606,0.303,0.505,0.505,54729,0.00125,13.11
2026-09-02 01:00,ADA,ADA,0.19513999999999998,1.025,0.512,1.025,1.025,154369,0.00125,13.52
2026-09-02 01:00,DOT,DOT,0.8621300000000001,0.232,0.116,0.232,0.232,18670,-0.000759,9.23
2026-09-02 01:00,UNI,UNI,5.8212,1.031,0.515,0.515,1.031,26477,0.002204,16.2
2026-09-02 01:00,AAVE,AAVE,126.83,1.577,0.788,0.788,0.788,155415,0.00125,14.08
2026-09-02 01:00,ARB,ARB,0.10867,1.84,0.92,0.92,0.92,81800,0.00125,14.34
2026-09-02 01:00,POL,POL,0.08950949999999999,1.005,0.503,1.955,4.078,8717,-0.002433,10.01
2026-09-02 01:00,RENDER,RENDER,1.42005,4.929,2.465,2.465,3.873,14212,0.00125,17.43
2026-09-02 01:00,DOGE,DOGE,0.081424,1.228,0.614,0.737,0.737,189997,0.00125,13.73
2026-09-02 01:00,SHIB,kSHIB,0.005128,3.9,1.95,1.95,3.9,176248,0.00125,16.4
2026-09-02 01:00,PEPE,kPEPE,0.0034615,2.889,1.444,1.444,1.444,782305,0.00125,15.39
2026-09-02 01:00,WIF,WIF,0.19540000000000002,6.141,4.094,4.606,7.165,40260,0.00125,20.69
2026-09-02 01:00,BONK,kBONK,0.0029579999999999997,6.761,3.381,3.381,3.381,166262,0.00125,19.26
2026-09-02 01:00,TRUMP,TRUMP,2.257,1.772,0.886,1.772,4.431,28341,-0.000919,10.77
2026-09-02 01:05,BTC,BTC,77215.5,0.13,0.065,0.065,0.065,6551254,0.00125,12.63
2026-09-02 01:05,ETH,ETH,2412.05,0.415,0.207,0.207,0.207,11117242,0.00125,12.91
2026-09-02 01:05,SOL,SOL,99.6695,0.1,0.05,0.05,0.05,389764,-0.000337,9.1
2026-09-02 01:05,XRP,XRP,1.34485,0.744,0.372,0.372,0.372,2085651,0.00125,13.24
2026-09-02 01:05,AVAX,AVAX,7.17915,0.696,0.766,0.766,1.045,36674,0.001072,13.54
2026-09-02 01:05,LINK,LINK,11.1615,0.896,0.448,0.448,0.448,439230,0.00125,13.4
2026-09-02 01:05,LTC,LTC,49.447500000000005,0.202,0.101,0.303,0.91,46589,0.00125,12.7
2026-09-02 01:05,ADA,ADA,0.195285,0.512,0.256,0.768,0.768,167847,0.00125,13.01
2026-09-02 01:05,DOT,DOT,0.862635,2.898,1.449,1.565,1.565,39013,-6e-05,11.9
2026-09-02 01:05,UNI,UNI,5.82105,0.172,0.086,0.086,1.804,25373,0.00125,12.67
2026-09-02 01:05,AAVE,AAVE,126.82,3.154,1.577,1.577,2.366,180358,0.00125,15.65
2026-09-02 01:05,ARB,ARB,0.108945,2.754,2.295,2.295,2.295,78418,0.00125,17.09
2026-09-02 01:05,POL,POL,0.08952299999999999,2.234,1.117,3.686,3.798,12279,-0.000971,11.23
2026-09-02 01:05,RENDER,RENDER,1.419,4.228,2.114,2.819,3.524,18311,0.00125,16.73
2026-09-02 01:05,DOGE,DOGE,0.0814135,0.123,2.272,2.272,2.395,148630,0.00125,17.04
2026-09-02 01:05,SHIB,kSHIB,0.005131500000000001,1.949,0.974,4.872,4.872,164582,0.00125,14.45
2026-09-02 01:05,PEPE,kPEPE,0.0034590000000000003,5.782,2.891,2.891,2.891,805505,0.00125,18.28
2026-09-02 01:05,WIF,WIF,0.19538499999999998,1.535,0.768,0.768,2.303,71885,0.00125,14.04
2026-09-02 01:05,BONK,kBONK,0.0029535,3.386,1.693,1.693,1.693,224201,0.00125,15.89
2026-09-02 01:05,TRUMP,TRUMP,2.2549,0.887,0.443,0.887,0.887,66319,0.000442,11.12
2026-09-02 01:10,BTC,BTC,77278.5,0.129,0.065,0.065,0.065,3284344,0.00125,12.63
2026-09-02 01:10,ETH,ETH,2414.1499999999996,0.414,0.207,0.207,0.207,7779930,0.00125,12.91
2026-09-02 01:10,SOL,SOL,99.7535,0.1,0.05,0.05,0.05,286048,-3.9e-05,9.1
2026-09-02 01:10,XRP,XRP,1.3465500000000001,0.743,0.371,0.371,0.371,2165676,0.00125,13.24
2026-09-02 01:10,AVAX,AVAX,7.1876999999999995,1.113,0.557,0.557,1.67,54118,0.00125,13.61
2026-09-02 01:10,LINK,LINK,11.182500000000001,0.894,0.447,0.447,0.447,491067,0.00125,13.39
2026-09-02 01:10,LTC,LTC,49.4925,0.202,0.101,0.101,0.909,46130,0.00125,12.7
2026-09-02 01:10,ADA,ADA,0.19550499999999998,0.511,0.256,0.256,0.256,110695,0.00125,13.01
2026-09-02 01:10,DOT,DOT,0.864455,1.735,0.868,1.562,1.677,27559,0.000716,12.74
2026-09-02 01:10,UNI,UNI,5.84195,0.171,0.086,0.086,0.086,28650,0.00125,12.67
2026-09-02 01:10,AAVE,AAVE,127.28999999999999,1.571,0.786,1.571,1.571,160168,0.00125,14.07
2026-09-02 01:10,ARB,ARB,0.10901,3.669,1.835,1.835,1.835,107773,0.00125,16.17
2026-09-02 01:10,POL,POL,0.0895295,2.346,1.173,1.284,1.843,8753,-0.000697,11.35
2026-09-02 01:10,RENDER,RENDER,1.4233,5.621,2.81,3.513,4.216,17251,0.00125,18.12
2026-09-02 01:10,DOGE,DOGE,0.0815005,1.104,0.552,0.675,0.675,128021,0.00125,13.6
2026-09-02 01:10,SHIB,kSHIB,0.005136,3.894,1.947,1.947,3.894,296063,0.00125,16.39
2026-09-02 01:10,PEPE,kPEPE,0.0034625,2.888,1.444,1.444,1.444,834079,0.00125,15.39
2026-09-02 01:10,WIF,WIF,0.19578,2.043,1.022,1.022,1.532,66150,0.00125,14.54
2026-09-02 01:10,BONK,kBONK,0.0029575,3.381,1.691,1.691,1.691,198862,0.00125,15.88
2026-09-02 01:10,TRUMP,TRUMP,2.2571000000000003,0.886,0.443,0.886,0.886,71247,0.000731,11.93
2026-09-02 01:15,BTC,BTC,77267.5,0.129,0.065,0.065,0.065,3516563,0.00125,12.63
2026-09-02 01:15,ETH,ETH,2413.3500000000004,0.414,0.207,0.207,0.207,6346463,0.00125,12.91
2026-09-02 01:15,SOL,SOL,99.6855,0.1,0.05,0.05,0.05,214561,-0.000319,9.1
2026-09-02 01:15,XRP,XRP,1.3463500000000002,0.743,0.371,0.371,0.371,1882147,0.00125,13.24
2026-09-02 01:15,AVAX,AVAX,7.18755,1.252,0.626,0.626,1.183,64169,0.00125,13.75
2026-09-02 01:15,LINK,LINK,11.182500000000001,0.894,0.447,0.447,0.447,466286,0.00125,13.39
2026-09-02 01:15,LTC,LTC,49.4805,0.606,0.303,0.505,0.707,47989,0.00125,13.11
2026-09-02 01:15,ADA,ADA,0.19550499999999998,0.511,0.256,0.256,0.256,161906,0.00125,13.01
2026-09-02 01:15,DOT,DOT,0.862815,1.738,0.869,1.101,1.681,29920,0.000902,13.26
2026-09-02 01:15,UNI,UNI,5.825699999999999,0.687,0.343,1.202,1.373,26189,0.00125,13.19
2026-09-02 01:15,AAVE,AAVE,127.075,2.361,1.18,1.18,1.18,208651,0.00125,14.86
2026-09-02 01:15,ARB,ARB,0.10911499999999999,0.916,0.458,0.458,0.458,97145,0.00125,13.42
2026-09-02 01:15,POL,POL,0.089409,0.895,0.447,1.79,2.796,5694,-0.00059,9.89
2026-09-02 01:15,RENDER,RENDER,1.4193500000000001,4.932,2.466,3.17,4.58,19647,0.00125,17.43
2026-09-02 01:15,DOGE,DOGE,0.0814395,0.123,0.061,0.061,0.061,163930,0.00125,12.62
2026-09-02 01:15,SHIB,kSHIB,0.0051345,1.948,0.974,0.974,0.974,208207,0.00125,14.45
2026-09-02 01:15,PEPE,kPEPE,0.003458,5.784,2.892,2.892,2.892,788721,0.00125,18.28
2026-09-02 01:15,WIF,WIF,0.19429000000000002,7.206,4.632,5.662,6.691,64594,0.00125,21.76
2026-09-02 01:15,BONK,kBONK,0.002955,6.768,3.384,3.384,3.384,229252,0.00125,19.27
2026-09-02 01:15,TRUMP,TRUMP,2.25525,1.33,0.665,0.665,0.665,75049,0.000745,12.42
2026-09-02 01:20,BTC,BTC,77300.5,0.129,0.065,0.065,0.065,3496814,0.00125,12.63
2026-09-02 01:20,ETH,ETH,2414.95,0.414,0.207,0.207,0.207,6589559,0.00125,12.91
2026-09-02 01:20,SOL,SOL,99.7695,0.1,0.05,0.05,0.05,240910,-0.000397,9.1
2026-09-02 01:20,XRP,XRP,1.34715,0.742,0.371,0.371,0.371,2088846,0.00125,13.24
2026-09-02 01:20,AVAX,AVAX,7.19045,0.974,0.487,0.487,1.043,94956,0.00125,13.47
2026-09-02 01:20,LINK,LINK,11.1815,0.894,0.447,0.447,0.447,508606,0.00125,13.39
2026-09-02 01:20,LTC,LTC,49.5085,1.01,0.505,0.707,0.707,65798,0.00125,13.51
2026-09-02 01:20,ADA,ADA,0.195675,0.511,0.256,0.767,0.767,190572,0.00125,13.01
2026-09-02 01:20,DOT,DOT,0.8650150000000001,2.196,1.098,1.214,1.214,31922,0.00125,14.7
2026-09-02 01:20,UNI,UNI,5.849600000000001,1.026,0.513,0.513,0.513,44585,0.00125,13.53
2026-09-02 01:20,AAVE,AAVE,127.21000000000001,1.572,0.786,1.572,1.572,154099,0.00125,14.07
2026-09-02 01:20,ARB,ARB,0.109195,2.747,1.374,1.374,1.374,106987,0.00125,15.25
2026-09-02 01:20,POL,POL,0.089397,0.671,1.119,2.461,5.034,4237,-0.000787,11.24
2026-09-02 01:20,RENDER,RENDER,1.4197,4.226,2.113,2.817,3.522,19383,0.00125,16.73
2026-09-02 01:20,DOGE,DOGE,0.0815,0.736,0.368,0.491,0.491,147473,0.00125,13.24
2026-09-02 01:20,SHIB,kSHIB,0.005136,3.894,1.947,1.947,3.894,194422,0.00125,16.39
2026-09-02 01:20,PEPE,kPEPE,0.00346,5.78,2.89,2.89,2.89,791518,0.00125,18.28
2026-09-02 01:20,WIF,WIF,0.19458,1.028,0.514,1.028,2.056,87720,0.00125,13.53
2026-09-02 01:20,BONK,kBONK,0.002957,6.764,3.382,3.382,3.382,303354,0.00125,19.26
2026-09-02 01:20,TRUMP,TRUMP,2.2586500000000003,0.443,0.221,0.664,1.107,23038,0.000705,11.42
2026-09-02 01:25,BTC,BTC,77310.5,0.129,0.065,0.065,0.065,4791571,0.00125,12.63
2026-09-02 01:25,ETH,ETH,2415.05,0.414,0.207,0.207,0.207,7837549,0.00125,12.91
2026-09-02 01:25,SOL,SOL,99.8105,0.1,0.05,0.05,0.05,551475,-0.000388,9.1
2026-09-02 01:25,XRP,XRP,1.3465500000000001,0.743,0.371,0.371,0.371,2176959,0.00125,13.24
2026-09-02 01:25,AVAX,AVAX,7.1899,0.556,0.278,0.278,1.252,97225,0.00125,13.06
2026-09-02 01:25,LINK,LINK,11.1735,0.895,0.447,0.447,0.447,450238,0.00125,13.39
2026-09-02 01:25,LTC,LTC,49.476,1.213,0.606,0.808,0.808,49380,0.00125,13.71
2026-09-02 01:25,ADA,ADA,0.195685,0.511,0.256,0.256,0.767,222245,0.00125,13.01
2026-09-02 01:25,DOT,DOT,0.86372,1.621,0.81,0.926,1.042,22031,0.00125,14.12
2026-09-02 01:25,UNI,UNI,5.822649999999999,2.92,1.46,1.46,1.46,37042,0.00125,15.42
2026-09-02 01:25,AAVE,AAVE,126.94999999999999,1.575,0.788,1.575,1.575,162660,0.00125,14.08
2026-09-02 01:25,ARB,ARB,0.10924500000000001,0.915,0.458,1.373,1.373,102240,0.00125,13.42
2026-09-02 01:25,POL,POL,0.089344,2.239,1.119,2.35,3.806,6346,-0.001061,11.24
2026-09-02 01:25,RENDER,RENDER,1.4183,4.23,2.115,2.82,4.23,17927,0.00125,16.73
2026-09-02 01:25,DOGE,DOGE,0.081468,0.736,0.368,0.368,0.368,191283,0.00125,13.24
2026-09-02 01:25,SHIB,kSHIB,0.0051305,1.949,0.975,2.924,4.873,195968,0.00125,14.45
2026-09-02 01:25,PEPE,kPEPE,0.0034595,2.891,1.445,1.445,1.445,1114570,0.00125,15.39
2026-09-02 01:25,WIF,WIF,0.19357000000000002,2.066,2.066,2.066,3.616,57094,0.00125,16.63
2026-09-02 01:25,BONK,kBONK,0.002954,6.77,3.385,3.385,3.385,201760,0.00125,19.27
2026-09-02 01:25,TRUMP,TRUMP,2.25815,1.329,1.107,1.55,2.436,55251,0.000628,12.97
2026-09-02 01:30,BTC,BTC,77407.5,0.129,0.065,0.065,0.065,10213299,0.00125,12.63
2026-09-02 01:30,ETH,ETH,2417.95,0.414,0.207,0.207,0.207,8386775,0.00125,12.91
2026-09-02 01:30,SOL,SOL,99.9075,0.1,0.05,0.05,0.05,463213,-0.000186,9.1
2026-09-02 01:30,XRP,XRP,1.34885,0.741,0.371,0.371,0.371,2240097,0.00125,13.24
2026-09-02 01:30,AVAX,AVAX,7.2001,1.389,0.694,0.694,0.972,102788,0.00125,13.89
2026-09-02 01:30,LINK,LINK,11.192499999999999,0.893,0.447,0.447,0.447,549125,0.00125,13.39
2026-09-02 01:30,LTC,LTC,49.495999999999995,0.404,0.202,0.202,0.404,55469,0.00125,12.9
2026-09-02 01:30,ADA,ADA,0.196,2.041,1.02,1.531,1.531,162057,0.00125,14.54
2026-09-02 01:30,DOT,DOT,0.865755,1.964,0.982,0.982,1.213,28405,0.00125,14.46
2026-09-02 01:30,UNI,UNI,5.8375,1.37,0.685,1.713,1.884,33054,0.00125,13.87
2026-09-02 01:30,AAVE,AAVE,127.47,1.569,0.784,0.784,0.784,209082,0.00125,14.07
2026-09-02 01:30,ARB,ARB,0.109285,0.915,0.458,0.458,0.458,71859,0.00125,13.42
2026-09-02 01:30,POL,POL,0.08949750000000001,2.346,1.173,1.285,2.291,7114,-0.00098,11.35
2026-09-02 01:30,RENDER,RENDER,1.4207,4.223,2.112,2.816,2.816,16589,0.00125,16.72
2026-09-02 01:30,DOGE,DOGE,0.081579,0.735,0.49,0.49,0.613,195169,0.00125,13.48
2026-09-02 01:30,SHIB,kSHIB,0.0051265,1.951,2.926,2.926,4.877,157321,0.00125,18.35
2026-09-02 01:30,PEPE,kPEPE,0.0034645,2.886,1.443,1.443,4.33,788626,0.00125,15.39
2026-09-02 01:30,WIF,WIF,0.19367499999999999,3.614,2.84,4.389,4.905,31655,0.00125,18.18
2026-09-02 01:30,BONK,kBONK,0.0029585,3.38,1.69,1.69,5.07,235623,0.00125,15.88
2026-09-02 01:30,TRUMP,TRUMP,2.26085,0.442,1.548,1.99,1.99,57205,0.000807,14.36
2026-09-02 01:35,BTC,BTC,77443.5,0.129,0.065,0.065,0.065,2069498,0.00125,12.63
2026-09-02 01:35,ETH,ETH,2420.25,0.413,0.207,0.207,0.207,10204194,0.00125,12.91
2026-09-02 01:35,SOL,SOL,99.95949999999999,0.1,0.05,0.25,0.25,265249,-0.000122,9.1
2026-09-02 01:35,XRP,XRP,1.35155,0.74,0.37,0.37,0.37,2098310,0.00125,13.24
2026-09-02 01:35,AVAX,AVAX,7.21335,1.248,0.624,0.762,0.762,61737,0.00125,13.75
2026-09-02 01:35,LINK,LINK,11.219000000000001,1.783,0.891,0.891,0.891,534039,0.00125,14.28
2026-09-02 01:35,LTC,LTC,49.561,0.404,0.202,0.404,0.404,49622,0.00125,12.9
2026-09-02 01:35,ADA,ADA,0.196405,0.509,0.255,0.255,0.255,240828,0.00125,13.01
2026-09-02 01:35,DOT,DOT,0.86896,1.151,0.921,1.036,1.611,43725,0.00125,14.34
2026-09-02 01:35,UNI,UNI,5.8776,2.722,1.361,1.361,2.552,26976,0.00125,15.22
2026-09-02 01:35,AAVE,AAVE,127.665,2.35,1.175,1.175,1.175,198268,0.00125,14.85
2026-09-02 01:35,ARB,ARB,0.11030000000000001,1.813,0.907,0.907,0.907,116302,0.00125,14.31
2026-09-02 01:35,POL,POL,0.0895985,0.335,0.725,1.284,2.176,7513,-0.000816,10.45
2026-09-02 01:35,RENDER,RENDER,1.4229500000000002,2.108,1.054,1.757,5.271,17270,0.00125,14.61
2026-09-02 01:35,DOGE,DOGE,0.081709,0.49,0.245,0.367,0.367,279054,0.00125,12.99
2026-09-02 01:35,SHIB,kSHIB,0.0051395,1.946,0.973,2.919,4.864,180724,0.00125,14.45
2026-09-02 01:35,PEPE,kPEPE,0.0034735,2.879,1.439,4.318,4.318,833996,0.00125,15.38
2026-09-02 01:35,WIF,WIF,0.19457000000000002,2.056,1.028,3.084,3.084,95639,0.00125,14.56
2026-09-02 01:35,BONK,kBONK,0.0029705,3.366,1.683,1.683,1.683,199614,0.00125,15.87
2026-09-02 01:35,TRUMP,TRUMP,2.2641,0.883,0.442,0.883,1.325,55493,0.001,12.68
2026-09-02 01:40,BTC,BTC,77509.5,0.129,0.065,0.065,0.065,1506963,0.00125,12.63
2026-09-02 01:40,ETH,ETH,2424.1499999999996,0.413,0.206,0.206,0.206,7849113,0.00125,12.91
2026-09-02 01:40,SOL,SOL,100.095,0.999,0.5,0.5,0.5,4624237,6.5e-05,10.18
2026-09-02 01:40,XRP,XRP,1.3539500000000002,0.739,0.369,0.369,0.369,1994948,0.00125,13.24
2026-09-02 01:40,AVAX,AVAX,7.225099999999999,1.661,0.83,0.83,0.969,78831,0.00125,14.16
2026-09-02 01:40,LINK,LINK,11.2425,0.889,0.445,0.445,0.445,490010,0.00125,13.39
2026-09-02 01:40,LTC,LTC,49.6095,0.202,0.101,0.101,0.706,40081,0.00125,12.7
2026-09-02 01:40,ADA,ADA,0.19671,1.017,0.508,0.508,0.508,247303,0.00125,13.52
2026-09-02 01:40,DOT,DOT,0.8725350000000001,2.178,1.089,1.203,1.433,15104,0.00125,14.68
2026-09-02 01:40,UNI,UNI,5.86435,0.171,0.085,0.085,1.79,27046,0.00125,12.67
2026-09-02 01:40,AAVE,AAVE,127.88499999999999,0.782,0.391,1.955,1.955,124482,0.00125,13.28
2026-09-02 01:40,ARB,ARB,0.110445,0.905,1.358,3.169,4.074,92610,0.00125,15.22
2026-09-02 01:40,POL,POL,0.089839,0.668,0.334,0.445,0.445,11504,-0.001767,9.67
2026-09-02 01:40,RENDER,RENDER,1.4262,2.805,1.402,2.103,2.805,15717,0.00125,15.3
2026-09-02 01:40,DOGE,DOGE,0.0818225,0.122,0.061,0.061,0.061,248730,0.00125,12.62
2026-09-02 01:40,SHIB,kSHIB,0.0051515,1.941,0.971,2.912,2.912,233100,0.00125,14.44
2026-09-02 01:40,PEPE,kPEPE,0.0034795,2.874,1.437,1.437,4.311,783487,0.00125,15.37
2026-09-02 01:40,WIF,WIF,0.195025,2.564,1.282,1.795,2.307,38046,0.00125,15.06
2026-09-02 01:40,BONK,kBONK,0.002983,6.705,3.352,3.352,3.352,162941,0.00125,19.2
2026-09-02 01:40,TRUMP,TRUMP,2.2689500000000002,0.441,0.661,1.102,2.424,45479,0.001201,13.69
2026-09-02 01:45,BTC,BTC,77489.5,0.129,0.065,0.065,0.065,3813210,0.00125,12.63
2026-09-02 01:45,ETH,ETH,2422.45,0.413,0.206,0.206,0.206,7454875,0.00125,12.91
2026-09-02 01:45,SOL,SOL,100.025,1.0,0.5,0.5,0.5,4357458,0.000153,10.43
2026-09-02 01:45,XRP,XRP,1.3524500000000002,0.739,0.37,0.37,0.37,2176209,0.00125,13.24
2026-09-02 01:45,AVAX,AVAX,7.2244,1.107,0.692,0.692,1.384,59898,0.00125,13.88
2026-09-02 01:45,LINK,LINK,11.220500000000001,0.891,0.446,1.337,1.337,289962,0.00125,13.39
2026-09-02 01:45,LTC,LTC,49.590500000000006,0.202,0.101,0.101,0.101,45485,0.00125,12.7
2026-09-02 01:45,ADA,ADA,0.196405,0.509,0.255,0.764,0.764,169084,0.00125,13.01
2026-09-02 01:45,DOT,DOT,0.87128,2.295,1.148,1.263,1.722,19395,0.00125,14.8
2026-09-02 01:45,UNI,UNI,5.83825,1.542,0.771,0.942,0.942,32808,0.00125,14.04
2026-09-02 01:45,AAVE,AAVE,127.63,1.567,0.784,0.784,1.567,137881,0.00125,14.07
2026-09-02 01:45,ARB,ARB,0.11022,1.815,2.722,2.722,2.722,77059,0.00125,17.94
2026-09-02 01:45,POL,POL,0.08995500000000001,2.223,1.112,1.223,2.001,4755,-0.001776,11.22
2026-09-02 01:45,RENDER,RENDER,1.424,4.213,2.107,2.809,4.213,16007,0.00125,16.71
2026-09-02 01:45,DOGE,DOGE,0.0817385,0.122,0.061,0.061,0.061,199780,0.00125,12.62
2026-09-02 01:45,SHIB,kSHIB,0.005154,3.88,1.94,1.94,3.88,177400,0.00125,16.38
2026-09-02 01:45,PEPE,kPEPE,0.003476,5.754,2.877,2.877,2.877,809302,0.00125,18.25
2026-09-02 01:45,WIF,WIF,0.195135,1.537,0.769,1.281,1.794,66623,0.00125,14.04
2026-09-02 01:45,BONK,kBONK,0.0029760000000000003,6.72,3.36,3.36,3.36,143621,0.00125,19.22
2026-09-02 01:45,TRUMP,TRUMP,2.26885,1.322,0.661,1.102,1.543,54333,0.00125,13.82
2026-09-02 01:50,BTC,BTC,77566.5,0.129,0.064,0.064,0.064,3733518,0.00125,12.63
2026-09-02 01:50,ETH,ETH,2425.05,0.412,0.206,0.206,0.206,7420859,0.00125,12.91
2026-09-02 01:50,SOL,SOL,100.185,0.998,0.499,0.499,0.499,4839528,0.000244,10.68
2026-09-02 01:50,XRP,XRP,1.3545500000000001,0.738,0.369,0.369,0.369,2043110,0.00125,13.24
2026-09-02 01:50,AVAX,AVAX,7.228350000000001,0.692,0.484,0.484,0.623,71589,0.00125,13.47
2026-09-02 01:50,LINK,LINK,11.2455,0.889,0.445,0.445,0.445,531812,0.00125,13.39
2026-09-02 01:50,LTC,LTC,49.629999999999995,0.806,0.403,0.604,1.209,48891,0.00125,13.31
2026-09-02 01:50,ADA,ADA,0.19677,2.033,1.016,1.525,1.525,145481,0.00125,14.53
2026-09-02 01:50,DOT,DOT,0.872395,0.802,0.401,0.516,0.516,28063,0.00125,13.3
2026-09-02 01:50,UNI,UNI,5.843500000000001,5.476,2.738,2.738,2.738,53167,0.00125,17.98
2026-09-02 01:50,AAVE,AAVE,127.88499999999999,5.474,2.737,2.737,2.737,145294,0.00125,17.97
2026-09-02 01:50,ARB,ARB,0.11037,1.812,0.906,0.906,0.906,75173,0.00125,14.31
2026-09-02 01:50,POL,POL,0.0900855,2.775,1.388,2.942,3.275,4704,-0.001577,11.78
2026-09-02 01:50,RENDER,RENDER,1.42605,6.311,3.156,3.857,5.259,15000,0.00125,18.81
2026-09-02 01:50,DOGE,DOGE,0.081744,0.734,0.367,0.367,0.367,217195,0.00125,13.23
2026-09-02 01:50,SHIB,kSHIB,0.0051525,1.941,2.911,4.852,4.852,172327,0.00125,18.32
2026-09-02 01:50,PEPE,kPEPE,0.0034775,2.876,1.438,1.438,1.438,824714,0.00125,15.38
2026-09-02 01:50,WIF,WIF,0.195025,2.564,2.307,2.307,3.333,44644,0.00125,17.11
2026-09-02 01:50,BONK,kBONK,0.002981,6.709,3.355,3.355,3.355,237848,0.00125,19.21
2026-09-02 01:50,TRUMP,TRUMP,2.27255,0.44,0.22,1.1,2.42,49397,0.00125,12.94
2026-09-02 01:55,BTC,BTC,77445.5,0.129,0.065,0.065,0.065,2806917,0.00125,12.63
2026-09-02 01:55,ETH,ETH,2419.55,0.413,0.207,0.207,0.207,7588610,0.00125,12.91
2026-09-02 01:55,SOL,SOL,100.005,1.0,0.5,0.5,0.5,4447096,0.000281,10.79
2026-09-02 01:55,XRP,XRP,1.35195,0.74,0.37,0.37,0.37,2215451,0.00125,13.24
2026-09-02 01:55,AVAX,AVAX,7.22295,0.969,0.485,0.623,0.9,75063,0.00125,13.47
2026-09-02 01:55,LINK,LINK,11.2285,0.891,0.445,0.445,0.445,478257,0.00125,13.39
2026-09-02 01:55,LTC,LTC,49.584,0.403,0.202,0.403,0.807,50932,0.00125,12.9
2026-09-02 01:55,ADA,ADA,0.19656,1.018,0.509,0.509,0.509,183703,0.00125,13.52
2026-09-02 01:55,DOT,DOT,0.87114,2.066,1.033,1.033,1.033,30836,0.00125,14.57
2026-09-02 01:55,UNI,UNI,5.847250000000001,0.513,0.257,0.257,0.257,28810,0.00125,13.01
2026-09-02 01:55,AAVE,AAVE,127.72,4.698,2.349,3.132,3.132,142119,0.00125,17.2
2026-09-02 01:55,ARB,ARB,0.110265,0.907,0.453,0.453,0.453,92067,0.00125,13.41
2026-09-02 01:55,POL,POL,0.09007,2.22,1.11,1.221,2.332,5175,-0.001596,11.22
2026-09-02 01:55,RENDER,RENDER,1.424,4.213,2.107,2.809,4.213,11222,0.00125,16.71
2026-09-02 01:55,DOGE,DOGE,0.0816825,0.122,0.061,0.061,0.061,199967,0.00125,12.62
2026-09-02 01:55,SHIB,kSHIB,0.005148,3.885,1.943,3.885,5.828,161245,0.00125,16.39
2026-09-02 01:55,PEPE,kPEPE,0.0034755,2.877,1.439,1.439,1.439,836659,0.00125,15.38
2026-09-02 01:55,WIF,WIF,0.194515,2.57,1.285,2.313,3.342,89182,0.00125,15.07
2026-09-02 01:55,BONK,kBONK,0.002975,6.723,3.361,3.361,3.361,177996,0.00125,19.22
2026-09-02 01:55,TRUMP,TRUMP,2.2718,0.88,0.44,1.321,1.761,48231,0.00125,13.38
2026-09-02 02:00,BTC,BTC,77493.5,0.129,0.065,0.065,0.065,2305550,0.00125,12.63
2026-09-02 02:00,ETH,ETH,2420.75,0.413,1.033,1.033,1.033,7911926,0.00125,14.57
2026-09-02 02:00,SOL,SOL,100.055,0.999,0.5,0.5,0.5,5620318,9.9e-05,10.28
2026-09-02 02:00,XRP,XRP,1.3531499999999999,0.739,0.37,0.37,0.37,1943720,0.00125,13.24
2026-09-02 02:00,AVAX,AVAX,7.2223500000000005,0.415,0.208,0.346,0.346,76691,0.00125,12.92
2026-09-02 02:00,LINK,LINK,11.246500000000001,0.889,0.445,0.445,0.445,470569,0.00125,13.39
2026-09-02 02:00,LTC,LTC,49.614999999999995,0.806,0.403,0.605,0.605,89067,0.00125,13.31
2026-09-02 02:00,ADA,ADA,0.19700499999999999,1.523,0.761,1.269,1.269,140476,0.00125,14.02
2026-09-02 02:00,DOT,DOT,0.87253,4.126,2.063,2.063,2.063,37034,0.00125,16.63
2026-09-02 02:00,UNI,UNI,5.852650000000001,3.246,1.623,2.307,2.478,27704,0.00125,15.75
2026-09-02 02:00,AAVE,AAVE,127.955,0.782,1.172,1.954,2.735,118185,0.00125,14.84
2026-09-02 02:00,ARB,ARB,0.110595,2.713,1.356,1.356,1.356,81720,0.001262,15.24
2026-09-02 02:00,POL,POL,0.0902,2.439,1.996,1.996,4.324,6857,-0.000522,12.99
2026-09-02 02:00,RENDER,RENDER,1.4259499999999998,3.506,1.753,2.455,4.558,16141,0.00125,16.01
2026-09-02 02:00,DOGE,DOGE,0.0817105,0.122,0.184,0.306,0.428,135769,0.00125,12.87
2026-09-02 02:00,SHIB,kSHIB,0.0051494999999999996,1.942,0.971,0.971,2.913,183603,0.00125,14.44
2026-09-02 02:00,PEPE,kPEPE,0.003482,5.744,2.872,2.872,2.872,720104,0.00125,18.24
2026-09-02 02:00,WIF,WIF,0.194,1.031,0.515,0.515,0.515,66790,0.00125,13.53
2026-09-02 02:00,BONK,kBONK,0.0029755,3.361,1.68,1.68,1.68,165467,0.00125,15.86
2026-09-02 02:00,TRUMP,TRUMP,2.2737499999999997,0.44,0.22,6.817,6.817,120843,0.00125,12.94
2026-09-02 02:05,BTC,BTC,77454.5,0.129,0.065,0.065,0.065,2390691,0.00125,12.63
2026-09-02 02:05,ETH,ETH,2420.25,0.413,0.207,0.207,0.207,9800048,0.00125,12.91
2026-09-02 02:05,SOL,SOL,100.005,1.0,0.5,0.5,0.5,5507327,-0.000164,10.0
2026-09-02 02:05,XRP,XRP,1.3520500000000002,0.74,0.37,0.37,0.37,1820617,0.00125,13.24
2026-09-02 02:05,AVAX,AVAX,7.2223500000000005,1.246,0.623,0.762,1.038,82489,0.00125,13.75
2026-09-02 02:05,LINK,LINK,11.2365,0.89,0.445,0.445,0.445,463808,0.00125,13.39
2026-09-02 02:05,LTC,LTC,49.742,1.206,0.603,0.603,0.804,48112,0.00125,13.71
2026-09-02 02:05,ADA,ADA,0.196965,0.508,0.254,0.254,0.762,133126,0.00125,13.01
2026-09-02 02:05,DOT,DOT,0.872545,1.948,0.974,0.974,0.974,31534,0.00125,14.45
2026-09-02 02:05,UNI,UNI,5.84785,1.539,0.77,0.77,0.77,27513,0.00125,14.04
2026-09-02 02:05,AAVE,AAVE,127.78999999999999,1.565,0.783,0.783,2.348,121045,0.00125,14.07
2026-09-02 02:05,ARB,ARB,0.109915,2.729,1.365,1.365,2.274,54704,0.00125,15.23
2026-09-02 02:05,POL,POL,0.09013199999999999,1.775,2.108,2.885,5.104,4499,0.000939,15.85
2026-09-02 02:05,RENDER,RENDER,1.4262000000000001,4.207,2.103,2.805,4.207,15825,0.00125,16.71
2026-09-02 02:05,DOGE,DOGE,0.0816765,0.612,0.306,0.429,0.429,143121,0.00125,13.11
2026-09-02 02:05,SHIB,kSHIB,0.005154499999999999,1.94,0.97,2.91,4.85,167492,0.00125,14.44
2026-09-02 02:05,PEPE,kPEPE,0.0034815000000000002,2.872,1.436,1.436,1.436,836348,0.00125,15.37
2026-09-02 02:05,WIF,WIF,0.194685,1.541,0.77,2.311,2.825,38415,0.000326,11.45
2026-09-02 02:05,BONK,kBONK,0.002968,6.739,3.369,3.369,3.369,203765,0.00125,19.24
2026-09-02 02:05,TRUMP,TRUMP,2.2725,0.88,0.44,0.44,1.32,24913,0.00125,13.38
2026-09-02 02:10,BTC,BTC,77368.5,0.129,0.065,0.065,0.065,1839078,0.00125,12.63
2026-09-02 02:10,ETH,ETH,2419.05,0.413,0.207,0.207,0.207,7290132,0.00125,12.91
2026-09-02 02:10,SOL,SOL,100.025,1.0,0.5,0.5,0.5,4521065,-0.000321,10.0
2026-09-02 02:10,XRP,XRP,1.3520500000000002,0.74,0.37,0.37,0.37,1919218,0.00125,13.24
2026-09-02 02:10,AVAX,AVAX,7.22375,0.969,0.485,0.485,0.623,61751,0.001188,13.3
2026-09-02 02:10,LINK,LINK,11.2255,0.891,0.445,0.445,0.445,277385,0.00125,13.39
2026-09-02 02:10,LTC,LTC,49.799499999999995,1.406,0.703,0.904,0.904,55043,0.00125,13.91
2026-09-02 02:10,ADA,ADA,0.19692500000000002,1.523,0.762,0.762,0.762,132931,0.00125,14.02
2026-09-02 02:10,DOT,DOT,0.87153,0.459,0.229,0.229,0.229,36495,0.00125,12.96
2026-09-02 02:10,UNI,UNI,5.86045,1.194,1.28,1.45,1.45,21402,0.00125,15.06
2026-09-02 02:10,AAVE,AAVE,127.69,1.566,0.783,1.566,1.566,170504,0.00125,14.07
2026-09-02 02:10,ARB,ARB,0.110155,2.723,2.27,4.085,4.993,54699,0.00125,17.04
2026-09-02 02:10,POL,POL,0.08994949999999999,1.668,1.612,2.279,2.501,9921,0.00125,15.72
2026-09-02 02:10,RENDER,RENDER,1.4304000000000001,1.398,2.796,2.796,4.894,9906,0.00125,18.09
2026-09-02 02:10,DOGE,DOGE,0.081677,0.979,0.49,0.49,0.612,183767,0.00125,13.48
2026-09-02 02:10,SHIB,kSHIB,0.0051675,1.935,0.968,2.903,2.903,197597,0.00125,14.44
2026-09-02 02:10,PEPE,kPEPE,0.0034785,2.875,1.437,1.437,1.437,823504,0.00125,15.37
2026-09-02 02:10,WIF,WIF,0.19438499999999997,1.543,0.772,1.286,1.801,62645,-0.000112,10.54
2026-09-02 02:10,BONK,kBONK,0.0029735,3.363,1.682,1.682,1.682,185009,0.00125,15.86
2026-09-02 02:10,TRUMP,TRUMP,2.27455,1.319,0.659,0.659,0.659,158556,0.00125,13.82
2026-09-02 02:15,BTC,BTC,77399.5,0.129,0.065,0.065,0.065,23244413,0.00125,12.63
2026-09-02 02:15,ETH,ETH,2421.45,0.413,0.206,0.206,0.206,7222602,0.00125,12.91
2026-09-02 02:15,SOL,SOL,100.095,0.999,0.5,0.5,0.5,4427667,-0.000477,10.0
2026-09-02 02:15,XRP,XRP,1.35285,0.739,0.37,1.109,1.109,1518680,0.00125,13.24
2026-09-02 02:15,AVAX,AVAX,7.2299,0.83,0.553,0.553,0.553,64639,0.00125,13.61
2026-09-02 02:15,LINK,LINK,11.2275,0.891,0.445,0.445,0.445,499078,0.00125,13.39
2026-09-02 02:15,LTC,LTC,49.766999999999996,0.804,0.402,0.603,0.804,44053,0.00125,13.3
2026-09-02 02:15,ADA,ADA,0.197275,0.507,0.253,0.76,1.267,134435,0.00125,13.01
2026-09-02 02:15,DOT,DOT,0.875605,1.028,0.514,0.514,0.514,30742,0.00125,13.53
2026-09-02 02:15,UNI,UNI,5.91235,0.169,3.467,3.467,3.467,22984,0.00125,19.43
2026-09-02 02:15,AAVE,AAVE,127.995,0.781,0.391,0.391,2.734,199254,0.00125,13.28
2026-09-02 02:15,ARB,ARB,0.10973,1.823,0.911,0.911,0.911,62357,0.00125,14.32
2026-09-02 02:15,POL,POL,0.090204,2.439,1.219,2.328,3.437,9949,0.00125,14.94
2026-09-02 02:15,RENDER,RENDER,1.4344000000000001,1.394,2.789,3.486,4.183,16082,0.00125,18.08
2026-09-02 02:15,DOGE,DOGE,0.081691,0.245,0.857,0.857,0.857,162038,0.00125,14.21
2026-09-02 02:15,SHIB,kSHIB,0.0051815,1.93,0.965,4.825,6.755,181719,0.00125,14.43
2026-09-02 02:15,PEPE,kPEPE,0.0034795,2.874,1.437,1.437,1.437,851644,0.00125,15.37
2026-09-02 02:15,WIF,WIF,0.194585,1.542,0.771,2.313,2.313,68608,-0.000233,10.54
2026-09-02 02:15,BONK,kBONK,0.0029875,3.347,1.674,1.674,1.674,148243,0.00125,15.85
2026-09-02 02:15,TRUMP,TRUMP,2.27055,0.44,0.22,0.22,0.22,96144,0.00125,12.94
2026-09-02 02:20,BTC,BTC,77365.5,0.129,0.065,0.065,0.065,4057562,0.00125,12.63
2026-09-02 02:20,ETH,ETH,2419.1499999999996,0.413,0.207,0.207,0.207,7740407,0.00125,12.91
2026-09-02 02:20,SOL,SOL,99.9705,0.1,0.05,0.05,0.05,296050,-0.000598,9.1
2026-09-02 02:20,XRP,XRP,1.34925,0.741,0.371,0.371,0.371,1965635,0.00125,13.24
2026-09-02 02:20,AVAX,AVAX,7.225949999999999,1.522,0.761,0.761,0.761,76181,0.00125,14.02
2026-09-02 02:20,LINK,LINK,11.2045,0.892,0.446,0.446,0.446,422332,0.00125,13.39
2026-09-02 02:20,LTC,LTC,49.8245,0.201,0.1,0.1,0.702,54487,0.00125,12.7
2026-09-02 02:20,ADA,ADA,0.197055,0.507,0.254,0.254,0.254,171056,0.00125,13.01
2026-09-02 02:20,DOT,DOT,0.87111,2.526,1.263,1.378,1.378,33023,0.00125,15.03
2026-09-02 02:20,UNI,UNI,5.8839500000000005,1.53,0.765,1.954,1.954,28690,0.00125,14.03
2026-09-02 02:20,AAVE,AAVE,127.995,0.781,0.391,0.391,0.391,130487,0.00125,13.28
2026-09-02 02:20,ARB,ARB,0.108985,0.918,0.459,0.459,0.459,70910,0.00125,13.42
2026-09-02 02:20,POL,POL,0.090052,1.11,0.555,2.332,2.887,7214,0.00125,13.61
2026-09-02 02:20,RENDER,RENDER,1.4281000000000001,5.602,2.801,3.501,4.902,17260,0.00125,18.1
2026-09-02 02:20,DOGE,DOGE,0.0815645,1.103,0.552,0.552,0.552,167369,0.00125,13.6
2026-09-02 02:20,SHIB,kSHIB,0.0051635,1.937,0.968,0.968,0.968,196599,0.00125,14.44
2026-09-02 02:20,PEPE,kPEPE,0.0034745,2.878,1.439,1.439,1.439,808880,0.00125,15.38
2026-09-02 02:20,WIF,WIF,0.19422,4.119,2.06,3.089,3.089,69273,-0.000355,13.12
2026-09-02 02:20,BONK,kBONK,0.002977,6.718,3.359,3.359,3.359,176144,0.00125,19.22
2026-09-02 02:20,TRUMP,TRUMP,2.2586500000000003,0.443,0.221,0.221,0.221,431181,0.00125,12.94
2026-09-02 02:25,BTC,BTC,77361.5,0.129,0.065,0.065,0.065,3164364,0.00125,12.63
2026-09-02 02:25,ETH,ETH,2418.55,0.413,0.207,0.207,0.207,6457067,0.00125,12.91
2026-09-02 02:25,SOL,SOL,99.90950000000001,0.1,0.05,0.05,0.05,284124,-0.000813,9.1
2026-09-02 02:25,XRP,XRP,1.34925,0.741,0.371,0.371,0.371,1947545,0.00125,13.24
2026-09-02 02:25,AVAX,AVAX,7.22425,0.138,0.069,0.069,0.069,88938,0.00125,12.64
2026-09-02 02:25,LINK,LINK,11.1975,0.893,0.447,0.447,0.447,429144,0.00125,13.39
2026-09-02 02:25,LTC,LTC,49.682500000000005,0.201,0.101,0.101,0.503,67450,0.00125,12.7
2026-09-02 02:25,ADA,ADA,0.19703500000000002,0.508,0.254,0.254,0.254,200033,0.00125,13.01
2026-09-02 02:25,DOT,DOT,0.870555,1.493,0.747,0.747,0.747,15182,0.00125,13.99
2026-09-02 02:25,UNI,UNI,5.87155,0.852,0.426,0.426,0.426,32881,0.00125,13.35
2026-09-02 02:25,AAVE,AAVE,127.765,0.783,0.391,0.391,0.391,145330,0.00125,13.28
2026-09-02 02:25,ARB,ARB,0.10878499999999999,2.758,1.379,1.379,1.379,86245,0.00125,15.26
2026-09-02 02:25,POL,POL,0.0901175,0.777,0.388,0.499,1.276,9598,0.00125,13.28
2026-09-02 02:25,RENDER,RENDER,1.4273500000000001,4.904,2.452,2.452,4.554,18395,0.00125,17.4
2026-09-02 02:25,DOGE,DOGE,0.08155950000000001,0.123,0.061,0.061,0.061,127814,0.00125,12.62
2026-09-02 02:25,SHIB,kSHIB,0.00516,3.876,1.938,1.938,3.876,199701,0.00125,16.38
2026-09-02 02:25,PEPE,kPEPE,0.0034745,2.878,1.439,1.439,1.439,814183,0.00125,15.38
2026-09-02 02:25,WIF,WIF,0.194075,0.515,0.258,2.319,3.349,39707,-0.000377,9.52
2026-09-02 02:25,BONK,kBONK,0.0029765,3.36,1.68,1.68,1.68,175298,0.00125,15.86
2026-09-02 02:25,TRUMP,TRUMP,2.25235,0.444,0.222,1.11,1.554,79042,0.00125,12.94
2026-09-02 02:30,BTC,BTC,77220.5,0.129,0.065,0.065,0.065,2227896,0.00125,12.63
2026-09-02 02:30,ETH,ETH,2411.3500000000004,0.415,0.207,0.207,0.207,9236124,0.00125,12.91
2026-09-02 02:30,SOL,SOL,99.6755,0.1,0.05,0.05,0.05,414856,-0.000916,9.1
2026-09-02 02:30,XRP,XRP,1.34475,0.744,0.372,0.372,0.372,2018194,0.00125,13.24
2026-09-02 02:30,AVAX,AVAX,7.19375,0.139,0.07,0.07,0.348,77433,0.00125,12.64
2026-09-02 02:30,LINK,LINK,11.157499999999999,0.896,0.448,0.448,0.448,305496,0.00125,13.4
2026-09-02 02:30,LTC,LTC,49.3995,0.202,0.101,0.101,0.101,55844,0.00125,12.7
2026-09-02 02:30,ADA,ADA,0.196545,0.509,0.254,0.254,0.254,150204,0.00125,13.01
2026-09-02 02:30,DOT,DOT,0.86806,1.613,0.806,0.806,0.806,38276,0.00125,14.11
2026-09-02 02:30,UNI,UNI,5.873049999999999,1.873,0.936,0.936,0.936,31893,0.00125,14.37
2026-09-02 02:30,AAVE,AAVE,127.245,2.358,1.179,1.179,1.965,108759,0.00125,14.86
2026-09-02 02:30,ARB,ARB,0.108295,0.923,3.232,4.155,4.155,72247,0.00125,18.96
2026-09-02 02:30,POL,POL,0.089881,2.448,1.224,1.224,3.226,8613,0.00125,14.95
2026-09-02 02:30,RENDER,RENDER,1.4210500000000001,4.926,2.463,3.167,4.574,10302,0.00125,17.43
2026-09-02 02:30,DOGE,DOGE,0.081315,1.476,0.738,0.738,0.738,99913,0.00125,13.98
2026-09-02 02:30,SHIB,kSHIB,0.0051415,1.945,2.917,2.917,2.917,171844,0.00125,18.33
2026-09-02 02:30,PEPE,kPEPE,0.0034645,2.886,1.443,1.443,1.443,776308,0.00125,15.39
2026-09-02 02:30,WIF,WIF,0.1933,3.104,1.552,2.069,2.587,59432,-0.000286,12.1
2026-09-02 02:30,BONK,kBONK,0.002964,6.748,3.374,3.374,3.374,223197,0.00125,19.25
2026-09-02 02:30,TRUMP,TRUMP,2.2390499999999998,1.34,0.67,2.01,2.903,81215,0.001045,13.27
2026-09-02 02:35,BTC,BTC,77235.5,0.129,0.065,0.065,0.065,3153874,0.00125,12.63
2026-09-02 02:35,ETH,ETH,2413.05,0.414,0.207,0.207,0.207,7215700,0.00125,12.91
2026-09-02 02:35,SOL,SOL,99.7705,0.1,0.05,0.05,0.05,351891,-0.000822,9.1
2026-09-02 02:35,XRP,XRP,1.3455499999999998,0.743,0.372,0.372,0.372,1846280,0.00125,13.24
2026-09-02 02:35,AVAX,AVAX,7.1933,1.112,0.556,0.556,0.695,67982,0.00125,13.61
2026-09-02 02:35,LINK,LINK,11.1705,0.895,0.448,1.343,1.343,428720,0.00125,13.4
2026-09-02 02:35,LTC,LTC,49.45,1.213,0.607,0.809,1.011,42339,0.00125,13.71
2026-09-02 02:35,ADA,ADA,0.197155,0.507,0.254,0.254,0.254,175551,0.00125,13.01
2026-09-02 02:35,DOT,DOT,0.86713,2.768,1.384,1.96,2.422,28769,0.00125,15.27
2026-09-02 02:35,UNI,UNI,5.8672,1.704,0.852,1.534,2.386,29007,0.00125,14.2
2026-09-02 02:35,AAVE,AAVE,127.49000000000001,1.569,0.784,3.138,3.138,128361,0.00125,14.07
2026-09-02 02:35,ARB,ARB,0.10792,1.853,0.927,0.927,1.853,59139,0.00125,14.35
2026-09-02 02:35,POL,POL,0.0901905,1.663,0.832,0.942,1.608,10302,0.00125,14.16
2026-09-02 02:35,RENDER,RENDER,1.4214,2.814,1.407,2.111,3.518,20882,0.00125,15.31
2026-09-02 02:35,DOGE,DOGE,0.081425,0.246,0.123,0.491,0.614,197608,0.00125,12.75
2026-09-02 02:35,SHIB,kSHIB,0.005140499999999999,1.945,0.973,0.973,2.918,195915,0.00125,14.45
2026-09-02 02:35,PEPE,kPEPE,0.0034725,2.88,1.44,1.44,1.44,790870,0.00125,15.38
2026-09-02 02:35,WIF,WIF,0.19345,2.068,1.034,1.034,1.034,74009,2.9e-05,11.15
2026-09-02 02:35,BONK,kBONK,0.0029665,3.371,1.685,1.685,1.685,223136,0.00125,15.87
2026-09-02 02:35,TRUMP,TRUMP,2.2529500000000002,1.332,0.666,1.11,1.11,81174,0.000732,12.38
2026-09-02 02:40,BTC,BTC,77155.5,0.13,0.065,0.065,0.065,4716988,0.00125,12.63
2026-09-02 02:40,ETH,ETH,2408.3500000000004,0.415,0.208,0.208,0.208,8195935,0.00125,12.92
2026-09-02 02:40,SOL,SOL,99.61449999999999,0.1,0.05,0.05,0.05,239434,-0.000726,9.1
2026-09-02 02:40,XRP,XRP,1.34185,0.745,0.373,0.373,0.373,2153141,0.00125,13.25
2026-09-02 02:40,AVAX,AVAX,7.1802,0.836,0.418,0.557,0.975,71640,0.00125,13.34
2026-09-02 02:40,LINK,LINK,11.1615,2.688,1.344,1.344,1.344,246500,0.00125,15.19
2026-09-02 02:40,LTC,LTC,49.34,0.811,0.405,0.608,0.811,47825,0.00125,13.31
2026-09-02 02:40,ADA,ADA,0.19640000000000002,2.037,1.018,1.018,1.018,146048,0.00125,14.54
2026-09-02 02:40,DOT,DOT,0.865145,1.734,0.867,1.676,1.676,31166,0.00125,14.23
2026-09-02 02:40,UNI,UNI,5.857200000000001,0.683,0.341,0.512,0.512,29923,0.00125,13.18
2026-09-02 02:40,AAVE,AAVE,126.97999999999999,1.575,0.788,1.575,1.575,99892,0.00125,14.08
2026-09-02 02:40,ARB,ARB,0.10828,1.847,0.924,0.924,0.924,93258,0.00125,14.35
2026-09-02 02:40,POL,POL,0.089956,3.113,1.556,1.556,1.779,9904,0.00125,15.61
2026-09-02 02:40,RENDER,RENDER,1.4183,5.641,2.82,3.525,4.935,21288,0.00125,18.14
2026-09-02 02:40,DOGE,DOGE,0.0812885,0.123,0.062,0.062,0.062,249672,0.00125,12.62
2026-09-02 02:40,SHIB,kSHIB,0.0051335,1.948,0.974,0.974,0.974,217406,0.00125,14.45
2026-09-02 02:40,PEPE,kPEPE,0.0034665,2.885,1.442,1.442,1.442,802427,0.00125,15.38
2026-09-02 02:40,WIF,WIF,0.192935,2.592,1.296,2.332,2.851,63587,0.000207,12.17
2026-09-02 02:40,BONK,kBONK,0.002961,6.754,3.377,3.377,3.377,195283,0.00125,19.25
2026-09-02 02:40,TRUMP,TRUMP,2.24235,0.446,0.223,1.115,1.115,66118,0.000396,10.55
2026-09-02 02:45,BTC,BTC,77225.5,0.129,0.065,0.065,0.065,2490529,0.00125,12.63
2026-09-02 02:45,ETH,ETH,2409.8500000000004,0.415,0.207,0.207,0.207,5535524,0.00125,12.91
2026-09-02 02:45,SOL,SOL,99.7145,0.1,0.05,0.05,0.05,356596,-0.000617,9.1
2026-09-02 02:45,XRP,XRP,1.3430499999999999,0.745,0.372,0.372,0.372,2047764,0.00125,13.24
2026-09-02 02:45,AVAX,AVAX,7.18685,1.809,0.904,0.904,0.904,86976,0.00125,14.31
2026-09-02 02:45,LINK,LINK,11.1715,0.895,0.448,1.343,1.343,414561,0.00125,13.4
2026-09-02 02:45,LTC,LTC,49.2775,0.203,0.101,0.304,0.304,70097,0.00125,12.7
2026-09-02 02:45,ADA,ADA,0.19650499999999999,0.509,0.254,0.254,1.272,190184,0.00125,13.01
2026-09-02 02:45,DOT,DOT,0.867515,1.96,0.98,0.98,0.98,32701,0.00125,14.46
2026-09-02 02:45,UNI,UNI,5.8576,1.707,0.854,0.854,0.854,33311,0.00125,14.21
2026-09-02 02:45,AAVE,AAVE,127.09,1.574,0.787,1.574,1.574,179295,0.00125,14.07
2026-09-02 02:45,ARB,ARB,0.108305,0.923,0.462,0.462,0.462,69696,0.00125,13.42
2026-09-02 02:45,POL,POL,0.090019,2.666,1.333,1.444,1.555,10408,0.001177,14.96
2026-09-02 02:45,RENDER,RENDER,1.4177499999999998,3.527,2.469,2.469,3.174,26360,0.00125,17.44
2026-09-02 02:45,DOGE,DOGE,0.08131050000000001,1.845,0.922,1.045,2.029,217951,0.00125,14.34
2026-09-02 02:45,SHIB,kSHIB,0.005138500000000001,1.946,2.919,6.811,6.811,193999,0.00125,18.34
2026-09-02 02:45,PEPE,kPEPE,0.0034685000000000002,2.883,1.442,1.442,1.442,832336,0.00125,15.38
2026-09-02 02:45,WIF,WIF,0.19313999999999998,1.036,0.518,1.553,2.589,65028,0.000414,11.2
2026-09-02 02:45,BONK,kBONK,0.002963,6.75,3.375,3.375,3.375,222771,0.00125,19.25
2026-09-02 02:45,TRUMP,TRUMP,2.2464500000000003,0.445,0.223,0.223,0.223,65168,0.000109,9.75
2026-09-02 02:50,BTC,BTC,77171.5,0.13,0.065,0.065,0.065,3475830,0.00125,12.63
2026-09-02 02:50,ETH,ETH,2408.05,0.415,0.208,0.208,0.208,7453898,0.00125,12.92
2026-09-02 02:50,SOL,SOL,99.6305,0.1,0.05,0.05,0.05,522909,-0.00052,9.1
2026-09-02 02:50,XRP,XRP,1.34085,0.746,0.373,0.373,0.373,1862241,0.00125,13.25
2026-09-02 02:50,AVAX,AVAX,7.17955,0.139,0.07,0.07,0.07,57941,0.00125,12.64
2026-09-02 02:50,LINK,LINK,11.1645,0.896,0.448,0.448,0.448,271482,0.00125,13.4
2026-09-02 02:50,LTC,LTC,49.3075,0.608,0.304,0.507,0.507,47221,0.00125,13.11
2026-09-02 02:50,ADA,ADA,0.196245,1.529,0.764,0.764,0.764,108776,0.00125,14.03
2026-09-02 02:50,DOT,DOT,0.86826,2.073,1.037,1.152,1.958,25690,0.00125,14.57
2026-09-02 02:50,UNI,UNI,5.88825,0.17,0.085,0.085,0.085,36752,0.00125,12.67
2026-09-02 02:50,AAVE,AAVE,127.37,1.57,0.785,0.785,0.785,183238,0.00125,14.07
2026-09-02 02:50,ARB,ARB,0.108295,2.77,1.385,1.385,1.385,99673,0.00125,15.27
2026-09-02 02:50,POL,POL,0.09003900000000001,1.999,1.777,2.221,3.11,6494,0.000942,15.19
2026-09-02 02:50,RENDER,RENDER,1.4169,4.235,2.117,2.823,4.235,10218,0.00125,16.73
2026-09-02 02:50,DOGE,DOGE,0.0812495,0.123,0.062,0.431,0.431,75394,0.00125,12.62
2026-09-02 02:50,SHIB,kSHIB,0.0051395,1.946,0.973,0.973,2.919,176202,0.00125,14.45
2026-09-02 02:50,PEPE,kPEPE,0.0034645,2.886,1.443,1.443,1.443,793678,0.00125,15.39
2026-09-02 02:50,WIF,WIF,0.193135,3.624,1.812,1.812,1.812,87358,0.000612,14.34
2026-09-02 02:50,BONK,kBONK,0.0029685,3.369,1.684,1.684,1.684,206883,0.00125,15.87
2026-09-02 02:50,TRUMP,TRUMP,2.23785,2.234,1.117,1.117,1.117,68355,-9e-05,11.23
2026-09-02 02:55,BTC,BTC,77168.5,0.13,0.065,0.065,0.065,1972177,0.00125,12.63
2026-09-02 02:55,ETH,ETH,2408.8500000000004,0.415,0.208,0.208,0.208,6593157,0.00125,12.92
2026-09-02 02:55,SOL,SOL,99.6455,0.1,0.05,0.05,0.05,304089,-0.000464,9.1
2026-09-02 02:55,XRP,XRP,1.3415499999999998,0.745,0.373,0.373,0.373,1938573,0.00125,13.25
2026-09-02 02:55,AVAX,AVAX,7.17305,0.976,0.488,0.627,0.627,39438,0.00125,13.48
2026-09-02 02:55,LINK,LINK,11.163499999999999,0.896,0.448,0.448,0.448,426617,0.00125,13.4
2026-09-02 02:55,LTC,LTC,49.142,1.221,0.61,0.814,0.814,36433,0.00125,13.72
2026-09-02 02:55,ADA,ADA,0.19620500000000002,0.51,0.255,1.274,1.784,180971,0.00125,13.01
2026-09-02 02:55,DOT,DOT,0.866325,1.731,0.866,0.866,1.905,25541,0.00125,14.23
2026-09-02 02:55,UNI,UNI,5.8774,1.361,0.681,0.851,0.851,30892,0.00125,13.86
2026-09-02 02:55,AAVE,AAVE,126.86500000000001,0.788,0.394,0.394,0.394,175305,0.00125,13.29
2026-09-02 02:55,ARB,ARB,0.10814499999999999,0.925,0.462,1.387,1.387,54763,0.00125,13.42
2026-09-02 02:55,POL,POL,0.08990500000000001,1.557,1.446,1.446,2.558,6141,0.000608,13.59
2026-09-02 02:55,RENDER,RENDER,1.41625,3.53,1.765,2.471,3.883,16713,0.00125,16.03
2026-09-02 02:55,DOGE,DOGE,0.081205,0.739,0.369,1.478,1.601,218090,0.00125,13.24
2026-09-02 02:55,SHIB,kSHIB,0.0051400000000000005,3.891,3.891,5.837,5.837,183511,0.00125,20.28
2026-09-02 02:55,PEPE,kPEPE,0.0034645,2.886,1.443,1.443,1.443,672532,0.00125,15.39
2026-09-02 02:55,WIF,WIF,0.19309500000000002,1.554,0.777,0.777,0.777,49657,0.000798,12.79
2026-09-02 02:55,BONK,kBONK,0.00297,6.734,3.367,3.367,3.367,188510,0.00125,19.23
2026-09-02 02:55,TRUMP,TRUMP,2.23775,2.234,1.117,1.117,2.458,105753,-0.000202,11.23
2026-09-02 03:00,BTC,BTC,77221.5,0.129,0.065,0.065,0.065,4229093,0.00125,12.63
2026-09-02 03:00,ETH,ETH,2410.45,0.415,0.207,0.207,0.207,9393892,0.00125,12.91
2026-09-02 03:00,SOL,SOL,99.6995,0.1,0.05,0.05,0.05,367319,0.00125,12.6
2026-09-02 03:00,XRP,XRP,1.3411499999999998,0.746,0.373,0.373,0.373,2026344,0.00125,13.25
2026-09-02 03:00,AVAX,AVAX,7.1817,0.835,0.418,0.557,0.557,40842,0.001094,12.9
2026-09-02 03:00,LINK,LINK,11.1645,0.896,0.448,0.448,0.448,457993,0.00125,13.4
2026-09-02 03:00,LTC,LTC,49.186499999999995,1.017,0.508,0.712,0.915,42123,0.00125,13.52
2026-09-02 03:00,ADA,ADA,0.19622,4.077,2.039,2.548,2.548,174768,0.00125,16.58
2026-09-02 03:00,DOT,DOT,0.86759,1.153,0.576,0.576,0.576,25981,0.00125,13.65
2026-09-02 03:00,UNI,UNI,5.9024,0.339,0.169,0.169,1.186,27942,0.00125,12.84
2026-09-02 03:00,AAVE,AAVE,127.11500000000001,0.787,0.393,0.393,0.393,186813,0.00125,13.29
2026-09-02 03:00,ARB,ARB,0.10824,1.848,0.924,0.924,0.924,94781,0.001845,16.01
2026-09-02 03:00,POL,POL,0.089952,1.556,0.778,0.889,1.668,5271,4e-06,10.57
2026-09-02 03:00,RENDER,RENDER,1.41855,3.525,1.762,2.467,3.172,25655,0.00125,16.02
2026-09-02 03:00,DOGE,DOGE,0.08118249999999999,0.616,0.308,0.308,0.308,96364,0.00125,13.12
2026-09-02 03:00,SHIB,kSHIB,0.0051470000000000005,3.886,1.943,1.943,1.943,188580,0.00125,16.39
2026-09-02 03:00,PEPE,kPEPE,0.0034665,2.885,1.442,1.442,1.442,825055,0.00125,15.38
2026-09-02 03:00,WIF,WIF,0.193085,2.59,1.295,1.813,2.331,41797,0.00125,15.09
2026-09-02 03:00,BONK,kBONK,0.0029705,3.366,1.683,1.683,1.683,190638,0.00125,15.87
2026-09-02 03:00,TRUMP,TRUMP,2.23535,1.342,0.671,0.671,0.671,121526,-0.00083,10.34
2026-09-02 03:05,BTC,BTC,77161.5,0.13,0.065,0.065,0.065,1544215,0.00125,12.63
2026-09-02 03:05,ETH,ETH,2408.45,0.415,0.208,0.208,0.208,5835596,0.00125,12.92
2026-09-02 03:05,SOL,SOL,99.5555,0.1,0.05,0.05,0.05,331292,0.000193,9.64
2026-09-02 03:05,XRP,XRP,1.3394499999999998,0.747,0.373,0.373,0.373,1969285,0.00125,13.25
2026-09-02 03:05,AVAX,AVAX,7.1724499999999995,0.976,0.488,0.488,0.627,58500,-0.00087,9.98
2026-09-02 03:05,LINK,LINK,11.122499999999999,0.899,0.45,0.45,0.45,264729,0.00125,13.4
2026-09-02 03:05,LTC,LTC,49.1305,0.204,0.102,0.305,0.305,50281,0.00125,12.7
2026-09-02 03:05,ADA,ADA,0.195905,0.51,0.255,0.255,0.255,144753,0.00125,13.01
2026-09-02 03:05,DOT,DOT,0.86624,0.924,0.462,0.462,0.462,34459,0.00125,13.42
2026-09-02 03:05,UNI,UNI,5.8549,4.099,2.05,2.05,2.05,42915,0.00125,16.6
2026-09-02 03:05,AAVE,AAVE,126.80000000000001,1.577,0.789,1.577,1.577,105865,0.00125,14.08
2026-09-02 03:05,ARB,ARB,0.108215,0.924,0.462,0.462,0.462,57946,0.00125,13.42
2026-09-02 03:05,POL,POL,0.0897395,0.111,0.056,0.056,1.059,10623,-0.000744,9.11
2026-09-02 03:05,RENDER,RENDER,1.4145500000000002,2.121,1.06,1.767,2.474,18929,0.00125,14.62
2026-09-02 03:05,DOGE,DOGE,0.0810655,0.37,0.185,0.185,0.185,185002,0.00125,12.87
2026-09-02 03:05,SHIB,kSHIB,0.005136,3.894,1.947,3.894,3.894,163073,0.00125,16.39
2026-09-02 03:05,PEPE,kPEPE,0.0034635,2.887,1.444,1.444,1.444,608855,0.00125,15.39
2026-09-02 03:05,WIF,WIF,0.19270500000000002,1.557,0.778,0.778,0.778,66201,0.00125,14.06
2026-09-02 03:05,BONK,kBONK,0.0029575,3.381,1.691,1.691,1.691,236350,0.00125,15.88
2026-09-02 03:05,TRUMP,TRUMP,2.23535,0.447,0.224,0.224,0.224,74795,-0.000487,9.45
2026-09-02 03:10,BTC,BTC,77254.5,0.129,0.065,0.065,0.065,1635147,0.00125,12.63
2026-09-02 03:10,ETH,ETH,2411.8500000000004,0.415,0.207,0.207,0.207,7065119,0.00125,12.91
2026-09-02 03:10,SOL,SOL,99.7245,0.1,0.15,0.451,0.451,167329,8.6e-05,9.54
2026-09-02 03:10,XRP,XRP,1.34265,0.745,0.372,0.372,0.372,2033184,0.00125,13.24
2026-09-02 03:10,AVAX,AVAX,7.18565,0.696,0.348,0.487,0.487,59771,-0.000676,9.7
2026-09-02 03:10,LINK,LINK,11.1695,0.895,0.448,0.448,0.448,466290,0.00125,13.4
2026-09-02 03:10,LTC,LTC,49.248,1.218,0.609,0.812,1.218,58701,0.00125,13.72
2026-09-02 03:10,ADA,ADA,0.196415,1.527,0.764,0.764,1.273,156226,0.00125,14.03
2026-09-02 03:10,DOT,DOT,0.8702449999999999,2.413,1.207,1.207,1.207,51214,0.00125,14.91
2026-09-02 03:10,UNI,UNI,5.8784,2.382,1.191,1.361,1.531,19311,0.00125,14.88
2026-09-02 03:10,AAVE,AAVE,127.295,0.786,0.393,1.178,1.178,162187,0.00125,13.29
2026-09-02 03:10,ARB,ARB,0.10869999999999999,1.84,0.92,0.92,0.92,55616,0.00125,14.34
2026-09-02 03:10,POL,POL,0.090167,2.218,1.109,2.773,2.994,8532,0.000585,12.86
2026-09-02 03:10,RENDER,RENDER,1.41835,4.935,2.468,3.173,3.878,28529,0.00125,17.44
2026-09-02 03:10,DOGE,DOGE,0.0813065,0.123,0.061,0.061,0.061,102727,0.00125,12.62
2026-09-02 03:10,SHIB,kSHIB,0.005147499999999999,1.943,0.971,0.971,2.914,145955,0.00125,14.44
2026-09-02 03:10,PEPE,kPEPE,0.0034735,2.879,1.439,1.439,1.439,791635,0.00125,15.38
2026-09-02 03:10,WIF,WIF,0.193255,0.517,0.776,0.776,0.776,58970,0.00125,14.05
2026-09-02 03:10,BONK,kBONK,0.0029695,3.368,1.684,1.684,1.684,276480,0.00125,15.87
2026-09-02 03:10,TRUMP,TRUMP,2.24505,2.227,1.114,1.114,1.114,110141,0.001051,14.17
2026-09-02 03:15,BTC,BTC,77230.5,0.129,0.065,0.065,0.065,1403942,0.00125,12.63
2026-09-02 03:15,ETH,ETH,2411.25,0.415,0.207,0.207,0.207,6274767,0.00125,12.91
2026-09-02 03:15,SOL,SOL,99.65950000000001,0.1,0.05,0.05,0.05,251253,-7e-05,9.1
2026-09-02 03:15,XRP,XRP,1.3409499999999999,0.746,0.373,0.373,0.373,2045874,0.00125,13.25
2026-09-02 03:15,AVAX,AVAX,7.18275,1.531,0.766,0.905,0.905,58112,-0.000635,10.53
2026-09-02 03:15,LINK,LINK,11.156500000000001,0.896,0.448,1.345,1.345,272810,0.00125,13.4
2026-09-02 03:15,LTC,LTC,49.2505,1.827,1.117,1.32,1.726,66498,0.00125,14.73
2026-09-02 03:15,ADA,ADA,0.19631500000000002,0.509,0.255,0.255,2.292,183600,0.00125,13.01
2026-09-02 03:15,DOT,DOT,0.87018,1.609,0.804,0.919,1.034,37769,0.00125,14.11
2026-09-02 03:15,UNI,UNI,5.88125,0.17,1.785,1.785,2.125,25626,0.00125,16.07
2026-09-02 03:15,AAVE,AAVE,126.985,2.362,1.181,1.181,1.969,169102,0.00125,14.86
2026-09-02 03:15,ARB,ARB,0.109045,0.917,1.376,3.21,3.21,83148,0.00125,15.25
2026-09-02 03:15,POL,POL,0.09009700000000001,1.998,0.999,1.221,1.332,8521,0.0004,12.12
2026-09-02 03:15,RENDER,RENDER,1.4143,5.657,2.828,3.535,5.657,11939,0.00125,18.16
2026-09-02 03:15,DOGE,DOGE,0.0811755,0.616,0.308,0.308,0.308,185576,0.00125,13.12
2026-09-02 03:15,SHIB,kSHIB,0.005147499999999999,1.943,0.971,0.971,2.914,197843,0.00125,14.44
2026-09-02 03:15,PEPE,kPEPE,0.0034725,2.88,1.44,1.44,1.44,789534,0.00125,15.38
2026-09-02 03:15,WIF,WIF,0.193305,1.552,0.776,0.776,0.776,44282,0.00125,14.05
2026-09-02 03:15,BONK,kBONK,0.0029760000000000003,6.72,3.36,3.36,3.36,203403,0.00125,19.22
2026-09-02 03:15,TRUMP,TRUMP,2.25195,0.444,0.222,0.222,0.222,84784,0.00125,12.94
2026-09-02 03:20,BTC,BTC,77272.5,0.129,0.065,0.065,0.065,5648420,0.00125,12.63
2026-09-02 03:20,ETH,ETH,2412.6499999999996,0.414,0.207,0.207,0.207,6540568,0.00125,12.91
2026-09-02 03:20,SOL,SOL,99.6785,0.1,0.05,0.05,0.05,468250,-2.1e-05,9.1
2026-09-02 03:20,XRP,XRP,1.3413499999999998,0.746,0.373,1.118,1.118,1406740,0.00125,13.25
2026-09-02 03:20,AVAX,AVAX,7.1807,1.671,0.836,0.975,0.975,38708,-0.000513,10.67
2026-09-02 03:20,LINK,LINK,11.162500000000001,0.896,0.448,1.344,1.344,276498,0.00125,13.4
2026-09-02 03:20,LTC,LTC,49.19,0.813,0.407,0.61,0.61,36743,0.00125,13.31
2026-09-02 03:20,ADA,ADA,0.19622499999999998,0.51,0.255,0.255,1.784,135088,0.00125,13.01
2026-09-02 03:20,DOT,DOT,0.87128,1.836,0.918,0.918,0.918,25562,0.00125,14.34
2026-09-02 03:20,UNI,UNI,5.88065,1.53,0.765,0.935,1.105,23914,0.00125,14.03
2026-09-02 03:20,AAVE,AAVE,127.065,2.361,1.18,1.18,1.18,187222,0.00125,14.86
2026-09-02 03:20,ARB,ARB,0.10971500000000001,2.734,1.367,1.367,1.367,102553,0.00125,15.23
2026-09-02 03:20,POL,POL,0.0902615,0.111,0.055,0.277,2.16,4012,0.000166,9.58
2026-09-02 03:20,RENDER,RENDER,1.41345,3.537,1.769,2.476,3.891,16067,0.00125,16.04
2026-09-02 03:20,DOGE,DOGE,0.0811985,0.123,0.062,0.185,0.308,159634,0.00125,12.62
2026-09-02 03:20,SHIB,kSHIB,0.005148,3.885,1.943,1.943,3.885,163967,0.00125,16.39
2026-09-02 03:20,PEPE,kPEPE,0.0034739999999999997,5.757,2.879,2.879,2.879,669629,0.00125,18.26
2026-09-02 03:20,WIF,WIF,0.193635,2.582,1.291,2.324,2.324,65089,0.00125,15.08
2026-09-02 03:20,BONK,kBONK,0.0029765,3.36,1.68,1.68,1.68,160666,0.00125,15.86
2026-09-02 03:20,TRUMP,TRUMP,2.2572,0.886,0.443,0.443,0.443,97910,0.00125,13.39
2026-09-02 03:25,BTC,BTC,77276.5,0.129,0.065,0.065,0.065,4110307,0.00125,12.63
2026-09-02 03:25,ETH,ETH,2412.3500000000004,0.415,0.207,0.207,0.207,6891738,0.00125,12.91
2026-09-02 03:25,SOL,SOL,99.7175,0.1,0.05,0.05,0.05,304827,-0.000229,9.1
2026-09-02 03:25,XRP,XRP,1.3414,1.491,0.745,0.745,0.745,1978097,0.00125,13.99
2026-09-02 03:25,AVAX,AVAX,7.181,1.393,0.696,0.696,0.696,58220,-0.00057,10.39
2026-09-02 03:25,LINK,LINK,11.168,1.791,0.895,0.895,0.895,450243,0.00125,14.29
2026-09-02 03:25,LTC,LTC,49.195499999999996,1.016,0.508,0.711,0.915,49868,0.00125,13.52
2026-09-02 03:25,ADA,ADA,0.19617,1.02,0.51,0.51,1.02,168914,0.00125,13.52
2026-09-02 03:25,DOT,DOT,0.870545,2.412,1.206,1.321,2.01,21129,0.00125,14.91
2026-09-02 03:25,UNI,UNI,5.87315,1.532,0.766,0.766,0.936,27069,0.00125,14.03
2026-09-02 03:25,AAVE,AAVE,127.015,0.787,0.394,1.181,1.181,110525,0.00125,13.29
2026-09-02 03:25,ARB,ARB,0.109325,4.574,2.287,2.287,2.287,87256,0.00125,17.07
2026-09-02 03:25,POL,POL,0.09021850000000001,0.776,1.164,1.94,3.713,4179,-0.000241,11.33
2026-09-02 03:25,RENDER,RENDER,1.4126500000000002,3.539,1.77,2.478,2.478,10962,0.00125,16.04
2026-09-02 03:25,DOGE,DOGE,0.0811965,0.123,0.062,0.062,0.062,293275,0.00125,12.62
2026-09-02 03:25,SHIB,kSHIB,0.005147499999999999,1.943,0.971,0.971,2.914,164693,0.00125,14.44
2026-09-02 03:25,PEPE,kPEPE,0.0034714999999999998,2.881,1.44,1.44,1.44,827121,0.00125,15.38
2026-09-02 03:25,WIF,WIF,0.193425,2.585,1.292,1.809,1.809,75712,0.00125,15.08
2026-09-02 03:25,BONK,kBONK,0.0029725,3.364,1.682,1.682,5.046,197041,0.00125,15.86
2026-09-02 03:25,TRUMP,TRUMP,2.2535499999999997,1.331,0.666,1.553,1.553,79575,0.00125,13.83
2026-09-02 03:30,BTC,BTC,77156.5,0.13,0.065,0.065,0.065,6433351,0.00125,12.63
2026-09-02 03:30,ETH,ETH,2410.1499999999996,0.415,0.207,0.207,0.207,9371547,0.00125,12.91
2026-09-02 03:30,SOL,SOL,99.5895,0.1,0.05,0.05,0.05,448279,-0.000394,9.1
2026-09-02 03:30,XRP,XRP,1.3403,1.492,0.746,0.746,0.746,1419894,0.00125,13.99
2026-09-02 03:30,AVAX,AVAX,7.17085,0.139,0.07,0.07,0.07,42220,-0.000749,9.14
2026-09-02 03:30,LINK,LINK,11.1465,0.897,0.449,0.449,0.449,452425,0.00125,13.4
2026-09-02 03:30,LTC,LTC,49.135999999999996,0.814,0.407,0.611,0.611,39074,0.00125,13.31
2026-09-02 03:30,ADA,ADA,0.19588,2.042,1.021,1.021,1.021,90514,0.00125,14.54
2026-09-02 03:30,DOT,DOT,0.86662,1.385,0.692,1.269,1.5,24517,0.00125,13.88
2026-09-02 03:30,UNI,UNI,5.85765,2.902,1.451,1.451,1.793,24364,0.00125,15.4
2026-09-02 03:30,AAVE,AAVE,126.775,2.366,1.183,1.183,2.761,75017,0.00125,14.87
2026-09-02 03:30,ARB,ARB,0.10938,1.828,0.914,0.914,0.914,103592,0.00125,14.33
2026-09-02 03:30,POL,POL,0.09010699999999999,2.442,1.332,2.109,3.218,5985,-0.000538,11.66
2026-09-02 03:30,RENDER,RENDER,1.40845,3.55,1.775,1.775,3.195,12265,0.00125,16.05
2026-09-02 03:30,DOGE,DOGE,0.081122,0.247,0.123,0.247,0.247,246675,0.00125,12.75
2026-09-02 03:30,SHIB,kSHIB,0.0051395,1.946,0.973,0.973,2.919,151424,0.00125,14.45
2026-09-02 03:30,PEPE,kPEPE,0.0034665,2.885,1.442,1.442,1.442,600514,0.00125,15.38
2026-09-02 03:30,WIF,WIF,0.19311,2.071,1.036,2.071,2.589,68326,0.00125,14.57
2026-09-02 03:30,BONK,kBONK,0.0029579999999999997,6.761,3.381,3.381,3.381,174314,0.00125,19.26
2026-09-02 03:30,TRUMP,TRUMP,2.2487,1.779,0.889,0.889,1.334,78689,0.00125,14.28
2026-09-02 03:35,BTC,BTC,77010.5,0.13,0.065,0.065,0.065,4178255,0.00125,12.63
2026-09-02 03:35,ETH,ETH,2405.25,0.416,0.208,0.208,0.208,6017375,0.00125,12.92
2026-09-02 03:35,SOL,SOL,99.4245,0.101,0.05,0.05,0.05,424514,-0.000507,9.1
2026-09-02 03:35,XRP,XRP,1.3385500000000001,0.747,0.374,0.374,0.374,2088330,0.00125,13.25
2026-09-02 03:35,AVAX,AVAX,7.159000000000001,0.559,0.279,0.419,0.419,40013,-0.000707,9.56
2026-09-02 03:35,LINK,LINK,11.1395,0.898,0.449,0.449,0.449,407782,0.00125,13.4
2026-09-02 03:35,LTC,LTC,49.082499999999996,1.019,0.509,0.713,0.917,48089,0.00125,13.52
2026-09-02 03:35,ADA,ADA,0.195365,1.536,0.768,0.768,0.768,151216,0.00125,14.04
2026-09-02 03:35,DOT,DOT,0.866515,0.808,0.404,0.404,0.404,31886,0.00125,13.31
2026-09-02 03:35,UNI,UNI,5.847099999999999,3.42,1.71,1.881,1.881,19763,0.00125,15.92
2026-09-02 03:35,AAVE,AAVE,126.56,1.58,0.79,0.79,0.79,113000,0.00125,14.08
2026-09-02 03:35,ARB,ARB,0.10961499999999999,0.912,0.456,0.456,0.456,84342,0.00125,13.41
2026-09-02 03:35,POL,POL,0.089865,0.89,0.445,0.556,2.671,9894,-0.000767,9.89
2026-09-02 03:35,RENDER,RENDER,1.4055,1.423,0.711,2.846,3.557,20471,0.00125,13.92
2026-09-02 03:35,DOGE,DOGE,0.08101449999999999,1.358,0.679,0.679,0.679,151903,0.00125,13.86
2026-09-02 03:35,SHIB,kSHIB,0.0051305,1.949,0.975,0.975,2.924,139796,0.00125,14.45
2026-09-02 03:35,PEPE,kPEPE,0.0034549999999999997,5.789,2.894,2.894,2.894,766971,0.00125,18.29
2026-09-02 03:35,WIF,WIF,0.192995,5.7,2.85,2.85,2.85,56755,0.00125,18.2
2026-09-02 03:35,BONK,kBONK,0.002954,6.77,3.385,3.385,3.385,194030,0.00125,19.27
2026-09-02 03:35,TRUMP,TRUMP,2.2409499999999998,0.446,0.223,0.223,2.008,103318,0.00125,12.95
2026-09-02 03:40,BTC,BTC,76980.5,0.13,0.065,0.065,0.065,3925445,0.00125,12.63
2026-09-02 03:40,ETH,ETH,2399.75,0.417,0.208,0.208,0.208,21936952,0.00125,12.92
2026-09-02 03:40,SOL,SOL,99.1505,0.101,0.05,0.05,0.05,434450,-0.000603,9.1
2026-09-02 03:40,XRP,XRP,1.3371499999999998,0.748,0.374,0.374,0.374,1685754,0.00125,13.25
2026-09-02 03:40,AVAX,AVAX,7.1436,0.28,0.14,0.14,0.14,54965,-0.000839,9.28
2026-09-02 03:40,LINK,LINK,11.1235,0.899,0.449,0.449,0.449,428792,0.001181,13.21
2026-09-02 03:40,LTC,LTC,49.0265,3.468,1.938,2.142,2.55,106871,0.00125,16.38
2026-09-02 03:40,ADA,ADA,0.194435,5.657,2.829,2.829,2.829,373106,0.00125,18.16
2026-09-02 03:40,DOT,DOT,0.859695,8.259,4.129,4.129,4.129,30913,0.00125,20.76
2026-09-02 03:40,UNI,UNI,5.78675,3.975,1.987,1.987,2.16,31354,0.00125,16.47
2026-09-02 03:40,AAVE,AAVE,125.785,0.795,0.398,1.193,2.783,88904,0.00125,13.3
2026-09-02 03:40,ARB,ARB,0.108705,15.639,7.819,7.819,7.819,180274,0.00125,28.14
2026-09-02 03:40,POL,POL,0.0893405,3.246,2.407,2.407,4.421,6391,-0.000843,13.81
2026-09-02 03:40,RENDER,RENDER,1.3943500000000002,2.152,1.076,2.51,3.944,12034,0.00125,14.65
2026-09-02 03:40,DOGE,DOGE,0.0804995,2.609,1.304,1.304,1.304,167520,0.00125,15.11
2026-09-02 03:40,SHIB,kSHIB,0.005088499999999999,1.965,0.983,4.913,6.878,216933,0.00125,14.47
2026-09-02 03:40,PEPE,kPEPE,0.0034375,2.909,1.455,1.455,1.455,766470,0.00125,15.41
2026-09-02 03:40,WIF,WIF,0.19173,1.043,0.522,1.565,2.086,43727,0.00125,13.54
2026-09-02 03:40,BONK,kBONK,0.0029360000000000002,6.812,3.406,3.406,3.406,155526,0.00125,19.31
2026-09-02 03:40,TRUMP,TRUMP,2.2211,6.303,3.152,3.152,3.152,111805,0.001225,18.73
2026-09-02 03:45,BTC,BTC,76913.5,0.13,0.065,0.065,0.065,1848702,0.00125,12.63
2026-09-02 03:45,ETH,ETH,2396.25,0.417,0.209,0.209,0.209,8499691,0.00125,12.92
2026-09-02 03:45,SOL,SOL,98.9505,0.101,0.051,0.051,0.051,578448,-0.000642,9.1
2026-09-02 03:45,XRP,XRP,1.3352499999999998,0.749,0.374,0.374,0.374,1444783,0.00125,13.25
2026-09-02 03:45,AVAX,AVAX,7.1341,1.682,0.841,0.981,0.981,50746,-0.000935,10.68
2026-09-02 03:45,LINK,LINK,11.1265,0.899,0.449,0.449,0.449,533080,0.001063,12.87
2026-09-02 03:45,LTC,LTC,49.0165,2.244,1.122,1.326,1.326,39264,0.00125,14.74
2026-09-02 03:45,ADA,ADA,0.19451000000000002,1.028,0.514,1.542,1.542,169555,0.00125,13.53
2026-09-02 03:45,DOT,DOT,0.8623350000000001,1.739,0.87,1.566,2.377,29769,0.00125,14.24
2026-09-02 03:45,UNI,UNI,5.8046500000000005,2.24,1.12,1.12,1.12,29924,0.00125,14.74
2026-09-02 03:45,AAVE,AAVE,125.49000000000001,1.594,0.797,0.797,1.594,181048,0.00125,14.09
2026-09-02 03:45,ARB,ARB,0.109585,4.563,2.281,3.194,3.194,157118,0.00125,17.06
2026-09-02 03:45,POL,POL,0.08944150000000001,1.901,2.18,2.404,3.186,9195,-0.000821,13.36
2026-09-02 03:45,RENDER,RENDER,1.39635,0.716,0.358,1.074,2.507,15732,0.00125,13.22
2026-09-02 03:45,DOGE,DOGE,0.0807455,0.124,0.062,0.062,0.062,208294,0.00125,12.62
2026-09-02 03:45,SHIB,kSHIB,0.005101,3.921,1.96,1.96,3.921,175923,0.00125,16.42
2026-09-02 03:45,PEPE,kPEPE,0.003444,5.807,2.904,2.904,2.904,790496,0.00125,18.31
2026-09-02 03:45,WIF,WIF,0.19206499999999999,1.562,0.781,0.781,0.781,73734,0.00125,14.06
2026-09-02 03:45,BONK,kBONK,0.0029525000000000003,3.387,1.693,1.693,5.08,197755,0.00125,15.89
2026-09-02 03:45,TRUMP,TRUMP,2.2341,1.79,0.895,0.895,0.895,94426,0.00125,14.29
2026-09-02 03:50,BTC,BTC,76721.5,0.13,0.065,0.065,0.065,4629606,0.00125,12.63
2026-09-02 03:50,ETH,ETH,2387.4,0.838,0.419,0.419,0.419,7270090,0.00125,13.34
2026-09-02 03:50,SOL,SOL,98.5375,0.101,0.761,0.761,0.761,329311,-0.000736,10.52
2026-09-02 03:50,XRP,XRP,1.32765,0.753,0.377,0.377,0.377,2058664,0.00125,13.25
2026-09-02 03:50,AVAX,AVAX,7.10945,1.829,0.914,1.899,1.899,34634,-0.001077,10.83
2026-09-02 03:50,LINK,LINK,11.0835,0.902,0.451,1.353,2.256,404037,0.000913,12.46
2026-09-02 03:50,LTC,LTC,48.863,0.409,0.205,0.614,1.023,46828,0.00125,12.91
2026-09-02 03:50,ADA,ADA,0.193215,3.623,1.811,1.811,1.811,159531,0.00125,16.12
2026-09-02 03:50,DOT,DOT,0.8603099999999999,2.557,1.279,1.279,1.279,32189,0.00125,15.06
2026-09-02 03:50,UNI,UNI,5.804399999999999,3.446,1.723,1.723,1.723,44419,0.00125,15.95
2026-09-02 03:50,AAVE,AAVE,125.205,0.799,0.399,0.399,1.198,183043,0.00125,13.3
2026-09-02 03:50,ARB,ARB,0.109315,2.744,1.372,2.287,3.202,87381,0.00125,15.24
2026-09-02 03:50,POL,POL,0.089129,3.142,1.571,1.683,2.356,8362,-0.000947,12.14
2026-09-02 03:50,RENDER,RENDER,1.3952,5.734,4.3,5.017,5.734,12425,0.00125,21.1
2026-09-02 03:50,DOGE,DOGE,0.0803535,0.124,0.062,0.062,0.062,181750,0.00125,12.62
2026-09-02 03:50,SHIB,kSHIB,0.005076,3.94,1.97,3.94,3.94,161727,0.00125,16.44
2026-09-02 03:50,PEPE,kPEPE,0.0034305,2.915,1.458,1.458,1.458,744131,0.00125,15.42
2026-09-02 03:50,WIF,WIF,0.19047,3.15,1.575,2.1,2.625,86259,0.00125,15.65
2026-09-02 03:50,BONK,kBONK,0.0029354999999999997,3.407,1.703,1.703,1.703,185146,0.00125,15.91
2026-09-02 03:50,TRUMP,TRUMP,2.2220500000000003,2.25,1.125,1.125,1.125,125593,0.00125,14.75
2026-09-02 03:55,BTC,BTC,76864.5,0.13,0.065,0.065,0.065,2592013,0.00125,12.63
2026-09-02 03:55,ETH,ETH,2394.75,0.418,0.209,0.209,0.209,10829921,0.00125,12.92
2026-09-02 03:55,SOL,SOL,98.926,0.202,0.101,0.101,0.101,334999,-0.000681,9.2
2026-09-02 03:55,XRP,XRP,1.33235,0.751,0.375,0.375,0.375,2129584,0.00125,13.25
2026-09-02 03:55,AVAX,AVAX,7.1303,0.841,0.421,0.561,0.561,36208,-0.001185,9.84
2026-09-02 03:55,LINK,LINK,11.102,1.801,0.901,0.901,0.901,477897,0.00087,13.24
2026-09-02 03:55,LTC,LTC,49.003,0.816,0.408,1.224,1.224,52331,0.00125,13.32
2026-09-02 03:55,ADA,ADA,0.19411,1.03,0.515,0.515,0.515,135878,0.00125,13.53
2026-09-02 03:55,DOT,DOT,0.86301,2.549,1.275,1.275,1.97,27695,0.00125,15.05
2026-09-02 03:55,UNI,UNI,5.856199999999999,0.342,0.171,0.171,1.025,28181,0.00125,12.84
2026-09-02 03:55,AAVE,AAVE,125.86,1.589,0.795,1.589,3.178,122291,0.00125,14.09
2026-09-02 03:55,ARB,ARB,0.109785,2.733,1.366,1.366,1.366,80743,0.00125,15.23
2026-09-02 03:55,POL,POL,0.08934149999999999,2.127,1.063,1.175,2.183,9991,-0.001134,11.13
2026-09-02 03:55,RENDER,RENDER,1.3970500000000001,3.579,2.505,4.653,6.8,17086,0.00125,17.51
2026-09-02 03:55,DOGE,DOGE,0.0806135,0.124,0.062,0.682,0.93,295535,0.00125,12.62
2026-09-02 03:55,SHIB,kSHIB,0.005098,3.923,1.962,1.962,1.962,159317,0.00125,16.42
2026-09-02 03:55,PEPE,kPEPE,0.0034405,2.907,4.36,4.36,4.36,757028,0.00125,21.22
2026-09-02 03:55,WIF,WIF,0.19119999999999998,2.092,1.046,1.569,2.092,48505,0.00125,14.59
2026-09-02 03:55,BONK,kBONK,0.0029445,3.396,1.698,1.698,1.698,181516,0.00125,15.9
2026-09-02 03:55,TRUMP,TRUMP,2.23695,3.129,1.565,1.565,1.565,97052,0.00125,15.63
2026-09-02 04:00,BTC,BTC,77015.5,0.13,0.065,0.065,0.065,3362501,0.00125,12.63
2026-09-02 04:00,ETH,ETH,2399.55,0.417,0.208,0.208,0.208,9567737,0.00125,12.92
2026-09-02 04:00,SOL,SOL,99.0635,0.101,0.05,0.05,0.05,343956,-0.001083,9.1
2026-09-02 04:00,XRP,XRP,1.3341500000000002,0.75,0.375,0.375,0.375,2076955,0.001059,12.71
2026-09-02 04:00,AVAX,AVAX,7.13505,2.102,1.051,1.191,1.191,40572,-0.001279,11.1
2026-09-02 04:00,LINK,LINK,11.1135,0.9,0.45,1.35,1.35,406133,0.000799,12.14
2026-09-02 04:00,LTC,LTC,49.0015,0.204,0.102,0.102,0.102,79581,0.00125,12.7
2026-09-02 04:00,ADA,ADA,0.19448,2.057,1.028,1.028,1.028,214448,0.000743,13.14
2026-09-02 04:00,DOT,DOT,0.86554,2.311,1.155,1.271,1.271,35969,0.00125,14.81
2026-09-02 04:00,UNI,UNI,5.8445,1.711,0.856,1.027,1.027,24823,0.00125,14.21
2026-09-02 04:00,AAVE,AAVE,125.805,2.385,1.192,1.192,1.987,131190,0.00125,14.88
2026-09-02 04:00,ARB,ARB,0.11008000000000001,3.634,1.817,2.725,2.725,70949,0.00125,16.13
2026-09-02 04:00,POL,POL,0.0893215,2.351,1.176,1.287,2.519,8673,-0.002503,11.35
2026-09-02 04:00,RENDER,RENDER,1.3952,4.3,2.15,2.15,5.017,10182,0.00125,16.8
2026-09-02 04:00,DOGE,DOGE,0.0806525,0.124,0.062,0.062,0.062,217072,0.00125,12.62
2026-09-02 04:00,SHIB,kSHIB,0.005086,3.932,1.966,3.932,5.899,140884,0.00125,16.43
2026-09-02 04:00,PEPE,kPEPE,0.0034435,2.904,1.452,1.452,1.452,744084,0.00125,15.4
2026-09-02 04:00,WIF,WIF,0.19095499999999999,2.618,1.309,2.357,2.88,41302,0.00125,15.12
2026-09-02 04:00,BONK,kBONK,0.002942,6.798,3.399,3.399,3.399,195834,0.00125,19.3
2026-09-02 04:00,TRUMP,TRUMP,2.23485,1.342,0.671,0.671,0.671,120229,0.00125,13.84
2026-09-02 04:05,BTC,BTC,76925.5,0.13,0.065,0.065,0.065,5770468,0.00125,12.63
2026-09-02 04:05,ETH,ETH,2395.3500000000004,0.417,0.209,0.209,0.209,9003351,0.00125,12.92
2026-09-02 04:05,SOL,SOL,98.70349999999999,0.101,0.051,0.051,0.051,889890,-0.001932,9.1
2026-09-02 04:05,XRP,XRP,1.33115,0.751,0.376,0.376,0.376,2179407,0.000783,11.94
2026-09-02 04:05,AVAX,AVAX,7.129049999999999,1.543,0.771,0.912,0.912,66041,-0.002357,10.54
2026-09-02 04:05,LINK,LINK,11.090499999999999,0.902,0.451,0.451,0.451,250672,0.000656,11.74
2026-09-02 04:05,LTC,LTC,48.988,0.817,0.408,0.408,0.408,62599,0.00125,13.32
2026-09-02 04:05,ADA,ADA,0.194295,0.515,0.257,0.257,0.257,169068,0.00125,13.01
2026-09-02 04:05,DOT,DOT,0.865945,2.194,1.097,1.097,2.021,30518,0.00125,14.69
2026-09-02 04:05,UNI,UNI,5.80185,0.862,0.431,0.431,0.948,26582,0.00125,13.36
2026-09-02 04:05,AAVE,AAVE,125.83,1.589,0.795,1.589,2.384,123209,0.00125,14.09
2026-09-02 04:05,ARB,ARB,0.109665,0.912,2.28,4.103,5.927,67998,0.002598,20.83
2026-09-02 04:05,POL,POL,0.0890765,3.705,1.852,2.526,3.199,6278,-0.000936,12.7
2026-09-02 04:05,RENDER,RENDER,1.3958499999999998,2.149,1.075,1.075,4.657,17689,0.00125,14.65
2026-09-02 04:05,DOGE,DOGE,0.080579,0.248,0.124,0.248,0.248,213986,0.00125,12.75
2026-09-02 04:05,SHIB,kSHIB,0.005079,3.938,1.969,1.969,1.969,150355,0.00125,16.44
2026-09-02 04:05,PEPE,kPEPE,0.0034395,2.907,1.454,1.454,1.454,623892,0.00125,15.41
2026-09-02 04:05,WIF,WIF,0.19078,2.097,1.048,1.572,1.572,47332,0.00125,14.6
2026-09-02 04:05,BONK,kBONK,0.0029354999999999997,3.407,1.703,1.703,1.703,177305,0.00125,15.91
2026-09-02 04:05,TRUMP,TRUMP,2.23775,2.234,1.117,1.117,1.117,80473,0.00125,14.73
2026-09-02 04:10,BTC,BTC,77033.5,0.13,0.325,0.325,0.325,1874520,0.00125,13.15
2026-09-02 04:10,ETH,ETH,2400.1499999999996,0.417,0.208,0.208,0.208,7032341,0.00125,12.92
2026-09-02 04:10,SOL,SOL,98.8785,0.101,0.051,0.051,0.051,1204802,-0.001529,9.1
2026-09-02 04:10,XRP,XRP,1.33495,0.749,0.375,0.375,0.375,1704183,0.001026,12.62
2026-09-02 04:10,AVAX,AVAX,7.1431000000000004,1.4,0.7,0.84,0.84,50332,-0.00225,10.4
2026-09-02 04:10,LINK,LINK,11.1205,0.899,0.45,0.45,0.45,424760,0.000705,11.87
2026-09-02 04:10,LTC,LTC,49.062,0.815,0.408,0.408,1.427,68300,0.00125,13.32
2026-09-02 04:10,ADA,ADA,0.195125,0.512,0.256,0.256,0.256,115922,0.00125,13.01
2026-09-02 04:10,DOT,DOT,0.871555,2.409,1.205,1.319,1.549,28876,0.00125,14.91
2026-09-02 04:10,UNI,UNI,5.83525,1.542,0.771,0.943,0.943,28661,0.00125,14.04
2026-09-02 04:10,AAVE,AAVE,126.61500000000001,3.949,1.974,1.974,2.764,130813,0.00125,16.45
2026-09-02 04:10,ARB,ARB,0.11004,1.818,2.726,2.726,3.635,51375,0.002515,21.49
2026-09-02 04:10,POL,POL,0.0894945,1.676,1.508,2.291,4.637,5941,-0.000493,12.02
2026-09-02 04:10,RENDER,RENDER,1.4013,4.282,2.141,2.854,3.568,11701,0.00125,16.78
2026-09-02 04:10,DOGE,DOGE,0.080796,0.99,0.495,0.495,0.495,180980,0.00125,13.49
2026-09-02 04:10,SHIB,kSHIB,0.0050869999999999995,3.932,1.966,1.966,3.932,150428,0.00125,16.43
2026-09-02 04:10,PEPE,kPEPE,0.0034549999999999997,5.789,2.894,2.894,2.894,804594,0.00125,18.29
2026-09-02 04:10,WIF,WIF,0.1915,1.044,0.522,1.567,2.089,86647,0.00125,13.54
2026-09-02 04:10,BONK,kBONK,0.0029645,3.373,1.687,1.687,1.687,181290,0.00125,15.87
2026-09-02 04:10,TRUMP,TRUMP,2.2459,0.891,0.891,0.891,0.891,120428,0.00125,14.28
2026-09-02 04:15,BTC,BTC,77110.5,0.13,0.065,0.065,0.065,2553636,0.00125,12.63
2026-09-02 04:15,ETH,ETH,2404.1499999999996,0.416,0.208,0.208,0.208,7284660,0.00125,12.92
2026-09-02 04:15,SOL,SOL,99.1315,0.101,0.05,0.05,0.05,490466,-0.00189,9.1
2026-09-02 04:15,XRP,XRP,1.33845,0.747,0.374,0.374,0.374,2098598,0.00125,13.25
2026-09-02 04:15,AVAX,AVAX,7.1511,0.839,0.42,0.559,0.559,44682,-0.002153,9.84
2026-09-02 04:15,LINK,LINK,11.133,1.796,0.898,0.898,0.898,470649,0.00081,13.06
2026-09-02 04:15,LTC,LTC,49.119,0.814,0.407,0.407,0.814,51959,0.00125,13.31
2026-09-02 04:15,ADA,ADA,0.195745,1.533,0.766,0.766,0.766,170172,0.00125,14.03
2026-09-02 04:15,DOT,DOT,0.871645,0.115,0.057,0.86,1.893,18011,0.00125,12.61
2026-09-02 04:15,UNI,UNI,5.862500000000001,1.706,0.853,0.853,1.365,28104,0.00125,14.21
2026-09-02 04:15,AAVE,AAVE,126.60499999999999,0.79,0.395,1.185,1.185,199142,0.00125,13.29
2026-09-02 04:15,ARB,ARB,0.10996500000000001,0.909,0.455,2.273,3.183,51672,0.001805,14.96
2026-09-02 04:15,POL,POL,0.08973,3.12,1.56,10.253,11.367,16271,-0.000373,12.12
2026-09-02 04:15,RENDER,RENDER,1.404,2.849,1.425,3.561,4.274,10900,0.00125,15.35
2026-09-02 04:15,DOGE,DOGE,0.080925,0.494,0.247,0.247,0.247,171685,0.00125,12.99
2026-09-02 04:15,SHIB,kSHIB,0.0050995,1.961,2.941,4.902,6.863,164561,0.00125,18.38
2026-09-02 04:15,PEPE,kPEPE,0.0034584999999999998,2.891,1.446,1.446,1.446,805574,0.00125,15.39
2026-09-02 04:15,WIF,WIF,0.191815,0.521,0.261,0.782,0.782,30406,0.00125,13.02
2026-09-02 04:15,BONK,kBONK,0.0029665,3.371,1.685,1.685,1.685,203160,0.00125,15.87
2026-09-02 04:15,TRUMP,TRUMP,2.24735,0.445,0.222,0.667,1.557,56548,0.00125,12.94
2026-09-02 04:20,BTC,BTC,77152.5,0.13,0.065,0.065,0.065,2688464,0.00125,12.63
2026-09-02 04:20,ETH,ETH,2405.45,0.416,0.208,0.208,0.208,6916099,0.00125,12.92
2026-09-02 04:20,SOL,SOL,99.2185,0.101,0.05,0.05,0.05,376870,-0.002056,9.1
2026-09-02 04:20,XRP,XRP,1.33995,0.746,1.119,1.119,1.119,1910364,0.00125,14.74
2026-09-02 04:20,AVAX,AVAX,7.15355,0.979,0.489,0.489,0.489,61108,-0.002168,9.98
2026-09-02 04:20,LINK,LINK,11.1405,0.898,0.449,0.449,0.449,444287,0.001046,12.83
2026-09-02 04:20,LTC,LTC,49.113,0.407,0.204,0.204,0.204,39871,0.00125,12.91
2026-09-02 04:20,ADA,ADA,0.196145,1.529,0.765,0.765,4.334,127373,0.00125,14.03
2026-09-02 04:20,DOT,DOT,0.873505,2.862,1.431,1.431,1.431,35092,0.00125,15.36
2026-09-02 04:20,UNI,UNI,5.9336,2.359,1.18,1.18,1.348,18132,0.00125,14.86
2026-09-02 04:20,AAVE,AAVE,126.91499999999999,0.788,0.394,0.394,0.394,114677,0.00125,13.29
2026-09-02 04:20,ARB,ARB,0.110195,0.907,0.454,2.269,2.269,70461,0.00125,13.41
2026-09-02 04:20,POL,POL,0.09020149999999999,1.663,1.497,2.273,4.49,4761,2.3e-05,12.06
2026-09-02 04:20,RENDER,RENDER,1.4076499999999998,3.552,2.486,3.907,5.328,12855,0.00125,17.47
2026-09-02 04:20,DOGE,DOGE,0.0810385,0.123,2.159,2.159,2.159,138384,0.00125,16.82
2026-09-02 04:20,SHIB,kSHIB,0.005107,3.916,1.958,1.958,3.916,145043,0.00125,16.42
2026-09-02 04:20,PEPE,kPEPE,0.0034705,2.881,1.441,1.441,1.441,1125045,0.00125,15.38
2026-09-02 04:20,WIF,WIF,0.192525,0.519,0.26,0.26,1.818,50381,0.00125,13.02
2026-09-02 04:20,BONK,kBONK,0.0029785000000000002,3.357,1.679,1.679,5.036,196797,0.00125,15.86
2026-09-02 04:20,TRUMP,TRUMP,2.24895,0.445,0.222,0.222,0.667,49929,0.00125,12.94
2026-09-02 04:25,BTC,BTC,77229.5,0.129,0.065,0.065,0.065,3974307,0.00125,12.63
2026-09-02 04:25,ETH,ETH,2407.3500000000004,0.415,0.208,0.208,0.208,5806218,0.00125,12.92
2026-09-02 04:25,SOL,SOL,99.34649999999999,0.503,0.252,0.252,0.252,403850,-0.002018,9.5
2026-09-02 04:25,XRP,XRP,1.34175,0.745,0.373,0.373,0.373,1350365,0.00125,13.25
2026-09-02 04:25,AVAX,AVAX,7.1672,0.837,0.419,0.558,0.558,35838,-0.00189,9.84
2026-09-02 04:25,LINK,LINK,11.1645,0.896,0.448,1.344,1.344,412223,0.00125,13.4
2026-09-02 04:25,LTC,LTC,49.215500000000006,0.203,0.102,0.102,0.102,59076,0.00125,12.7
2026-09-02 04:25,ADA,ADA,0.19694,2.031,1.016,1.016,1.016,120283,0.00125,14.53
2026-09-02 04:25,DOT,DOT,0.87764,2.279,1.139,1.253,1.253,31856,0.00125,14.78
2026-09-02 04:25,UNI,UNI,5.949,2.69,1.345,1.345,1.681,32450,0.00125,15.19
2026-09-02 04:25,AAVE,AAVE,127.305,0.786,0.393,0.393,1.964,85202,0.00125,13.29
2026-09-02 04:25,ARB,ARB,0.11158499999999999,0.896,0.448,0.448,0.448,70895,0.001782,14.89
2026-09-02 04:25,POL,POL,0.090394,2.213,1.991,2.987,6.084,3929,0.000421,14.16
2026-09-02 04:25,RENDER,RENDER,1.4133499999999999,2.123,1.061,3.184,5.307,10523,0.00125,14.62
2026-09-02 04:25,DOGE,DOGE,0.08114350000000001,0.123,0.062,0.062,0.062,172053,0.00125,12.62
2026-09-02 04:25,SHIB,kSHIB,0.005118,3.908,3.908,3.908,3.908,167860,0.00125,20.32
2026-09-02 04:25,PEPE,kPEPE,0.0034765,2.876,1.438,1.438,1.438,1084636,0.00125,15.38
2026-09-02 04:25,WIF,WIF,0.19289,1.037,0.518,0.518,0.518,54174,0.00125,13.54
2026-09-02 04:25,BONK,kBONK,0.0029925,3.342,1.671,1.671,1.671,173193,0.00125,15.84
2026-09-02 04:25,TRUMP,TRUMP,2.2508999999999997,0.889,1.333,2.221,2.666,75919,0.00125,15.17
2026-09-02 04:30,BTC,BTC,77262.5,0.129,0.065,0.065,0.065,4702119,0.00125,12.63
2026-09-02 04:30,ETH,ETH,2407.3500000000004,0.415,0.208,0.208,0.208,9619471,0.00125,12.92
2026-09-02 04:30,SOL,SOL,99.42750000000001,0.101,0.05,0.05,0.05,1020843,-0.001954,9.1
2026-09-02 04:30,XRP,XRP,1.34225,0.745,0.373,0.373,0.373,1641027,0.00125,13.25
2026-09-02 04:30,AVAX,AVAX,7.17005,0.139,0.07,0.07,0.07,91934,-0.001783,9.14
2026-09-02 04:30,LINK,LINK,11.1645,0.896,0.448,0.448,0.448,246913,0.00125,13.4
2026-09-02 04:30,LTC,LTC,49.295500000000004,1.42,0.71,0.71,0.71,51910,0.00125,13.92
2026-09-02 04:30,ADA,ADA,0.196845,0.508,0.254,0.254,0.254,145425,0.00125,13.01
2026-09-02 04:30,DOT,DOT,0.87889,3.186,1.593,1.593,2.389,24250,0.00125,15.69
2026-09-02 04:30,UNI,UNI,5.9414,5.049,2.525,2.525,2.525,36155,0.00125,17.55
2026-09-02 04:30,AAVE,AAVE,127.14500000000001,0.787,0.393,0.393,0.393,107038,0.00125,13.29
2026-09-02 04:30,ARB,ARB,0.11158,1.792,0.896,1.792,2.689,63457,0.001672,15.47
2026-09-02 04:30,POL,POL,0.09021,2.439,1.219,1.33,4.878,10917,0.000568,13.03
2026-09-02 04:30,RENDER,RENDER,1.4130500000000001,4.954,2.477,2.477,3.892,10213,0.00125,17.45
2026-09-02 04:30,DOGE,DOGE,0.08105699999999999,0.987,0.493,0.617,0.617,206798,0.00125,13.49
2026-09-02 04:30,SHIB,kSHIB,0.005118,3.908,1.954,3.908,5.862,160514,0.00125,16.41
2026-09-02 04:30,PEPE,kPEPE,0.003476,5.754,2.877,2.877,2.877,657248,0.00125,18.25
2026-09-02 04:30,WIF,WIF,0.19319,1.035,0.518,0.518,2.588,62779,0.00125,13.54
2026-09-02 04:30,BONK,kBONK,0.002993,6.682,3.341,3.341,3.341,205286,0.00125,19.18
2026-09-02 04:30,TRUMP,TRUMP,2.24575,2.226,1.113,1.558,2.004,52571,0.00125,14.73
2026-09-02 04:35,BTC,BTC,77212.5,0.13,0.065,0.065,0.065,6360811,0.00125,12.63
2026-09-02 04:35,ETH,ETH,2407.45,0.415,0.208,0.208,0.208,10710835,0.00125,12.92
2026-09-02 04:35,SOL,SOL,99.5755,0.1,0.05,0.05,0.05,851527,-0.001874,9.1
2026-09-02 04:35,XRP,XRP,1.34395,0.744,0.372,0.372,0.372,2095142,0.00125,13.24
2026-09-02 04:35,AVAX,AVAX,7.175,0.279,0.139,0.139,0.139,75425,-0.001666,9.28
2026-09-02 04:35,LINK,LINK,11.1845,0.894,0.447,0.447,0.447,409168,0.00125,13.39
2026-09-02 04:35,LTC,LTC,49.2735,1.015,0.507,1.522,1.725,49264,0.00125,13.51
2026-09-02 04:35,ADA,ADA,0.197075,1.522,0.761,0.761,0.761,190543,0.00125,14.02
2026-09-02 04:35,DOT,DOT,0.8784350000000001,3.757,1.878,1.992,3.017,19667,0.00125,16.26
2026-09-02 04:35,UNI,UNI,5.99315,1.835,0.918,1.085,1.085,35953,0.00125,14.34
2026-09-02 04:35,AAVE,AAVE,127.375,0.785,0.393,1.178,1.178,106291,0.00125,13.29
2026-09-02 04:35,ARB,ARB,0.11241000000000001,1.779,0.89,1.779,1.779,50409,0.001969,16.29
2026-09-02 04:35,POL,POL,0.09005750000000001,1.666,1.832,3.054,4.941,5752,0.00034,13.62
2026-09-02 04:35,RENDER,RENDER,1.4156,2.826,1.413,1.413,3.532,10565,0.00125,15.33
2026-09-02 04:35,DOGE,DOGE,0.081193,0.246,0.123,0.123,0.123,194063,0.00125,12.75
2026-09-02 04:35,SHIB,kSHIB,0.005124,3.903,1.952,3.903,3.903,153975,0.00125,16.4
2026-09-02 04:35,PEPE,kPEPE,0.0034775,2.876,1.438,1.438,1.438,762087,0.00125,15.38
2026-09-02 04:35,WIF,WIF,0.194115,2.576,1.288,1.288,1.288,92159,0.00125,15.08
2026-09-02 04:35,BONK,kBONK,0.0030015,3.332,1.666,1.666,4.998,127467,0.00125,15.83
2026-09-02 04:35,TRUMP,TRUMP,2.24885,6.67,3.335,3.78,4.669,56386,0.00125,19.17
2026-09-02 04:40,BTC,BTC,77203.5,0.13,0.065,0.065,0.065,5108237,0.00125,12.63
2026-09-02 04:40,ETH,ETH,2407.1499999999996,0.415,0.208,0.208,0.208,6600152,0.00125,12.92
2026-09-02 04:40,SOL,SOL,99.6905,0.1,0.05,0.05,0.05,727290,-0.001852,9.1
2026-09-02 04:40,XRP,XRP,1.3434499999999998,0.744,0.372,0.372,0.372,2116503,0.00125,13.24
2026-09-02 04:40,AVAX,AVAX,7.17785,0.975,0.488,0.627,0.627,67120,-0.001606,9.98
2026-09-02 04:40,LINK,LINK,11.185500000000001,0.894,0.447,1.341,1.341,405063,0.00125,13.39
2026-09-02 04:40,LTC,LTC,49.310500000000005,1.014,0.507,1.115,1.318,44799,0.00125,13.51
2026-09-02 04:40,ADA,ADA,0.19744499999999998,0.506,0.253,0.253,0.253,174960,0.00125,13.01
2026-09-02 04:40,DOT,DOT,0.879255,2.161,1.08,1.194,1.194,18665,0.00125,14.66
2026-09-02 04:40,UNI,UNI,5.948499999999999,3.362,1.681,2.354,2.69,34870,0.00125,15.86
2026-09-02 04:40,AAVE,AAVE,127.14,1.573,0.787,0.787,0.787,178704,0.00125,14.07
2026-09-02 04:40,ARB,ARB,0.111815,2.683,1.342,1.342,1.342,60371,0.002062,17.46
2026-09-02 04:40,POL,POL,0.09006,2.221,1.11,1.221,3.109,6306,9.6e-05,11.49
2026-09-02 04:40,RENDER,RENDER,1.4144,2.828,1.414,2.121,4.242,12817,0.00125,15.33
2026-09-02 04:40,DOGE,DOGE,0.0811725,0.37,0.185,0.308,0.308,203557,0.00125,12.87
2026-09-02 04:40,SHIB,kSHIB,0.0051255,1.951,2.927,4.878,6.829,154900,0.00125,18.35
2026-09-02 04:40,PEPE,kPEPE,0.0034785,2.875,1.437,1.437,1.437,790502,0.00125,15.37
2026-09-02 04:40,WIF,WIF,0.19446,2.057,1.028,1.543,2.057,50985,0.00125,14.56
2026-09-02 04:40,BONK,kBONK,0.003006,6.653,3.327,3.327,3.327,213904,0.00125,19.15
2026-09-02 04:40,TRUMP,TRUMP,2.2451,0.891,0.891,0.891,1.336,31982,0.001249,14.28
2026-09-02 04:45,BTC,BTC,77194.5,0.13,0.065,0.065,0.065,3595060,0.00125,12.63
2026-09-02 04:45,ETH,ETH,2406.55,0.416,0.208,0.208,0.208,6967727,0.00125,12.92
2026-09-02 04:45,SOL,SOL,99.7325,0.1,0.05,0.05,0.05,548092,-0.001836,9.1
2026-09-02 04:45,XRP,XRP,1.34275,0.745,0.372,0.372,0.372,1965440,0.00125,13.24
2026-09-02 04:45,AVAX,AVAX,7.17315,2.649,1.324,1.324,1.603,84438,-0.001672,11.65
2026-09-02 04:45,LINK,LINK,11.1745,0.895,0.447,0.447,0.447,415999,0.00125,13.39
2026-09-02 04:45,LTC,LTC,49.319,0.406,0.203,0.203,0.203,62773,0.00125,12.91
2026-09-02 04:45,ADA,ADA,0.19711,2.029,1.015,1.015,1.015,114374,0.00125,14.53
2026-09-02 04:45,DOT,DOT,0.8786499999999999,1.366,0.683,0.797,1.707,22155,0.00125,13.87
2026-09-02 04:45,UNI,UNI,5.93705,0.168,0.084,0.084,0.084,27809,0.00125,12.67
2026-09-02 04:45,AAVE,AAVE,127.03999999999999,1.574,0.787,0.787,0.787,167305,0.00125,14.07
2026-09-02 04:45,ARB,ARB,0.111235,0.899,0.449,0.449,2.247,52721,0.00195,15.36
2026-09-02 04:45,POL,POL,0.09009049999999999,2.331,1.165,1.276,3.163,7012,-0.000112,11.33
2026-09-02 04:45,RENDER,RENDER,1.4152,2.826,1.413,2.12,2.12,15967,0.00125,15.33
2026-09-02 04:45,DOGE,DOGE,0.081106,0.74,0.37,0.37,0.37,200876,0.00125,13.24
2026-09-02 04:45,SHIB,kSHIB,0.0051205,1.953,0.976,2.929,4.882,170127,0.00125,14.45
2026-09-02 04:45,PEPE,kPEPE,0.0034765,2.876,1.438,1.438,1.438,810882,0.00125,15.38
2026-09-02 04:45,WIF,WIF,0.19444,2.057,1.029,1.543,2.571,43829,0.00125,14.56
2026-09-02 04:45,BONK,kBONK,0.0030080000000000003,6.649,3.324,3.324,3.324,188638,0.00125,19.15
2026-09-02 04:45,TRUMP,TRUMP,2.2409499999999998,2.231,1.116,1.116,2.901,45648,0.00099,14.0
2026-09-02 04:50,BTC,BTC,77220.5,0.129,0.065,0.065,0.065,1907795,0.00125,12.63
2026-09-02 04:50,ETH,ETH,2406.75,0.415,0.208,0.208,0.208,6877448,0.00125,12.92
2026-09-02 04:50,SOL,SOL,99.7235,0.1,0.05,0.05,0.05,500853,-0.001771,9.1
2026-09-02 04:50,XRP,XRP,1.34245,0.745,0.372,0.372,0.372,1674682,0.00125,13.24
2026-09-02 04:50,AVAX,AVAX,7.174799999999999,1.394,0.697,0.836,0.836,64523,-0.001654,10.39
2026-09-02 04:50,LINK,LINK,11.1735,0.895,0.447,0.447,0.447,259172,0.00125,13.39
2026-09-02 04:50,LTC,LTC,49.308499999999995,0.203,0.101,0.101,0.101,71396,0.00125,12.7
2026-09-02 04:50,ADA,ADA,0.197285,0.507,0.253,0.76,0.76,138570,0.00125,13.01
2026-09-02 04:50,DOT,DOT,0.8784000000000001,1.821,0.911,0.911,1.138,21204,0.00125,14.32
2026-09-02 04:50,UNI,UNI,5.93495,2.527,1.264,1.264,1.264,37160,0.00125,15.03
2026-09-02 04:50,AAVE,AAVE,127.16499999999999,0.786,0.393,0.393,0.393,127154,0.00125,13.29
2026-09-02 04:50,ARB,ARB,0.11185,3.576,1.788,1.788,1.788,82392,0.002077,18.39
2026-09-02 04:50,POL,POL,0.09001100000000001,0.444,2.0,2.111,3.777,4677,-0.000435,13.0
2026-09-02 04:50,RENDER,RENDER,1.4147,2.827,1.414,2.121,3.534,20663,0.00125,15.33
2026-09-02 04:50,DOGE,DOGE,0.08106,0.247,0.123,0.123,0.123,126966,0.00125,12.75
2026-09-02 04:50,SHIB,kSHIB,0.0051199999999999996,3.906,1.953,1.953,3.906,170828,0.00125,16.41
2026-09-02 04:50,PEPE,kPEPE,0.0034765,2.876,1.438,1.438,1.438,813098,0.00125,15.38
2026-09-02 04:50,WIF,WIF,0.1943,2.059,1.029,1.029,1.029,46678,0.00125,14.56
2026-09-02 04:50,BONK,kBONK,0.0029955,3.338,1.669,1.669,5.008,169141,0.00125,15.84
2026-09-02 04:50,TRUMP,TRUMP,2.2409499999999998,1.339,0.669,1.116,2.008,40213,0.000855,12.73
2026-09-02 04:55,BTC,BTC,77250.5,0.129,0.453,0.453,0.453,2426711,0.00125,13.41
2026-09-02 04:55,ETH,ETH,2408.3500000000004,0.415,0.208,0.208,0.208,7031455,0.00125,12.92
2026-09-02 04:55,SOL,SOL,99.8275,0.1,0.05,0.05,0.05,450444,-0.001692,9.1
2026-09-02 04:55,XRP,XRP,1.34355,0.744,0.372,0.372,0.372,2251658,0.00125,13.24
2026-09-02 04:55,AVAX,AVAX,7.17745,0.975,0.488,0.627,0.627,56407,-0.001587,9.98
2026-09-02 04:55,LINK,LINK,11.1665,0.896,0.448,0.448,0.448,444772,0.00125,13.4
2026-09-02 04:55,LTC,LTC,49.272000000000006,0.812,0.406,0.406,0.406,76317,0.00125,13.31
2026-09-02 04:55,ADA,ADA,0.197165,0.507,0.254,0.254,0.254,126172,0.00125,13.01
2026-09-02 04:55,DOT,DOT,0.8780749999999999,2.392,1.196,1.31,1.537,34004,0.00125,14.89
2026-09-02 04:55,UNI,UNI,5.9642,1.341,0.671,0.671,0.671,30093,0.00125,13.84
2026-09-02 04:55,AAVE,AAVE,127.47999999999999,1.569,0.784,1.569,1.569,190658,0.00125,14.07
2026-09-02 04:55,ARB,ARB,0.11121,1.798,0.899,1.798,2.698,41221,0.002086,16.64
2026-09-02 04:55,POL,POL,0.0901595,2.107,1.054,1.165,4.27,9923,-0.00058,11.11
2026-09-02 04:55,RENDER,RENDER,1.4148,4.241,2.12,2.827,3.534,12046,0.00125,16.74
2026-09-02 04:55,DOGE,DOGE,0.0810815,0.617,0.308,0.308,0.308,127204,0.00125,13.12
2026-09-02 04:55,SHIB,kSHIB,0.005122,3.905,1.952,5.857,5.857,179182,0.00125,16.4
2026-09-02 04:55,PEPE,kPEPE,0.0034765,2.876,1.438,1.438,1.438,835558,0.00125,15.38
2026-09-02 04:55,WIF,WIF,0.19439499999999998,1.543,0.772,0.772,1.286,61583,0.00125,14.04
2026-09-02 04:55,BONK,kBONK,0.0029969999999999997,6.673,3.337,3.337,3.337,224564,0.00125,19.17
2026-09-02 04:55,TRUMP,TRUMP,2.2413499999999997,0.446,0.669,1.562,2.454,65602,0.000954,13.01
2026-09-02 05:00,BTC,BTC,77298.5,0.129,0.065,0.065,0.065,3556389,0.00125,12.63
2026-09-02 05:00,ETH,ETH,2408.75,0.415,0.208,0.208,0.208,9882673,0.00125,12.92
2026-09-02 05:00,SOL,SOL,99.80850000000001,0.1,0.05,0.05,0.05,869518,-0.002035,9.1
2026-09-02 05:00,XRP,XRP,1.3437000000000001,2.977,1.488,1.488,1.488,1934330,0.000596,13.64
2026-09-02 05:00,AVAX,AVAX,7.17825,0.697,0.348,1.463,1.463,54050,-0.003536,9.7
2026-09-02 05:00,LINK,LINK,11.1675,0.895,0.448,0.448,0.448,424695,0.00125,13.4
2026-09-02 05:00,LTC,LTC,49.3095,1.014,0.507,0.507,1.115,53027,0.00125,13.51
2026-09-02 05:00,ADA,ADA,0.19732,1.014,0.507,1.014,1.014,181912,0.00125,13.51
2026-09-02 05:00,DOT,DOT,0.877425,2.165,1.083,1.197,1.197,29922,0.00125,14.67
2026-09-02 05:00,UNI,UNI,6.0045,0.666,0.333,0.333,0.333,31108,-5.3e-05,9.67
2026-09-02 05:00,AAVE,AAVE,127.655,0.783,0.392,0.392,1.958,194571,0.00125,13.28
2026-09-02 05:00,ARB,ARB,0.111435,0.897,0.449,0.449,0.449,63495,0.00125,13.4
2026-09-02 05:00,POL,POL,0.090145,3.106,1.553,1.664,3.106,7460,-0.003097,12.11
2026-09-02 05:00,RENDER,RENDER,1.4149500000000002,6.361,3.18,3.887,7.421,30343,0.00125,18.86
2026-09-02 05:00,DOGE,DOGE,0.081093,0.987,0.493,0.493,0.493,215550,0.0008,12.23
2026-09-02 05:00,SHIB,kSHIB,0.005128,3.9,1.95,1.95,1.95,173199,0.00125,16.4
2026-09-02 05:00,PEPE,kPEPE,0.0034775,2.876,1.438,1.438,1.438,810852,0.00125,15.38
2026-09-02 05:00,WIF,WIF,0.19461,1.028,0.514,0.514,0.514,84485,0.00125,13.53
2026-09-02 05:00,BONK,kBONK,0.0029995,3.334,1.667,1.667,1.667,220528,0.00125,15.83
2026-09-02 05:00,TRUMP,TRUMP,2.24125,2.231,1.115,1.115,1.562,47886,-0.000758,11.23
2026-09-02 05:05,BTC,BTC,77468.5,0.129,0.065,0.065,0.065,10619762,0.00125,12.63
2026-09-02 05:05,ETH,ETH,2411.55,0.415,0.207,0.207,0.207,11248006,0.00125,12.91
2026-09-02 05:05,SOL,SOL,100.015,1.0,0.5,0.5,0.5,4772368,-0.000863,10.0
2026-09-02 05:05,XRP,XRP,1.34905,0.741,0.371,0.371,0.371,2292681,0.00125,13.24
2026-09-02 05:05,AVAX,AVAX,7.20445,0.972,0.486,0.486,1.041,50940,-0.000175,9.97
2026-09-02 05:05,LINK,LINK,11.203,1.785,0.893,0.893,0.893,443719,0.00125,14.29
2026-09-02 05:05,LTC,LTC,49.4645,0.606,0.303,0.303,0.303,65245,0.00125,13.11
2026-09-02 05:05,ADA,ADA,0.197825,0.505,0.758,0.758,1.264,101706,0.00125,14.02
2026-09-02 05:05,DOT,DOT,0.88043,1.136,0.568,0.681,0.795,17879,0.00125,13.64
2026-09-02 05:05,UNI,UNI,5.9924,5.34,2.67,2.67,2.67,69829,0.00125,17.84
2026-09-02 05:05,AAVE,AAVE,128.64,1.555,0.777,1.555,1.555,97090,0.00125,14.05
2026-09-02 05:05,ARB,ARB,0.11187,5.363,2.682,3.576,3.576,88558,0.002339,20.91
2026-09-02 05:05,POL,POL,0.0903935,2.102,1.604,2.489,4.259,5170,0.000166,12.67
2026-09-02 05:05,RENDER,RENDER,1.4198,5.635,2.817,3.522,4.93,16299,0.00125,18.13
2026-09-02 05:05,DOGE,DOGE,0.081264,0.246,0.123,0.123,0.123,163184,0.00125,12.75
2026-09-02 05:05,SHIB,kSHIB,0.0051465,1.943,2.915,2.915,4.858,159430,0.00125,18.33
2026-09-02 05:05,PEPE,kPEPE,0.0034865,2.868,1.434,1.434,1.434,865140,0.00125,15.37
2026-09-02 05:05,WIF,WIF,0.195075,1.538,0.769,1.794,2.307,34847,0.00125,14.04
2026-09-02 05:05,BONK,kBONK,0.0030095,3.323,1.661,1.661,1.661,201456,0.00125,15.82
2026-09-02 05:05,TRUMP,TRUMP,2.2520499999999997,0.444,0.666,1.11,1.554,42532,0.00125,13.83
2026-09-02 05:10,BTC,BTC,77492.5,0.129,0.065,0.065,0.065,3188282,0.00125,12.63
2026-09-02 05:10,ETH,ETH,2413.75,0.414,0.207,0.207,0.207,7310036,0.00125,12.91
2026-09-02 05:10,SOL,SOL,100.045,1.0,1.499,2.499,4.498,1725469,-0.000676,12.0
2026-09-02 05:10,XRP,XRP,1.35095,0.74,0.37,0.37,0.37,1822650,0.00125,13.24
2026-09-02 05:10,AVAX,AVAX,7.2075,2.22,1.11,1.11,1.249,55970,0.000347,12.19
2026-09-02 05:10,LINK,LINK,11.2285,0.891,2.226,2.226,2.226,467101,0.00125,16.95
2026-09-02 05:10,LTC,LTC,49.516999999999996,0.808,0.404,0.404,1.212,62889,0.00125,13.31
2026-09-02 05:10,ADA,ADA,0.198,1.01,0.505,0.505,1.01,137112,0.00125,13.51
2026-09-02 05:10,DOT,DOT,0.88334,5.66,2.83,3.17,3.17,16681,0.00125,18.16
2026-09-02 05:10,UNI,UNI,6.001849999999999,3.166,1.583,1.583,1.583,29434,0.00125,15.67
2026-09-02 05:10,AAVE,AAVE,128.64,1.555,0.777,2.332,2.332,159777,0.00125,14.05
2026-09-02 05:10,ARB,ARB,0.11155999999999999,1.793,4.482,7.171,9.86,82503,0.00196,23.45
2026-09-02 05:10,POL,POL,0.09043899999999999,1.548,0.774,0.774,1.106,11945,0.000474,11.88
2026-09-02 05:10,RENDER,RENDER,1.4221,5.625,2.813,3.516,5.625,18449,0.00125,18.13
2026-09-02 05:10,DOGE,DOGE,0.0813485,0.123,0.922,0.922,0.922,172647,0.00125,14.34
2026-09-02 05:10,SHIB,kSHIB,0.0051595,1.938,2.907,2.907,4.845,145167,0.00125,18.31
2026-09-02 05:10,PEPE,kPEPE,0.0034915,2.864,1.432,1.432,1.432,869566,0.00125,15.36
2026-09-02 05:10,WIF,WIF,0.195865,2.553,1.276,3.319,5.361,92375,0.00125,15.05
2026-09-02 05:10,BONK,kBONK,0.0030169999999999997,6.629,3.315,3.315,3.315,201526,0.00125,19.13
2026-09-02 05:10,TRUMP,TRUMP,2.25895,0.443,0.221,0.221,0.221,104939,0.00125,12.94
2026-09-02 05:15,BTC,BTC,77512.5,0.129,0.065,0.839,0.968,2848415,0.00125,12.63
2026-09-02 05:15,ETH,ETH,2415.75,0.414,0.207,0.207,0.207,5614622,0.00125,12.91
2026-09-02 05:15,SOL,SOL,100.505,0.995,0.497,0.497,0.497,3890957,-9.5e-05,9.99
2026-09-02 05:15,XRP,XRP,1.35025,0.741,0.37,0.37,0.37,2376275,0.00125,13.24
2026-09-02 05:15,AVAX,AVAX,7.21415,1.802,0.901,1.04,1.04,77146,0.000294,11.63
2026-09-02 05:15,LINK,LINK,11.226500000000001,0.891,0.445,0.445,0.445,494173,0.00125,13.39
2026-09-02 05:15,LTC,LTC,49.484,1.213,1.415,1.415,1.617,53352,0.00125,15.33
2026-09-02 05:15,ADA,ADA,0.19812000000000002,1.009,0.505,0.505,1.009,164273,0.00125,13.51
2026-09-02 05:15,DOT,DOT,0.87995,1.364,0.682,0.795,1.477,30580,0.00125,13.86
2026-09-02 05:15,UNI,UNI,5.99515,0.167,2.419,2.585,2.585,32377,0.00125,17.34
2026-09-02 05:15,AAVE,AAVE,129.18,1.548,0.774,2.322,3.096,143231,0.00125,14.05
2026-09-02 05:15,ARB,ARB,0.11213000000000001,5.351,2.675,2.675,3.567,74520,0.002075,20.16
2026-09-02 05:15,POL,POL,0.09025949999999999,2.327,1.274,2.271,3.601,9000,0.000516,12.99
2026-09-02 05:15,RENDER,RENDER,1.4209,5.63,2.815,3.519,4.223,21808,0.00125,18.13
2026-09-02 05:15,DOGE,DOGE,0.0813635,0.615,0.307,0.307,0.307,180421,0.00125,13.11
2026-09-02 05:15,SHIB,kSHIB,0.0051635,1.937,0.968,2.905,4.842,165464,0.00125,14.44
2026-09-02 05:15,PEPE,kPEPE,0.0034955,2.861,1.43,1.43,1.43,799375,0.00125,15.36
2026-09-02 05:15,WIF,WIF,0.20007,1.999,1.0,1.0,1.0,52034,0.00125,14.5
2026-09-02 05:15,BONK,kBONK,0.003023,6.616,3.308,3.308,3.308,173508,0.00125,19.12
2026-09-02 05:15,TRUMP,TRUMP,2.25775,4.872,2.436,2.436,2.436,97184,0.00125,17.37
2026-09-02 05:20,BTC,BTC,77576.5,0.129,0.064,0.064,0.064,4779613,0.00125,12.63
2026-09-02 05:20,ETH,ETH,2418.45,0.413,0.207,0.207,0.207,6685155,0.00125,12.91
2026-09-02 05:20,SOL,SOL,100.435,0.996,0.498,0.498,0.498,4966963,9.1e-05,10.25
2026-09-02 05:20,XRP,XRP,1.35305,0.739,0.37,0.37,0.37,2313337,0.00125,13.24
2026-09-02 05:20,AVAX,AVAX,7.22495,1.523,0.761,0.9,0.9,38536,0.000421,11.7
2026-09-02 05:20,LINK,LINK,11.2545,0.889,0.444,0.444,0.444,470940,0.00125,13.39
2026-09-02 05:20,LTC,LTC,49.443,0.809,0.405,0.607,0.607,53270,0.00125,13.31
2026-09-02 05:20,ADA,ADA,0.198285,0.504,0.252,0.252,0.252,134058,0.00125,13.0
2026-09-02 05:20,DOT,DOT,0.883595,1.471,0.736,0.736,0.736,19998,0.00125,13.97
2026-09-02 05:20,UNI,UNI,5.9944,1.335,0.667,0.667,1.501,34854,0.00125,13.83
2026-09-02 05:20,AAVE,AAVE,129.24,1.548,0.774,2.321,2.321,123075,0.00125,14.05
2026-09-02 05:20,ARB,ARB,0.11285999999999999,3.544,1.772,1.772,2.658,63630,0.00286,20.55
2026-09-02 05:20,POL,POL,0.0903135,2.768,2.27,3.266,3.377,4844,0.000133,13.91
2026-09-02 05:20,RENDER,RENDER,1.4194,2.818,1.409,7.045,7.75,21286,0.00125,15.32
2026-09-02 05:20,DOGE,DOGE,0.0814425,0.86,0.43,0.43,0.43,252755,0.00125,13.36
2026-09-02 05:20,SHIB,kSHIB,0.005173499999999999,1.933,2.899,2.899,4.832,140850,0.00125,18.3
2026-09-02 05:20,PEPE,kPEPE,0.0034974999999999997,2.859,1.43,1.43,1.43,802557,0.00125,15.36
2026-09-02 05:20,WIF,WIF,0.19924,3.011,1.506,1.506,2.51,46748,0.00125,15.51
2026-09-02 05:20,BONK,kBONK,0.0030239999999999998,6.614,3.307,3.307,3.307,179478,0.00125,19.11
2026-09-02 05:20,TRUMP,TRUMP,2.2657499999999997,0.441,0.221,0.662,1.103,90034,0.00125,12.94
2026-09-02 05:25,BTC,BTC,77599.5,0.129,0.064,0.064,0.064,3903304,0.00125,12.63
2026-09-02 05:25,ETH,ETH,2418.75,0.413,0.207,0.207,1.034,5536534,0.00125,12.91
2026-09-02 05:25,SOL,SOL,100.405,0.996,0.498,0.498,0.498,4236380,0.000246,10.68
2026-09-02 05:25,XRP,XRP,1.35325,0.739,3.325,3.325,3.325,1948618,0.00125,19.15
2026-09-02 05:25,AVAX,AVAX,7.2280999999999995,0.83,0.415,2.214,2.352,50714,0.000454,11.1
2026-09-02 05:25,LINK,LINK,11.2605,0.888,0.444,0.444,0.444,518847,0.00125,13.39
2026-09-02 05:25,LTC,LTC,49.412,1.619,0.81,0.81,0.81,91206,0.00125,14.12
2026-09-02 05:25,ADA,ADA,0.19861499999999999,1.51,0.755,0.755,1.762,99187,0.00125,14.01
2026-09-02 05:25,DOT,DOT,0.8887499999999999,2.925,1.463,2.138,3.038,13787,0.00125,15.43
2026-09-02 05:25,UNI,UNI,6.00265,1.499,0.75,0.75,0.75,49080,0.00125,14.0
2026-09-02 05:25,AAVE,AAVE,129.805,8.474,4.237,4.237,7.319,120031,0.00125,20.97
2026-09-02 05:25,ARB,ARB,0.11261499999999999,0.888,0.444,0.444,4.884,56344,0.002864,17.91
2026-09-02 05:25,POL,POL,0.090398,0.885,0.442,0.442,3.982,14081,3.6e-05,9.99
2026-09-02 05:25,RENDER,RENDER,1.4219,5.626,2.813,2.813,4.22,25068,0.00125,18.13
2026-09-02 05:25,DOGE,DOGE,0.0815255,0.123,3.618,3.864,3.864,195224,0.00125,19.74
2026-09-02 05:25,SHIB,kSHIB,0.005180499999999999,1.93,2.895,2.895,4.826,238492,0.00125,18.29
2026-09-02 05:25,PEPE,kPEPE,0.0034995,2.858,1.429,1.429,4.286,744150,0.00125,15.36
2026-09-02 05:25,WIF,WIF,0.19996999999999998,1.0,0.5,1.0,2.0,16966,0.00125,13.5
2026-09-02 05:25,BONK,kBONK,0.0030340000000000002,6.592,3.296,3.296,6.592,182903,0.00125,19.09
2026-09-02 05:25,TRUMP,TRUMP,2.2894,1.747,0.874,2.184,2.621,95285,0.00125,14.25
2026-09-02 05:30,BTC,BTC,77615.0,2.061,1.031,1.031,1.031,7442930,0.00125,14.56
2026-09-02 05:30,ETH,ETH,2419.55,0.413,0.62,0.62,0.62,10497313,0.00125,13.74
2026-09-02 05:30,SOL,SOL,100.465,0.995,0.498,0.498,0.498,5216423,0.00036,11.0
2026-09-02 05:30,XRP,XRP,1.35405,0.739,0.369,0.369,0.369,2405014,0.00125,13.24
2026-09-02 05:30,AVAX,AVAX,7.226850000000001,0.692,0.484,1.591,1.73,37857,0.00054,11.48
2026-09-02 05:30,LINK,LINK,11.256499999999999,0.888,1.333,1.333,1.333,403144,0.00125,15.17
2026-09-02 05:30,LTC,LTC,49.3935,0.202,0.101,0.101,0.101,58764,0.00125,12.7
2026-09-02 05:30,ADA,ADA,0.19832499999999997,1.513,0.756,0.756,0.756,125134,0.00125,14.01
2026-09-02 05:30,DOT,DOT,0.8875599999999999,3.605,1.803,2.366,3.155,21235,0.00125,16.11
2026-09-02 05:30,UNI,UNI,6.003299999999999,1.666,0.833,0.833,0.833,24195,0.00125,14.17
2026-09-02 05:30,AAVE,AAVE,129.805,2.311,1.156,2.696,2.696,170642,0.00125,14.81
2026-09-02 05:30,ARB,ARB,0.11268,1.775,0.887,0.887,0.887,140261,0.0028,18.62
2026-09-02 05:30,POL,POL,0.0902505,2.327,1.607,2.936,3.933,8685,-0.000113,12.21
2026-09-02 05:30,RENDER,RENDER,1.4222000000000001,2.813,1.406,2.109,3.516,9204,0.00125,15.31
2026-09-02 05:30,DOGE,DOGE,0.08150450000000001,1.104,0.552,0.552,0.552,269352,0.00125,13.6
2026-09-02 05:30,SHIB,kSHIB,0.005174,3.865,1.933,3.865,3.865,166175,0.00125,16.37
2026-09-02 05:30,PEPE,kPEPE,0.0034925,2.863,1.432,1.432,1.432,739090,0.00125,15.36
2026-09-02 05:30,WIF,WIF,0.199815,2.502,1.251,1.251,1.251,57429,0.00125,15.0
2026-09-02 05:30,BONK,kBONK,0.003039,6.581,3.291,3.291,6.581,194117,0.00125,19.08
2026-09-02 05:30,TRUMP,TRUMP,2.2904999999999998,0.873,0.437,0.873,0.873,159080,0.00125,13.37
2026-09-02 05:35,BTC,BTC,77499.5,0.129,0.065,0.065,0.065,2881792,0.00125,12.63
2026-09-02 05:35,ETH,ETH,2416.6499999999996,0.414,0.207,0.207,0.207,11336705,0.00125,12.91
2026-09-02 05:35,SOL,SOL,100.245,0.998,0.499,0.499,0.499,5379951,0.000368,11.03
2026-09-02 05:35,XRP,XRP,1.35115,0.74,0.37,0.37,0.37,2253116,0.00125,13.24
2026-09-02 05:35,AVAX,AVAX,7.2094000000000005,0.832,0.416,0.416,1.248,57634,0.000534,11.33
2026-09-02 05:35,LINK,LINK,11.2365,0.89,0.445,2.225,2.225,400373,0.00125,13.39
2026-09-02 05:35,LTC,LTC,49.3,0.811,0.406,1.014,1.014,54224,0.00125,13.31
2026-09-02 05:35,ADA,ADA,0.197975,1.515,0.758,0.758,0.758,142912,0.00125,14.02
2026-09-02 05:35,DOT,DOT,0.8861950000000001,2.144,1.072,1.185,1.185,18310,0.00125,14.64
2026-09-02 05:35,UNI,UNI,6.0032499999999995,0.167,0.083,0.083,0.083,19786,0.00125,12.67
2026-09-02 05:35,AAVE,AAVE,129.185,2.322,1.161,1.161,1.935,173694,0.00125,14.82
2026-09-02 05:35,ARB,ARB,0.1126,1.776,0.888,0.888,0.888,58466,0.002825,18.69
2026-09-02 05:35,POL,POL,0.09024599999999999,1.551,1.551,3.213,4.1,7427,-0.000207,12.1
2026-09-02 05:35,RENDER,RENDER,1.4187,4.229,2.115,2.819,3.524,17967,0.00125,16.73
2026-09-02 05:35,DOGE,DOGE,0.0814115,0.123,0.061,0.676,0.676,180461,0.00125,12.62
2026-09-02 05:35,SHIB,kSHIB,0.0051625,1.937,2.906,6.78,6.78,159173,0.00125,18.31
2026-09-02 05:35,PEPE,kPEPE,0.0034844999999999998,2.87,1.435,1.435,1.435,788506,0.00125,15.37
2026-09-02 05:35,WIF,WIF,0.199735,0.501,0.25,0.25,1.752,41345,0.00125,13.0
2026-09-02 05:35,BONK,kBONK,0.003035,6.59,3.295,3.295,6.59,167622,0.00125,19.09
2026-09-02 05:35,TRUMP,TRUMP,2.28435,1.313,0.657,1.532,1.532,52777,0.00125,13.81
2026-09-02 05:40,BTC,BTC,77614.5,0.129,0.064,0.064,0.064,4517200,0.00125,12.63
2026-09-02 05:40,ETH,ETH,2418.25,0.414,0.207,0.207,0.207,7869218,0.00125,12.91
2026-09-02 05:40,SOL,SOL,100.315,0.997,0.498,0.498,0.498,4307186,0.000379,11.06
2026-09-02 05:40,XRP,XRP,1.3522500000000002,0.74,0.37,0.37,0.37,2245565,0.00125,13.24
2026-09-02 05:40,AVAX,AVAX,7.2174499999999995,0.693,0.346,0.485,0.485,64460,0.000689,11.62
2026-09-02 05:40,LINK,LINK,11.249500000000001,0.889,0.444,0.444,0.444,475630,0.00125,13.39
2026-09-02 05:40,LTC,LTC,49.308,0.811,0.406,0.406,1.014,53236,0.00125,13.31
2026-09-02 05:40,ADA,ADA,0.197975,1.515,0.758,0.758,0.758,178906,0.00125,14.02
2026-09-02 05:40,DOT,DOT,0.886665,1.692,0.846,0.959,0.959,23497,0.00125,14.19
2026-09-02 05:40,UNI,UNI,5.99985,4.5,2.25,2.25,2.583,24955,0.00125,17.0
2026-09-02 05:40,AAVE,AAVE,129.18,1.548,0.774,0.774,1.548,114053,0.00125,14.05
2026-09-02 05:40,ARB,ARB,0.11285999999999999,3.544,2.658,2.658,2.658,58676,0.002989,22.69
2026-09-02 05:40,POL,POL,0.0903355,2.546,1.605,2.934,5.258,4452,-0.000356,12.21
2026-09-02 05:40,RENDER,RENDER,1.42035,3.52,1.76,1.76,3.168,11246,0.00125,16.02
2026-09-02 05:40,DOGE,DOGE,0.08152699999999999,1.472,0.736,0.736,0.736,228869,0.00125,13.97
2026-09-02 05:40,SHIB,kSHIB,0.0051660000000000005,3.871,1.936,3.871,5.807,159452,0.00125,16.37
2026-09-02 05:40,PEPE,kPEPE,0.0034865,2.868,1.434,1.434,1.434,772990,0.00125,15.37
2026-09-02 05:40,WIF,WIF,0.19966499999999998,3.506,1.753,1.753,2.254,40498,0.00125,16.01
2026-09-02 05:40,BONK,kBONK,0.003039,6.581,3.291,3.291,3.291,158011,0.00125,19.08
2026-09-02 05:40,TRUMP,TRUMP,2.3032500000000002,10.854,5.427,5.427,5.427,76171,0.00125,23.35
2026-09-02 05:45,BTC,BTC,77562.5,0.129,0.064,0.064,0.064,2195702,0.00125,12.63
2026-09-02 05:45,ETH,ETH,2417.05,0.414,0.207,0.207,0.207,8584998,0.00125,12.91
2026-09-02 05:45,SOL,SOL,100.285,0.997,0.499,0.499,0.499,4597768,0.000315,10.88
2026-09-02 05:45,XRP,XRP,1.35175,0.74,0.37,0.37,0.37,2355587,0.00125,13.24
2026-09-02 05:45,AVAX,AVAX,7.2156,2.217,1.109,1.386,1.386,60319,0.00077,13.37
2026-09-02 05:45,LINK,LINK,11.2365,0.89,0.445,0.445,1.335,548314,0.00125,13.39
2026-09-02 05:45,LTC,LTC,49.311499999999995,0.203,0.101,0.507,0.507,46147,0.00125,12.7
2026-09-02 05:45,ADA,ADA,0.197855,1.516,0.758,0.758,0.758,151541,0.00125,14.02
2026-09-02 05:45,DOT,DOT,0.8850549999999999,1.243,0.621,1.186,1.412,25967,0.00125,13.74
2026-09-02 05:45,UNI,UNI,5.991099999999999,1.669,3.004,3.004,3.004,27658,0.00125,18.51
2026-09-02 05:45,AAVE,AAVE,129.325,0.773,1.16,1.933,2.706,178387,0.00125,14.82
2026-09-02 05:45,ARB,ARB,0.11263000000000001,3.551,1.776,1.776,1.776,65667,0.003066,21.14
2026-09-02 05:45,POL,POL,0.0901055,1.665,0.832,2.386,3.163,8247,-0.000633,10.66
2026-09-02 05:45,RENDER,RENDER,1.4257,1.403,4.91,5.611,6.313,16740,0.00125,22.32
2026-09-02 05:45,DOGE,DOGE,0.0814925,0.123,0.061,0.061,0.061,182178,0.00125,12.62
2026-09-02 05:45,SHIB,kSHIB,0.00517,3.868,1.934,1.934,3.868,126744,0.00125,16.37
2026-09-02 05:45,PEPE,kPEPE,0.0034875,2.867,1.434,1.434,1.434,803261,0.00125,15.37
2026-09-02 05:45,WIF,WIF,0.19971,1.001,0.501,0.501,0.501,44833,0.00125,13.5
2026-09-02 05:45,BONK,kBONK,0.003038,6.583,3.292,3.292,3.292,168475,0.00125,19.08
2026-09-02 05:45,TRUMP,TRUMP,2.30265,1.303,0.651,0.651,1.52,99203,0.00125,13.8
2026-09-02 05:50,BTC,BTC,77601.5,0.129,0.064,0.064,0.064,2516484,0.00125,12.63
2026-09-02 05:50,ETH,ETH,2415.55,0.414,0.207,0.207,0.207,6695581,0.00125,12.91
2026-09-02 05:50,SOL,SOL,100.18,1.996,0.998,0.998,0.998,3915484,0.000191,11.53
2026-09-02 05:50,XRP,XRP,1.35095,0.74,0.37,0.37,0.37,2397518,0.00125,13.24
2026-09-02 05:50,AVAX,AVAX,7.205399999999999,0.555,0.278,0.278,0.278,77064,0.000736,11.62
2026-09-02 05:50,LINK,LINK,11.214500000000001,0.892,0.446,1.338,1.338,427034,0.00125,13.39
2026-09-02 05:50,LTC,LTC,49.194,0.813,0.407,0.407,0.407,59648,0.00125,13.31
2026-09-02 05:50,ADA,ADA,0.19761499999999999,2.53,1.265,1.265,1.265,167222,0.00125,15.03
2026-09-02 05:50,DOT,DOT,0.883155,1.925,0.962,1.076,1.868,30980,0.00125,14.42
2026-09-02 05:50,UNI,UNI,5.99685,2.835,1.417,1.584,1.584,27543,0.00125,15.33
2026-09-02 05:50,AAVE,AAVE,129.13,1.549,0.774,1.549,2.323,171975,0.00125,14.05
2026-09-02 05:50,ARB,ARB,0.112395,0.89,0.445,3.114,3.114,60780,0.002989,18.26
2026-09-02 05:50,POL,POL,0.0900715,2.109,1.832,3.386,4.496,8280,-0.000785,12.66
2026-09-02 05:50,RENDER,RENDER,1.4228,5.623,2.811,3.514,4.217,17588,0.00125,18.12
2026-09-02 05:50,DOGE,DOGE,0.0814275,0.123,0.061,0.798,0.798,192534,0.00125,12.62
2026-09-02 05:50,SHIB,kSHIB,0.00516,3.876,1.938,3.876,3.876,161575,0.00125,16.38
2026-09-02 05:50,PEPE,kPEPE,0.0034795,2.874,1.437,1.437,1.437,772150,0.00125,15.37
2026-09-02 05:50,WIF,WIF,0.197795,2.528,1.264,1.264,1.264,54508,0.00125,15.03
2026-09-02 05:50,BONK,kBONK,0.003025,6.612,3.306,3.306,3.306,173076,0.00125,19.11
2026-09-02 05:50,TRUMP,TRUMP,2.2989,1.74,0.87,0.87,1.305,44599,0.00125,14.24
2026-09-02 05:55,BTC,BTC,77574.5,0.129,0.064,0.064,0.064,2819102,0.00125,12.63
2026-09-02 05:55,ETH,ETH,2415.05,0.414,0.207,0.207,0.207,8001587,0.00125,12.91
2026-09-02 05:55,SOL,SOL,100.155,0.998,0.499,0.499,0.499,4449106,-9e-06,10.0
2026-09-02 05:55,XRP,XRP,1.35005,0.741,0.37,0.37,0.37,2236578,0.00125,13.24
2026-09-02 05:55,AVAX,AVAX,7.200150000000001,0.417,0.208,0.208,0.764,39275,0.000617,11.14
2026-09-02 05:55,LINK,LINK,11.1985,0.893,0.446,1.339,1.339,394206,0.00125,13.39
2026-09-02 05:55,LTC,LTC,49.128,0.407,0.204,0.407,0.407,47042,0.00125,12.91
2026-09-02 05:55,ADA,ADA,0.1975,1.013,0.506,0.506,0.506,117415,0.00125,13.51
2026-09-02 05:55,DOT,DOT,0.88671,1.353,0.677,1.015,2.143,24712,0.00125,13.85
2026-09-02 05:55,UNI,UNI,6.00345,0.167,1.582,1.749,2.082,30789,0.00125,15.66
2026-09-02 05:55,AAVE,AAVE,129.255,2.321,1.16,1.16,1.934,176208,0.00125,14.82
2026-09-02 05:55,ARB,ARB,0.11261499999999999,0.888,2.22,3.108,6.66,41148,0.003105,22.13
2026-09-02 05:55,POL,POL,0.0899745,2.334,1.723,3.279,4.057,7357,-0.000962,12.45
2026-09-02 05:55,RENDER,RENDER,1.42205,6.329,3.164,3.868,3.868,33482,0.00125,18.83
2026-09-02 05:55,DOGE,DOGE,0.0813935,0.123,0.061,0.184,0.184,187414,0.00125,12.62
2026-09-02 05:55,SHIB,kSHIB,0.0051535,1.94,2.911,2.911,4.851,157221,0.00125,18.32
2026-09-02 05:55,PEPE,kPEPE,0.0034775,2.876,1.438,1.438,1.438,757791,0.00125,15.38
2026-09-02 05:55,WIF,WIF,0.197745,2.529,1.264,2.276,2.781,48048,0.00125,15.03
2026-09-02 05:55,BONK,kBONK,0.003025,6.612,3.306,3.306,3.306,162947,0.00125,19.11
2026-09-02 05:55,TRUMP,TRUMP,2.30495,0.434,0.217,1.085,1.518,32614,0.00125,12.93
2026-09-02 06:00,BTC,BTC,77525.5,0.129,0.064,0.064,0.064,4569933,0.00125,12.63
2026-09-02 06:00,ETH,ETH,2413.95,0.414,0.207,0.207,0.207,11140664,0.00125,12.91
2026-09-02 06:00,SOL,SOL,100.215,0.998,0.499,0.499,0.499,4680367,-0.001692,10.0
2026-09-02 06:00,XRP,XRP,1.3505500000000001,0.74,0.37,0.37,0.37,2099732,0.00125,13.24
2026-09-02 06:00,AVAX,AVAX,7.19375,0.139,0.07,0.07,0.765,50152,-0.001411,9.14
2026-09-02 06:00,LINK,LINK,11.1985,0.893,0.446,0.446,0.446,403523,0.00125,13.39
2026-09-02 06:00,LTC,LTC,49.1575,0.203,0.102,0.102,0.305,57697,0.00125,12.7
2026-09-02 06:00,ADA,ADA,0.197395,0.507,0.253,0.253,0.253,101997,0.00125,13.01
2026-09-02 06:00,DOT,DOT,0.886755,0.113,0.056,0.733,0.846,30595,0.00125,12.61
2026-09-02 06:00,UNI,UNI,6.05405,0.826,0.413,0.413,0.413,33279,0.00125,13.33
2026-09-02 06:00,AAVE,AAVE,129.59,1.543,0.772,2.315,2.315,103320,0.00125,14.04
2026-09-02 06:00,ARB,ARB,0.11297499999999999,0.885,0.443,0.443,0.443,45668,0.00125,13.39
2026-09-02 06:00,POL,POL,0.090045,1.555,0.777,1.555,3.887,9997,-0.001668,10.55
2026-09-02 06:00,RENDER,RENDER,1.42145,4.925,2.462,3.166,4.573,20153,0.00125,17.42
2026-09-02 06:00,DOGE,DOGE,0.0814705,0.123,0.061,0.061,0.061,157060,0.00125,12.62
2026-09-02 06:00,SHIB,kSHIB,0.0051555,1.94,2.91,2.91,4.849,162333,0.00125,18.32
2026-09-02 06:00,PEPE,kPEPE,0.0034765,2.876,1.438,1.438,1.438,641309,0.00125,15.38
2026-09-02 06:00,WIF,WIF,0.197675,0.506,0.253,0.253,0.759,42707,0.001409,13.45
2026-09-02 06:00,BONK,kBONK,0.003026,6.609,3.305,6.609,6.609,155665,0.00125,19.11
2026-09-02 06:00,TRUMP,TRUMP,2.291,1.746,0.873,0.873,6.547,226718,0.00125,14.25
2026-09-02 06:05,BTC,BTC,77492.5,0.129,0.065,0.065,0.065,2861993,0.00125,12.63
2026-09-02 06:05,ETH,ETH,2415.3500000000004,0.414,0.207,0.207,0.207,5913427,0.00125,12.91
2026-09-02 06:05,SOL,SOL,100.14500000000001,0.999,0.499,0.499,0.499,3797672,-0.001295,10.0
2026-09-02 06:05,XRP,XRP,1.35155,0.74,0.37,0.37,0.37,1847028,0.00125,13.24
2026-09-02 06:05,AVAX,AVAX,7.20775,0.139,0.069,0.069,0.763,45884,0.001093,12.2
2026-09-02 06:05,LINK,LINK,11.226500000000001,0.891,0.445,0.445,0.445,427857,0.00125,13.39
2026-09-02 06:05,LTC,LTC,49.2375,0.609,0.305,0.305,0.508,72397,0.00125,13.11
2026-09-02 06:05,ADA,ADA,0.197345,1.52,0.76,0.76,0.76,131669,0.00125,14.02
2026-09-02 06:05,DOT,DOT,0.88784,1.802,0.901,1.014,1.802,19604,0.00125,14.3
2026-09-02 06:05,UNI,UNI,6.1493,0.325,0.163,0.163,0.163,63430,0.00125,12.83
2026-09-02 06:05,AAVE,AAVE,131.04500000000002,0.763,0.382,1.908,2.671,69086,0.00125,13.26
2026-09-02 06:05,ARB,ARB,0.11463000000000001,3.489,1.745,2.617,2.617,42954,0.004334,24.63
2026-09-02 06:05,POL,POL,0.090238,2.438,1.995,3.214,4.654,8190,-0.000145,12.99
2026-09-02 06:05,RENDER,RENDER,1.4248,5.615,2.807,3.509,4.211,17745,0.00125,18.11
2026-09-02 06:05,DOGE,DOGE,0.081564,0.245,0.123,0.123,0.123,206144,0.00125,12.75
2026-09-02 06:05,SHIB,kSHIB,0.005164500000000001,1.936,2.904,2.904,4.841,170385,0.00125,18.31
2026-09-02 06:05,PEPE,kPEPE,0.0034775,2.876,1.438,1.438,1.438,692294,0.00125,15.38
2026-09-02 06:05,WIF,WIF,0.197945,2.526,1.263,2.273,2.273,41988,0.001556,15.88
2026-09-02 06:05,BONK,kBONK,0.0030295,3.301,1.65,4.951,4.951,185500,0.00125,15.8
2026-09-02 06:05,TRUMP,TRUMP,2.28815,1.311,0.656,0.656,1.53,115862,0.00125,13.81
2026-09-02 06:10,BTC,BTC,77367.5,0.129,0.065,0.065,0.065,4825329,0.00125,12.63
2026-09-02 06:10,ETH,ETH,2410.05,0.415,0.207,0.207,0.207,9374052,0.00125,12.91
2026-09-02 06:10,SOL,SOL,99.8095,0.1,0.05,0.05,0.05,305787,-0.001812,9.1
2026-09-02 06:10,XRP,XRP,1.34575,0.743,0.372,0.372,0.372,2071722,0.00125,13.24
2026-09-02 06:10,AVAX,AVAX,7.191,0.834,0.417,0.556,0.556,79980,0.00065,11.65
2026-09-02 06:10,LINK,LINK,11.1675,0.895,0.448,1.343,1.343,232861,0.00125,13.4
2026-09-02 06:10,LTC,LTC,49.042500000000004,1.02,0.51,0.51,1.325,81019,0.00125,13.52
2026-09-02 06:10,ADA,ADA,0.19645,1.018,0.509,0.509,0.509,92523,0.00125,13.52
2026-09-02 06:10,DOT,DOT,0.881365,1.702,0.851,0.964,1.191,20439,0.00125,14.2
2026-09-02 06:10,UNI,UNI,6.18185,0.162,4.772,4.934,4.934,45795,0.00125,22.04
2026-09-02 06:10,AAVE,AAVE,130.425,0.767,0.383,0.383,0.383,138239,0.00125,13.27
2026-09-02 06:10,ARB,ARB,0.114505,2.62,1.31,1.31,1.31,69582,0.004103,23.11
2026-09-02 06:10,POL,POL,0.089952,2.223,1.89,3.113,3.891,5706,-0.000878,12.78
2026-09-02 06:10,RENDER,RENDER,1.4184,4.23,2.115,2.115,4.23,16978,0.00125,16.73
2026-09-02 06:10,DOGE,DOGE,0.08125450000000001,0.123,0.062,0.185,0.185,208665,0.00125,12.62
2026-09-02 06:10,SHIB,kSHIB,0.005153,3.881,1.941,3.881,3.881,162309,0.00125,16.38
2026-09-02 06:10,PEPE,kPEPE,0.0034645,2.886,1.443,1.443,1.443,796148,0.00125,15.39
2026-09-02 06:10,WIF,WIF,0.19726,1.014,0.507,0.507,0.507,15791,0.00125,13.51
2026-09-02 06:10,BONK,kBONK,0.003014,6.636,3.318,3.318,3.318,172925,0.00125,19.14
2026-09-02 06:10,TRUMP,TRUMP,2.28145,0.438,0.219,1.972,2.849,72658,0.00125,12.94
2026-09-02 06:15,BTC,BTC,77363.5,0.129,0.065,0.065,0.065,3142691,0.00125,12.63
2026-09-02 06:15,ETH,ETH,2409.75,0.415,0.207,0.207,0.207,7597706,0.00125,12.91
2026-09-02 06:15,SOL,SOL,99.9105,0.1,0.05,0.05,0.05,358633,-0.001807,9.1
2026-09-02 06:15,XRP,XRP,1.34565,0.743,0.372,0.372,0.372,1943921,0.00125,13.24
2026-09-02 06:15,AVAX,AVAX,7.19855,0.139,0.069,0.069,0.069,57689,0.000298,9.97
2026-09-02 06:15,LINK,LINK,11.1775,0.895,0.447,0.447,0.447,456575,0.00125,13.39
2026-09-02 06:15,LTC,LTC,49.059,0.815,0.408,0.612,0.612,62209,0.00125,13.32
2026-09-02 06:15,ADA,ADA,0.19649,1.018,0.509,1.018,1.018,111175,0.00125,13.52
2026-09-02 06:15,DOT,DOT,0.8829800000000001,1.359,0.68,0.793,0.793,21049,0.00125,13.86
2026-09-02 06:15,UNI,UNI,6.1411999999999995,2.605,1.303,1.303,1.303,52994,0.00125,15.11
2026-09-02 06:15,AAVE,AAVE,130.32,1.535,1.535,1.535,2.302,100340,0.00125,15.57
2026-09-02 06:15,ARB,ARB,0.11444,5.243,2.621,2.621,2.621,38663,0.003951,25.31
2026-09-02 06:15,POL,POL,0.08995449999999999,1.668,1.39,1.612,2.946,7272,-0.000322,11.78
2026-09-02 06:15,RENDER,RENDER,1.4191,4.228,2.114,2.819,3.523,23208,0.00125,16.73
2026-09-02 06:15,DOGE,DOGE,0.0813085,0.123,0.061,0.061,0.061,49031,0.00125,12.62
2026-09-02 06:15,SHIB,kSHIB,0.0051555,1.94,2.91,2.91,4.849,181770,0.00125,18.32
2026-09-02 06:15,PEPE,kPEPE,0.0034655,2.886,1.443,1.443,1.443,1066726,0.00125,15.39
2026-09-02 06:15,WIF,WIF,0.19790000000000002,1.011,0.505,1.011,1.011,57929,0.00125,13.51
2026-09-02 06:15,BONK,kBONK,0.0030135,3.318,1.659,1.659,4.978,188486,0.00125,15.82
2026-09-02 06:15,TRUMP,TRUMP,2.2762000000000002,0.879,0.439,1.318,1.318,23135,0.00125,13.38
2026-09-02 06:20,BTC,BTC,77392.5,0.129,0.065,0.065,0.065,10543957,0.00125,12.63
2026-09-02 06:20,ETH,ETH,2411.05,0.415,0.207,0.207,0.207,6817015,0.00125,12.91
2026-09-02 06:20,SOL,SOL,99.9305,0.1,0.05,0.05,0.05,397080,-0.001592,9.1
2026-09-02 06:20,XRP,XRP,1.3459500000000002,0.743,0.371,0.371,0.371,2353840,0.00125,13.24
2026-09-02 06:20,AVAX,AVAX,7.20015,0.139,0.903,0.903,1.736,52567,0.000321,11.7
2026-09-02 06:20,LINK,LINK,11.184000000000001,1.788,0.894,0.894,0.894,440303,0.00125,14.29
2026-09-02 06:20,LTC,LTC,49.076,0.408,0.204,0.204,0.408,66232,0.00125,12.91
2026-09-02 06:20,ADA,ADA,0.19682,1.016,0.508,0.508,1.016,80295,0.00125,13.52
2026-09-02 06:20,DOT,DOT,0.8817550000000001,0.113,3.119,3.232,3.232,42033,0.00125,18.74
2026-09-02 06:20,UNI,UNI,6.16545,0.162,0.081,0.081,0.081,63910,0.00125,12.66
2026-09-02 06:20,AAVE,AAVE,130.23000000000002,1.536,0.768,1.536,1.536,149447,0.00125,14.04
2026-09-02 06:20,ARB,ARB,0.11435999999999999,1.749,0.874,1.749,2.623,52899,0.00343,20.35
2026-09-02 06:20,POL,POL,0.0897605,1.448,0.724,0.836,2.507,7245,-0.000345,10.45
2026-09-02 06:20,RENDER,RENDER,1.41975,4.93,2.465,3.874,4.578,17856,0.00125,17.43
2026-09-02 06:20,DOGE,DOGE,0.0813685,0.614,0.307,0.307,0.307,183065,0.00125,13.11
2026-09-02 06:20,SHIB,kSHIB,0.005149,3.884,1.942,3.884,5.826,233841,0.00125,16.38
2026-09-02 06:20,PEPE,kPEPE,0.0034675,2.884,1.442,4.326,4.326,1141738,0.00125,15.38
2026-09-02 06:20,WIF,WIF,0.19788,3.032,1.516,1.516,1.516,58731,0.00125,15.53
2026-09-02 06:20,BONK,kBONK,0.0030135,3.318,1.659,1.659,4.978,152709,0.00125,15.82
2026-09-02 06:20,TRUMP,TRUMP,2.27765,4.83,2.415,2.415,2.415,104398,0.001075,16.84
2026-09-02 06:25,BTC,BTC,77389.5,0.129,0.065,0.065,0.065,8400144,0.00125,12.63
2026-09-02 06:25,ETH,ETH,2412.3500000000004,0.415,0.207,0.207,0.207,6533924,0.00125,12.91
2026-09-02 06:25,SOL,SOL,99.8625,0.1,0.05,0.05,0.05,305291,-0.001471,9.1
2026-09-02 06:25,XRP,XRP,1.34475,0.744,0.372,0.372,0.372,2398736,0.00125,13.24
2026-09-02 06:25,AVAX,AVAX,7.2034,0.555,0.278,0.278,0.278,49641,0.000583,11.19
2026-09-02 06:25,LINK,LINK,11.183,1.788,0.894,0.894,0.894,425614,0.00125,14.29
2026-09-02 06:25,LTC,LTC,49.1475,0.61,0.305,0.712,0.916,43287,0.00125,13.11
2026-09-02 06:25,ADA,ADA,0.196695,1.525,0.763,0.763,0.763,109610,0.00125,14.03
2026-09-02 06:25,DOT,DOT,0.882575,2.379,1.19,1.19,1.19,31413,0.00125,14.88
2026-09-02 06:25,UNI,UNI,6.17645,2.105,1.052,1.376,1.376,40576,0.00125,14.6
2026-09-02 06:25,AAVE,AAVE,130.74,1.53,1.53,2.295,2.295,137997,0.00125,15.56
2026-09-02 06:25,ARB,ARB,0.11363000000000001,1.76,0.88,0.88,4.4,39334,0.003566,20.74
2026-09-02 06:25,POL,POL,0.089915,3.114,2.447,3.336,4.226,9324,-0.000295,13.89
2026-09-02 06:25,RENDER,RENDER,1.4196,2.818,1.409,2.113,3.522,16120,0.00125,15.32
2026-09-02 06:25,DOGE,DOGE,0.0813225,0.123,0.061,0.676,0.676,192263,0.00125,12.62
2026-09-02 06:25,SHIB,kSHIB,0.0051565,1.939,0.97,0.97,0.97,170641,0.00125,14.44
2026-09-02 06:25,PEPE,kPEPE,0.0034635,2.887,1.444,1.444,1.444,804466,0.00125,15.39
2026-09-02 06:25,WIF,WIF,0.197585,1.518,0.759,0.759,1.265,47572,0.00125,14.02
2026-09-02 06:25,BONK,kBONK,0.003013,6.638,3.319,3.319,6.638,206804,0.00125,19.14
2026-09-02 06:25,TRUMP,TRUMP,2.2845000000000004,0.875,0.438,0.438,0.875,93388,0.00125,13.38
2026-09-02 06:30,BTC,BTC,77415.5,0.129,0.065,0.065,0.065,3730363,0.00125,12.63
2026-09-02 06:30,ETH,ETH,2412.55,0.414,0.207,0.207,0.207,11083796,0.00125,12.91
2026-09-02 06:30,SOL,SOL,99.8935,0.1,0.05,0.05,0.05,532796,-0.00132,9.1
2026-09-02 06:30,XRP,XRP,1.34475,0.744,0.372,0.372,0.372,2331353,0.00125,13.24
2026-09-02 06:30,AVAX,AVAX,7.2026,1.666,0.833,0.972,0.972,80460,0.000652,12.49
2026-09-02 06:30,LINK,LINK,11.1765,0.895,0.447,0.447,0.447,415623,0.00125,13.39
2026-09-02 06:30,LTC,LTC,49.093999999999994,0.815,0.407,0.611,0.611,54305,0.00125,13.31
2026-09-02 06:30,ADA,ADA,0.19663,1.017,0.509,0.509,1.017,129682,0.00125,13.52
2026-09-02 06:30,DOT,DOT,0.88188,1.588,0.794,0.907,1.134,19402,0.00125,14.09
2026-09-02 06:30,UNI,UNI,6.193199999999999,0.646,0.323,1.292,1.453,37689,0.00125,13.15
2026-09-02 06:30,AAVE,AAVE,131.10000000000002,1.526,5.339,5.339,5.339,160240,0.00125,23.18
2026-09-02 06:30,ARB,ARB,0.11308499999999999,0.884,0.442,0.442,0.442,114399,0.003386,19.36
2026-09-02 06:30,POL,POL,0.0897125,1.672,1.839,2.954,3.623,3804,-0.000234,12.68
2026-09-02 06:30,RENDER,RENDER,1.42075,4.927,2.463,2.463,3.871,16202,0.00125,17.43
2026-09-02 06:30,DOGE,DOGE,0.0813535,0.615,0.307,0.676,0.676,231205,0.00125,13.11
2026-09-02 06:30,SHIB,kSHIB,0.0051565,1.939,2.909,2.909,4.848,156494,0.00125,18.32
2026-09-02 06:30,PEPE,kPEPE,0.0034635,2.887,1.444,1.444,1.444,786726,0.00125,15.39
2026-09-02 06:30,WIF,WIF,0.198005,1.515,0.758,0.758,1.263,50057,0.00125,14.02
2026-09-02 06:30,BONK,kBONK,0.003013,6.638,3.319,3.319,3.319,195477,0.00125,19.14
2026-09-02 06:30,TRUMP,TRUMP,2.28895,0.437,1.966,1.966,2.84,63217,0.00125,16.43
2026-09-02 06:35,BTC,BTC,77471.5,0.129,0.065,0.065,0.065,2905265,0.00125,12.63
2026-09-02 06:35,ETH,ETH,2414.95,0.414,0.207,0.207,0.207,7243069,0.00125,12.91
2026-09-02 06:35,SOL,SOL,99.98949999999999,0.1,0.05,0.05,0.05,3404226,-0.001181,9.1
2026-09-02 06:35,XRP,XRP,1.3468499999999999,0.742,0.371,0.371,0.371,2307257,0.00125,13.24
2026-09-02 06:35,AVAX,AVAX,7.21075,0.139,1.595,1.734,1.734,41292,0.000699,14.15
2026-09-02 06:35,LINK,LINK,11.1985,0.893,0.446,0.446,0.446,429291,0.00125,13.39
2026-09-02 06:35,LTC,LTC,49.288,0.812,0.406,0.609,0.609,46024,0.00125,13.31
2026-09-02 06:35,ADA,ADA,0.1971,1.015,0.507,1.015,1.015,143790,0.00125,13.51
2026-09-02 06:35,DOT,DOT,0.88394,1.584,0.792,1.697,1.697,24050,0.00125,14.08
2026-09-02 06:35,UNI,UNI,6.2261500000000005,4.337,2.168,2.168,2.168,38918,0.00125,16.84
2026-09-02 06:35,AAVE,AAVE,131.45499999999998,2.282,1.141,1.141,1.902,148286,0.00125,14.78
2026-09-02 06:35,ARB,ARB,0.11329,3.531,1.765,1.765,2.648,52496,0.003296,21.76
2026-09-02 06:35,POL,POL,0.089741,2.229,1.114,2.34,4.123,4523,-0.000177,11.23
2026-09-02 06:35,RENDER,RENDER,1.4260000000000002,7.013,3.506,3.506,4.909,22168,0.00125,19.51
2026-09-02 06:35,DOGE,DOGE,0.0815215,0.123,0.061,0.061,0.061,215447,0.00125,12.62
2026-09-02 06:35,SHIB,kSHIB,0.0051775,1.931,2.897,4.829,4.829,145095,0.00125,18.29
2026-09-02 06:35,PEPE,kPEPE,0.0034745,2.878,1.439,1.439,1.439,801366,0.00125,15.38
2026-09-02 06:35,WIF,WIF,0.19816,4.037,2.019,2.019,2.019,48274,0.001378,16.9
2026-09-02 06:35,BONK,kBONK,0.0030255,3.305,1.653,1.653,4.958,205835,0.00125,15.81
2026-09-02 06:35,TRUMP,TRUMP,2.29515,0.436,0.218,1.089,1.961,162153,0.00125,12.94
2026-09-02 06:40,BTC,BTC,77527.5,0.129,0.064,0.064,0.064,5010152,0.00125,12.63
2026-09-02 06:40,ETH,ETH,2415.6499999999996,0.414,0.207,0.207,0.207,7692907,0.00125,12.91
2026-09-02 06:40,SOL,SOL,100.015,1.0,0.5,0.5,0.5,3790760,-0.001174,10.0
2026-09-02 06:40,XRP,XRP,1.34715,0.742,0.371,0.371,0.371,2235929,0.00125,13.24
2026-09-02 06:40,AVAX,AVAX,7.22325,0.692,0.346,0.485,0.485,49555,0.000686,11.61
2026-09-02 06:40,LINK,LINK,11.2195,0.891,0.446,0.446,1.337,516468,0.00125,13.39
2026-09-02 06:40,LTC,LTC,49.296499999999995,0.203,0.101,0.101,0.913,38325,0.00125,12.7
2026-09-02 06:40,ADA,ADA,0.19730999999999999,3.041,1.52,1.52,1.52,147076,0.00125,15.54
2026-09-02 06:40,DOT,DOT,0.884065,3.054,1.527,1.64,2.319,29179,0.00125,15.55
2026-09-02 06:40,UNI,UNI,6.2479,1.28,0.64,0.64,1.921,31870,0.00125,13.78
2026-09-02 06:40,AAVE,AAVE,132.005,0.758,0.379,0.379,0.379,101841,0.00125,13.26
2026-09-02 06:40,ARB,ARB,0.11285999999999999,3.544,1.772,3.544,4.43,54679,0.003245,21.63
2026-09-02 06:40,POL,POL,0.089823,2.895,1.447,1.559,3.563,5872,-0.000178,11.89
2026-09-02 06:40,RENDER,RENDER,1.4289,6.998,3.499,4.199,4.899,17121,0.00125,19.5
2026-09-02 06:40,DOGE,DOGE,0.081596,0.735,0.368,0.49,0.49,154443,0.00125,13.24
2026-09-02 06:40,SHIB,kSHIB,0.005192499999999999,1.926,2.889,4.815,4.815,160385,0.00125,18.28
2026-09-02 06:40,PEPE,kPEPE,0.0034785,2.875,1.437,1.437,1.437,750904,0.00125,15.37
2026-09-02 06:40,WIF,WIF,0.1985,1.008,0.504,0.504,0.504,25237,0.001573,14.41
2026-09-02 06:40,BONK,kBONK,0.003036,6.588,3.294,3.294,3.294,152099,0.00125,19.09
2026-09-02 06:40,TRUMP,TRUMP,2.29925,0.435,1.087,1.087,1.087,87421,0.00125,14.67
2026-09-02 06:45,BTC,BTC,77560.5,0.129,0.064,0.064,0.064,1726489,0.00125,12.63
2026-09-02 06:45,ETH,ETH,2415.45,0.414,0.207,0.207,0.207,7347907,0.00125,12.91
2026-09-02 06:45,SOL,SOL,99.9905,0.1,0.05,0.05,0.05,3456828,-0.001184,9.1
2026-09-02 06:45,XRP,XRP,1.34775,0.742,0.371,0.371,1.113,2164726,0.00125,13.24
2026-09-02 06:45,AVAX,AVAX,7.22405,2.907,1.453,2.422,2.699,85188,0.00073,13.95
2026-09-02 06:45,LINK,LINK,11.213000000000001,1.784,0.892,0.892,0.892,400315,0.00125,14.28
2026-09-02 06:45,LTC,LTC,49.3735,1.013,0.506,0.506,0.709,90166,0.00125,13.51
2026-09-02 06:45,ADA,ADA,0.197385,0.507,0.253,0.76,2.28,112934,0.00125,13.01
2026-09-02 06:45,DOT,DOT,0.8863,1.58,0.79,0.79,1.015,25844,0.00125,14.08
2026-09-02 06:45,UNI,UNI,6.2217,1.929,0.964,1.125,1.286,27366,0.00125,14.43
2026-09-02 06:45,AAVE,AAVE,131.805,2.276,1.138,1.897,1.897,149663,0.00125,14.78
2026-09-02 06:45,ARB,ARB,0.1126,3.552,1.776,1.776,2.664,39659,0.003109,21.26
2026-09-02 06:45,POL,POL,0.0899095,2.781,1.39,1.502,3.059,8719,-0.000515,11.78
2026-09-02 06:45,RENDER,RENDER,1.432,5.587,2.793,2.793,4.19,20583,0.00125,18.09
2026-09-02 06:45,DOGE,DOGE,0.08169599999999999,0.734,0.367,0.367,0.367,180804,0.00125,13.23
2026-09-02 06:45,SHIB,kSHIB,0.0051935,1.925,2.888,2.888,2.888,144552,0.00125,18.28
2026-09-02 06:45,PEPE,kPEPE,0.0034795,2.874,1.437,1.437,1.437,801082,0.00125,15.37
2026-09-02 06:45,WIF,WIF,0.19861499999999999,2.517,1.259,1.762,1.762,47432,0.001547,15.85
2026-09-02 06:45,BONK,kBONK,0.0030305,3.3,1.65,4.95,4.95,155351,0.00125,15.8
2026-09-02 06:45,TRUMP,TRUMP,2.30035,0.435,0.217,1.087,1.087,119708,0.00125,12.93
2026-09-02 06:50,BTC,BTC,77570.5,0.129,0.064,0.064,0.064,3374616,0.00125,12.63
2026-09-02 06:50,ETH,ETH,2416.05,0.414,0.207,0.207,0.207,7851376,0.00125,12.91
2026-09-02 06:50,SOL,SOL,100.045,1.0,0.5,0.5,0.5,4339824,-0.00115,10.0
2026-09-02 06:50,XRP,XRP,1.3486500000000001,0.741,0.371,0.371,0.371,2372489,0.00125,13.24
2026-09-02 06:50,AVAX,AVAX,7.2304,1.106,0.553,0.553,0.83,73188,0.000867,12.53
2026-09-02 06:50,LINK,LINK,11.2415,0.89,0.445,0.445,0.445,489607,0.00125,13.39
2026-09-02 06:50,LTC,LTC,49.4555,1.011,0.506,0.708,1.517,52982,0.00125,13.51
2026-09-02 06:50,ADA,ADA,0.197665,0.506,0.253,0.253,0.253,222909,0.00125,13.01
2026-09-02 06:50,DOT,DOT,0.8894,1.574,0.787,0.899,1.462,18373,0.00125,14.07
2026-09-02 06:50,UNI,UNI,6.2683,2.553,1.276,2.233,2.233,31597,0.00125,15.05
2026-09-02 06:50,AAVE,AAVE,131.91500000000002,2.274,1.137,1.137,1.137,157974,0.00125,14.77
2026-09-02 06:50,ARB,ARB,0.112445,2.668,1.334,1.334,1.334,63428,0.003009,20.09
2026-09-02 06:50,POL,POL,0.089949,2.223,1.112,1.223,2.668,5261,-0.00091,11.22
2026-09-02 06:50,RENDER,RENDER,1.434,5.579,2.789,3.487,3.487,17324,0.00125,18.08
2026-09-02 06:50,DOGE,DOGE,0.081762,0.734,0.367,0.367,0.367,209463,0.00125,13.23
2026-09-02 06:50,SHIB,kSHIB,0.0051955000000000005,1.925,0.962,4.812,6.737,154306,0.00125,14.42
2026-09-02 06:50,PEPE,kPEPE,0.0034795,2.874,1.437,1.437,1.437,776385,0.00125,15.37
2026-09-02 06:50,WIF,WIF,0.198825,0.503,0.251,0.251,0.251,42408,0.001584,13.94
2026-09-02 06:50,BONK,kBONK,0.0030299999999999997,6.601,3.3,3.3,6.601,168244,0.00125,19.1
2026-09-02 06:50,TRUMP,TRUMP,2.3015499999999998,0.434,0.217,0.217,0.652,99806,0.00125,12.93
2026-09-02 06:55,BTC,BTC,77540.5,0.129,0.064,0.064,0.064,6462903,0.00125,12.63
2026-09-02 06:55,ETH,ETH,2415.25,0.414,0.207,0.207,0.207,7496087,0.00125,12.91
2026-09-02 06:55,SOL,SOL,99.9635,0.1,0.05,0.05,0.05,376527,-0.001096,9.1
2026-09-02 06:55,XRP,XRP,1.3476499999999998,0.742,0.371,1.113,1.113,2268427,0.00125,13.24
2026-09-02 06:55,AVAX,AVAX,7.2238,1.107,0.692,0.692,0.692,78406,0.000934,13.0
2026-09-02 06:55,LINK,LINK,11.2405,0.89,0.445,0.445,0.445,419305,0.00125,13.39
2026-09-02 06:55,LTC,LTC,49.3495,0.608,0.304,0.912,1.114,50095,0.00125,13.11
2026-09-02 06:55,ADA,ADA,0.197175,0.507,0.254,0.254,0.761,136931,0.00125,13.01
2026-09-02 06:55,DOT,DOT,0.88998,1.124,0.562,0.562,0.562,31794,0.00125,13.62
2026-09-02 06:55,UNI,UNI,6.23915,1.763,0.882,1.042,1.042,27523,0.00125,14.26
2026-09-02 06:55,AAVE,AAVE,132.14,1.514,0.757,0.757,0.757,131081,0.00125,14.01
2026-09-02 06:55,ARB,ARB,0.112345,0.89,0.445,0.445,0.445,50246,0.00289,17.98
2026-09-02 06:55,POL,POL,0.08987400000000001,2.225,1.113,1.224,2.782,7119,-0.00123,11.23
2026-09-02 06:55,RENDER,RENDER,1.43365,3.488,1.744,2.441,3.836,12810,0.00125,15.99
2026-09-02 06:55,DOGE,DOGE,0.081701,0.245,0.122,0.122,0.122,229509,0.00125,12.74
2026-09-02 06:55,SHIB,kSHIB,0.005192499999999999,1.926,2.889,4.815,4.815,164368,0.00125,18.28
2026-09-02 06:55,PEPE,kPEPE,0.0034745,2.878,1.439,1.439,1.439,781447,0.00125,15.38
2026-09-02 06:55,WIF,WIF,0.19861499999999999,0.503,0.252,0.252,2.769,41609,0.001595,13.97
2026-09-02 06:55,BONK,kBONK,0.0030235,3.307,1.654,4.961,4.961,200406,0.00125,15.81
2026-09-02 06:55,TRUMP,TRUMP,2.3019499999999997,0.434,0.217,0.217,0.217,100169,0.00125,12.93
2026-09-02 07:00,BTC,BTC,77557.5,0.129,0.064,0.064,0.064,2691136,0.00125,12.63
2026-09-02 07:00,ETH,ETH,2416.6499999999996,0.414,0.207,0.207,0.207,10571022,0.00125,12.91
2026-09-02 07:00,SOL,SOL,100.065,0.999,0.5,0.5,0.5,5037672,-0.000709,10.0
2026-09-02 07:00,XRP,XRP,1.3478500000000002,0.742,0.371,0.371,0.371,2289005,0.00125,13.24
2026-09-02 07:00,AVAX,AVAX,7.2311,0.277,0.83,0.83,1.383,62322,0.00125,14.16
2026-09-02 07:00,LINK,LINK,11.2575,0.888,0.444,0.444,0.444,424133,0.00125,13.39
2026-09-02 07:00,LTC,LTC,49.446,1.213,0.607,0.607,0.607,53993,0.00125,13.71
2026-09-02 07:00,ADA,ADA,0.197415,0.507,0.253,0.253,0.76,122896,0.00125,13.01
2026-09-02 07:00,DOT,DOT,0.892245,2.354,1.177,1.177,1.177,35752,0.00125,14.85
2026-09-02 07:00,UNI,UNI,6.25005,0.16,0.08,0.08,0.08,25890,0.00125,12.66
2026-09-02 07:00,AAVE,AAVE,132.595,0.754,1.131,2.64,4.148,137633,0.00125,14.76
2026-09-02 07:00,ARB,ARB,0.112275,2.672,1.336,1.336,2.227,76938,0.00125,15.17
2026-09-02 07:00,POL,POL,0.0902685,1.662,0.831,1.496,1.717,9776,-0.002333,10.66
2026-09-02 07:00,RENDER,RENDER,1.4348,5.576,2.788,3.485,4.182,16001,0.00125,18.08
2026-09-02 07:00,DOGE,DOGE,0.0817155,0.367,0.184,0.306,0.306,214336,0.00125,12.87
2026-09-02 07:00,SHIB,kSHIB,0.005204500000000001,1.921,2.882,4.804,4.804,181866,0.00125,18.26
2026-09-02 07:00,PEPE,kPEPE,0.0034755,2.877,1.439,1.439,1.439,740442,0.00125,15.38
2026-09-02 07:00,WIF,WIF,0.198735,3.522,1.761,2.768,3.271,12323,0.00125,16.02
2026-09-02 07:00,BONK,kBONK,0.003023,6.616,3.308,3.308,3.308,184056,0.00125,19.12
2026-09-02 07:00,TRUMP,TRUMP,2.2977,0.87,0.435,0.435,0.435,46094,0.00125,13.37
2026-09-02 07:05,BTC,BTC,77429.5,0.129,0.065,0.065,0.065,3226544,0.00125,12.63
2026-09-02 07:05,ETH,ETH,2411.25,0.415,0.207,0.207,0.207,7459414,0.00125,12.91
2026-09-02 07:05,SOL,SOL,99.7495,0.1,0.05,0.05,0.05,207169,-0.001607,9.1
2026-09-02 07:05,XRP,XRP,1.34355,0.744,0.372,0.372,0.372,1975896,0.00125,13.24
2026-09-02 07:05,AVAX,AVAX,7.2067,0.555,0.278,0.278,0.278,77238,0.000767,11.7
2026-09-02 07:05,LINK,LINK,11.229,1.781,0.891,0.891,0.891,432940,0.00125,14.28
2026-09-02 07:05,LTC,LTC,49.2695,1.421,0.71,0.71,1.319,60523,0.00125,13.92
2026-09-02 07:05,ADA,ADA,0.196575,1.526,0.763,0.763,0.763,119432,0.00125,14.03
2026-09-02 07:05,DOT,DOT,0.8789549999999999,2.162,1.081,1.195,2.56,26413,0.00125,14.66
2026-09-02 07:05,UNI,UNI,6.24435,1.441,0.721,1.201,1.201,32440,0.00125,13.94
2026-09-02 07:05,AAVE,AAVE,131.90499999999997,2.274,1.137,1.895,1.895,116350,0.00125,14.77
2026-09-02 07:05,ARB,ARB,0.112295,0.891,0.445,1.336,1.336,53966,0.00125,13.39
2026-09-02 07:05,POL,POL,0.0899685,3.89,1.945,2.056,2.834,9633,-0.002052,12.89
2026-09-02 07:05,RENDER,RENDER,1.4290500000000002,4.898,2.449,3.149,5.248,18249,0.00125,17.4
2026-09-02 07:05,DOGE,DOGE,0.0815145,0.123,0.061,0.061,0.061,221210,0.00125,12.62
2026-09-02 07:05,SHIB,kSHIB,0.005183500000000001,1.929,2.894,4.823,4.823,161588,0.00125,18.29
2026-09-02 07:05,PEPE,kPEPE,0.0034625,2.888,1.444,1.444,1.444,550491,0.00125,15.39
2026-09-02 07:05,WIF,WIF,0.19783499999999998,3.538,1.769,2.78,3.286,42830,0.00125,16.04
2026-09-02 07:05,BONK,kBONK,0.0030145,3.317,1.659,4.976,4.976,164569,0.00125,15.82
2026-09-02 07:05,TRUMP,TRUMP,2.28505,1.313,0.656,1.532,2.407,63694,0.00125,13.81
2026-09-02 07:10,BTC,BTC,77476.5,0.129,0.065,0.065,0.065,2317242,0.00125,12.63
2026-09-02 07:10,ETH,ETH,2411.55,0.415,0.207,0.207,0.207,7130571,0.00125,12.91
2026-09-02 07:10,SOL,SOL,99.82849999999999,0.1,0.05,0.05,0.05,347809,-0.001544,9.1
2026-09-02 07:10,XRP,XRP,1.34435,0.744,0.372,0.372,0.372,2073398,0.00125,13.24
2026-09-02 07:10,AVAX,AVAX,7.21475,0.97,0.485,0.485,0.485,67768,0.000436,11.19
2026-09-02 07:10,LINK,LINK,11.2275,0.891,0.445,0.445,0.445,429248,0.00125,13.39
2026-09-02 07:10,LTC,LTC,49.349000000000004,0.811,0.405,0.405,0.405,48576,0.00125,13.31
2026-09-02 07:10,ADA,ADA,0.19677,1.016,0.508,0.508,1.525,145657,0.00125,13.52
2026-09-02 07:10,DOT,DOT,0.8781650000000001,1.708,0.854,1.423,1.537,18260,0.00125,14.21
2026-09-02 07:10,UNI,UNI,6.28465,1.114,0.557,0.557,0.557,35002,0.00125,13.61
2026-09-02 07:10,AAVE,AAVE,132.015,0.757,1.136,1.136,1.894,98232,0.00125,14.77
2026-09-02 07:10,ARB,ARB,0.111835,2.683,1.341,1.341,1.341,49681,0.00125,15.18
2026-09-02 07:10,POL,POL,0.0901485,2.995,1.498,1.608,2.718,9466,-0.00155,12.0
2026-09-02 07:10,RENDER,RENDER,1.4309500000000002,6.29,3.145,3.844,5.241,21398,0.00125,18.79
2026-09-02 07:10,DOGE,DOGE,0.081581,0.735,0.368,0.368,0.368,199406,0.00125,13.24
2026-09-02 07:10,SHIB,kSHIB,0.005194,3.851,3.851,3.851,3.851,177670,0.00125,20.2
2026-09-02 07:10,PEPE,kPEPE,0.0034515,2.897,1.449,1.449,1.449,579311,0.00125,15.4
2026-09-02 07:10,WIF,WIF,0.198445,2.52,1.26,1.26,1.764,45225,0.00125,15.02
2026-09-02 07:10,BONK,kBONK,0.0030150000000000003,6.633,3.317,3.317,3.317,154819,0.00125,19.13
2026-09-02 07:10,TRUMP,TRUMP,2.30145,1.304,0.652,0.652,0.652,89786,0.00125,13.8
2026-09-02 07:15,BTC,BTC,77660.5,0.129,0.064,0.064,0.064,3234595,0.00125,12.63
2026-09-02 07:15,ETH,ETH,2417.55,0.414,0.207,0.207,0.207,7071360,0.00125,12.91
2026-09-02 07:15,SOL,SOL,100.155,0.998,0.499,0.499,0.499,4578461,-0.00124,10.0
2026-09-02 07:15,XRP,XRP,1.34985,0.741,0.37,0.37,0.37,2462839,0.00125,13.24
2026-09-02 07:15,AVAX,AVAX,7.23435,0.968,0.484,0.484,0.484,110923,0.000513,11.4
2026-09-02 07:15,LINK,LINK,11.2675,2.663,1.331,1.331,1.331,529558,0.00125,15.16
2026-09-02 07:15,LTC,LTC,49.4855,0.202,0.101,0.101,0.101,58133,0.00125,12.7
2026-09-02 07:15,ADA,ADA,0.19757,2.025,1.012,1.012,1.012,82652,0.00125,14.52
2026-09-02 07:15,DOT,DOT,0.88129,1.589,0.794,0.794,0.794,28639,0.00125,14.09
2026-09-02 07:15,UNI,UNI,6.31515,1.425,0.713,0.713,1.346,37859,0.00125,13.93
2026-09-02 07:15,AAVE,AAVE,132.385,2.266,1.133,1.133,1.888,111275,0.00125,14.77
2026-09-02 07:15,ARB,ARB,0.112415,0.89,0.445,0.445,0.445,70001,0.00125,13.39
2026-09-02 07:15,POL,POL,0.0902895,2.326,1.938,3.378,5.593,4381,-0.001352,12.88
2026-09-02 07:15,RENDER,RENDER,1.4351,4.181,2.09,2.787,3.484,21436,0.00125,16.68
2026-09-02 07:15,DOGE,DOGE,0.0818245,0.122,1.772,1.772,1.772,199670,0.00125,16.04
2026-09-02 07:15,SHIB,kSHIB,0.0052075,1.92,4.801,4.801,6.721,143990,0.00125,22.1
2026-09-02 07:15,PEPE,kPEPE,0.0034665,2.885,1.442,1.442,1.442,1029625,0.00125,15.38
2026-09-02 07:15,WIF,WIF,0.19909,2.009,1.005,1.005,2.511,48866,0.001693,15.75
2026-09-02 07:15,BONK,kBONK,0.003023,6.616,3.308,3.308,3.308,184559,0.00125,19.12
2026-09-02 07:15,TRUMP,TRUMP,2.3025,0.869,0.434,0.434,0.869,122328,0.00125,13.37
2026-09-02 07:20,BTC,BTC,77659.5,0.129,0.064,0.064,0.064,3029580,0.00125,12.63
2026-09-02 07:20,ETH,ETH,2420.3500000000004,0.413,0.207,0.207,0.207,6269822,0.00125,12.91
2026-09-02 07:20,SOL,SOL,100.17500000000001,0.998,0.499,0.499,0.499,4054036,-0.001077,10.0
2026-09-02 07:20,XRP,XRP,1.35025,0.741,0.37,1.111,1.111,2232466,0.00125,13.24
2026-09-02 07:20,AVAX,AVAX,7.24305,0.966,0.483,0.483,0.483,63128,0.000713,11.96
2026-09-02 07:20,LINK,LINK,11.277000000000001,1.774,0.887,0.887,0.887,511362,0.00125,14.27
2026-09-02 07:20,LTC,LTC,49.502,1.212,0.606,0.606,0.606,54641,0.00125,13.71
2026-09-02 07:20,ADA,ADA,0.198065,0.505,0.252,0.252,0.252,159530,0.00125,13.0
2026-09-02 07:20,DOT,DOT,0.8851249999999999,2.147,1.073,1.186,1.186,27696,0.00125,14.65
2026-09-02 07:20,UNI,UNI,6.36895,0.157,0.079,0.079,0.079,49966,0.00125,12.66
2026-09-02 07:20,AAVE,AAVE,133.15499999999997,2.253,1.127,1.127,1.127,69305,0.00125,14.75
2026-09-02 07:20,ARB,ARB,0.11281,1.773,0.886,0.886,0.886,76953,0.00125,14.27
2026-09-02 07:20,POL,POL,0.0902765,2.991,2.382,2.603,5.705,4501,-0.001374,13.76
2026-09-02 07:20,RENDER,RENDER,1.4383,5.562,2.781,3.476,3.476,21881,0.00125,18.06
2026-09-02 07:20,DOGE,DOGE,0.0818575,0.122,1.527,1.649,1.649,230252,0.00125,15.55
2026-09-02 07:20,SHIB,kSHIB,0.005209,3.84,3.84,5.759,5.759,160109,0.00125,20.18
2026-09-02 07:20,PEPE,kPEPE,0.0034695,2.882,1.441,1.441,1.441,998151,0.00125,15.38
2026-09-02 07:20,WIF,WIF,0.1997,1.002,0.501,0.501,2.003,46095,0.002215,16.2
2026-09-02 07:20,BONK,kBONK,0.0030285,3.302,1.651,4.953,4.953,174511,0.00125,15.8
2026-09-02 07:20,TRUMP,TRUMP,2.2977499999999997,0.435,0.218,0.218,1.088,162193,0.00125,12.94
2026-09-02 07:25,BTC,BTC,77680.5,0.129,0.064,0.064,0.064,2861951,0.00125,12.63
2026-09-02 07:25,ETH,ETH,2420.8500000000004,0.413,0.207,0.207,0.207,7683821,0.00125,12.91
2026-09-02 07:25,SOL,SOL,100.155,0.998,0.499,0.499,0.499,4045686,-0.00094,10.0
2026-09-02 07:25,XRP,XRP,1.3512499999999998,0.74,0.37,0.37,0.37,2407138,0.00125,13.24
2026-09-02 07:25,AVAX,AVAX,7.2442,0.828,0.552,0.552,0.966,86620,0.001035,13.0
2026-09-02 07:25,LINK,LINK,11.282,1.773,0.886,0.886,0.886,322905,0.00125,14.27
2026-09-02 07:25,LTC,LTC,49.492999999999995,0.808,0.404,0.404,0.404,61349,0.00125,13.31
2026-09-02 07:25,ADA,ADA,0.19867,1.007,0.503,0.503,1.51,139781,0.00125,13.51
2026-09-02 07:25,DOT,DOT,0.883455,2.151,1.075,1.189,1.189,14542,0.00125,14.65
2026-09-02 07:25,UNI,UNI,6.3355,1.578,0.789,0.789,0.789,47732,0.00125,14.08
2026-09-02 07:25,AAVE,AAVE,134.86,2.966,1.483,1.483,5.191,96258,0.00125,15.47
2026-09-02 07:25,ARB,ARB,0.11274500000000001,0.887,1.33,2.217,2.217,42046,0.00125,15.16
2026-09-02 07:25,POL,POL,0.0902805,1.883,1.828,3.378,5.151,4272,-0.001554,12.66
2026-09-02 07:25,RENDER,RENDER,1.44025,4.86,2.43,3.124,3.819,12505,0.00125,17.36
2026-09-02 07:25,DOGE,DOGE,0.081877,0.244,0.122,0.366,0.366,195773,0.00125,12.74
2026-09-02 07:25,SHIB,kSHIB,0.0052075,1.92,2.88,4.801,4.801,161489,0.00125,18.26
2026-09-02 07:25,PEPE,kPEPE,0.0034714999999999998,2.881,1.44,1.44,1.44,866852,0.00125,15.38
2026-09-02 07:25,WIF,WIF,0.199715,2.504,1.252,1.752,1.752,50104,0.002496,18.49
2026-09-02 07:25,BONK,kBONK,0.0030369999999999998,6.585,3.293,3.293,3.293,227104,0.00125,19.09
2026-09-02 07:25,TRUMP,TRUMP,2.29655,0.435,0.218,0.218,1.524,81477,0.00125,12.94
2026-09-02 07:30,BTC,BTC,77683.5,0.129,0.064,0.064,0.064,5252416,0.00125,12.63
2026-09-02 07:30,ETH,ETH,2420.95,0.413,0.207,0.207,0.207,10103378,0.00125,12.91
2026-09-02 07:30,SOL,SOL,100.17500000000001,0.998,0.499,0.499,0.499,5450674,-0.000844,10.0
2026-09-02 07:30,XRP,XRP,1.3512499999999998,0.74,0.37,0.37,0.37,2386142,0.00125,13.24
2026-09-02 07:30,AVAX,AVAX,7.24665,0.138,1.311,1.311,2.001,58391,0.00125,15.12
2026-09-02 07:30,LINK,LINK,11.2865,0.886,0.443,0.443,0.443,373253,0.00125,13.39
2026-09-02 07:30,LTC,LTC,49.4645,1.011,0.505,0.505,0.505,70981,0.00125,13.51
2026-09-02 07:30,ADA,ADA,0.198775,0.503,0.252,0.252,0.252,134638,0.00125,13.0
2026-09-02 07:30,DOT,DOT,0.87693,2.281,1.14,1.939,2.281,14126,0.00125,14.78
2026-09-02 07:30,UNI,UNI,6.2755,2.231,1.115,1.115,1.115,41878,0.00125,14.73
2026-09-02 07:30,AAVE,AAVE,134.39999999999998,2.976,1.488,2.232,2.232,116674,0.00125,15.48
2026-09-02 07:30,ARB,ARB,0.11256,1.777,0.888,0.888,0.888,64859,0.00125,14.28
2026-09-02 07:30,POL,POL,0.0902265,2.327,1.164,1.275,2.05,8586,-0.001657,11.33
2026-09-02 07:30,RENDER,RENDER,1.4411,5.551,2.776,2.776,4.163,22150,0.00125,18.05
2026-09-02 07:30,DOGE,DOGE,0.081885,0.244,0.122,0.244,0.244,223761,0.00125,12.74
2026-09-02 07:30,SHIB,kSHIB,0.005202,3.845,1.922,3.845,5.767,165969,0.00125,16.34
2026-09-02 07:30,PEPE,kPEPE,0.0034695,2.882,1.441,1.441,1.441,709293,0.00125,15.38
2026-09-02 07:30,WIF,WIF,0.19956000000000002,2.004,1.002,1.002,1.002,57352,0.002561,18.18
2026-09-02 07:30,BONK,kBONK,0.0030385,3.291,1.646,1.646,1.646,252318,0.00125,15.79
2026-09-02 07:30,TRUMP,TRUMP,2.29455,0.436,0.218,0.218,3.269,91995,0.00125,12.94
2026-09-02 07:35,BTC,BTC,77687.5,0.129,0.064,0.064,0.064,4234663,0.00125,12.63
2026-09-02 07:35,ETH,ETH,2420.95,0.413,0.207,0.207,0.207,7440927,0.00125,12.91
2026-09-02 07:35,SOL,SOL,100.14500000000001,0.999,0.499,0.499,0.499,4368854,-0.000672,10.0
2026-09-02 07:35,XRP,XRP,1.3510499999999999,0.74,0.37,0.37,0.37,2024864,0.00125,13.24
2026-09-02 07:35,AVAX,AVAX,7.2469,1.38,0.69,0.69,0.828,41413,0.00125,13.88
2026-09-02 07:35,LINK,LINK,11.285499999999999,0.886,0.443,0.443,0.443,424965,0.00125,13.39
2026-09-02 07:35,LTC,LTC,49.465500000000006,1.011,0.505,0.91,1.112,51708,0.00125,13.51
2026-09-02 07:35,ADA,ADA,0.198625,0.503,0.252,0.252,1.259,213922,0.00125,13.0
2026-09-02 07:35,DOT,DOT,0.876405,1.027,0.513,0.628,0.628,25450,0.00125,13.53
2026-09-02 07:35,UNI,UNI,6.253500000000001,1.919,0.959,0.959,1.279,42244,0.00125,14.42
2026-09-02 07:35,AAVE,AAVE,134.885,2.224,1.112,1.853,1.853,106059,0.00125,14.72
2026-09-02 07:35,ARB,ARB,0.11231,3.562,2.671,2.671,2.671,40634,0.00125,17.84
2026-09-02 07:35,POL,POL,0.09013550000000001,2.33,1.165,1.276,2.496,6819,-0.001757,11.33
2026-09-02 07:35,RENDER,RENDER,1.43895,6.255,3.127,3.822,4.517,18188,0.00125,18.75
2026-09-02 07:35,DOGE,DOGE,0.0818875,0.855,0.427,0.427,0.427,205414,0.00125,13.35
2026-09-02 07:35,SHIB,kSHIB,0.0052,3.846,1.923,3.846,5.769,173233,0.00125,16.35
2026-09-02 07:35,PEPE,kPEPE,0.0034675,2.884,1.442,1.442,1.442,981573,0.00125,15.38
2026-09-02 07:35,WIF,WIF,0.19914500000000002,0.502,0.251,0.251,0.251,50095,0.002626,16.86
2026-09-02 07:35,BONK,kBONK,0.0030299999999999997,6.601,3.3,3.3,3.3,209660,0.00125,19.1
2026-09-02 07:35,TRUMP,TRUMP,2.29345,1.308,0.654,0.654,0.654,119054,0.00125,13.81
2026-09-02 07:40,BTC,BTC,77672.5,0.129,0.064,0.064,0.064,2796188,0.00125,12.63
2026-09-02 07:40,ETH,ETH,2421.45,0.413,0.206,0.206,0.206,7194495,0.00125,12.91
2026-09-02 07:40,SOL,SOL,100.14500000000001,0.999,0.499,0.499,0.499,4473041,-0.000528,10.0
2026-09-02 07:40,XRP,XRP,1.35005,0.741,0.37,0.37,0.37,2129668,0.00125,13.24
2026-09-02 07:40,AVAX,AVAX,7.24505,2.07,1.173,1.173,1.587,52961,0.00125,14.85
2026-09-02 07:40,LINK,LINK,11.2725,0.887,0.444,0.444,0.444,408592,0.00125,13.39
2026-09-02 07:40,LTC,LTC,49.4155,0.607,0.304,0.304,0.304,48377,0.00125,13.11
2026-09-02 07:40,ADA,ADA,0.198675,0.503,0.252,0.252,0.252,179119,0.00125,13.0
2026-09-02 07:40,DOT,DOT,0.8761749999999999,2.625,1.313,1.427,1.427,38038,0.00125,15.13
2026-09-02 07:40,UNI,UNI,6.24785,0.16,3.121,3.281,3.921,33799,0.00125,18.74
2026-09-02 07:40,AAVE,AAVE,134.26999999999998,1.49,0.745,1.49,1.49,120320,0.00125,13.99
2026-09-02 07:40,ARB,ARB,0.11266000000000001,1.775,0.888,0.888,1.775,65697,0.00125,14.28
2026-09-02 07:40,POL,POL,0.0901555,2.329,1.83,3.272,3.827,7354,-0.001795,12.66
2026-09-02 07:40,RENDER,RENDER,1.43675,4.872,2.436,3.132,3.828,12261,0.00125,17.37
2026-09-02 07:40,DOGE,DOGE,0.0819125,0.122,0.061,0.061,0.061,233112,0.00125,12.62
2026-09-02 07:40,SHIB,kSHIB,0.005193,3.851,3.851,3.851,3.851,146757,0.00125,20.2
2026-09-02 07:40,PEPE,kPEPE,0.0034695,2.882,1.441,1.441,1.441,1146369,0.00125,15.38
2026-09-02 07:40,WIF,WIF,0.19885999999999998,1.006,0.503,1.006,1.509,24282,0.002609,17.31
2026-09-02 07:40,BONK,kBONK,0.003035,6.59,3.295,3.295,3.295,177928,0.00125,19.09
2026-09-02 07:40,TRUMP,TRUMP,2.29155,2.182,1.091,1.527,1.527,64737,0.00125,14.68
2026-09-02 07:45,BTC,BTC,77699.5,0.129,0.064,0.064,0.064,1984408,0.00125,12.63
2026-09-02 07:45,ETH,ETH,2422.1499999999996,0.413,0.206,0.206,0.206,6640221,0.00125,12.91
2026-09-02 07:45,SOL,SOL,100.235,0.998,0.499,0.499,0.499,4180525,-0.000424,10.0
2026-09-02 07:45,XRP,XRP,1.35115,0.74,0.37,1.11,1.11,2225441,0.00125,13.24
2026-09-02 07:45,AVAX,AVAX,7.2485,1.38,0.828,0.828,1.518,58026,0.00125,14.16
2026-09-02 07:45,LINK,LINK,11.2625,0.888,0.444,0.444,0.444,385767,0.00125,13.39
2026-09-02 07:45,LTC,LTC,49.437,0.405,0.202,0.202,0.202,59245,0.00125,12.9
2026-09-02 07:45,ADA,ADA,0.19863,1.007,0.503,1.007,1.007,187985,0.00125,13.51
2026-09-02 07:45,DOT,DOT,0.877955,2.164,1.082,1.196,1.196,19841,0.00125,14.66
2026-09-02 07:45,UNI,UNI,6.22905,0.161,0.08,0.08,0.08,43374,0.00125,12.66
2026-09-02 07:45,AAVE,AAVE,135.03500000000003,2.222,1.111,1.111,1.111,105128,0.00125,14.72
2026-09-02 07:45,ARB,ARB,0.112715,2.662,1.331,2.218,2.218,39019,0.00125,15.16
2026-09-02 07:45,POL,POL,0.09015000000000001,2.219,1.109,1.22,1.997,7143,-0.001867,11.22
2026-09-02 07:45,RENDER,RENDER,1.4398,4.167,2.084,2.778,3.473,21967,0.00125,16.67
2026-09-02 07:45,DOGE,DOGE,0.0819225,0.122,0.061,0.061,0.061,178700,0.00125,12.62
2026-09-02 07:45,SHIB,kSHIB,0.005187499999999999,1.928,0.964,2.892,2.892,159340,0.00125,14.43
2026-09-02 07:45,PEPE,kPEPE,0.0034685000000000002,2.883,1.442,1.442,1.442,1054835,0.00125,15.38
2026-09-02 07:45,WIF,WIF,0.198915,0.503,0.251,0.251,1.257,20856,0.002618,16.83
2026-09-02 07:45,BONK,kBONK,0.003036,6.588,3.294,3.294,3.294,164376,0.00125,19.09
2026-09-02 07:45,TRUMP,TRUMP,2.2865,0.875,0.437,0.875,1.749,80895,0.00125,13.37
2026-09-02 07:50,BTC,BTC,77697.5,0.129,0.064,0.064,0.064,3416965,0.00125,12.63
2026-09-02 07:50,ETH,ETH,2423.05,0.413,0.206,0.206,0.206,7042151,0.00125,12.91
2026-09-02 07:50,SOL,SOL,100.285,0.997,0.499,0.499,0.499,4748450,-0.000343,10.0
2026-09-02 07:50,XRP,XRP,1.3520500000000002,0.74,0.37,0.37,0.37,2217979,0.00125,13.24
2026-09-02 07:50,AVAX,AVAX,7.24465,1.242,0.759,0.759,0.759,96330,0.00125,14.02
2026-09-02 07:50,LINK,LINK,11.276499999999999,0.887,0.443,0.443,1.33,388070,0.00125,13.39
2026-09-02 07:50,LTC,LTC,49.4675,1.011,0.505,0.505,1.314,49329,0.00125,13.51
2026-09-02 07:50,ADA,ADA,0.198805,0.503,0.252,0.755,0.755,102456,0.00125,13.0
2026-09-02 07:50,DOT,DOT,0.8782449999999999,2.847,1.423,1.765,1.765,35614,0.00125,15.35
2026-09-02 07:50,UNI,UNI,6.26205,0.798,0.399,0.559,0.559,33686,0.00125,13.3
2026-09-02 07:50,AAVE,AAVE,135.02499999999998,2.222,1.111,1.111,2.592,60895,0.00125,14.72
2026-09-02 07:50,ARB,ARB,0.11312,1.768,0.884,0.884,2.652,62705,0.00125,14.27
2026-09-02 07:50,POL,POL,0.0902255,2.328,1.718,2.937,4.045,4993,-0.001868,12.44
2026-09-02 07:50,RENDER,RENDER,1.4405000000000001,2.777,2.083,2.083,2.777,11923,0.00125,16.67
2026-09-02 07:50,DOGE,DOGE,0.081941,0.488,0.244,0.244,0.244,246430,0.00125,12.99
2026-09-02 07:50,SHIB,kSHIB,0.005195,3.85,1.925,1.925,3.85,143061,0.00125,16.35
2026-09-02 07:50,PEPE,kPEPE,0.0034695,2.882,1.441,1.441,1.441,920802,0.00125,15.38
2026-09-02 07:50,WIF,WIF,0.19890000000000002,2.011,1.006,1.006,2.514,43756,0.002553,18.16
2026-09-02 07:50,BONK,kBONK,0.0030470000000000002,6.564,3.282,3.282,3.282,204862,0.00125,19.06
2026-09-02 07:50,TRUMP,TRUMP,2.28805,0.437,1.093,1.093,1.53,114354,0.00125,14.69
2026-09-02 07:55,BTC,BTC,77602.5,0.129,0.064,0.064,0.064,1109803,0.00125,12.63
2026-09-02 07:55,ETH,ETH,2421.75,0.413,1.032,1.032,1.032,4207754,0.00125,14.56
2026-09-02 07:55,SOL,SOL,100.155,0.998,0.499,0.499,0.499,3897239,-0.0003,10.0
2026-09-02 07:55,XRP,XRP,1.3499500000000002,0.741,0.37,0.37,0.37,1915505,0.00125,13.24
2026-09-02 07:55,AVAX,AVAX,7.2431,1.381,0.69,0.69,1.795,66178,0.00125,13.88
2026-09-02 07:55,LINK,LINK,11.2715,0.887,0.444,0.444,1.331,213099,0.00125,13.39
2026-09-02 07:55,LTC,LTC,49.4285,1.012,0.506,0.506,0.506,71064,0.00125,13.51
2026-09-02 07:55,ADA,ADA,0.198655,0.503,0.252,0.252,0.252,174003,0.00125,13.0
2026-09-02 07:55,DOT,DOT,0.8750800000000001,0.914,0.457,0.571,0.571,33182,0.00125,13.41
2026-09-02 07:55,UNI,UNI,6.218999999999999,0.322,0.161,0.322,0.322,32502,0.00125,12.82
2026-09-02 07:55,AAVE,AAVE,134.44,2.975,1.488,2.231,2.975,71597,0.00125,15.48
2026-09-02 07:55,ARB,ARB,0.112885,2.658,2.215,3.101,3.101,55646,0.00125,16.93
2026-09-02 07:55,POL,POL,0.090063,3.109,1.554,1.554,3.22,8031,-0.002066,12.11
2026-09-02 07:55,RENDER,RENDER,1.4374500000000001,3.478,1.739,2.435,3.826,16872,0.00125,15.98
2026-09-02 07:55,DOGE,DOGE,0.0819245,0.122,1.038,1.038,1.16,131512,0.00125,14.58
2026-09-02 07:55,SHIB,kSHIB,0.0051915,1.926,2.889,2.889,4.816,154549,0.00125,18.28
2026-09-02 07:55,PEPE,kPEPE,0.003464,5.774,2.887,2.887,2.887,746241,0.00125,18.27
2026-09-02 07:55,WIF,WIF,0.19847,6.046,3.023,3.023,3.023,61033,0.002317,21.53
2026-09-02 07:55,BONK,kBONK,0.0030375000000000003,9.877,4.938,4.938,4.938,210194,0.00125,22.38
2026-09-02 07:55,TRUMP,TRUMP,2.2862,5.249,2.624,2.624,2.624,266469,0.00125,17.75
2026-09-02 08:00,BTC,BTC,77640.5,0.129,0.064,0.064,0.064,3804067,0.00125,12.63
2026-09-02 08:00,ETH,ETH,2423.55,0.413,0.206,0.619,1.032,9854355,0.00125,12.91
2026-09-02 08:00,SOL,SOL,100.245,2.993,1.496,1.496,1.496,5153889,-0.000245,11.99
2026-09-02 08:00,XRP,XRP,1.3512499999999998,0.74,0.37,0.37,0.37,2348271,0.00125,13.24
2026-09-02 08:00,AVAX,AVAX,7.24115,0.967,0.483,0.621,0.621,35795,0.000879,12.43
2026-09-02 08:00,LINK,LINK,11.2985,0.885,0.443,0.443,0.443,444725,0.00125,13.39
2026-09-02 08:00,LTC,LTC,49.4465,0.202,0.101,1.719,1.719,62741,0.00125,12.7
2026-09-02 08:00,ADA,ADA,0.198795,0.503,0.252,0.755,0.755,189749,0.00125,13.0
2026-09-02 08:00,DOT,DOT,0.8751,1.371,0.686,0.8,0.8,26057,0.00125,13.87
2026-09-02 08:00,UNI,UNI,6.23645,0.802,0.401,1.203,1.363,31629,0.00125,13.3
2026-09-02 08:00,AAVE,AAVE,134.685,0.742,1.114,1.856,2.599,96771,0.00125,14.73
2026-09-02 08:00,ARB,ARB,0.11348,1.762,0.881,1.762,4.406,72664,0.00125,14.26
2026-09-02 08:00,POL,POL,0.089999,2.444,1.222,1.333,2.667,8298,-0.003717,11.44
2026-09-02 08:00,RENDER,RENDER,1.43635,4.873,2.437,3.133,4.525,16725,0.00125,17.37
2026-09-02 08:00,DOGE,DOGE,0.0820065,0.122,0.061,0.061,0.061,189399,0.00125,12.62
2026-09-02 08:00,SHIB,kSHIB,0.0051955000000000005,1.925,0.962,0.962,4.812,148375,0.00125,14.42
2026-09-02 08:00,PEPE,kPEPE,0.0034655,2.886,1.443,1.443,1.443,861273,0.00125,15.39
2026-09-02 08:00,WIF,WIF,0.19857,2.014,1.007,1.511,2.014,51139,0.001761,15.95
2026-09-02 08:00,BONK,kBONK,0.003036,6.588,3.294,3.294,3.294,226307,0.00125,19.09
2026-09-02 08:00,TRUMP,TRUMP,2.2835,1.752,0.876,0.876,1.314,101626,0.00125,14.25
2026-09-02 08:05,BTC,BTC,77691.5,0.129,0.064,0.064,0.064,3378280,0.00125,12.63
2026-09-02 08:05,ETH,ETH,2422.95,0.413,0.206,0.206,0.206,7413135,0.00125,12.91
2026-09-02 08:05,SOL,SOL,100.195,0.998,0.499,0.499,0.499,4214337,0.000301,10.84
2026-09-02 08:05,XRP,XRP,1.34905,0.741,0.371,0.371,0.371,2283806,0.00125,13.24
2026-09-02 08:05,AVAX,AVAX,7.23905,0.138,0.069,0.069,0.069,68371,0.000908,11.68
2026-09-02 08:05,LINK,LINK,11.2865,0.886,0.443,0.443,1.329,357585,0.00125,13.39
2026-09-02 08:05,LTC,LTC,49.4045,0.607,0.304,0.304,0.304,76479,0.00125,13.11
2026-09-02 08:05,ADA,ADA,0.19861499999999999,0.503,0.252,0.755,0.755,133141,0.00125,13.0
2026-09-02 08:05,DOT,DOT,0.8721650000000001,1.261,0.86,0.86,0.86,21141,0.00125,14.22
2026-09-02 08:05,UNI,UNI,6.23815,0.16,0.08,1.202,2.164,29459,0.00125,12.66
2026-09-02 08:05,AAVE,AAVE,135.45499999999998,2.215,1.107,2.584,3.322,84327,0.00125,14.71
2026-09-02 08:05,ARB,ARB,0.11338999999999999,1.764,0.882,0.882,0.882,71756,0.001672,15.44
2026-09-02 08:05,POL,POL,0.08995800000000001,1.779,1.112,1.112,1.779,8648,-0.002244,11.22
2026-09-02 08:05,RENDER,RENDER,1.43765,3.478,1.739,2.435,3.826,17626,0.00125,15.98
2026-09-02 08:05,DOGE,DOGE,0.0819385,0.122,0.061,0.183,1.159,215176,0.00125,12.62
2026-09-02 08:05,SHIB,kSHIB,0.0051935,1.925,0.963,2.888,2.888,140958,0.00125,14.43
2026-09-02 08:05,PEPE,kPEPE,0.0034635,2.887,1.444,1.444,1.444,880260,0.00125,15.39
2026-09-02 08:05,WIF,WIF,0.198695,2.516,1.258,1.258,1.761,57249,0.001485,15.67
2026-09-02 08:05,BONK,kBONK,0.0030280000000000003,6.605,3.303,3.303,3.303,238696,0.00125,19.11
2026-09-02 08:05,TRUMP,TRUMP,2.2765500000000003,0.439,0.22,0.22,0.22,52621,0.00125,12.94
2026-09-02 08:10,BTC,BTC,77681.0,0.515,0.257,0.257,0.257,6596525,0.00125,13.01
2026-09-02 08:10,ETH,ETH,2421.6499999999996,0.413,0.206,0.206,0.206,7618179,0.00125,12.91
2026-09-02 08:10,SOL,SOL,100.045,1.0,0.5,0.5,0.5,4880891,0.000317,10.89
2026-09-02 08:10,XRP,XRP,1.34855,0.742,0.371,0.371,0.371,2283985,0.00125,13.24
2026-09-02 08:10,AVAX,AVAX,7.2332,0.553,0.277,0.415,0.415,59096,0.000534,11.05
2026-09-02 08:10,LINK,LINK,11.262,1.776,0.888,0.888,0.888,459435,0.00125,14.28
2026-09-02 08:10,LTC,LTC,49.3815,0.203,0.101,0.101,0.101,83695,0.00125,12.7
2026-09-02 08:10,ADA,ADA,0.19852999999999998,2.015,1.007,1.007,1.007,178648,0.00125,14.51
2026-09-02 08:10,DOT,DOT,0.86982,1.839,0.92,2.529,3.104,36091,0.00125,14.34
2026-09-02 08:10,UNI,UNI,6.22925,0.161,0.08,0.08,0.08,32128,0.00125,12.66
2026-09-02 08:10,AAVE,AAVE,134.43,1.488,0.744,1.488,1.488,95145,0.00125,13.99
2026-09-02 08:10,ARB,ARB,0.11372499999999999,0.879,2.198,2.198,3.078,75196,0.002024,19.06
2026-09-02 08:10,POL,POL,0.089925,1.557,1.001,3.003,3.781,8822,-0.00199,11.0
2026-09-02 08:10,RENDER,RENDER,1.43425,3.486,1.743,2.44,4.532,11097,0.00125,15.99
2026-09-02 08:10,DOGE,DOGE,0.0819005,0.122,0.061,0.061,0.061,228889,0.00125,12.62
2026-09-02 08:10,SHIB,kSHIB,0.005183,3.859,1.929,3.859,5.788,135635,0.00125,16.36
2026-09-02 08:10,PEPE,kPEPE,0.0034584999999999998,2.891,1.446,1.446,1.446,909326,0.00125,15.39
2026-09-02 08:10,WIF,WIF,0.19785,2.022,1.011,1.516,2.022,54069,0.00125,14.52
2026-09-02 08:10,BONK,kBONK,0.0030245000000000003,3.306,1.653,4.959,4.959,180142,0.00125,15.81
2026-09-02 08:10,TRUMP,TRUMP,2.2634499999999997,1.325,0.663,0.663,0.663,46348,-0.000242,10.33
2026-09-02 08:15,BTC,BTC,77592.5,0.129,0.064,0.064,0.064,2335748,0.00125,12.63
2026-09-02 08:15,ETH,ETH,2419.95,0.413,0.207,0.207,0.207,8118402,0.00125,12.91
2026-09-02 08:15,SOL,SOL,99.9265,0.1,0.05,0.05,0.05,316356,0.000257,9.82
2026-09-02 08:15,XRP,XRP,1.34585,0.743,0.372,0.372,0.372,2228585,0.00125,13.24
2026-09-02 08:15,AVAX,AVAX,7.22135,1.8,0.9,1.039,1.593,69355,0.00029,11.61
2026-09-02 08:15,LINK,LINK,11.227,1.781,0.891,0.891,0.891,411746,0.00125,14.28
2026-09-02 08:15,LTC,LTC,49.3235,0.608,0.304,0.507,0.507,56656,0.00125,13.11
2026-09-02 08:15,ADA,ADA,0.19804,1.01,0.505,0.505,0.505,205666,0.00125,13.51
2026-09-02 08:15,DOT,DOT,0.867025,1.961,0.98,1.096,1.211,33577,0.00125,14.46
2026-09-02 08:15,UNI,UNI,6.20995,0.805,0.403,1.208,1.208,41585,0.00125,13.31
2026-09-02 08:15,AAVE,AAVE,133.495,3.745,1.873,1.873,1.873,97549,0.00125,16.25
2026-09-02 08:15,ARB,ARB,0.11448,1.747,0.874,0.874,1.747,69346,0.002405,17.48
2026-09-02 08:15,POL,POL,0.089783,1.559,0.78,0.891,2.673,14869,-0.002022,10.56
2026-09-02 08:15,RENDER,RENDER,1.4295,2.798,2.099,2.798,4.897,16688,0.00125,16.7
2026-09-02 08:15,DOGE,DOGE,0.0817915,0.856,0.428,0.55,0.55,218881,0.00125,13.36
2026-09-02 08:15,SHIB,kSHIB,0.0051775,1.931,2.897,2.897,4.829,142950,0.00125,18.29
2026-09-02 08:15,PEPE,kPEPE,0.0034545,2.895,1.447,1.447,4.342,688772,0.00125,15.39
2026-09-02 08:15,WIF,WIF,0.19783,2.022,1.011,1.011,1.011,57884,0.001304,14.67
2026-09-02 08:15,BONK,kBONK,0.003019,6.625,3.312,3.312,3.312,225687,0.00125,19.12
2026-09-02 08:15,TRUMP,TRUMP,2.2624500000000003,0.442,0.221,1.547,1.547,47499,-1.4e-05,9.44
2026-09-02 08:20,BTC,BTC,77580.5,0.129,0.064,1.998,2.127,2016283,0.00125,12.63
2026-09-02 08:20,ETH,ETH,2419.05,0.413,0.207,0.207,0.207,6372294,0.00125,12.91
2026-09-02 08:20,SOL,SOL,99.9005,0.1,0.05,0.05,0.05,448776,-3.3e-05,9.1
2026-09-02 08:20,XRP,XRP,1.3457,1.486,0.743,0.743,1.486,1763312,0.00125,13.99
2026-09-02 08:20,AVAX,AVAX,7.21355,1.525,0.762,0.901,0.901,92173,0.000346,11.49
2026-09-02 08:20,LINK,LINK,11.2375,0.89,0.445,0.445,0.445,426112,0.00125,13.39
2026-09-02 08:20,LTC,LTC,49.338499999999996,1.013,0.507,0.709,0.709,90999,0.00125,13.51
2026-09-02 08:20,ADA,ADA,0.19781500000000002,1.517,0.758,0.758,0.758,171572,0.00125,14.02
2026-09-02 08:20,DOT,DOT,0.86849,1.151,0.576,1.497,1.612,22737,0.00125,13.65
2026-09-02 08:20,UNI,UNI,6.1975999999999996,1.291,0.645,0.807,0.807,42905,0.00125,13.79
2026-09-02 08:20,AAVE,AAVE,133.245,0.75,1.876,2.627,3.377,106678,0.00125,16.25
2026-09-02 08:20,ARB,ARB,0.11431,3.499,2.624,2.624,5.249,64679,0.002571,21.45
2026-09-02 08:20,POL,POL,0.08977650000000001,2.339,1.17,1.281,2.84,8420,-0.001559,11.34
2026-09-02 08:20,RENDER,RENDER,1.4283000000000001,2.801,1.4,2.1,2.1,17319,0.00125,15.3
2026-09-02 08:20,DOGE,DOGE,0.0817665,0.122,0.061,0.061,1.529,87127,0.00125,12.62
2026-09-02 08:20,SHIB,kSHIB,0.0051725,1.933,2.9,4.833,4.833,164066,0.00125,18.3
2026-09-02 08:20,PEPE,kPEPE,0.0034495,2.899,1.449,1.449,1.449,1013917,0.00125,15.4
2026-09-02 08:20,WIF,WIF,0.19759,1.012,0.506,0.506,2.53,48116,0.001299,13.65
2026-09-02 08:20,BONK,kBONK,0.003025,6.612,3.306,3.306,6.612,215303,0.00125,19.11
2026-09-02 08:20,TRUMP,TRUMP,2.25685,1.329,0.665,0.665,1.108,46264,0.000246,11.02
2026-09-02 08:25,BTC,BTC,77596.5,0.129,0.064,0.064,0.064,903102,0.00125,12.63
2026-09-02 08:25,ETH,ETH,2420.05,0.413,1.446,1.446,1.446,6172774,0.00125,15.39
2026-09-02 08:25,SOL,SOL,99.9525,0.1,0.05,0.05,0.05,376313,-5.5e-05,9.1
2026-09-02 08:25,XRP,XRP,1.34645,0.743,1.114,1.114,1.114,2304731,0.00125,14.73
2026-09-02 08:25,AVAX,AVAX,7.2209,0.831,0.415,1.246,1.246,90362,0.000602,11.52
2026-09-02 08:25,LINK,LINK,11.246500000000001,0.889,0.445,0.445,0.445,535436,0.00125,13.39
2026-09-02 08:25,LTC,LTC,49.42,0.809,0.405,0.405,0.405,65174,0.00125,13.31
2026-09-02 08:25,ADA,ADA,0.197775,0.506,0.253,0.253,2.275,180417,0.00125,13.01
2026-09-02 08:25,DOT,DOT,0.86867,0.921,0.46,0.576,0.576,51719,0.00125,13.42
2026-09-02 08:25,UNI,UNI,6.21355,1.448,0.724,0.724,0.724,24523,0.00125,13.95
2026-09-02 08:25,AAVE,AAVE,133.07999999999998,1.503,0.751,0.751,2.254,117153,0.00125,14.0
2026-09-02 08:25,ARB,ARB,0.11407,3.507,1.753,1.753,1.753,74239,0.002562,19.68
2026-09-02 08:25,POL,POL,0.089901,3.337,2.225,2.225,2.336,6935,-0.001083,13.45
2026-09-02 08:25,RENDER,RENDER,1.4295499999999999,3.498,1.749,2.448,4.547,17630,0.00125,16.0
2026-09-02 08:25,DOGE,DOGE,0.0818485,0.367,0.183,0.305,0.305,154387,0.00125,12.87
2026-09-02 08:25,SHIB,kSHIB,0.005181,3.86,3.86,3.86,5.79,151329,0.00125,20.22
2026-09-02 08:25,PEPE,kPEPE,0.0034545,2.895,1.447,1.447,1.447,1347876,0.00125,15.39
2026-09-02 08:25,WIF,WIF,0.19776,2.023,1.011,1.517,2.023,43961,0.00125,14.52
2026-09-02 08:25,BONK,kBONK,0.003022,6.618,3.309,3.309,3.309,265597,0.00125,19.12
2026-09-02 08:25,TRUMP,TRUMP,2.2571000000000003,0.886,0.443,0.443,0.443,47071,0.000456,11.16
2026-09-02 08:30,BTC,BTC,77507.5,0.129,0.065,0.065,0.065,4742033,0.00125,12.63
2026-09-02 08:30,ETH,ETH,2416.95,0.414,0.207,0.207,0.207,9703620,0.00125,12.91
2026-09-02 08:30,SOL,SOL,99.7985,0.1,0.05,0.05,0.05,829078,-8e-06,9.1
2026-09-02 08:30,XRP,XRP,1.3438500000000002,0.744,0.372,0.372,0.372,2476518,0.00125,13.24
2026-09-02 08:30,AVAX,AVAX,7.2035,1.388,0.694,0.833,0.833,75435,0.000724,12.41
2026-09-02 08:30,LINK,LINK,11.213000000000001,1.784,0.892,0.892,0.892,437692,0.00125,14.28
2026-09-02 08:30,LTC,LTC,49.291,1.623,0.812,0.812,1.217,56761,0.00125,14.12
2026-09-02 08:30,ADA,ADA,0.197075,0.507,0.254,0.254,0.254,228603,0.00125,13.01
2026-09-02 08:30,DOT,DOT,0.86524,2.08,1.04,1.156,1.618,27664,0.00125,14.58
2026-09-02 08:30,UNI,UNI,6.202500000000001,0.967,1.129,1.129,1.129,32187,0.00125,14.76
2026-09-02 08:30,AAVE,AAVE,132.71499999999997,2.26,1.13,1.13,1.884,149484,0.00125,14.76
2026-09-02 08:30,ARB,ARB,0.11333,1.765,1.765,1.765,2.647,74159,0.002415,19.29
2026-09-02 08:30,POL,POL,0.089601,2.009,1.004,1.004,1.004,10984,-0.001084,11.01
2026-09-02 08:30,RENDER,RENDER,1.4248,4.211,2.106,2.106,2.807,22211,0.00125,16.71
2026-09-02 08:30,DOGE,DOGE,0.0816555,0.122,0.061,0.918,0.918,159565,0.00125,12.62
2026-09-02 08:30,SHIB,kSHIB,0.0051725,1.933,2.9,2.9,4.833,177301,0.00125,18.3
2026-09-02 08:30,PEPE,kPEPE,0.0034475,2.901,1.45,1.45,1.45,985621,0.00125,15.4
2026-09-02 08:30,WIF,WIF,0.1971,2.029,1.015,1.015,1.015,55884,0.00125,14.53
2026-09-02 08:30,BONK,kBONK,0.003005,6.656,3.328,3.328,3.328,167319,0.00125,19.16
2026-09-02 08:30,TRUMP,TRUMP,2.2558499999999997,1.33,0.665,1.108,1.552,73985,0.000672,12.21
2026-09-02 08:35,BTC,BTC,77487.5,0.129,0.065,1.097,2.129,1140079,0.00125,12.63
2026-09-02 08:35,ETH,ETH,2418.3500000000004,0.414,0.207,0.207,0.207,6543407,0.00125,12.91
2026-09-02 08:35,SOL,SOL,99.8065,0.1,0.05,0.05,0.451,296876,4.7e-05,9.23
2026-09-02 08:35,XRP,XRP,1.34375,0.744,0.372,0.372,0.372,2880949,0.00125,13.24
2026-09-02 08:35,AVAX,AVAX,7.20845,0.971,0.486,1.179,1.179,48004,0.00087,12.41
2026-09-02 08:35,LINK,LINK,11.218499999999999,0.891,0.446,1.337,1.337,473977,0.00125,13.39
2026-09-02 08:35,LTC,LTC,49.4435,1.011,0.506,0.506,0.708,54965,0.00125,13.51
2026-09-02 08:35,ADA,ADA,0.19738,1.013,0.507,1.52,1.52,156312,0.00125,13.51
2026-09-02 08:35,DOT,DOT,0.8642099999999999,3.703,1.851,1.967,1.967,39572,0.00125,16.2
2026-09-02 08:35,UNI,UNI,6.21945,0.161,3.457,4.1,4.1,30729,0.00125,19.41
2026-09-02 08:35,AAVE,AAVE,132.70499999999998,0.754,0.377,1.13,1.13,180283,0.00125,13.25
2026-09-02 08:35,ARB,ARB,0.113815,2.636,1.318,1.318,1.318,49442,0.00251,18.66
2026-09-02 08:35,POL,POL,0.08973149999999999,0.557,0.279,0.39,2.842,12304,-0.000999,9.56
2026-09-02 08:35,RENDER,RENDER,1.4255,1.403,3.508,4.209,5.612,15754,0.00125,19.52
2026-09-02 08:35,DOGE,DOGE,0.08169850000000001,0.122,0.061,0.061,0.061,197054,0.00125,12.62
2026-09-02 08:35,SHIB,kSHIB,0.0051725,1.933,0.967,2.9,2.9,122735,0.00125,14.43
2026-09-02 08:35,PEPE,kPEPE,0.0034475,2.901,1.45,1.45,1.45,989216,0.00125,15.4
2026-09-02 08:35,WIF,WIF,0.197465,2.532,1.266,2.279,2.279,54298,0.00125,15.03
2026-09-02 08:35,BONK,kBONK,0.003009,6.647,3.323,3.323,3.323,214551,0.00125,19.15
2026-09-02 08:35,TRUMP,TRUMP,2.25195,0.444,0.222,1.11,1.998,23339,0.000924,12.03
2026-09-02 08:40,BTC,BTC,77602.5,0.129,0.064,0.064,0.064,4347373,0.00125,12.63
2026-09-02 08:40,ETH,ETH,2422.55,0.413,0.206,0.206,0.206,7334170,0.00125,12.91
2026-09-02 08:40,SOL,SOL,99.9765,0.1,0.05,0.05,0.05,443869,0.000138,9.49
2026-09-02 08:40,XRP,XRP,1.3474499999999998,0.742,0.371,0.371,0.371,1972173,0.00125,13.24
2026-09-02 08:40,AVAX,AVAX,7.22225,0.138,1.731,1.731,2.423,62402,0.001087,15.5
2026-09-02 08:40,LINK,LINK,11.250499999999999,0.889,0.444,0.444,0.444,474795,0.00125,13.39
2026-09-02 08:40,LTC,LTC,49.7195,0.603,0.302,0.302,0.302,47618,0.00125,13.1
2026-09-02 08:40,ADA,ADA,0.198295,1.513,0.756,1.765,1.765,290140,0.00125,14.01
2026-09-02 08:40,DOT,DOT,0.86556,1.617,0.809,0.924,1.733,25581,0.00125,14.12
2026-09-02 08:40,UNI,UNI,6.287050000000001,1.75,0.875,0.875,1.034,28891,0.00125,14.25
2026-09-02 08:40,AAVE,AAVE,132.995,0.752,0.376,0.376,1.88,111816,0.00125,13.25
2026-09-02 08:40,ARB,ARB,0.114125,2.629,1.314,1.314,2.191,27020,0.0025,18.63
2026-09-02 08:40,POL,POL,0.089991,2.0,1.0,2.445,4.223,12450,-0.000595,11.0
2026-09-02 08:40,RENDER,RENDER,1.4290500000000002,3.499,1.749,4.548,5.248,23416,0.00125,16.0
2026-09-02 08:40,DOGE,DOGE,0.0818835,0.611,0.305,1.038,1.038,151037,0.00125,13.11
2026-09-02 08:40,SHIB,kSHIB,0.0051815,1.93,0.965,0.965,4.825,145054,0.00125,14.43
2026-09-02 08:40,PEPE,kPEPE,0.0034615,2.889,4.333,4.333,4.333,971770,0.00125,21.17
2026-09-02 08:40,WIF,WIF,0.19817,2.018,1.009,1.514,1.514,49767,0.001297,14.65
2026-09-02 08:40,BONK,kBONK,0.003018,6.627,3.313,3.313,6.627,342830,0.00125,19.13
2026-09-02 08:40,TRUMP,TRUMP,2.2597,1.77,0.885,1.328,1.77,23973,0.00114,13.96
2026-09-02 08:45,BTC,BTC,77600.5,0.129,0.064,0.064,0.064,4011003,0.00125,12.63
2026-09-02 08:45,ETH,ETH,2421.95,0.413,0.206,0.206,0.206,7392783,0.00125,12.91
2026-09-02 08:45,SOL,SOL,100.015,1.0,0.5,0.5,0.5,4715239,0.00024,10.67
2026-09-02 08:45,XRP,XRP,1.3468499999999999,0.742,0.371,0.371,0.371,2251995,0.00125,13.24
2026-09-02 08:45,AVAX,AVAX,7.22775,0.692,0.346,0.346,1.038,77018,0.001237,13.15
2026-09-02 08:45,LINK,LINK,11.2615,0.888,0.444,1.332,1.332,330162,0.00125,13.39
2026-09-02 08:45,LTC,LTC,49.5665,0.605,0.303,0.303,0.303,43380,0.00125,13.11
2026-09-02 08:45,ADA,ADA,0.198005,0.505,0.253,0.253,0.253,180304,0.00125,13.01
2026-09-02 08:45,DOT,DOT,0.8652150000000001,0.116,0.058,0.058,0.867,30157,0.00125,12.62
2026-09-02 08:45,UNI,UNI,6.2651,3.192,1.596,1.596,1.596,36271,0.00125,15.69
2026-09-02 08:45,AAVE,AAVE,133.055,2.255,1.127,1.879,1.879,122123,0.00125,14.75
2026-09-02 08:45,ARB,ARB,0.11421,1.751,1.751,4.378,4.378,58258,0.002345,19.07
2026-09-02 08:45,POL,POL,0.0901895,2.328,1.164,1.275,4.269,10154,-0.000293,11.33
2026-09-02 08:45,RENDER,RENDER,1.4297,4.197,2.098,2.798,3.497,12935,0.00125,16.7
2026-09-02 08:45,DOGE,DOGE,0.081811,0.244,0.122,0.244,0.244,204492,0.00125,12.74
2026-09-02 08:45,SHIB,kSHIB,0.005185,3.857,1.929,3.857,3.857,139592,0.00125,16.36
2026-09-02 08:45,PEPE,kPEPE,0.0034584999999999998,2.891,1.446,1.446,1.446,906789,0.00125,15.39
2026-09-02 08:45,WIF,WIF,0.198275,2.522,1.261,1.765,1.765,49567,0.001362,15.34
2026-09-02 08:45,BONK,kBONK,0.0030169999999999997,6.629,3.315,3.315,6.629,183531,0.00125,19.13
2026-09-02 08:45,TRUMP,TRUMP,2.25625,1.33,0.665,1.108,2.438,47158,0.00125,13.83
2026-09-02 08:50,BTC,BTC,77564.5,0.129,0.064,0.064,0.064,3406198,0.00125,12.63
2026-09-02 08:50,ETH,ETH,2421.1499999999996,0.413,0.207,0.207,0.207,8220391,0.00125,12.91
2026-09-02 08:50,SOL,SOL,99.9785,0.1,0.05,0.05,0.05,874118,0.000319,9.99
2026-09-02 08:50,XRP,XRP,1.34625,0.743,0.371,0.371,0.371,2382207,0.00125,13.24
2026-09-02 08:50,AVAX,AVAX,7.22075,2.354,1.177,1.316,1.316,60052,0.001226,14.79
2026-09-02 08:50,LINK,LINK,11.253499999999999,0.889,0.444,0.444,0.444,432853,0.00125,13.39
2026-09-02 08:50,LTC,LTC,49.439499999999995,0.202,0.101,0.101,0.101,72773,0.00125,12.7
2026-09-02 08:50,ADA,ADA,0.197625,0.506,0.253,0.253,0.253,189224,0.00125,13.01
2026-09-02 08:50,DOT,DOT,0.8593299999999999,3.258,1.629,1.629,2.327,36380,0.00125,15.76
2026-09-02 08:50,UNI,UNI,6.287599999999999,1.909,0.954,0.954,0.954,30288,0.00125,14.41
2026-09-02 08:50,AAVE,AAVE,133.14499999999998,0.751,0.376,1.878,2.629,92441,0.00125,13.25
2026-09-02 08:50,ARB,ARB,0.11407,3.507,1.753,1.753,3.507,47116,0.002312,18.98
2026-09-02 08:50,POL,POL,0.090121,1.553,0.777,2.885,6.214,11301,-0.000224,10.55
2026-09-02 08:50,RENDER,RENDER,1.4276,4.203,2.101,2.802,4.203,12364,0.00125,16.7
2026-09-02 08:50,DOGE,DOGE,0.08177,0.489,0.245,0.367,1.223,217810,0.00125,12.99
2026-09-02 08:50,SHIB,kSHIB,0.005187499999999999,1.928,2.892,2.892,2.892,149294,0.00125,18.28
2026-09-02 08:50,PEPE,kPEPE,0.0034555000000000002,2.894,1.447,1.447,1.447,970097,0.00125,15.39
2026-09-02 08:50,WIF,WIF,0.19792500000000002,0.505,0.253,0.253,0.253,43248,0.001258,13.03
2026-09-02 08:50,BONK,kBONK,0.0030145,9.952,4.976,4.976,4.976,162102,0.00125,22.45
2026-09-02 08:50,TRUMP,TRUMP,2.2499000000000002,0.889,0.444,0.889,1.333,13895,0.00125,13.39
2026-09-02 08:55,BTC,BTC,77500.5,0.129,0.065,0.065,0.065,3448128,0.00125,12.63
2026-09-02 08:55,ETH,ETH,2417.8500000000004,0.414,0.207,0.207,0.207,8023073,0.00125,12.91
2026-09-02 08:55,SOL,SOL,99.8695,0.1,0.05,0.05,0.05,121426,0.000247,9.79
2026-09-02 08:55,XRP,XRP,1.3449499999999999,0.744,0.372,0.372,0.372,2287754,0.00125,13.24
2026-09-02 08:55,AVAX,AVAX,7.2119,0.555,0.277,0.277,0.277,78446,0.001174,12.84
2026-09-02 08:55,LINK,LINK,11.2365,0.89,0.445,0.445,0.445,414705,0.00125,13.39
2026-09-02 08:55,LTC,LTC,49.427,0.809,0.405,0.405,0.405,76748,0.00125,13.31
2026-09-02 08:55,ADA,ADA,0.19733499999999998,0.507,0.253,0.76,0.76,176411,0.00125,13.01
2026-09-02 08:55,DOT,DOT,0.857125,1.517,0.758,0.875,1.808,27084,0.00125,14.02
2026-09-02 08:55,UNI,UNI,6.304600000000001,1.586,0.793,0.952,1.428,27443,0.00125,14.09
2026-09-02 08:55,AAVE,AAVE,133.11,1.503,0.751,1.503,2.254,122439,0.00125,14.0
2026-09-02 08:55,ARB,ARB,0.11382500000000001,0.879,0.439,3.953,3.953,42404,0.002226,16.11
2026-09-02 08:55,POL,POL,0.089987,3.112,1.556,1.667,2.223,8371,-0.000192,12.11
2026-09-02 08:55,RENDER,RENDER,1.4268,5.607,2.803,3.504,4.205,13763,0.00125,18.11
2026-09-02 08:55,DOGE,DOGE,0.0816835,0.122,0.061,1.041,1.163,221853,0.00125,12.62
2026-09-02 08:55,SHIB,kSHIB,0.005180499999999999,1.93,2.895,2.895,2.895,168237,0.00125,18.29
2026-09-02 08:55,PEPE,kPEPE,0.0034525,2.896,1.448,1.448,1.448,1006614,0.00125,15.4
2026-09-02 08:55,WIF,WIF,0.19766499999999998,3.541,1.771,1.771,2.277,42452,0.00125,16.04
2026-09-02 08:55,BONK,kBONK,0.003013,6.638,3.319,3.319,3.319,177729,0.00125,19.14
2026-09-02 08:55,TRUMP,TRUMP,2.248,2.669,1.335,2.224,2.224,57223,0.00125,15.17
2026-09-02 09:00,BTC,BTC,77611.5,0.129,0.064,0.064,0.064,4044739,0.00125,12.63
2026-09-02 09:00,ETH,ETH,2421.55,0.413,0.206,0.206,0.206,10702773,0.00125,12.91
2026-09-02 09:00,SOL,SOL,100.055,0.999,0.5,0.5,0.5,4613011,0.000151,10.42
2026-09-02 09:00,XRP,XRP,1.34625,0.743,0.371,1.114,1.114,2064517,0.00125,13.24
2026-09-02 09:00,AVAX,AVAX,7.22245,0.415,0.208,0.623,1.177,72637,0.001168,12.68
2026-09-02 09:00,LINK,LINK,11.2545,0.889,0.444,1.333,1.333,398359,0.00125,13.39
2026-09-02 09:00,LTC,LTC,49.5015,1.01,0.505,0.505,0.909,67471,0.00125,13.51
2026-09-02 09:00,ADA,ADA,0.197735,1.517,0.759,0.759,0.759,196881,0.00125,14.02
2026-09-02 09:00,DOT,DOT,0.85978,1.861,0.93,1.047,1.745,25615,0.00125,14.36
2026-09-02 09:00,UNI,UNI,6.316549999999999,0.158,1.662,2.296,2.454,26112,0.00125,15.82
2026-09-02 09:00,AAVE,AAVE,133.255,2.251,1.126,1.126,1.126,122158,0.00125,14.75
2026-09-02 09:00,ARB,ARB,0.11415,3.504,1.752,1.752,1.752,58756,0.002936,20.72
2026-09-02 09:00,POL,POL,0.09003249999999999,1.666,1.944,3.277,4.387,9261,-0.000995,12.89
2026-09-02 09:00,RENDER,RENDER,1.42865,3.5,1.75,2.45,4.55,17686,0.00125,16.0
2026-09-02 09:00,DOGE,DOGE,0.0817935,0.122,0.061,0.061,0.061,202388,0.00125,12.62
2026-09-02 09:00,SHIB,kSHIB,0.005187499999999999,1.928,0.964,0.964,4.819,166605,0.00125,14.43
2026-09-02 09:00,PEPE,kPEPE,0.0034595,2.891,1.445,1.445,1.445,861108,0.00125,15.39
2026-09-02 09:00,WIF,WIF,0.19755,4.05,2.025,3.037,3.037,45694,0.00125,16.55
2026-09-02 09:00,BONK,kBONK,0.003016,6.631,3.316,3.316,3.316,186437,0.00125,19.13
2026-09-02 09:00,TRUMP,TRUMP,2.25615,0.443,0.222,0.222,1.108,15138,-0.000743,9.44
2026-09-02 09:05,BTC,BTC,77600.5,0.129,0.064,0.064,0.064,2068036,0.00125,12.63
2026-09-02 09:05,ETH,ETH,2421.75,0.413,0.206,0.206,0.206,7348704,0.00125,12.91
2026-09-02 09:05,SOL,SOL,100.155,0.998,0.499,0.499,0.499,3731013,0.000261,10.73
2026-09-02 09:05,XRP,XRP,1.3472499999999998,0.742,0.371,0.371,0.371,2200384,0.00125,13.24
2026-09-02 09:05,AVAX,AVAX,7.228899999999999,0.553,0.968,0.968,0.968,73554,0.00125,14.44
2026-09-02 09:05,LINK,LINK,11.261,1.776,0.888,0.888,0.888,414209,0.00125,14.28
2026-09-02 09:05,LTC,LTC,49.538,0.807,0.404,0.404,0.404,79793,0.00125,13.31
2026-09-02 09:05,ADA,ADA,0.19796,1.01,0.505,1.01,2.021,187535,0.00125,13.51
2026-09-02 09:05,DOT,DOT,0.8621650000000001,1.276,0.638,0.754,1.45,26233,0.00125,13.78
2026-09-02 09:05,UNI,UNI,6.3317,0.948,1.421,1.579,1.579,26142,0.00125,15.34
2026-09-02 09:05,AAVE,AAVE,133.39499999999998,2.249,1.124,1.124,1.874,109517,0.00125,14.75
2026-09-02 09:05,ARB,ARB,0.114925,0.87,0.435,0.435,2.175,54107,0.003794,20.49
2026-09-02 09:05,POL,POL,0.0901165,2.774,2.164,4.05,4.827,8144,0.000789,15.54
2026-09-02 09:05,RENDER,RENDER,1.4301499999999998,3.496,1.748,3.147,3.846,17882,0.00125,16.0
2026-09-02 09:05,DOGE,DOGE,0.081888,0.244,0.122,0.244,0.244,218271,0.00125,12.74
2026-09-02 09:05,SHIB,kSHIB,0.005188,3.855,1.928,3.855,5.783,147905,0.00125,16.36
2026-09-02 09:05,PEPE,kPEPE,0.0034635,2.887,1.444,1.444,1.444,971561,0.00125,15.39
2026-09-02 09:05,WIF,WIF,0.1978,2.022,1.011,1.517,2.022,24709,0.00125,14.52
2026-09-02 09:05,BONK,kBONK,0.0030135,3.318,1.659,1.659,1.659,149149,0.00125,15.82
2026-09-02 09:05,TRUMP,TRUMP,2.24985,1.333,0.667,0.667,0.667,47734,0.000685,12.25
2026-09-02 09:10,BTC,BTC,77649.5,0.129,0.064,0.064,0.064,1658929,0.00125,12.63
2026-09-02 09:10,ETH,ETH,2423.8500000000004,0.413,0.206,0.206,0.206,7423777,0.00125,12.91
2026-09-02 09:10,SOL,SOL,100.22,1.996,0.998,0.998,0.998,4166324,-6.7e-05,11.0
2026-09-02 09:10,XRP,XRP,1.34905,0.741,0.371,0.371,0.371,2020398,0.00125,13.24
2026-09-02 09:10,AVAX,AVAX,7.23285,1.797,0.899,0.899,0.899,53946,0.00125,14.3
2026-09-02 09:10,LINK,LINK,11.276,7.095,4.434,4.434,4.434,334941,0.00125,21.37
2026-09-02 09:10,LTC,LTC,49.629000000000005,0.806,0.403,0.403,0.403,58627,0.00125,13.31
2026-09-02 09:10,ADA,ADA,0.198105,0.505,0.252,0.252,0.252,200783,0.00125,13.0
2026-09-02 09:10,DOT,DOT,0.86254,2.319,1.159,1.275,1.275,21496,0.00125,14.82
2026-09-02 09:10,UNI,UNI,6.33325,1.421,2.132,2.763,3.711,27798,0.00125,16.76
2026-09-02 09:10,AAVE,AAVE,133.225,0.751,0.375,1.877,1.877,151269,0.00125,13.25
2026-09-02 09:10,ARB,ARB,0.114375,0.874,0.437,0.437,0.437,72145,0.004034,21.17
2026-09-02 09:10,POL,POL,0.09009349999999999,2.331,1.942,2.83,4.384,5469,0.00053,14.37
2026-09-02 09:10,RENDER,RENDER,1.4318499999999998,3.492,2.444,2.444,3.841,17584,0.00125,17.39
2026-09-02 09:10,DOGE,DOGE,0.081858,0.733,0.366,0.366,0.366,161628,0.00125,13.23
2026-09-02 09:10,SHIB,kSHIB,0.005193,3.851,1.926,3.851,5.777,136196,0.00125,16.35
2026-09-02 09:10,PEPE,kPEPE,0.0034635,2.887,1.444,1.444,1.444,979238,0.00125,15.39
2026-09-02 09:10,WIF,WIF,0.197685,1.518,0.759,1.265,1.77,42627,0.00125,14.02
2026-09-02 09:10,BONK,kBONK,0.003022,6.618,3.309,3.309,3.309,224038,0.00125,19.12
2026-09-02 09:10,TRUMP,TRUMP,2.25085,0.444,0.222,0.222,0.222,73162,0.000897,11.96
2026-09-02 09:15,BTC,BTC,77624.5,0.129,0.064,0.064,0.064,3235588,0.00125,12.63
2026-09-02 09:15,ETH,ETH,2425.8500000000004,0.412,0.206,0.206,0.206,7415167,0.00125,12.91
2026-09-02 09:15,SOL,SOL,100.16499999999999,0.998,0.499,0.499,0.499,4330399,3.9e-05,10.11
2026-09-02 09:15,XRP,XRP,1.3486500000000001,0.741,0.371,1.112,1.112,1725292,0.00125,13.24
2026-09-02 09:15,AVAX,AVAX,7.23175,1.521,0.761,0.899,0.899,74795,0.00125,14.02
2026-09-02 09:15,LINK,LINK,11.277000000000001,1.774,0.887,1.774,1.774,224707,0.00125,14.27
2026-09-02 09:15,LTC,LTC,49.518,1.212,0.606,0.606,0.606,99747,0.00125,13.71
2026-09-02 09:15,ADA,ADA,0.197805,0.506,0.253,1.264,1.264,172308,0.00125,13.01
2026-09-02 09:15,DOT,DOT,0.86276,1.623,0.811,1.97,2.55,33164,0.00125,14.12
2026-09-02 09:15,UNI,UNI,6.3534500000000005,2.676,1.338,1.338,2.125,35886,0.00125,15.18
2026-09-02 09:15,AAVE,AAVE,133.0,1.504,0.752,1.504,1.504,93264,0.00125,14.0
2026-09-02 09:15,ARB,ARB,0.11421999999999999,3.502,1.751,2.627,2.627,61792,0.004482,25.05
2026-09-02 09:15,POL,POL,0.090047,2.443,1.777,1.777,2.776,8625,0.000151,12.98
2026-09-02 09:15,RENDER,RENDER,1.4307500000000002,3.495,1.747,2.446,2.446,17948,0.00125,15.99
2026-09-02 09:15,DOGE,DOGE,0.0818445,0.122,0.061,0.55,0.55,213815,0.00125,12.62
2026-09-02 09:15,SHIB,kSHIB,0.0051915,1.926,0.963,0.963,2.889,135880,0.00125,14.43
2026-09-02 09:15,PEPE,kPEPE,0.0034645,2.886,1.443,1.443,1.443,906289,0.00125,15.39
2026-09-02 09:15,WIF,WIF,0.19741,1.013,0.507,0.507,2.533,44432,0.00125,13.51
2026-09-02 09:15,BONK,kBONK,0.003014,6.636,3.318,3.318,3.318,152059,0.00125,19.14
2026-09-02 09:15,TRUMP,TRUMP,2.2502000000000004,0.889,0.444,0.444,0.889,44664,0.00102,12.75
2026-09-02 09:20,BTC,BTC,77634.5,0.129,0.064,0.064,0.064,1835179,0.00125,12.63
2026-09-02 09:20,ETH,ETH,2424.75,0.412,0.206,0.206,0.206,7433734,0.00125,12.91
2026-09-02 09:20,SOL,SOL,100.07499999999999,0.999,0.5,0.5,0.5,4511624,0.000221,10.62
2026-09-02 09:20,XRP,XRP,1.3489499999999999,0.741,0.371,0.371,0.371,1476233,0.00125,13.24
2026-09-02 09:20,AVAX,AVAX,7.232799999999999,0.553,0.277,0.277,1.106,81014,0.00125,13.05
2026-09-02 09:20,LINK,LINK,11.278500000000001,0.887,0.443,0.443,0.443,400604,0.00125,13.39
2026-09-02 09:20,LTC,LTC,49.492000000000004,0.808,0.404,0.606,0.606,55780,0.00125,13.31
2026-09-02 09:20,ADA,ADA,0.197745,0.506,0.253,0.253,0.759,220438,0.00125,13.01
2026-09-02 09:20,DOT,DOT,0.8632299999999999,1.622,0.811,0.927,0.927,22728,0.00125,14.12
2026-09-02 09:20,UNI,UNI,6.344250000000001,2.995,1.497,1.497,1.497,52760,0.00125,15.49
2026-09-02 09:20,AAVE,AAVE,132.70999999999998,1.507,0.754,1.507,1.507,83717,0.00125,14.01
2026-09-02 09:20,ARB,ARB,0.115835,0.863,0.432,0.432,0.432,63127,0.005301,24.7
2026-09-02 09:20,POL,POL,0.09003749999999999,1.666,0.833,0.833,2.832,12613,-8.3e-05,10.67
2026-09-02 09:20,RENDER,RENDER,1.42945,2.099,1.049,1.749,2.448,17221,0.00125,14.6
2026-09-02 09:20,DOGE,DOGE,0.0817725,0.122,0.061,0.061,0.061,155650,0.00125,12.62
2026-09-02 09:20,SHIB,kSHIB,0.005185,3.857,1.929,1.929,1.929,137582,0.00125,16.36
2026-09-02 09:20,PEPE,kPEPE,0.0034625,2.888,1.444,1.444,1.444,938029,0.00125,15.39
2026-09-02 09:20,WIF,WIF,0.19730999999999999,1.014,0.507,0.507,1.014,45103,0.00125,13.51
2026-09-02 09:20,BONK,kBONK,0.0030080000000000003,6.649,3.324,3.324,3.324,158925,0.00125,19.15
2026-09-02 09:20,TRUMP,TRUMP,2.24715,1.335,0.668,0.668,0.668,47659,0.001006,13.15
2026-09-02 09:25,BTC,BTC,77589.5,0.129,0.064,0.064,0.064,3845793,0.00125,12.63
2026-09-02 09:25,ETH,ETH,2422.1499999999996,0.413,0.206,0.206,0.206,7677072,0.00125,12.91
2026-09-02 09:25,SOL,SOL,99.9795,0.1,0.05,0.05,0.05,553698,0.000324,10.01
2026-09-02 09:25,XRP,XRP,1.3472499999999998,0.742,0.371,0.371,0.371,2092208,0.00125,13.24
2026-09-02 09:25,AVAX,AVAX,7.22265,0.138,0.761,0.9,0.9,62499,0.00125,14.02
2026-09-02 09:25,LINK,LINK,11.254999999999999,1.777,0.888,0.888,1.777,414996,0.00125,14.28
2026-09-02 09:25,LTC,LTC,49.408,0.81,0.405,0.607,0.607,65660,0.00125,13.31
2026-09-02 09:25,ADA,ADA,0.197325,1.52,0.76,0.76,0.76,115448,0.00125,14.02
2026-09-02 09:25,DOT,DOT,0.861885,2.901,1.45,1.45,1.45,23900,0.00125,15.4
2026-09-02 09:25,UNI,UNI,6.30895,2.378,1.189,1.347,1.347,44744,0.00125,14.88
2026-09-02 09:25,AAVE,AAVE,132.02499999999998,2.272,1.136,1.136,1.894,107855,0.00125,14.77
2026-09-02 09:25,ARB,ARB,0.11474999999999999,3.486,1.743,1.743,1.743,66844,0.005263,27.22
2026-09-02 09:25,POL,POL,0.08981449999999999,2.115,1.058,1.169,1.726,11182,-0.000327,11.12
2026-09-02 09:25,RENDER,RENDER,1.4279,2.801,1.401,2.101,2.801,16044,0.00125,15.3
2026-09-02 09:25,DOGE,DOGE,0.0816895,0.122,0.061,0.061,1.285,164082,0.00125,12.62
2026-09-02 09:25,SHIB,kSHIB,0.0051795,1.931,0.965,0.965,0.965,153001,0.00125,14.43
2026-09-02 09:25,PEPE,kPEPE,0.0034545,2.895,1.447,1.447,1.447,971167,0.00125,15.39
2026-09-02 09:25,WIF,WIF,0.196895,1.524,0.762,0.762,1.27,52434,0.00125,14.02
2026-09-02 09:25,BONK,kBONK,0.003,6.667,3.333,3.333,3.333,228928,0.00125,19.17
2026-09-02 09:25,TRUMP,TRUMP,2.24105,0.446,0.223,0.223,0.669,40625,0.00076,11.57
2026-09-02 09:30,BTC,BTC,77591.5,0.129,0.064,0.064,0.064,5344143,0.00125,12.63
2026-09-02 09:30,ETH,ETH,2422.55,0.413,0.206,0.206,0.206,11386833,0.00125,12.91
2026-09-02 09:30,SOL,SOL,100.015,1.0,0.5,0.5,0.5,5473924,0.000392,11.1
2026-09-02 09:30,XRP,XRP,1.34775,0.742,0.371,0.371,0.371,1523106,0.00125,13.24
2026-09-02 09:30,AVAX,AVAX,7.2257,0.83,0.554,0.554,0.83,67052,0.00125,13.61
2026-09-02 09:30,LINK,LINK,11.2625,0.888,0.444,0.444,1.332,442254,0.00125,13.39
2026-09-02 09:30,LTC,LTC,49.4035,1.012,0.506,0.506,0.708,58463,0.00125,13.51
2026-09-02 09:30,ADA,ADA,0.19723000000000002,1.014,0.507,0.507,0.507,201453,0.00125,13.51
2026-09-02 09:30,DOT,DOT,0.862365,1.276,0.638,0.754,0.754,23469,0.00125,13.78
2026-09-02 09:30,UNI,UNI,6.278499999999999,1.911,0.956,1.911,1.911,59321,0.00125,14.41
2026-09-02 09:30,AAVE,AAVE,132.02499999999998,2.272,1.136,1.894,4.166,80484,0.00125,14.77
2026-09-02 09:30,ARB,ARB,0.114975,0.87,0.435,2.174,2.174,55974,0.005634,25.64
2026-09-02 09:30,POL,POL,0.090005,2.222,1.111,1.222,3.111,8559,-0.000616,11.22
2026-09-02 09:30,RENDER,RENDER,1.42875,3.5,1.75,2.45,3.15,17713,0.00125,16.0
2026-09-02 09:30,DOGE,DOGE,0.0817255,0.122,0.061,0.061,0.061,165561,0.00125,12.62
2026-09-02 09:30,SHIB,kSHIB,0.0051795,1.931,0.965,4.827,4.827,135873,0.00125,14.43
2026-09-02 09:30,PEPE,kPEPE,0.0034545,2.895,1.447,1.447,1.447,1056393,0.00125,15.39
2026-09-02 09:30,WIF,WIF,0.19676500000000002,1.525,0.762,1.779,1.779,77715,0.00125,14.02
2026-09-02 09:30,BONK,kBONK,0.0029995,3.334,1.667,1.667,1.667,215042,0.00125,15.83
2026-09-02 09:30,TRUMP,TRUMP,2.2426500000000003,0.446,0.223,0.223,0.223,49011,0.000675,11.34
2026-09-02 09:35,BTC,BTC,77572.5,0.129,0.064,0.064,0.064,2935245,0.00125,12.63
2026-09-02 09:35,ETH,ETH,2422.8500000000004,0.413,0.206,0.206,0.206,7173438,0.00125,12.91
2026-09-02 09:35,SOL,SOL,100.025,1.0,0.5,0.5,0.5,4470281,0.000367,11.03
2026-09-02 09:35,XRP,XRP,1.34875,0.741,0.371,0.371,0.371,1893646,0.00125,13.24
2026-09-02 09:35,AVAX,AVAX,7.22275,0.692,0.485,0.485,0.623,76157,0.00125,13.47
2026-09-02 09:35,LINK,LINK,11.26,1.776,0.888,0.888,0.888,438211,0.00125,14.28
2026-09-02 09:35,LTC,LTC,49.3855,0.607,0.304,0.506,1.316,52304,0.00125,13.11
2026-09-02 09:35,ADA,ADA,0.197465,0.506,0.253,0.76,1.266,109591,0.00125,13.01
2026-09-02 09:35,DOT,DOT,0.863885,0.81,0.405,0.521,0.521,20656,0.00125,13.31
2026-09-02 09:35,UNI,UNI,6.3107500000000005,0.158,2.615,2.615,2.932,23025,0.00125,17.73
2026-09-02 09:35,AAVE,AAVE,132.225,0.756,0.378,1.134,1.891,54332,0.00125,13.26
2026-09-02 09:35,ARB,ARB,0.11532500000000001,0.867,0.434,0.434,2.168,52108,0.005937,26.49
2026-09-02 09:35,POL,POL,0.090246,3.103,1.662,3.103,4.654,3711,-0.000545,12.32
2026-09-02 09:35,RENDER,RENDER,1.43045,2.097,1.049,1.748,2.447,16315,0.00125,14.6
2026-09-02 09:35,DOGE,DOGE,0.08179700000000001,0.734,0.367,0.367,0.367,256449,0.00125,13.23
2026-09-02 09:35,SHIB,kSHIB,0.0051865,1.928,4.82,8.676,8.676,143440,0.00125,22.14
2026-09-02 09:35,PEPE,kPEPE,0.0034565,2.893,1.447,1.447,1.447,1056468,0.00125,15.39
2026-09-02 09:35,WIF,WIF,0.197135,0.507,2.283,3.297,3.297,48165,0.00125,17.07
2026-09-02 09:35,BONK,kBONK,0.0030039999999999997,6.658,3.329,3.329,3.329,185734,0.00125,19.16
2026-09-02 09:35,TRUMP,TRUMP,2.24865,0.445,0.222,1.112,1.112,49546,0.000562,11.02
2026-09-02 09:40,BTC,BTC,77580.5,0.129,0.064,0.064,0.064,2415754,0.00125,12.63
2026-09-02 09:40,ETH,ETH,2423.3500000000004,0.413,0.206,0.206,0.206,7368805,0.00125,12.91
2026-09-02 09:40,SOL,SOL,99.9965,0.1,0.05,0.05,0.05,4038220,0.000266,9.84
2026-09-02 09:40,XRP,XRP,1.3491499999999998,0.741,1.853,1.853,1.853,1362033,0.00125,16.21
2026-09-02 09:40,AVAX,AVAX,7.222049999999999,1.246,0.623,0.623,0.9,72069,0.00125,13.75
2026-09-02 09:40,LINK,LINK,11.2635,0.888,0.444,1.332,1.332,402979,0.00125,13.39
2026-09-02 09:40,LTC,LTC,49.3625,0.608,0.304,0.506,1.317,53421,0.00125,13.11
2026-09-02 09:40,ADA,ADA,0.197485,0.506,0.253,0.253,0.253,231304,0.00125,13.01
2026-09-02 09:40,DOT,DOT,0.863835,0.116,3.183,3.299,3.299,54051,0.00125,18.87
2026-09-02 09:40,UNI,UNI,6.3092500000000005,1.426,0.713,0.713,0.713,44633,0.00125,13.93
2026-09-02 09:40,AAVE,AAVE,132.275,0.756,0.378,1.134,1.134,93094,0.00125,13.26
2026-09-02 09:40,ARB,ARB,0.115255,0.868,0.434,0.434,0.434,36378,0.006033,26.76
2026-09-02 09:40,POL,POL,0.090164,3.105,1.553,1.664,3.327,7882,-0.000705,12.11
2026-09-02 09:40,RENDER,RENDER,1.4288,4.199,2.1,2.1,4.199,17519,0.00125,16.7
2026-09-02 09:40,DOGE,DOGE,0.081843,0.489,0.244,0.244,0.244,189008,0.00125,12.99
2026-09-02 09:40,SHIB,kSHIB,0.005187,3.856,1.928,3.856,3.856,132850,0.00125,16.36
2026-09-02 09:40,PEPE,kPEPE,0.0034565,2.893,1.447,1.447,1.447,1048463,0.00125,15.39
2026-09-02 09:40,WIF,WIF,0.197365,1.52,0.76,1.267,2.28,56806,0.00125,14.02
2026-09-02 09:40,BONK,kBONK,0.003003,6.66,3.33,3.33,3.33,169250,0.00125,19.16
2026-09-02 09:40,TRUMP,TRUMP,2.2489999999999997,0.889,0.445,0.445,0.445,72863,0.000374,10.94
2026-09-02 09:45,BTC,BTC,77565.5,0.129,0.064,0.064,0.193,1853162,0.00125,12.63
2026-09-02 09:45,ETH,ETH,2422.75,0.413,0.206,0.206,0.206,6999609,0.00125,12.91
2026-09-02 09:45,SOL,SOL,100.035,1.0,0.5,0.5,0.5,4744453,0.000176,10.49
2026-09-02 09:45,XRP,XRP,1.34855,0.742,0.371,0.371,0.371,1383119,0.00125,13.24
2026-09-02 09:45,AVAX,AVAX,7.2186,0.831,0.416,0.554,0.554,50689,0.00125,13.33
2026-09-02 09:45,LINK,LINK,11.2415,0.89,0.445,0.445,2.224,380997,0.00125,13.39
2026-09-02 09:45,LTC,LTC,49.3315,0.608,0.304,0.507,1.52,66669,0.00125,13.11
2026-09-02 09:45,ADA,ADA,0.19724999999999998,1.014,0.507,0.507,1.014,133465,0.00125,13.51
2026-09-02 09:45,DOT,DOT,0.863755,2.2,1.1,1.216,1.216,22444,0.00125,14.7
2026-09-02 09:45,UNI,UNI,6.32665,2.055,1.976,1.976,2.134,20912,0.00125,16.45
2026-09-02 09:45,AAVE,AAVE,132.245,0.756,0.378,0.378,1.134,85916,0.00125,13.26
2026-09-02 09:45,ARB,ARB,0.11502499999999999,0.869,0.435,4.782,5.651,45018,0.005939,26.5
2026-09-02 09:45,POL,POL,0.0900945,2.331,1.165,2.053,4.828,9542,-0.000755,11.33
2026-09-02 09:45,RENDER,RENDER,1.4271500000000001,3.503,2.452,3.153,4.555,17183,0.00125,17.4
2026-09-02 09:45,DOGE,DOGE,0.0818135,0.122,0.061,0.061,0.061,144643,0.00125,12.62
2026-09-02 09:45,SHIB,kSHIB,0.0051825,1.93,2.894,2.894,4.824,151910,0.00125,18.29
2026-09-02 09:45,PEPE,kPEPE,0.0034545,2.895,1.447,1.447,1.447,990128,0.00125,15.39
2026-09-02 09:45,WIF,WIF,0.19735999999999998,1.013,0.507,1.013,2.533,41242,0.00125,13.51
2026-09-02 09:45,BONK,kBONK,0.002999,6.669,3.334,3.334,3.334,234600,0.00125,19.17
2026-09-02 09:45,TRUMP,TRUMP,2.24915,0.445,0.222,0.222,0.667,78789,0.000251,10.15
2026-09-02 09:50,BTC,BTC,77564.5,0.129,0.064,0.064,0.064,3326656,0.00125,12.63
2026-09-02 09:50,ETH,ETH,2422.45,0.413,0.206,0.206,0.206,7348028,0.00125,12.91
2026-09-02 09:50,SOL,SOL,99.9315,0.1,0.05,0.05,0.05,324692,0.000165,9.56
2026-09-02 09:50,XRP,XRP,1.34795,0.742,0.371,0.371,0.371,1966559,0.00125,13.24
2026-09-02 09:50,AVAX,AVAX,7.21315,1.248,0.624,0.762,0.762,76614,0.00125,13.75
2026-09-02 09:50,LINK,LINK,11.244499999999999,0.889,0.445,0.445,0.445,470099,0.00125,13.39
2026-09-02 09:50,LTC,LTC,49.25,0.812,0.406,0.812,1.015,44651,0.00125,13.31
2026-09-02 09:50,ADA,ADA,0.19702999999999998,1.015,0.508,0.508,1.015,149582,0.00125,13.52
2026-09-02 09:50,DOT,DOT,0.863955,1.736,0.868,1.447,2.489,17678,0.00125,14.24
2026-09-02 09:50,UNI,UNI,6.3259,2.213,3.004,3.004,3.004,20202,0.00125,18.51
2026-09-02 09:50,AAVE,AAVE,132.09500000000003,2.271,1.136,1.136,1.893,88973,0.00125,14.77
2026-09-02 09:50,ARB,ARB,0.11459,1.745,0.873,0.873,0.873,47101,0.005588,26.39
2026-09-02 09:50,POL,POL,0.0900125,3.666,1.833,1.944,2.277,8371,-0.000608,12.67
2026-09-02 09:50,RENDER,RENDER,1.428,4.202,2.101,2.801,4.202,18084,0.00125,16.7
2026-09-02 09:50,DOGE,DOGE,0.0817465,0.122,0.306,1.774,1.774,105661,0.00125,13.11
2026-09-02 09:50,SHIB,kSHIB,0.0051825,1.93,2.894,2.894,2.894,167980,0.00125,18.29
2026-09-02 09:50,PEPE,kPEPE,0.0034525,2.896,1.448,1.448,1.448,923365,0.00125,15.4
2026-09-02 09:50,WIF,WIF,0.19696,2.031,1.015,1.523,2.539,44850,0.00125,14.53
2026-09-02 09:50,BONK,kBONK,0.0029950000000000003,6.678,3.339,3.339,3.339,231834,0.00125,19.18
2026-09-02 09:50,TRUMP,TRUMP,2.25055,1.333,1.111,1.111,1.555,70659,0.000165,11.68
2026-09-02 09:55,BTC,BTC,77493.5,0.129,0.065,0.065,0.065,1714552,0.00125,12.63
2026-09-02 09:55,ETH,ETH,2420.75,0.413,0.207,0.207,0.207,7134850,0.00125,12.91
2026-09-02 09:55,SOL,SOL,99.9075,0.1,0.05,0.05,0.05,273863,0.00017,9.58
2026-09-02 09:55,XRP,XRP,1.34695,0.742,0.371,0.371,0.371,2011163,0.00125,13.24
2026-09-02 09:55,AVAX,AVAX,7.21155,1.248,0.624,0.624,0.763,70187,0.00125,13.75
2026-09-02 09:55,LINK,LINK,11.218499999999999,0.891,2.228,2.228,2.228,432808,0.00125,16.96
2026-09-02 09:55,LTC,LTC,49.1095,1.018,0.509,0.713,0.713,72096,0.00125,13.52
2026-09-02 09:55,ADA,ADA,0.196865,0.508,0.254,0.254,1.27,221569,0.00125,13.01
2026-09-02 09:55,DOT,DOT,0.86366,2.316,1.158,1.274,1.274,22510,0.00125,14.82
2026-09-02 09:55,UNI,UNI,6.31855,1.424,0.712,0.87,0.87,31580,0.00125,13.92
2026-09-02 09:55,AAVE,AAVE,131.935,0.758,0.379,1.137,1.137,90023,0.00125,13.26
2026-09-02 09:55,ARB,ARB,0.114255,2.626,1.313,1.313,3.063,43970,0.005078,25.84
2026-09-02 09:55,POL,POL,0.0901425,2.33,1.165,2.385,4.715,6874,-0.000629,11.33
2026-09-02 09:55,RENDER,RENDER,1.4269500000000002,4.906,2.453,3.154,3.854,18060,0.00125,17.41
2026-09-02 09:55,DOGE,DOGE,0.0816775,0.122,0.551,1.53,1.53,138305,0.00125,13.6
2026-09-02 09:55,SHIB,kSHIB,0.005178,3.862,1.931,1.931,3.862,137733,0.00125,16.36
2026-09-02 09:55,PEPE,kPEPE,0.003451,5.795,2.898,2.898,2.898,1049306,0.00125,18.3
2026-09-02 09:55,WIF,WIF,0.196825,3.556,1.778,1.778,2.286,39485,0.00125,16.06
2026-09-02 09:55,BONK,kBONK,0.002994,6.68,3.34,3.34,3.34,214069,0.00125,19.18
2026-09-02 09:55,TRUMP,TRUMP,2.2454,2.672,1.336,1.781,1.781,48598,-7.9e-05,11.67
2026-09-02 10:00,BTC,BTC,77483.5,0.129,0.065,0.065,0.065,1943940,0.00125,12.63
2026-09-02 10:00,ETH,ETH,2418.75,0.413,0.207,0.207,0.207,10726360,0.00125,12.91
2026-09-02 10:00,SOL,SOL,99.7885,0.1,0.05,0.05,0.05,262011,-0.001839,9.1
2026-09-02 10:00,XRP,XRP,1.34475,0.744,0.372,0.372,0.372,1763276,0.00125,13.24
2026-09-02 10:00,AVAX,AVAX,7.20745,0.139,0.069,0.069,0.069,85665,0.00125,12.64
2026-09-02 10:00,LINK,LINK,11.214500000000001,0.892,0.446,0.446,0.446,433620,0.00125,13.39
2026-09-02 10:00,LTC,LTC,49.17,0.814,0.407,0.407,1.22,67932,0.00125,13.31
2026-09-02 10:00,ADA,ADA,0.196915,0.508,0.254,0.254,0.254,195240,0.00125,13.01
2026-09-02 10:00,DOT,DOT,0.86296,2.086,1.043,1.043,1.043,34508,0.00125,14.59
2026-09-02 10:00,UNI,UNI,6.29995,0.159,0.079,0.079,0.079,82168,0.00125,12.66
2026-09-02 10:00,AAVE,AAVE,131.54000000000002,1.52,0.76,0.76,1.52,74195,0.00125,14.02
2026-09-02 10:00,ARB,ARB,0.114555,2.619,1.309,1.309,2.182,49847,0.00125,15.12
2026-09-02 10:00,POL,POL,0.090147,0.666,0.333,0.444,0.444,8857,0.000327,10.58
2026-09-02 10:00,RENDER,RENDER,1.42615,6.311,3.155,3.155,3.857,16975,0.00125,18.81
2026-09-02 10:00,DOGE,DOGE,0.0816665,0.122,0.061,0.061,0.796,190908,0.00125,12.62
2026-09-02 10:00,SHIB,kSHIB,0.0051785,1.931,0.966,0.966,4.828,92516,0.00125,14.43
2026-09-02 10:00,PEPE,kPEPE,0.0034495,2.899,1.449,1.449,1.449,828686,0.00125,15.4
2026-09-02 10:00,WIF,WIF,0.19638,1.018,0.509,1.018,1.528,43319,0.00125,13.52
2026-09-02 10:00,BONK,kBONK,0.0029950000000000003,6.678,3.339,3.339,3.339,180112,0.00125,19.18
2026-09-02 10:00,TRUMP,TRUMP,2.24475,3.118,1.559,2.005,2.005,44957,-0.002593,12.12
2026-09-02 10:05,BTC,BTC,77479.5,0.129,0.065,0.065,0.065,2537450,0.00125,12.63
2026-09-02 10:05,ETH,ETH,2419.8,0.827,0.413,0.827,0.827,6902156,0.00125,13.33
2026-09-02 10:05,SOL,SOL,99.88550000000001,0.1,0.05,0.05,0.05,295349,-0.001307,9.1
2026-09-02 10:05,XRP,XRP,1.34485,0.744,0.372,0.372,0.372,1937148,0.00125,13.24
2026-09-02 10:05,AVAX,AVAX,7.21575,1.247,0.624,0.624,0.901,101197,0.00125,13.75
2026-09-02 10:05,LINK,LINK,11.2315,0.89,0.445,0.445,2.226,414514,0.00125,13.39
2026-09-02 10:05,LTC,LTC,49.060500000000005,1.019,0.51,0.713,1.325,56967,0.00125,13.52
2026-09-02 10:05,ADA,ADA,0.19698500000000002,1.523,0.761,0.761,0.761,150304,0.00125,14.02
2026-09-02 10:05,DOT,DOT,0.864895,0.116,0.058,0.058,0.058,42850,0.00125,12.62
2026-09-02 10:05,UNI,UNI,6.2889,1.59,0.795,0.954,1.113,29879,0.00125,14.09
2026-09-02 10:05,AAVE,AAVE,131.695,2.278,1.898,2.658,2.658,90437,0.00125,16.3
2026-09-02 10:05,ARB,ARB,0.11685000000000001,1.712,0.856,0.856,8.558,46207,0.00346,20.4
2026-09-02 10:05,POL,POL,0.090267,1.551,2.326,2.659,3.545,6662,0.000502,15.06
2026-09-02 10:05,RENDER,RENDER,1.4311500000000001,2.096,3.843,4.542,5.939,16756,0.00125,20.19
2026-09-02 10:05,DOGE,DOGE,0.0816775,0.122,0.061,0.796,1.163,174859,0.00125,12.62
2026-09-02 10:05,SHIB,kSHIB,0.0051815,1.93,2.895,4.825,4.825,179664,0.00125,18.29
2026-09-02 10:05,PEPE,kPEPE,0.0034545,2.895,1.447,1.447,1.447,1001207,0.00125,15.39
2026-09-02 10:05,WIF,WIF,0.19648,2.036,1.018,1.018,2.036,25222,0.001556,15.39
2026-09-02 10:05,BONK,kBONK,0.0029985,3.335,1.668,1.668,1.668,213887,0.00125,15.84
2026-09-02 10:05,TRUMP,TRUMP,2.24825,0.445,0.222,0.222,0.222,73329,-0.002578,9.44
2026-09-02 10:10,BTC,BTC,77509.5,0.129,0.323,1.097,1.355,1192533,0.00125,13.15
2026-09-02 10:10,ETH,ETH,2420.1499999999996,0.413,0.62,0.62,0.62,7147590,0.00125,13.74
2026-09-02 10:10,SOL,SOL,99.8845,0.1,1.151,1.151,1.151,376421,-0.001002,11.3
2026-09-02 10:10,XRP,XRP,1.34475,0.744,0.372,0.372,0.372,2019845,0.00125,13.24
2026-09-02 10:10,AVAX,AVAX,7.21685,1.801,0.901,0.901,1.039,97086,0.00125,14.3
2026-09-02 10:10,LINK,LINK,11.2295,0.891,0.445,0.445,2.226,482441,0.00125,13.39
2026-09-02 10:10,LTC,LTC,49.103,1.222,0.611,1.222,1.222,80274,0.00125,13.72
2026-09-02 10:10,ADA,ADA,0.197045,0.507,0.254,0.254,1.269,196972,0.00125,13.01
2026-09-02 10:10,DOT,DOT,0.86598,2.31,1.155,1.386,1.386,26729,0.00125,14.81
2026-09-02 10:10,UNI,UNI,6.3027999999999995,0.635,0.317,0.635,0.793,26767,0.00125,13.13
2026-09-02 10:10,AAVE,AAVE,131.31,1.523,0.762,1.523,1.523,82142,0.00125,14.02
2026-09-02 10:10,ARB,ARB,0.117085,0.854,0.427,0.427,0.427,50054,0.003348,19.23
2026-09-02 10:10,POL,POL,0.09010599999999999,0.888,1.998,2.442,3.218,7733,0.000439,14.22
2026-09-02 10:10,RENDER,RENDER,1.4293,5.597,2.799,3.498,4.198,22655,0.00125,18.1
2026-09-02 10:10,DOGE,DOGE,0.0816765,0.122,0.061,0.796,0.796,175156,0.00125,12.62
2026-09-02 10:10,SHIB,kSHIB,0.0051855,1.928,0.964,2.893,2.893,141896,0.00125,14.43
2026-09-02 10:10,PEPE,kPEPE,0.003454,5.79,2.895,2.895,2.895,985274,0.00125,18.29
2026-09-02 10:10,WIF,WIF,0.19661,5.086,2.543,2.543,3.052,53151,0.00125,17.59
2026-09-02 10:10,BONK,kBONK,0.003009,6.647,3.323,3.323,3.323,189596,0.00125,19.15
2026-09-02 10:10,TRUMP,TRUMP,2.2468500000000002,1.335,0.668,1.113,1.558,45163,-0.001998,10.34
2026-09-02 10:15,BTC,BTC,77451.5,0.129,0.065,0.065,0.065,4590912,0.00125,12.63
2026-09-02 10:15,ETH,ETH,2418.95,0.413,0.207,0.207,0.207,6909719,0.00125,12.91
2026-09-02 10:15,SOL,SOL,99.8935,0.1,0.05,0.05,0.05,429304,-0.000871,9.1
2026-09-02 10:15,XRP,XRP,1.34475,0.744,0.372,0.372,0.372,1711769,0.00125,13.24
2026-09-02 10:15,AVAX,AVAX,7.2178,1.108,0.554,0.554,0.554,75144,0.00125,13.61
2026-09-02 10:15,LINK,LINK,11.221499999999999,0.891,0.446,0.446,0.446,271758,0.00125,13.39
2026-09-02 10:15,LTC,LTC,49.1205,0.611,0.305,0.305,0.305,76230,0.00125,13.11
2026-09-02 10:15,ADA,ADA,0.19696,1.015,0.508,0.508,1.015,157940,0.00125,13.52
2026-09-02 10:15,DOT,DOT,0.86572,2.31,1.155,1.271,1.271,20666,0.00125,14.81
2026-09-02 10:15,UNI,UNI,6.2715,1.913,0.957,1.116,1.116,27939,0.00125,14.41
2026-09-02 10:15,AAVE,AAVE,131.23000000000002,1.524,1.524,1.524,2.286,78486,0.00125,15.55
2026-09-02 10:15,ARB,ARB,0.118435,4.222,2.111,3.8,4.644,30558,0.002803,21.07
2026-09-02 10:15,POL,POL,0.090411,3.097,2.102,2.212,4.535,6680,0.000697,15.16
2026-09-02 10:15,RENDER,RENDER,1.4308,5.591,2.796,2.796,4.892,12367,0.00125,18.09
2026-09-02 10:15,DOGE,DOGE,0.0816635,0.612,0.306,0.306,0.306,124793,0.00125,13.11
2026-09-02 10:15,SHIB,kSHIB,0.0051855,1.928,2.893,2.893,2.893,129109,0.00125,18.29
2026-09-02 10:15,PEPE,kPEPE,0.0034575,2.892,1.446,1.446,1.446,1027769,0.00125,15.39
2026-09-02 10:15,WIF,WIF,0.196555,0.509,0.254,0.763,1.272,23302,0.00125,13.01
2026-09-02 10:15,BONK,kBONK,0.003016,6.631,3.316,3.316,3.316,219905,0.00125,19.13
2026-09-02 10:15,TRUMP,TRUMP,2.2521,0.888,0.444,0.444,0.888,47670,-0.001164,9.89
2026-09-02 10:20,BTC,BTC,77329.5,0.129,0.065,0.065,0.065,2593280,0.00125,12.63
2026-09-02 10:20,ETH,ETH,2415.55,0.414,0.207,0.207,0.207,11560595,0.00125,12.91
2026-09-02 10:20,SOL,SOL,99.7975,0.1,0.05,0.05,0.05,445229,-0.000836,9.1
2026-09-02 10:20,XRP,XRP,1.34375,0.744,0.372,0.372,0.372,2049095,0.00125,13.24
2026-09-02 10:20,AVAX,AVAX,7.20435,0.694,0.347,0.347,0.347,70819,0.00125,13.19
2026-09-02 10:20,LINK,LINK,11.2085,0.892,0.446,0.446,0.446,221308,0.00125,13.39
2026-09-02 10:20,LTC,LTC,49.0795,1.834,0.917,0.917,1.121,73300,0.00125,14.33
2026-09-02 10:20,ADA,ADA,0.196515,0.509,0.254,0.254,0.254,151995,0.00125,13.01
2026-09-02 10:20,DOT,DOT,0.864045,1.505,0.752,0.752,0.752,27157,0.00125,14.0
2026-09-02 10:20,UNI,UNI,6.3038,3.49,1.745,1.904,1.904,34514,0.00125,15.99
2026-09-02 10:20,AAVE,AAVE,130.695,2.295,1.148,1.148,1.148,104806,0.00125,14.8
2026-09-02 10:20,ARB,ARB,0.11837,5.069,2.534,3.379,3.379,51203,0.002115,19.99
2026-09-02 10:20,POL,POL,0.09024650000000001,2.105,2.161,3.712,4.488,8900,0.000867,15.75
2026-09-02 10:20,RENDER,RENDER,1.427,5.606,2.803,3.504,4.205,13009,0.00125,18.11
2026-09-02 10:20,DOGE,DOGE,0.081571,0.49,0.245,0.368,0.368,143584,0.00125,12.99
2026-09-02 10:20,SHIB,kSHIB,0.0051775,1.931,0.966,0.966,0.966,146441,0.00125,14.43
2026-09-02 10:20,PEPE,kPEPE,0.0034515,2.897,1.449,1.449,1.449,1073764,0.00125,15.4
2026-09-02 10:20,WIF,WIF,0.196395,0.509,0.255,0.255,2.291,43710,0.00125,13.01
2026-09-02 10:20,BONK,kBONK,0.003011,6.642,3.321,3.321,3.321,237365,0.00125,19.14
2026-09-02 10:20,TRUMP,TRUMP,2.24665,1.335,0.668,1.113,1.558,71877,-0.000769,10.34
2026-09-02 10:25,BTC,BTC,77279.5,0.129,0.065,0.065,0.065,2803724,0.00125,12.63
2026-09-02 10:25,ETH,ETH,2414.75,0.414,0.207,0.207,0.207,10618380,0.00125,12.91
2026-09-02 10:25,SOL,SOL,99.6845,0.1,0.05,0.05,0.05,312901,-0.000884,9.1
2026-09-02 10:25,XRP,XRP,1.34205,0.745,0.373,0.373,0.373,2000691,0.00125,13.25
2026-09-02 10:25,AVAX,AVAX,7.20185,0.972,0.486,0.486,0.486,72671,0.00125,13.47
2026-09-02 10:25,LINK,LINK,11.1965,0.893,0.447,0.447,0.447,448225,0.00125,13.39
2026-09-02 10:25,LTC,LTC,49.083,0.815,0.407,0.407,0.611,70933,0.00125,13.31
2026-09-02 10:25,ADA,ADA,0.196545,0.509,0.254,0.254,0.254,192079,0.00125,13.01
2026-09-02 10:25,DOT,DOT,0.86516,1.618,1.965,2.427,2.543,25186,0.00125,16.43
2026-09-02 10:25,UNI,UNI,6.31375,1.425,0.713,1.663,2.138,26741,0.00125,13.93
2026-09-02 10:25,AAVE,AAVE,130.64499999999998,0.765,0.383,1.148,1.914,76625,0.00125,13.27
2026-09-02 10:25,ARB,ARB,0.11845,3.377,1.688,1.688,1.688,46937,0.001789,17.39
2026-09-02 10:25,POL,POL,0.090452,2.432,1.658,2.432,3.869,4298,0.001031,15.2
2026-09-02 10:25,RENDER,RENDER,1.4269,4.205,2.102,2.102,3.504,16907,0.00125,16.7
2026-09-02 10:25,DOGE,DOGE,0.0815225,0.123,0.061,0.061,0.061,170037,0.00125,12.62
2026-09-02 10:25,SHIB,kSHIB,0.0051754999999999995,1.932,0.966,2.898,4.83,152925,0.00125,14.43
2026-09-02 10:25,PEPE,kPEPE,0.00345,5.797,2.899,2.899,2.899,1096998,0.00125,18.3
2026-09-02 10:25,WIF,WIF,0.19648500000000002,1.527,0.763,0.763,2.29,46251,0.00125,14.03
2026-09-02 10:25,BONK,kBONK,0.0030080000000000003,6.649,3.324,3.324,3.324,208760,0.00125,19.15
2026-09-02 10:25,TRUMP,TRUMP,2.2474999999999996,0.89,0.445,0.445,0.445,101682,-0.000614,9.89
2026-09-02 10:30,BTC,BTC,77137.5,0.389,0.194,0.194,0.194,5156225,0.00125,12.89
2026-09-02 10:30,ETH,ETH,2411.25,0.415,0.207,0.207,0.207,7547401,0.00125,12.91
2026-09-02 10:30,SOL,SOL,99.5605,0.1,0.05,0.05,0.05,439432,-0.000925,9.1
2026-09-02 10:30,XRP,XRP,1.3390499999999999,0.747,0.373,0.373,0.373,2613127,0.00125,13.25
2026-09-02 10:30,AVAX,AVAX,7.19045,0.695,0.348,0.348,0.348,95278,0.00125,13.2
2026-09-02 10:30,LINK,LINK,11.1705,0.895,0.448,0.448,2.238,231452,0.00125,13.4
2026-09-02 10:30,LTC,LTC,49.0225,1.02,0.51,0.714,0.714,55887,0.00125,13.52
2026-09-02 10:30,ADA,ADA,0.19555,1.023,0.511,1.023,1.023,84764,0.00125,13.52
2026-09-02 10:30,DOT,DOT,0.862915,0.811,0.406,1.333,2.376,24123,0.00125,13.31
2026-09-02 10:30,UNI,UNI,6.3218499999999995,0.158,0.079,0.079,0.079,27275,0.00125,12.66
2026-09-02 10:30,AAVE,AAVE,130.49,1.533,1.533,1.533,3.065,90199,0.00125,15.57
2026-09-02 10:30,ARB,ARB,0.11721999999999999,5.119,2.559,2.559,3.412,64177,0.001484,18.27
2026-09-02 10:30,POL,POL,0.09033,2.436,1.218,1.218,1.993,9069,0.000968,14.15
2026-09-02 10:30,RENDER,RENDER,1.42095,6.334,3.167,3.871,4.574,15118,0.00125,18.83
2026-09-02 10:30,DOGE,DOGE,0.0813485,0.123,0.061,0.553,0.676,149981,0.00125,12.62
2026-09-02 10:30,SHIB,kSHIB,0.005158,3.877,1.939,1.939,3.877,168469,0.00125,16.38
2026-09-02 10:30,PEPE,kPEPE,0.0034415,2.906,1.453,1.453,1.453,765626,0.00125,15.41
2026-09-02 10:30,WIF,WIF,0.19583499999999998,0.511,0.255,0.255,2.298,55811,0.00125,13.01
2026-09-02 10:30,BONK,kBONK,0.0029975,3.336,1.668,1.668,1.668,181688,0.00125,15.84
2026-09-02 10:30,TRUMP,TRUMP,2.23455,2.238,1.119,1.566,2.014,69855,-0.000905,11.24
2026-09-02 10:35,BTC,BTC,77071.5,0.13,0.065,0.065,0.065,4549963,0.00125,12.63
2026-09-02 10:35,ETH,ETH,2405.05,0.416,0.208,0.208,0.208,12804070,0.00125,12.92
2026-09-02 10:35,SOL,SOL,99.2635,0.101,0.05,0.05,0.05,661481,-0.000868,9.1
2026-09-02 10:35,XRP,XRP,1.3354499999999998,0.749,0.374,0.374,0.374,1868148,0.00125,13.25
2026-09-02 10:35,AVAX,AVAX,7.17185,0.139,0.07,1.743,1.743,33262,0.00125,12.64
2026-09-02 10:35,LINK,LINK,11.1355,0.898,0.449,0.449,1.347,442889,0.00125,13.4
2026-09-02 10:35,LTC,LTC,48.9915,0.612,0.306,0.919,1.123,54888,0.00125,13.11
2026-09-02 10:35,ADA,ADA,0.195275,0.512,0.256,0.768,1.28,127619,0.00125,13.01
2026-09-02 10:35,DOT,DOT,0.86235,2.551,1.276,1.392,1.623,35557,0.00125,15.05
2026-09-02 10:35,UNI,UNI,6.31355,0.158,0.079,0.079,0.079,16987,0.00125,12.66
2026-09-02 10:35,AAVE,AAVE,130.32,1.535,0.767,0.767,1.535,178627,0.00125,14.03
2026-09-02 10:35,ARB,ARB,0.11693500000000001,0.855,0.428,0.428,0.428,52215,0.001436,13.88
2026-09-02 10:35,POL,POL,0.0904645,1.658,2.266,2.377,3.593,8632,0.000689,15.46
2026-09-02 10:35,RENDER,RENDER,1.4203999999999999,1.408,0.704,1.408,1.408,18107,0.00125,13.91
2026-09-02 10:35,DOGE,DOGE,0.081212,0.246,0.123,0.246,0.246,169408,0.00125,12.75
2026-09-02 10:35,SHIB,kSHIB,0.0051470000000000005,3.886,1.943,1.943,3.886,163130,0.00125,16.39
2026-09-02 10:35,PEPE,kPEPE,0.0034375,2.909,1.455,4.364,4.364,962716,0.00125,15.41
2026-09-02 10:35,WIF,WIF,0.19518000000000002,2.049,1.025,1.537,2.562,54044,0.00125,14.55
2026-09-02 10:35,BONK,kBONK,0.002992,6.684,3.342,3.342,3.342,188081,0.00125,19.18
2026-09-02 10:35,TRUMP,TRUMP,2.2390499999999998,0.447,2.456,2.903,4.689,67524,-0.000682,13.91
2026-09-02 10:40,BTC,BTC,77068.5,0.13,0.065,0.065,0.065,5650472,0.00125,12.63
2026-09-02 10:40,ETH,ETH,2404.6499999999996,0.416,0.208,0.208,0.208,9790149,0.00125,12.92
2026-09-02 10:40,SOL,SOL,99.07249999999999,0.101,0.05,0.05,0.05,729690,-0.000842,9.1
2026-09-02 10:40,XRP,XRP,1.33175,0.751,0.375,0.375,0.375,1906933,0.00125,13.25
2026-09-02 10:40,AVAX,AVAX,7.16735,0.977,0.488,0.628,0.628,65865,0.001145,13.18
2026-09-02 10:40,LINK,LINK,11.128499999999999,0.899,0.449,0.449,0.449,425589,0.00125,13.4
2026-09-02 10:40,LTC,LTC,48.929500000000004,0.204,0.102,0.102,0.102,70100,0.00125,12.7
2026-09-02 10:40,ADA,ADA,0.195025,0.513,0.256,0.256,0.256,167801,0.00125,13.01
2026-09-02 10:40,DOT,DOT,0.862965,0.116,0.058,0.058,0.058,24168,0.00125,12.62
2026-09-02 10:40,UNI,UNI,6.29775,1.112,0.556,0.715,0.715,29807,0.00125,13.61
2026-09-02 10:40,AAVE,AAVE,130.195,0.768,0.384,0.384,0.384,170370,0.00125,13.27
2026-09-02 10:40,ARB,ARB,0.11827,3.382,1.691,1.691,1.691,44532,0.001763,17.32
2026-09-02 10:40,POL,POL,0.0903725,2.545,1.273,1.383,2.822,11463,0.000557,13.1
2026-09-02 10:40,RENDER,RENDER,1.41955,3.522,2.466,2.466,3.17,17586,0.00125,17.43
2026-09-02 10:40,DOGE,DOGE,0.0811205,0.123,0.062,0.062,0.062,146045,0.00125,12.62
2026-09-02 10:40,SHIB,kSHIB,0.0051305,1.949,0.975,2.924,2.924,136130,0.00125,14.45
2026-09-02 10:40,PEPE,kPEPE,0.0034385,2.908,1.454,1.454,4.362,759064,0.00125,15.41
2026-09-02 10:40,WIF,WIF,0.194855,2.566,1.283,1.283,1.796,46750,0.00125,15.07
2026-09-02 10:40,BONK,kBONK,0.0029775,3.359,1.679,5.038,5.038,230123,0.00125,15.86
2026-09-02 10:40,TRUMP,TRUMP,2.22755,3.142,1.571,1.571,2.469,74832,-0.000459,12.14
2026-09-02 10:45,BTC,BTC,76944.5,0.13,0.065,0.065,0.065,10121119,0.00125,12.63
2026-09-02 10:45,ETH,ETH,2396.55,0.417,0.209,0.209,0.209,8938089,0.00125,12.92
2026-09-02 10:45,SOL,SOL,98.9625,0.101,0.051,0.051,0.051,658036,-0.000732,9.1
2026-09-02 10:45,XRP,XRP,1.3293499999999998,0.752,0.376,0.376,0.376,2134076,0.00125,13.25
2026-09-02 10:45,AVAX,AVAX,7.149649999999999,1.539,0.769,0.909,0.909,77293,0.000886,13.02
2026-09-02 10:45,LINK,LINK,11.1055,0.9,0.45,0.45,1.351,465022,0.00125,13.4
2026-09-02 10:45,LTC,LTC,48.9025,0.613,0.307,0.307,0.307,86310,0.00125,13.11
2026-09-02 10:45,ADA,ADA,0.194845,0.513,0.77,1.283,1.283,126949,0.00125,14.04
2026-09-02 10:45,DOT,DOT,0.8565499999999999,3.269,1.634,1.751,1.868,19185,0.00125,15.77
2026-09-02 10:45,UNI,UNI,6.2360500000000005,2.726,1.363,1.523,1.523,21038,0.00125,15.23
2026-09-02 10:45,AAVE,AAVE,129.275,0.774,0.387,0.387,1.934,132369,0.00125,13.27
2026-09-02 10:45,ARB,ARB,0.116655,2.572,1.286,1.286,3.0,36468,0.001655,16.21
2026-09-02 10:45,POL,POL,0.0903825,1.881,1.604,3.485,4.592,4919,0.000433,13.42
2026-09-02 10:45,RENDER,RENDER,1.4154499999999999,3.532,1.766,2.473,2.473,16906,0.00125,16.03
2026-09-02 10:45,DOGE,DOGE,0.0809855,0.123,0.062,0.679,1.297,156675,0.00125,12.62
2026-09-02 10:45,SHIB,kSHIB,0.0051185,1.954,2.931,2.931,2.931,155307,0.00125,18.36
2026-09-02 10:45,PEPE,kPEPE,0.0034265,2.918,1.459,1.459,1.459,542224,0.00125,15.42
2026-09-02 10:45,WIF,WIF,0.194535,2.57,1.285,2.313,2.313,83828,0.00125,15.07
2026-09-02 10:45,BONK,kBONK,0.0029775,3.359,1.679,5.038,5.038,143881,0.00125,15.86
2026-09-02 10:45,TRUMP,TRUMP,2.23355,0.448,4.701,6.492,6.94,116511,-0.000312,18.4
2026-09-02 10:50,BTC,BTC,76836.5,0.13,0.065,0.065,0.065,9022590,0.00125,12.63
2026-09-02 10:50,ETH,ETH,2394.6499999999996,0.418,0.209,0.209,0.209,9181778,0.00125,12.92
2026-09-02 10:50,SOL,SOL,99.0255,0.101,0.05,0.05,0.05,229661,-0.000615,9.1
2026-09-02 10:50,XRP,XRP,1.32985,0.752,0.376,0.376,0.376,1959189,0.00125,13.25
2026-09-02 10:50,AVAX,AVAX,7.15105,0.979,0.489,0.489,0.489,87980,0.000711,11.97
2026-09-02 10:50,LINK,LINK,11.101500000000001,0.901,3.153,3.153,3.153,439266,0.00125,18.81
2026-09-02 10:50,LTC,LTC,48.832,0.819,0.41,0.614,0.614,73667,0.00125,13.32
2026-09-02 10:50,ADA,ADA,0.194975,0.513,0.256,0.769,0.769,117750,0.00125,13.01
2026-09-02 10:50,DOT,DOT,0.85563,3.039,1.519,1.636,1.87,25793,0.00125,15.54
2026-09-02 10:50,UNI,UNI,6.1892,0.646,3.07,3.07,3.07,40895,0.00125,18.64
2026-09-02 10:50,AAVE,AAVE,128.935,0.776,0.388,2.715,2.715,180564,0.00125,13.28
2026-09-02 10:50,ARB,ARB,0.11716499999999999,0.853,0.427,0.427,0.427,50161,0.001645,14.46
2026-09-02 10:50,POL,POL,0.0902985,2.326,1.163,1.274,1.827,7976,0.000351,12.31
2026-09-02 10:50,RENDER,RENDER,1.4145500000000002,2.121,2.474,2.474,3.181,10806,0.00125,17.45
2026-09-02 10:50,DOGE,DOGE,0.080925,0.989,0.494,0.741,0.741,142561,0.00125,13.49
2026-09-02 10:50,SHIB,kSHIB,0.0051185,1.954,0.977,2.931,2.931,131095,0.00125,14.45
2026-09-02 10:50,PEPE,kPEPE,0.0034215,2.923,1.461,1.461,1.461,956519,0.00125,15.42
2026-09-02 10:50,WIF,WIF,0.19474999999999998,2.054,1.027,2.054,2.567,60629,0.00125,14.55
2026-09-02 10:50,BONK,kBONK,0.002975,6.723,3.361,3.361,3.361,191348,0.00125,19.22
2026-09-02 10:50,TRUMP,TRUMP,2.2291999999999996,0.897,0.449,1.346,1.346,47910,-0.000115,9.9
2026-09-02 10:55,BTC,BTC,76758.5,0.13,0.065,0.065,0.065,2825247,0.00125,12.63
2026-09-02 10:55,ETH,ETH,2391.55,0.418,0.209,0.209,0.209,11464821,0.00125,12.92
2026-09-02 10:55,SOL,SOL,98.8435,0.101,0.051,0.051,0.051,441323,-0.000549,9.1
2026-09-02 10:55,XRP,XRP,1.3263500000000001,0.754,0.377,0.377,0.377,2184229,0.00125,13.25
2026-09-02 10:55,AVAX,AVAX,7.12875,0.14,0.07,0.07,0.07,95577,0.000534,10.63
2026-09-02 10:55,LINK,LINK,11.086500000000001,0.902,0.451,0.451,1.353,431501,0.00125,13.4
2026-09-02 10:55,LTC,LTC,48.7265,1.026,0.513,0.718,0.924,42871,0.00125,13.53
2026-09-02 10:55,ADA,ADA,0.194345,0.515,0.257,0.257,0.257,96349,0.00125,13.01
2026-09-02 10:55,DOT,DOT,0.853345,0.117,0.059,0.059,0.059,21441,0.00125,12.62
2026-09-02 10:55,UNI,UNI,6.192,1.292,0.646,0.807,0.807,72180,0.00125,13.79
2026-09-02 10:55,AAVE,AAVE,128.45499999999998,0.778,0.389,0.389,0.389,97206,0.00125,13.28
2026-09-02 10:55,ARB,ARB,0.116035,6.033,3.016,3.016,3.016,52016,0.001502,19.24
2026-09-02 10:55,POL,POL,0.090087,3.108,1.554,1.665,1.887,5413,-8.5e-05,12.11
2026-09-02 10:55,RENDER,RENDER,1.41045,3.545,1.772,2.481,3.899,12313,0.00125,16.04
2026-09-02 10:55,DOGE,DOGE,0.0807965,0.124,0.062,0.062,1.3,69109,0.00125,12.62
2026-09-02 10:55,SHIB,kSHIB,0.005108,3.915,1.958,3.915,5.873,140473,0.00125,16.42
2026-09-02 10:55,PEPE,kPEPE,0.0034145,2.929,1.464,1.464,4.393,942520,0.001161,15.18
2026-09-02 10:55,WIF,WIF,0.194105,4.637,2.318,3.349,4.379,57681,0.00125,17.14
2026-09-02 10:55,BONK,kBONK,0.002968,6.739,3.369,3.369,6.739,249716,0.00125,19.24
2026-09-02 10:55,TRUMP,TRUMP,2.2249499999999998,1.348,0.674,2.921,3.82,73906,-0.000104,10.35
2026-09-02 11:00,BTC,BTC,76923.5,0.13,0.065,0.065,0.065,4787728,0.00125,12.63
2026-09-02 11:00,ETH,ETH,2395.3500000000004,0.417,0.209,0.209,0.209,5111481,0.00125,12.92
2026-09-02 11:00,SOL,SOL,99.1365,0.101,0.05,0.05,0.05,382698,0.00125,12.6
2026-09-02 11:00,XRP,XRP,1.33195,0.751,0.375,0.375,0.375,1266191,0.00125,13.25
2026-09-02 11:00,AVAX,AVAX,7.1441,1.4,0.7,0.84,0.98,53607,0.000369,11.43
2026-09-02 11:00,LINK,LINK,11.1165,0.9,0.45,0.45,0.45,419321,0.00125,13.4
2026-09-02 11:00,LTC,LTC,48.8675,1.842,0.921,0.921,1.739,66455,0.00125,14.34
2026-09-02 11:00,ADA,ADA,0.19502999999999998,1.025,1.025,1.538,2.051,129702,0.00125,14.55
2026-09-02 11:00,DOT,DOT,0.85741,2.566,1.283,1.283,1.283,18744,0.00125,15.07
2026-09-02 11:00,UNI,UNI,6.2128499999999995,0.161,0.08,0.08,0.08,66890,0.004467,21.67
2026-09-02 11:00,AAVE,AAVE,128.78,1.553,0.777,0.777,0.777,130152,0.00125,14.05
2026-09-02 11:00,ARB,ARB,0.11718,1.707,2.56,2.56,2.56,47969,0.005929,30.72
2026-09-02 11:00,POL,POL,0.090343,0.443,1.328,1.328,1.882,4355,-0.004771,11.66
2026-09-02 11:00,RENDER,RENDER,1.4135499999999999,3.537,1.769,2.476,3.891,11739,0.00125,16.04
2026-09-02 11:00,DOGE,DOGE,0.08105799999999999,0.493,0.247,0.247,0.247,91005,0.00125,12.99
2026-09-02 11:00,SHIB,kSHIB,0.0051305,1.949,0.975,2.924,2.924,139501,0.00125,14.45
2026-09-02 11:00,PEPE,kPEPE,0.0034265,2.918,1.459,1.459,1.459,836867,0.00125,15.42
2026-09-02 11:00,WIF,WIF,0.19449,4.113,2.057,2.057,3.599,55591,0.00125,16.61
2026-09-02 11:00,BONK,kBONK,0.00298,6.711,3.356,3.356,3.356,298677,0.00125,19.21
2026-09-02 11:00,TRUMP,TRUMP,2.2346500000000002,0.447,0.224,1.119,2.014,89861,0.00125,12.95
2026-09-02 11:05,BTC,BTC,77019.5,0.13,0.065,0.065,0.065,2907684,0.00125,12.63
2026-09-02 11:05,ETH,ETH,2399.3500000000004,0.417,0.208,0.208,0.208,7104716,0.00125,12.92
2026-09-02 11:05,SOL,SOL,99.23949999999999,0.101,0.05,0.05,0.05,324132,0.000602,10.79
2026-09-02 11:05,XRP,XRP,1.3343500000000001,0.749,0.375,0.375,0.375,1881697,0.00125,13.25
2026-09-02 11:05,AVAX,AVAX,7.16685,0.14,0.07,0.07,1.744,30463,0.000502,10.55
2026-09-02 11:05,LINK,LINK,11.148499999999999,0.897,0.448,0.448,1.345,466268,0.00125,13.4
2026-09-02 11:05,LTC,LTC,48.879999999999995,0.818,0.409,0.614,0.818,64831,0.00125,13.32
2026-09-02 11:05,ADA,ADA,0.195565,1.534,0.767,0.767,0.767,155514,0.00125,14.03
2026-09-02 11:05,DOT,DOT,0.8596900000000001,0.931,0.465,0.582,0.931,44517,0.00125,13.43
2026-09-02 11:05,UNI,UNI,6.23445,0.16,0.08,1.203,1.203,51394,0.00249,16.13
2026-09-02 11:05,AAVE,AAVE,129.005,0.775,0.388,0.388,0.388,113576,0.00125,13.28
2026-09-02 11:05,ARB,ARB,0.11787500000000001,4.242,2.121,2.121,2.969,95479,0.00125,16.74
2026-09-02 11:05,POL,POL,0.0906235,2.317,1.159,1.269,2.703,5773,-0.003571,11.32
2026-09-02 11:05,RENDER,RENDER,1.4165,2.824,1.412,2.118,2.824,15581,0.00125,15.32
2026-09-02 11:05,DOGE,DOGE,0.0812045,0.123,0.062,0.062,0.062,90394,0.00125,12.62
2026-09-02 11:05,SHIB,kSHIB,0.0051515,1.941,0.971,2.912,4.853,178255,0.00125,14.44
2026-09-02 11:05,PEPE,kPEPE,0.0034335,2.912,1.456,1.456,1.456,872084,0.001107,15.01
2026-09-02 11:05,WIF,WIF,0.195445,2.558,1.279,2.302,3.326,58695,0.00125,15.06
2026-09-02 11:05,BONK,kBONK,0.002981,6.709,3.355,3.355,3.355,207457,0.00125,19.21
2026-09-02 11:05,TRUMP,TRUMP,2.23625,0.447,0.224,0.224,1.118,44725,0.000819,11.74
2026-09-02 11:10,BTC,BTC,76997.5,0.13,0.065,0.065,0.065,1490507,0.00125,12.63
2026-09-02 11:10,ETH,ETH,2398.8500000000004,0.417,0.208,0.208,0.208,6891251,0.00125,12.92
2026-09-02 11:10,SOL,SOL,99.1965,0.101,0.05,0.05,0.05,327862,0.000324,10.01
2026-09-02 11:10,XRP,XRP,1.3348499999999999,0.749,0.375,0.375,0.375,1935587,0.00125,13.25
2026-09-02 11:10,AVAX,AVAX,7.1631,0.558,0.279,0.419,0.419,44326,0.000184,10.07
2026-09-02 11:10,LINK,LINK,11.152,5.38,2.69,2.69,2.69,437007,0.00125,17.88
2026-09-02 11:10,LTC,LTC,48.866,0.409,0.205,0.409,0.409,84166,0.00125,12.91
2026-09-02 11:10,ADA,ADA,0.195345,0.512,0.256,0.256,0.768,201422,0.00125,13.01
2026-09-02 11:10,DOT,DOT,0.85823,2.097,1.049,1.049,1.049,25742,0.00125,14.6
2026-09-02 11:10,UNI,UNI,6.2383500000000005,0.16,0.08,0.08,0.08,39647,0.003046,17.69
2026-09-02 11:10,AAVE,AAVE,128.67000000000002,1.554,0.777,0.777,0.777,162868,0.00125,14.05
2026-09-02 11:10,ARB,ARB,0.11763000000000001,3.4,1.7,1.7,2.55,46393,0.00125,15.9
2026-09-02 11:10,POL,POL,0.0904955,0.774,0.387,1.05,3.481,8100,-0.00375,9.77
2026-09-02 11:10,RENDER,RENDER,1.41575,4.944,2.472,3.179,3.885,12489,0.00125,17.44
2026-09-02 11:10,DOGE,DOGE,0.08116999999999999,0.246,0.123,0.123,0.123,131381,0.00125,12.75
2026-09-02 11:10,SHIB,kSHIB,0.005147499999999999,1.943,0.971,2.914,2.914,175467,0.00125,14.44
2026-09-02 11:10,PEPE,kPEPE,0.0034345,2.912,1.456,1.456,1.456,1039948,0.00125,15.41
2026-09-02 11:10,WIF,WIF,0.195495,2.558,1.279,1.279,1.79,64543,0.00125,15.06
2026-09-02 11:10,BONK,kBONK,0.0029779999999999997,6.716,3.358,3.358,3.358,250410,0.00125,19.22
2026-09-02 11:10,TRUMP,TRUMP,2.2342500000000003,0.448,0.224,0.671,0.671,67505,0.000704,11.42
2026-09-02 11:15,BTC,BTC,76901.5,0.13,0.065,0.065,0.065,3919123,0.00125,12.63
2026-09-02 11:15,ETH,ETH,2392.75,0.418,0.209,0.209,0.209,7034998,0.00125,12.92
2026-09-02 11:15,SOL,SOL,98.9845,0.101,0.051,0.051,0.051,360325,0.000116,9.43
2026-09-02 11:15,XRP,XRP,1.33155,0.751,0.376,0.376,0.376,2108263,0.00125,13.25
2026-09-02 11:15,AVAX,AVAX,7.144299999999999,0.84,0.42,0.56,0.56,90299,-0.000358,9.84
2026-09-02 11:15,LINK,LINK,11.118500000000001,0.899,0.45,1.349,1.349,250900,0.00125,13.4
2026-09-02 11:15,LTC,LTC,48.827,1.229,0.614,0.819,0.819,75854,0.00125,13.73
2026-09-02 11:15,ADA,ADA,0.194795,0.513,0.257,0.257,0.257,130895,0.001022,12.38
2026-09-02 11:15,DOT,DOT,0.8555200000000001,2.338,1.169,1.286,1.286,22086,0.00125,14.84
2026-09-02 11:15,UNI,UNI,6.2241,0.964,0.482,0.482,0.482,40498,0.002595,17.23
2026-09-02 11:15,AAVE,AAVE,127.725,0.783,0.391,0.391,0.391,88732,0.00125,13.28
2026-09-02 11:15,ARB,ARB,0.11669,5.142,2.571,3.428,5.999,42583,0.00125,17.64
2026-09-02 11:15,POL,POL,0.090607,2.207,1.104,1.214,2.318,6614,-0.004016,11.21
2026-09-02 11:15,RENDER,RENDER,1.4141,4.243,2.121,2.829,3.536,16272,0.00125,16.74
2026-09-02 11:15,DOGE,DOGE,0.0810485,0.123,0.308,0.432,0.802,137704,0.00125,13.12
2026-09-02 11:15,SHIB,kSHIB,0.005140499999999999,1.945,0.973,2.918,2.918,177644,0.00125,14.45
2026-09-02 11:15,PEPE,kPEPE,0.0034315,2.914,1.457,1.457,1.457,931445,0.00125,15.41
2026-09-02 11:15,WIF,WIF,0.19538499999999998,1.535,0.768,2.815,3.839,56990,0.00125,14.04
2026-09-02 11:15,BONK,kBONK,0.002967,6.741,3.37,3.37,3.37,211043,0.00125,19.24
2026-09-02 11:15,TRUMP,TRUMP,2.2271,0.898,0.449,0.898,1.347,82571,0.000372,10.94
2026-09-02 11:20,BTC,BTC,76899.5,0.13,0.065,0.065,0.065,3416970,0.00125,12.63
2026-09-02 11:20,ETH,ETH,2393.25,0.418,0.209,0.209,0.209,6717532,0.00125,12.92
2026-09-02 11:20,SOL,SOL,99.1465,0.101,0.05,0.05,0.05,458575,1.9e-05,9.15
2026-09-02 11:20,XRP,XRP,1.33255,0.75,0.375,0.375,0.375,1674981,0.00125,13.25
2026-09-02 11:20,AVAX,AVAX,7.155200000000001,1.398,0.699,2.655,2.655,96961,-0.000258,10.4
2026-09-02 11:20,LINK,LINK,11.1335,0.898,0.449,1.347,1.347,413677,0.00125,13.4
2026-09-02 11:20,LTC,LTC,48.8585,0.205,0.102,0.716,1.126,49695,0.00125,12.7
2026-09-02 11:20,ADA,ADA,0.19532,1.024,0.512,1.024,1.024,135230,0.000921,12.6
2026-09-02 11:20,DOT,DOT,0.856025,2.453,1.227,1.343,1.694,19189,0.00125,14.95
2026-09-02 11:20,UNI,UNI,6.24865,0.8,0.4,0.4,0.72,46071,0.002676,17.29
2026-09-02 11:20,AAVE,AAVE,127.81,3.13,1.565,1.565,2.347,75387,0.00125,15.63
2026-09-02 11:20,ARB,ARB,0.117215,0.853,0.427,0.427,0.427,62262,0.00125,13.35
2026-09-02 11:20,POL,POL,0.0905765,0.994,0.497,0.607,0.607,41761,-0.005021,9.99
2026-09-02 11:20,RENDER,RENDER,1.4162,5.649,2.824,3.531,4.943,20315,0.00125,18.15
2026-09-02 11:20,DOGE,DOGE,0.0810985,0.123,0.062,0.062,0.062,127745,0.00125,12.62
2026-09-02 11:20,SHIB,kSHIB,0.0051445,1.944,2.916,2.916,4.86,157828,0.00125,18.33
2026-09-02 11:20,PEPE,kPEPE,0.0034375,2.909,1.455,1.455,1.455,990241,0.00125,15.41
2026-09-02 11:20,WIF,WIF,0.19555,2.046,1.023,2.046,2.557,55390,0.00125,14.55
2026-09-02 11:20,BONK,kBONK,0.0029695,3.368,1.684,1.684,1.684,211968,0.00125,15.87
2026-09-02 11:20,TRUMP,TRUMP,2.2316000000000003,3.585,1.792,1.792,1.792,108957,0.000885,15.06
2026-09-02 11:25,BTC,BTC,76788.5,0.13,0.065,0.716,0.716,1515871,0.00125,12.63
2026-09-02 11:25,ETH,ETH,2385.75,0.419,0.21,0.21,0.21,7018229,0.00125,12.92
2026-09-02 11:25,SOL,SOL,99.0085,0.101,0.051,0.051,0.051,424486,-0.000212,9.1
2026-09-02 11:25,XRP,XRP,1.33045,0.752,0.376,0.376,0.376,1654797,0.00125,13.25
2026-09-02 11:25,AVAX,AVAX,7.1415500000000005,2.66,1.33,1.47,1.47,41876,-0.000358,11.66
2026-09-02 11:25,LINK,LINK,11.1105,0.9,0.45,1.35,1.35,382226,0.00125,13.4
2026-09-02 11:25,LTC,LTC,48.7865,1.845,0.922,0.922,0.922,59698,0.00125,14.34
2026-09-02 11:25,ADA,ADA,0.19495,1.026,0.513,1.026,1.026,133615,0.000574,11.63
2026-09-02 11:25,DOT,DOT,0.854805,1.521,0.76,0.877,0.877,21144,0.00125,14.02
2026-09-02 11:25,UNI,UNI,6.23625,0.802,2.165,2.165,2.165,24353,0.002452,20.2
2026-09-02 11:25,AAVE,AAVE,127.185,2.359,1.179,1.966,3.538,100720,0.00125,14.86
2026-09-02 11:25,ARB,ARB,0.11634,1.719,0.86,0.86,0.86,51409,0.00125,14.22
2026-09-02 11:25,POL,POL,0.09044550000000001,1.658,0.829,3.925,4.478,6598,-0.004563,10.66
2026-09-02 11:25,RENDER,RENDER,1.41475,6.362,3.181,3.888,4.594,17664,0.00125,18.86
2026-09-02 11:25,DOGE,DOGE,0.0810555,0.123,0.062,0.062,0.062,79398,0.00125,12.62
2026-09-02 11:25,SHIB,kSHIB,0.005136,3.894,1.947,3.894,3.894,149225,0.00125,16.39
2026-09-02 11:25,PEPE,kPEPE,0.0034325,2.913,1.457,1.457,1.457,925919,0.00125,15.41
2026-09-02 11:25,WIF,WIF,0.195255,2.561,1.28,2.305,2.817,44070,0.00125,15.06
2026-09-02 11:25,BONK,kBONK,0.0029575,3.381,1.691,1.691,1.691,219238,0.00125,15.88
2026-09-02 11:25,TRUMP,TRUMP,2.2288,1.795,0.897,1.795,1.795,120767,0.00125,14.29
2026-09-02 11:30,BTC,BTC,76800.5,0.13,0.065,0.065,0.065,7605810,0.00125,12.63
2026-09-02 11:30,ETH,ETH,2381.05,0.42,0.21,0.21,0.21,9264083,0.00125,12.92
2026-09-02 11:30,SOL,SOL,99.0195,0.101,0.05,0.05,0.05,1247007,-0.000167,9.1
2026-09-02 11:30,XRP,XRP,1.32885,0.753,0.376,0.376,0.376,1780923,0.00125,13.25
2026-09-02 11:30,AVAX,AVAX,7.1312999999999995,2.244,1.122,1.122,1.122,61984,-0.000393,11.24
2026-09-02 11:30,LINK,LINK,11.0915,2.705,1.352,1.352,1.352,207355,0.00125,15.2
2026-09-02 11:30,LTC,LTC,48.777,2.05,1.025,1.845,2.87,59418,0.00125,14.55
2026-09-02 11:30,ADA,ADA,0.194955,0.513,0.256,3.334,3.334,127481,0.000459,10.8
2026-09-02 11:30,DOT,DOT,0.85439,1.639,0.819,0.936,0.936,22588,0.00125,14.14
2026-09-02 11:30,UNI,UNI,6.24305,0.16,0.08,0.08,2.002,18283,0.002537,16.26
2026-09-02 11:30,AAVE,AAVE,127.24000000000001,1.572,0.786,0.786,1.572,85438,0.00125,14.07
2026-09-02 11:30,ARB,ARB,0.11618999999999999,3.443,1.721,1.721,1.721,39127,0.00125,15.94
2026-09-02 11:30,POL,POL,0.090504,2.431,2.32,3.867,4.42,9621,-0.003747,13.64
2026-09-02 11:30,RENDER,RENDER,1.41595,6.356,3.178,3.178,5.297,12610,0.00125,18.86
2026-09-02 11:30,DOGE,DOGE,0.08094699999999999,2.471,1.235,1.235,1.359,157847,0.00125,14.97
2026-09-02 11:30,SHIB,kSHIB,0.005131,3.898,1.949,1.949,1.949,179013,0.00125,16.4
2026-09-02 11:30,PEPE,kPEPE,0.0034305,2.915,1.458,4.373,4.373,595030,0.00125,15.42
2026-09-02 11:30,WIF,WIF,0.195225,2.561,1.281,1.281,1.793,67594,0.00125,15.06
2026-09-02 11:30,BONK,kBONK,0.0029545,3.385,1.692,1.692,1.692,171995,0.00125,15.88
2026-09-02 11:30,TRUMP,TRUMP,2.2347,0.895,0.447,1.342,1.79,57206,0.00125,13.39
2026-09-02 11:35,BTC,BTC,76680.5,0.13,0.065,0.065,0.065,2406244,0.00125,12.63
2026-09-02 11:35,ETH,ETH,2375.05,0.421,0.211,0.211,0.211,7684192,0.00125,12.92
2026-09-02 11:35,SOL,SOL,98.88550000000001,0.101,0.051,0.051,0.051,400378,-0.000137,9.1
2026-09-02 11:35,XRP,XRP,1.32645,0.754,0.377,0.377,0.377,2142416,0.00125,13.25
2026-09-02 11:35,AVAX,AVAX,7.1152,1.124,0.562,0.703,0.703,59066,-0.000504,10.12
2026-09-02 11:35,LINK,LINK,11.055,1.809,0.905,0.905,1.809,415733,0.00125,14.31
2026-09-02 11:35,LTC,LTC,48.726,0.821,0.41,0.616,1.026,58171,0.00125,13.32
2026-09-02 11:35,ADA,ADA,0.19448500000000002,1.543,0.771,0.771,0.771,148575,0.000361,11.55
2026-09-02 11:35,DOT,DOT,0.8531899999999999,2.579,1.289,1.289,2.11,22609,0.00125,15.08
2026-09-02 11:35,UNI,UNI,6.20615,4.995,2.498,2.498,2.498,41801,0.002283,20.39
2026-09-02 11:35,AAVE,AAVE,127.03,1.574,0.787,0.787,0.787,149641,0.00125,14.07
2026-09-02 11:35,ARB,ARB,0.1158,3.454,1.727,2.591,2.591,42780,0.00125,15.95
2026-09-02 11:35,POL,POL,0.0904635,1.658,1.603,2.377,3.15,6790,-0.003271,12.21
2026-09-02 11:35,RENDER,RENDER,1.412,4.249,2.125,2.125,2.833,13017,0.00125,16.75
2026-09-02 11:35,DOGE,DOGE,0.0808705,0.124,0.062,0.185,0.556,152004,0.00125,12.62
2026-09-02 11:35,SHIB,kSHIB,0.005126,3.902,1.951,3.902,5.853,172719,0.00125,16.4
2026-09-02 11:35,PEPE,kPEPE,0.0034265,2.918,1.459,1.459,1.459,877830,0.00125,15.42
2026-09-02 11:35,WIF,WIF,0.19524999999999998,2.049,1.024,1.536,2.561,56235,0.00125,14.55
2026-09-02 11:35,BONK,kBONK,0.0029475,3.393,1.696,1.696,5.089,207684,0.00125,15.89
2026-09-02 11:35,TRUMP,TRUMP,2.2272499999999997,4.041,2.02,2.469,4.265,161669,0.00125,16.54
2026-09-02 11:40,BTC,BTC,76623.5,0.131,0.065,0.065,0.065,3854658,0.00125,12.63
2026-09-02 11:40,ETH,ETH,2372.6499999999996,0.421,0.211,0.211,0.211,4844903,0.00125,12.92
2026-09-02 11:40,SOL,SOL,98.6155,0.101,0.051,0.051,0.051,503607,-0.000229,9.1
2026-09-02 11:40,XRP,XRP,1.3234499999999998,0.756,0.378,0.378,0.378,2784134,0.00125,13.26
2026-09-02 11:40,AVAX,AVAX,7.10605,1.548,0.774,0.915,0.915,74185,-0.000572,10.55
2026-09-02 11:40,LINK,LINK,11.024999999999999,1.814,0.907,1.814,1.814,405378,0.00125,14.31
2026-09-02 11:40,LTC,LTC,48.663,0.411,0.205,0.411,0.411,61925,0.00125,12.91
2026-09-02 11:40,ADA,ADA,0.19376,2.064,1.032,1.548,1.548,141853,0.000242,11.74
2026-09-02 11:40,DOT,DOT,0.8480650000000001,3.42,1.71,2.417,2.417,28262,0.00125,15.92
2026-09-02 11:40,UNI,UNI,6.14085,1.14,0.896,0.896,2.85,64711,0.001866,16.01
2026-09-02 11:40,AAVE,AAVE,126.57,1.58,0.79,0.79,2.37,105324,0.00125,14.08
2026-09-02 11:40,ARB,ARB,0.115235,0.868,1.302,2.169,2.169,24994,0.00125,15.1
2026-09-02 11:40,POL,POL,0.09042800000000001,2.433,1.991,3.318,3.649,8208,-0.002784,12.98
2026-09-02 11:40,RENDER,RENDER,1.40585,4.979,2.49,3.201,4.624,11442,0.00125,17.48
2026-09-02 11:40,DOGE,DOGE,0.0807345,0.619,0.31,0.681,0.681,131174,0.00125,13.12
2026-09-02 11:40,SHIB,kSHIB,0.005108,3.915,1.958,1.958,1.958,157732,0.00125,16.42
2026-09-02 11:40,PEPE,kPEPE,0.0034135,2.93,1.465,1.465,1.465,879001,0.001181,15.24
2026-09-02 11:40,WIF,WIF,0.194515,2.57,1.285,2.313,3.342,69141,0.00125,15.07
2026-09-02 11:40,BONK,kBONK,0.002933,6.819,3.409,3.409,6.819,178178,0.00125,19.32
2026-09-02 11:40,TRUMP,TRUMP,2.2218,0.9,0.45,1.35,1.35,92804,0.00125,13.4
2026-09-02 11:45,BTC,BTC,76555.5,0.131,0.065,0.065,0.065,3243448,0.00125,12.63
2026-09-02 11:45,ETH,ETH,2369.8,0.844,0.422,0.422,0.422,8304338,0.00125,13.34
2026-09-02 11:45,SOL,SOL,98.3955,0.102,0.051,0.051,0.051,1313484,-0.000371,9.1
2026-09-02 11:45,XRP,XRP,1.3240500000000002,0.755,0.378,0.378,0.378,2060007,0.00125,13.26
2026-09-02 11:45,AVAX,AVAX,7.09035,2.116,1.058,1.058,1.199,37935,-0.000598,11.12
2026-09-02 11:45,LINK,LINK,11.036000000000001,1.812,0.906,0.906,0.906,534755,0.00125,14.31
2026-09-02 11:45,LTC,LTC,48.672,0.411,0.205,0.822,0.822,56644,0.00125,12.91
2026-09-02 11:45,ADA,ADA,0.193605,3.616,1.808,1.808,1.808,138707,0.000214,13.22
2026-09-02 11:45,DOT,DOT,0.849005,2.945,1.472,1.59,2.886,26670,0.00125,15.44
2026-09-02 11:45,UNI,UNI,6.12715,0.163,1.55,1.714,1.877,32851,0.001762,17.03
2026-09-02 11:45,AAVE,AAVE,126.53999999999999,3.161,1.581,3.161,3.951,74411,0.00125,15.66
2026-09-02 11:45,ARB,ARB,0.11493,3.48,1.74,1.74,1.74,69285,0.00125,15.98
2026-09-02 11:45,POL,POL,0.090459,2.211,1.105,1.216,2.653,5414,-0.002603,11.21
2026-09-02 11:45,RENDER,RENDER,1.4051,7.117,3.558,4.27,4.982,13892,0.00125,19.62
2026-09-02 11:45,DOGE,DOGE,0.0806105,0.62,0.31,0.31,0.31,172910,0.00125,13.12
2026-09-02 11:45,SHIB,kSHIB,0.005105500000000001,1.959,2.938,2.938,2.938,162623,0.00125,18.38
2026-09-02 11:45,PEPE,kPEPE,0.0034135,2.93,1.465,1.465,1.465,884869,0.000975,14.66
2026-09-02 11:45,WIF,WIF,0.19446,2.057,1.028,2.057,2.571,27443,0.00125,14.56
2026-09-02 11:45,BONK,kBONK,0.002928,6.831,3.415,3.415,3.415,222458,0.00125,19.33
2026-09-02 11:45,TRUMP,TRUMP,2.20485,0.454,0.227,0.227,0.227,76404,0.00125,12.95
2026-09-02 11:50,BTC,BTC,76689.5,0.13,0.065,0.065,0.065,5650520,0.00125,12.63
2026-09-02 11:50,ETH,ETH,2374.75,0.421,0.211,0.211,0.211,6642106,0.00125,12.92
2026-09-02 11:50,SOL,SOL,98.69149999999999,0.101,0.051,0.051,0.051,594030,-0.000392,9.1
2026-09-02 11:50,XRP,XRP,1.3270499999999998,0.754,0.377,0.377,0.377,2187508,0.00125,13.25
2026-09-02 11:50,AVAX,AVAX,7.1036,0.282,0.141,0.141,0.845,52368,-0.000934,9.28
2026-09-02 11:50,LINK,LINK,11.0505,0.905,0.452,1.357,1.357,391187,0.00125,13.4
2026-09-02 11:50,LTC,LTC,48.8,1.23,0.615,1.23,1.639,58394,0.00125,13.73
2026-09-02 11:50,ADA,ADA,0.19404500000000002,1.546,0.773,0.773,0.773,146725,0.000211,11.14
2026-09-02 11:50,DOT,DOT,0.851225,1.527,0.764,0.881,1.116,20154,0.00125,14.03
2026-09-02 11:50,UNI,UNI,6.15945,1.136,0.568,0.568,0.568,25256,0.001762,15.07
2026-09-02 11:50,AAVE,AAVE,126.71000000000001,4.735,2.368,2.368,2.368,170567,0.00125,17.24
2026-09-02 11:50,ARB,ARB,0.11492,1.74,0.87,0.87,0.87,59067,0.00125,14.24
2026-09-02 11:50,POL,POL,0.09094350000000001,2.089,1.814,3.574,4.123,5670,-0.002321,12.63
2026-09-02 11:50,RENDER,RENDER,1.4090500000000001,6.387,3.194,4.613,5.323,14237,0.00125,18.89
2026-09-02 11:50,DOGE,DOGE,0.080871,0.247,0.124,0.371,0.618,177224,0.00125,12.75
2026-09-02 11:50,SHIB,kSHIB,0.0051235,1.952,2.928,2.928,2.928,169784,0.00125,18.36
2026-09-02 11:50,PEPE,kPEPE,0.0034225,2.922,1.461,1.461,1.461,889553,0.00087,14.36
2026-09-02 11:50,WIF,WIF,0.19528,2.048,1.024,1.536,2.56,54821,0.00125,14.55
2026-09-02 11:50,BONK,kBONK,0.0029345,3.408,1.704,1.704,1.704,223956,0.00125,15.91
2026-09-02 11:50,TRUMP,TRUMP,2.2158499999999997,2.256,1.128,1.58,1.58,45410,0.00125,14.76
2026-09-02 11:55,BTC,BTC,76673.5,0.13,0.065,0.065,0.065,2545929,0.00125,12.63
2026-09-02 11:55,ETH,ETH,2374.25,0.421,0.211,0.211,0.211,7190835,0.00125,12.92
2026-09-02 11:55,SOL,SOL,98.6105,0.101,0.051,0.051,0.051,488274,-0.000458,9.1
2026-09-02 11:55,XRP,XRP,1.32605,0.754,0.377,0.377,0.377,2055597,0.00125,13.25
2026-09-02 11:55,AVAX,AVAX,7.09935,0.141,0.07,0.07,0.07,41120,-0.001302,9.14
2026-09-02 11:55,LINK,LINK,11.060500000000001,0.904,0.452,0.452,0.452,515750,0.00125,13.4
2026-09-02 11:55,LTC,LTC,48.791,0.82,0.41,0.82,1.435,43027,0.00125,13.32
2026-09-02 11:55,ADA,ADA,0.19400499999999998,0.515,1.804,1.804,1.804,186006,0.000219,13.22
2026-09-02 11:55,DOT,DOT,0.849445,2.472,1.236,1.354,1.942,28438,0.00125,14.97
2026-09-02 11:55,UNI,UNI,6.11375,0.164,0.082,0.082,0.572,31585,0.001628,13.72
2026-09-02 11:55,AAVE,AAVE,126.61500000000001,0.79,0.395,0.395,0.395,125565,0.00125,13.29
2026-09-02 11:55,ARB,ARB,0.11518,3.473,2.605,2.605,3.473,50507,0.00125,17.71
2026-09-02 11:55,POL,POL,0.09106349999999999,1.647,0.824,1.812,2.361,6521,-0.002142,10.65
2026-09-02 11:55,RENDER,RENDER,1.40705,3.554,1.777,2.487,2.487,13745,0.00125,16.05
2026-09-02 11:55,DOGE,DOGE,0.0808605,0.124,0.062,0.062,0.062,172437,0.00125,12.62
2026-09-02 11:55,SHIB,kSHIB,0.0051210000000000006,3.905,1.953,1.953,1.953,173323,0.00125,16.41
2026-09-02 11:55,PEPE,kPEPE,0.003421,5.846,2.923,2.923,2.923,902370,0.000775,17.02
2026-09-02 11:55,WIF,WIF,0.195185,1.537,0.769,1.793,1.793,54390,0.00125,14.04
2026-09-02 11:55,BONK,kBONK,0.0029295,3.414,1.707,1.707,5.12,183736,0.00125,15.91
2026-09-02 11:55,TRUMP,TRUMP,2.21005,1.357,0.679,0.679,0.679,51738,0.00121,13.75
2026-09-02 12:00,BTC,BTC,76708.5,0.13,0.065,0.065,0.065,5260012,0.00125,12.63
2026-09-02 12:00,ETH,ETH,2374.6499999999996,0.421,0.211,0.211,0.211,9555490,0.00125,12.92
2026-09-02 12:00,SOL,SOL,98.5605,0.101,0.051,0.051,0.051,1459129,-0.001348,9.1
2026-09-02 12:00,XRP,XRP,1.32645,0.754,0.377,0.377,0.377,2004564,-0.000245,9.75
2026-09-02 12:00,AVAX,AVAX,7.10145,0.141,0.07,0.07,0.07,66398,-0.005132,9.14
2026-09-02 12:00,LINK,LINK,11.062999999999999,1.808,0.904,0.904,0.904,375612,0.00125,14.31
2026-09-02 12:00,LTC,LTC,48.802499999999995,0.205,0.102,0.102,0.102,83932,0.00125,12.7
2026-09-02 12:00,ADA,ADA,0.19408999999999998,1.03,0.515,0.515,0.515,114077,0.000556,11.59
2026-09-02 12:00,DOT,DOT,0.849985,0.118,0.059,0.059,0.059,35667,0.000188,9.64
2026-09-02 12:00,UNI,UNI,6.10565,0.164,0.082,0.082,0.573,38576,0.00759,30.42
2026-09-02 12:00,AAVE,AAVE,126.39,1.582,0.791,0.791,0.791,92639,0.00125,14.08
2026-09-02 12:00,ARB,ARB,0.114235,6.128,3.064,3.064,3.939,74476,0.00125,18.63
2026-09-02 12:00,POL,POL,0.0910525,0.11,0.055,0.055,0.055,5187,-0.002921,9.11
2026-09-02 12:00,RENDER,RENDER,1.4059,4.268,4.979,4.979,7.113,11899,0.00125,22.46
2026-09-02 12:00,DOGE,DOGE,0.0808475,0.124,0.062,0.062,0.186,174128,0.00121,12.51
2026-09-02 12:00,SHIB,kSHIB,0.0051164999999999995,1.954,0.977,0.977,0.977,150569,0.00125,14.45
2026-09-02 12:00,PEPE,kPEPE,0.0034155,2.928,1.464,1.464,1.464,730639,0.001224,15.36
2026-09-02 12:00,WIF,WIF,0.194765,2.567,1.284,1.797,1.797,52150,0.00125,15.07
2026-09-02 12:00,BONK,kBONK,0.0029275,3.416,1.708,1.708,1.708,241786,0.00125,15.92
2026-09-02 12:00,TRUMP,TRUMP,2.21195,0.452,2.939,4.747,5.199,62879,-0.002851,14.88
2026-09-02 12:05,BTC,BTC,76622.5,0.131,0.065,0.065,0.065,3032498,0.00125,12.63
2026-09-02 12:05,ETH,ETH,2371.95,0.422,0.211,0.211,0.211,8985731,0.00125,12.92
2026-09-02 12:05,SOL,SOL,98.3495,0.102,0.051,0.051,0.051,884839,-0.000412,9.1
2026-09-02 12:05,XRP,XRP,1.32335,0.756,0.378,0.378,0.378,1919790,0.000303,10.6
2026-09-02 12:05,AVAX,AVAX,7.09005,0.141,0.071,0.071,0.071,51630,-0.005097,9.14
2026-09-02 12:05,LINK,LINK,11.035499999999999,0.906,0.453,0.453,0.453,431228,0.00125,13.41
2026-09-02 12:05,LTC,LTC,48.692499999999995,0.205,0.103,0.103,0.103,83669,0.00125,12.71
2026-09-02 12:05,ADA,ADA,0.193475,1.551,0.775,0.775,0.775,180425,0.000305,11.4
2026-09-02 12:05,DOT,DOT,0.8478749999999999,1.769,0.885,1.003,1.238,28208,0.00125,14.27
2026-09-02 12:05,UNI,UNI,6.075699999999999,0.329,0.165,0.329,0.329,29740,0.00125,12.83
2026-09-02 12:05,AAVE,AAVE,125.905,0.794,0.397,0.397,0.397,92987,0.00125,13.29
2026-09-02 12:05,ARB,ARB,0.112625,2.664,1.332,1.332,3.108,72023,0.00125,15.16
2026-09-02 12:05,POL,POL,0.0904885,0.553,0.276,0.276,3.15,4976,-0.003559,9.55
2026-09-02 12:05,RENDER,RENDER,1.40015,0.714,0.357,0.357,0.357,12121,0.00125,13.21
2026-09-02 12:05,DOGE,DOGE,0.0806695,0.124,0.062,0.186,0.31,111826,0.00125,12.62
2026-09-02 12:05,SHIB,kSHIB,0.0050995,1.961,0.98,2.941,2.941,165453,0.00125,14.46
2026-09-02 12:05,PEPE,kPEPE,0.0034055,2.936,1.468,1.468,1.468,888395,0.00011,12.25
2026-09-02 12:05,WIF,WIF,0.193555,3.617,1.808,2.325,2.325,61766,0.00125,16.12
2026-09-02 12:05,BONK,kBONK,0.002911,6.87,3.435,3.435,3.435,179440,0.00125,19.37
2026-09-02 12:05,TRUMP,TRUMP,2.21095,1.357,0.678,1.131,1.131,46202,-0.00139,10.36
2026-09-02 12:10,BTC,BTC,76562.5,0.131,0.065,0.065,0.065,2047698,0.00125,12.63
2026-09-02 12:10,ETH,ETH,2370.3500000000004,0.422,0.211,1.055,1.898,4417177,0.00125,12.92
2026-09-02 12:10,SOL,SOL,98.3815,0.102,0.051,0.051,0.051,490829,-0.000133,9.1
2026-09-02 12:10,XRP,XRP,1.3213499999999998,0.757,0.378,0.378,1.135,1811813,0.000658,11.6
2026-09-02 12:10,AVAX,AVAX,7.09105,0.141,0.071,1.763,1.904,35799,-0.004663,9.14
2026-09-02 12:10,LINK,LINK,11.0275,0.907,0.453,0.453,0.453,389071,0.00125,13.41
2026-09-02 12:10,LTC,LTC,48.6905,0.205,0.103,0.308,1.13,82792,0.00125,12.71
2026-09-02 12:10,ADA,ADA,0.193305,0.517,0.259,0.259,0.259,227706,0.00034,10.47
2026-09-02 12:10,DOT,DOT,0.846365,0.118,0.059,0.177,0.768,25542,0.00125,12.62
2026-09-02 12:10,UNI,UNI,6.0722000000000005,0.988,0.494,0.659,0.659,27029,0.00125,13.49
2026-09-02 12:10,AAVE,AAVE,126.125,0.793,0.396,1.189,1.982,143246,0.00125,13.29
2026-09-02 12:10,ARB,ARB,0.11277000000000001,3.547,1.774,2.66,2.66,62038,0.00125,16.05
2026-09-02 12:10,POL,POL,0.0905965,2.759,2.042,2.152,5.353,4057,-0.00278,13.08
2026-09-02 12:10,RENDER,RENDER,1.3987,2.86,1.43,2.145,2.145,11552,0.00125,15.36
2026-09-02 12:10,DOGE,DOGE,0.0806435,0.124,0.062,0.186,0.31,183140,0.00125,12.62
2026-09-02 12:10,SHIB,kSHIB,0.005095499999999999,1.963,0.981,2.944,4.906,174439,0.00125,14.46
2026-09-02 12:10,PEPE,kPEPE,0.0034005,2.941,1.47,1.47,1.47,974908,-0.001084,11.94
2026-09-02 12:10,WIF,WIF,0.193645,3.615,1.807,1.807,2.324,54974,0.00125,16.11
2026-09-02 12:10,BONK,kBONK,0.0029035,3.444,1.722,1.722,1.722,180950,0.00125,15.94
2026-09-02 12:10,TRUMP,TRUMP,2.21055,0.452,0.226,0.226,0.226,46916,-0.00143,9.45
2026-09-02 12:15,BTC,BTC,76617.5,0.131,0.065,0.065,0.065,3420901,0.00125,12.63
2026-09-02 12:15,ETH,ETH,2372.8500000000004,0.421,0.211,0.211,0.211,8580090,0.00125,12.92
2026-09-02 12:15,SOL,SOL,98.47749999999999,0.102,0.051,0.051,0.051,456641,9.3e-05,9.36
2026-09-02 12:15,XRP,XRP,1.32225,0.756,0.378,0.378,0.378,1949100,0.000775,11.93
2026-09-02 12:15,AVAX,AVAX,7.1011500000000005,1.267,0.634,0.775,0.775,60144,-0.004614,10.27
2026-09-02 12:15,LINK,LINK,11.0275,0.907,0.453,0.453,1.36,407403,0.00125,13.41
2026-09-02 12:15,LTC,LTC,48.754999999999995,0.82,0.41,0.615,0.615,48378,0.00125,13.32
2026-09-02 12:15,ADA,ADA,0.1935,1.034,0.517,1.55,1.55,186428,0.000685,11.95
2026-09-02 12:15,DOT,DOT,0.84382,2.37,1.185,1.304,1.304,23901,0.00125,14.87
2026-09-02 12:15,UNI,UNI,6.0108999999999995,0.998,0.499,0.499,2.163,40968,0.00125,13.5
2026-09-02 12:15,AAVE,AAVE,126.945,0.788,0.394,1.969,1.969,178260,0.00125,13.29
2026-09-02 12:15,ARB,ARB,0.112375,2.67,1.335,1.335,1.335,86339,0.00125,15.17
2026-09-02 12:15,POL,POL,0.0910285,2.307,1.373,1.922,4.339,6621,-0.002637,11.75
2026-09-02 12:15,RENDER,RENDER,1.3989500000000001,0.715,1.072,1.787,3.932,9481,0.00125,14.64
2026-09-02 12:15,DOGE,DOGE,0.0807385,0.124,0.433,0.433,0.433,79666,0.00125,13.37
2026-09-02 12:15,SHIB,kSHIB,0.005102,3.92,1.96,1.96,3.92,184317,0.00125,16.42
2026-09-02 12:15,PEPE,kPEPE,0.003406,5.872,2.936,2.936,2.936,788956,-0.001048,14.87
2026-09-02 12:15,WIF,WIF,0.19372,1.032,0.516,1.032,1.549,37723,0.00125,13.53
2026-09-02 12:15,BONK,kBONK,0.0029100000000000003,6.873,3.436,3.436,3.436,204527,0.00125,19.37
2026-09-02 12:15,TRUMP,TRUMP,2.2168,0.902,0.451,0.451,0.451,50365,-0.001224,9.9
2026-09-02 12:20,BTC,BTC,76687.5,0.13,0.065,0.065,0.065,2814469,0.00125,12.63
2026-09-02 12:20,ETH,ETH,2375.3500000000004,0.421,0.21,0.21,0.21,5979703,0.00125,12.92
2026-09-02 12:20,SOL,SOL,98.4505,0.102,1.067,1.067,1.067,431146,0.000141,11.53
2026-09-02 12:20,XRP,XRP,1.32225,0.756,0.378,0.378,0.378,2766295,0.000945,12.4
2026-09-02 12:20,AVAX,AVAX,7.107200000000001,0.844,0.422,0.563,0.563,56753,-0.004632,9.84
2026-09-02 12:20,LINK,LINK,11.037500000000001,0.906,0.453,0.453,0.453,489243,0.00125,13.41
2026-09-02 12:20,LTC,LTC,48.802,0.41,0.205,0.615,0.82,69552,0.00125,12.91
2026-09-02 12:20,ADA,ADA,0.19371500000000003,1.549,0.774,0.774,0.774,199906,0.001147,13.76
2026-09-02 12:20,DOT,DOT,0.845395,2.011,1.005,1.715,2.661,29845,0.00125,14.51
2026-09-02 12:20,UNI,UNI,6.0077,0.999,0.499,0.499,0.499,38089,0.00125,13.5
2026-09-02 12:20,AAVE,AAVE,126.77000000000001,1.578,1.578,1.578,1.578,169074,0.00125,15.66
2026-09-02 12:20,ARB,ARB,0.11219499999999999,0.891,0.446,0.446,0.446,58034,0.00125,13.39
2026-09-02 12:20,POL,POL,0.0910715,1.867,0.933,1.043,2.141,10934,-0.002556,10.87
2026-09-02 12:20,RENDER,RENDER,1.3999,1.429,6.429,7.143,8.572,11094,0.00125,25.36
2026-09-02 12:20,DOGE,DOGE,0.0808005,0.124,0.062,0.062,0.062,167550,0.00125,12.62
2026-09-02 12:20,SHIB,kSHIB,0.0051035,1.959,2.939,2.939,4.899,143365,0.00125,18.38
2026-09-02 12:20,PEPE,kPEPE,0.0034085,2.934,1.467,1.467,1.467,1052613,-0.000598,11.93
2026-09-02 12:20,WIF,WIF,0.193695,1.549,0.774,1.807,2.323,44701,0.00125,14.05
2026-09-02 12:20,BONK,kBONK,0.0029165,3.429,1.714,1.714,1.714,210145,0.00125,15.93
2026-09-02 12:20,TRUMP,TRUMP,2.215,0.903,0.451,1.806,2.257,91356,-0.001211,9.9
2026-09-02 12:25,BTC,BTC,76646.5,0.13,0.065,0.065,0.065,6293127,0.00125,12.63
2026-09-02 12:25,ETH,ETH,2372.3500000000004,0.422,0.211,0.211,0.211,8149851,0.00125,12.92
2026-09-02 12:25,SOL,SOL,98.3005,0.102,0.051,0.051,0.051,880018,7.6e-05,9.32
2026-09-02 12:25,XRP,XRP,1.31975,0.758,0.379,0.379,0.379,2783879,0.001028,12.64
2026-09-02 12:25,AVAX,AVAX,7.0943000000000005,0.564,0.282,0.282,0.282,63606,-0.004848,9.56
2026-09-02 12:25,LINK,LINK,11.0085,0.908,0.454,0.454,0.454,456406,0.00125,13.41
2026-09-02 12:25,LTC,LTC,48.709500000000006,0.205,0.103,0.308,1.129,61451,0.00125,12.71
2026-09-02 12:25,ADA,ADA,0.193585,0.517,0.258,0.258,0.258,193223,0.001207,12.9
2026-09-02 12:25,DOT,DOT,0.8448100000000001,1.894,0.947,0.947,1.065,30959,0.00125,14.39
2026-09-02 12:25,UNI,UNI,5.9836,1.003,0.501,0.501,0.501,42432,0.00125,13.5
2026-09-02 12:25,AAVE,AAVE,126.71000000000001,1.578,0.789,0.789,0.789,176444,0.00125,14.08
2026-09-02 12:25,ARB,ARB,0.111185,0.899,0.45,0.45,2.249,77870,0.00125,13.4
2026-09-02 12:25,POL,POL,0.0910345,2.966,1.483,1.593,3.131,5016,-0.002722,11.97
2026-09-02 12:25,RENDER,RENDER,1.3989,4.289,2.145,2.859,4.289,12804,0.00125,16.79
2026-09-02 12:25,DOGE,DOGE,0.08073,0.743,0.372,0.372,0.372,242617,0.00125,13.24
2026-09-02 12:25,SHIB,kSHIB,0.005093,3.927,1.963,1.963,1.963,165998,0.00125,16.43
2026-09-02 12:25,PEPE,kPEPE,0.0034045,2.937,1.469,1.469,1.469,1049682,-0.000264,11.94
2026-09-02 12:25,WIF,WIF,0.193565,2.583,1.292,1.292,1.292,55453,0.00125,15.08
2026-09-02 12:25,BONK,kBONK,0.0029145,3.431,1.716,1.716,1.716,208122,0.00125,15.93
2026-09-02 12:25,TRUMP,TRUMP,2.21485,1.354,0.677,0.677,0.677,91883,-0.001443,10.35
2026-09-02 12:30,BTC,BTC,76574.5,0.131,0.065,0.065,0.065,10932767,0.00125,12.63
2026-09-02 12:30,ETH,ETH,2368.95,0.422,0.211,0.211,0.211,9228832,0.00125,12.92
2026-09-02 12:30,SOL,SOL,98.2085,0.102,0.051,0.051,0.051,910483,0.000162,9.56
2026-09-02 12:30,XRP,XRP,1.31765,0.759,0.379,0.379,0.379,1733674,0.001006,12.58
2026-09-02 12:30,AVAX,AVAX,7.09445,1.832,0.916,1.057,1.057,60002,-0.004856,10.83
2026-09-02 12:30,LINK,LINK,11.002500000000001,0.909,0.454,0.454,0.454,258846,0.00125,13.41
2026-09-02 12:30,LTC,LTC,48.679500000000004,0.205,0.103,0.103,0.103,67839,0.00125,12.71
2026-09-02 12:30,ADA,ADA,0.193355,0.517,0.259,0.259,0.259,211520,0.00125,13.02
2026-09-02 12:30,DOT,DOT,0.843815,1.304,0.652,0.77,0.77,27756,0.00125,13.8
2026-09-02 12:30,UNI,UNI,5.94605,2.186,1.093,1.093,1.093,43717,0.00125,14.69
2026-09-02 12:30,AAVE,AAVE,126.045,2.38,1.19,1.19,1.19,150712,0.00125,14.88
2026-09-02 12:30,ARB,ARB,0.1111,3.6,1.8,1.8,3.6,109345,0.00125,16.1
2026-09-02 12:30,POL,POL,0.0909065,2.75,1.375,1.375,3.025,8560,-0.002665,11.75
2026-09-02 12:30,RENDER,RENDER,1.3966500000000002,5.012,2.506,2.506,4.654,15740,0.00125,17.51
2026-09-02 12:30,DOGE,DOGE,0.0807365,0.124,0.062,0.062,0.062,137947,0.00125,12.62
2026-09-02 12:30,SHIB,kSHIB,0.005095499999999999,1.963,0.981,2.944,4.906,157377,0.00125,14.46
2026-09-02 12:30,PEPE,kPEPE,0.0034045,2.937,1.469,1.469,1.469,942616,7e-05,12.13
2026-09-02 12:30,WIF,WIF,0.19351000000000002,1.034,1.034,2.067,3.101,46991,0.00125,14.57
2026-09-02 12:30,BONK,kBONK,0.0029125,3.433,1.717,1.717,5.15,216292,0.00125,15.93
2026-09-02 12:30,TRUMP,TRUMP,2.21285,0.452,0.226,0.226,0.226,48385,-0.001427,9.45
2026-09-02 12:35,BTC,BTC,76541.5,0.131,0.065,0.065,0.065,2001070,0.00125,12.63
2026-09-02 12:35,ETH,ETH,2366.55,0.423,0.211,0.211,0.211,9668803,0.00125,12.92
2026-09-02 12:35,SOL,SOL,98.26050000000001,0.102,0.051,0.051,0.051,1190189,0.000271,9.86
2026-09-02 12:35,XRP,XRP,1.3179500000000002,0.759,0.379,0.379,0.379,1298109,0.001,12.56
2026-09-02 12:35,AVAX,AVAX,7.09065,0.987,0.494,0.635,0.635,57801,-0.004835,9.99
2026-09-02 12:35,LINK,LINK,11.0125,0.908,0.454,0.454,1.362,227364,0.00125,13.41
2026-09-02 12:35,LTC,LTC,48.698499999999996,0.205,0.103,0.308,0.513,60165,0.00125,12.71
2026-09-02 12:35,ADA,ADA,0.193405,1.551,0.776,0.776,0.776,218120,0.00125,14.05
2026-09-02 12:35,DOT,DOT,0.8449,1.42,0.71,0.829,0.829,34570,0.00125,13.92
2026-09-02 12:35,UNI,UNI,5.9661,1.676,0.838,0.838,0.838,41970,0.00125,14.18
2026-09-02 12:35,AAVE,AAVE,126.565,2.37,1.185,1.185,2.765,121094,0.00125,14.87
2026-09-02 12:35,ARB,ARB,0.11132500000000001,0.898,5.839,6.737,7.635,98505,0.00125,24.18
2026-09-02 12:35,POL,POL,0.0910405,1.648,1.153,2.471,3.79,6942,-0.002437,11.31
2026-09-02 12:35,RENDER,RENDER,1.3976,4.293,2.147,2.862,4.293,13453,0.00125,16.79
2026-09-02 12:35,DOGE,DOGE,0.0807785,0.124,0.062,0.186,0.186,103197,0.00125,12.62
2026-09-02 12:35,SHIB,kSHIB,0.0050995,1.961,0.98,2.941,2.941,163768,0.00125,14.46
2026-09-02 12:35,PEPE,kPEPE,0.0034055,2.936,1.468,1.468,1.468,1017552,0.00031,12.8
2026-09-02 12:35,WIF,WIF,0.19377,4.129,2.064,5.161,5.677,66839,0.00125,16.63
2026-09-02 12:35,BONK,kBONK,0.0029235,3.421,1.71,1.71,5.131,189708,0.00125,15.92
2026-09-02 12:35,TRUMP,TRUMP,2.2243000000000004,2.697,1.349,1.349,1.349,110761,-0.001171,11.7
2026-09-02 12:40,BTC,BTC,76494.5,0.131,0.065,0.065,0.065,2972595,0.00125,12.63
2026-09-02 12:40,ETH,ETH,2363.6499999999996,0.423,0.212,0.212,0.212,6258034,0.00125,12.92
2026-09-02 12:40,SOL,SOL,97.9865,0.102,0.051,0.051,0.051,682317,0.000236,9.76
2026-09-02 12:40,XRP,XRP,1.3169499999999998,0.759,0.38,0.38,0.38,1919127,0.00091,12.31
2026-09-02 12:40,AVAX,AVAX,7.077,0.848,0.424,0.565,0.565,42810,-0.004801,9.85
2026-09-02 12:40,LINK,LINK,10.9845,0.91,0.455,1.366,1.366,398385,0.00125,13.41
2026-09-02 12:40,LTC,LTC,48.6245,0.617,0.308,0.514,0.514,51299,0.00125,13.12
2026-09-02 12:40,ADA,ADA,0.192975,1.555,0.777,0.777,0.777,185822,0.00125,14.05
2026-09-02 12:40,DOT,DOT,0.84361,1.66,0.83,0.83,0.83,28453,0.00125,14.16
2026-09-02 12:40,UNI,UNI,5.97655,2.51,1.255,1.757,1.757,30843,0.00125,15.01
2026-09-02 12:40,AAVE,AAVE,126.325,2.375,1.187,1.187,1.979,106926,0.00125,14.87
2026-09-02 12:40,ARB,ARB,0.11127999999999999,1.797,0.899,0.899,0.899,126460,0.00125,14.3
2026-09-02 12:40,POL,POL,0.09105450000000001,0.988,0.494,2.142,3.35,9614,-0.002373,9.99
2026-09-02 12:40,RENDER,RENDER,1.3951,2.867,1.434,2.15,4.301,15392,0.00125,15.37
2026-09-02 12:40,DOGE,DOGE,0.0807025,0.124,0.062,0.062,0.062,151951,0.00125,12.62
2026-09-02 12:40,SHIB,kSHIB,0.0050904999999999995,1.964,0.982,2.947,2.947,150866,0.00125,14.46
2026-09-02 12:40,PEPE,kPEPE,0.0033994999999999997,2.942,1.471,1.471,4.412,946442,0.000476,13.27
2026-09-02 12:40,WIF,WIF,0.19328499999999998,3.622,1.811,2.328,2.846,47429,0.00125,16.12
2026-09-02 12:40,BONK,kBONK,0.0029175,3.428,1.714,5.141,5.141,246196,0.00125,15.93
2026-09-02 12:40,TRUMP,TRUMP,2.21945,0.451,0.225,0.225,0.225,112662,-0.000861,9.45
2026-09-02 12:45,BTC,BTC,76572.5,0.131,0.065,0.065,0.065,3724047,0.00125,12.63
2026-09-02 12:45,ETH,ETH,2365.05,0.423,0.211,0.211,0.211,7312655,0.00125,12.92
2026-09-02 12:45,SOL,SOL,97.9845,0.102,0.051,0.051,0.051,722248,6.5e-05,9.29
2026-09-02 12:45,XRP,XRP,1.3177500000000002,0.759,0.379,0.379,0.379,2185603,0.000854,12.15
2026-09-02 12:45,AVAX,AVAX,7.07705,0.141,0.071,0.071,0.071,45149,-0.004752,9.14
2026-09-02 12:45,LINK,LINK,10.9895,0.91,0.455,0.455,0.455,301971,0.00125,13.41
2026-09-02 12:45,LTC,LTC,48.6155,0.617,0.309,0.514,0.926,50667,0.00125,13.12
2026-09-02 12:45,ADA,ADA,0.19281500000000001,0.519,0.259,0.259,0.259,183036,0.00125,13.02
2026-09-02 12:45,DOT,DOT,0.843545,1.778,0.889,1.008,1.719,23398,0.00125,14.28
2026-09-02 12:45,UNI,UNI,5.96655,0.168,0.084,0.084,0.084,46018,0.00125,12.67
2026-09-02 12:45,AAVE,AAVE,126.56,1.58,1.58,1.58,2.37,131277,0.00125,15.66
2026-09-02 12:45,ARB,ARB,0.11115,3.599,1.799,1.799,1.799,54961,0.00125,16.1
2026-09-02 12:45,POL,POL,0.091028,2.417,1.208,2.417,3.625,12698,-0.002073,11.42
2026-09-02 12:45,RENDER,RENDER,1.3968,1.432,0.716,1.432,2.864,13735,0.00125,13.93
2026-09-02 12:45,DOGE,DOGE,0.080704,0.496,0.248,0.372,0.496,139205,0.00125,13.0
2026-09-02 12:45,SHIB,kSHIB,0.005096,3.925,1.962,1.962,1.962,160099,0.00125,16.42
2026-09-02 12:45,PEPE,kPEPE,0.0034045,2.937,1.469,1.469,1.469,981106,0.000525,13.41
2026-09-02 12:45,WIF,WIF,0.19332500000000002,1.552,0.776,1.293,1.81,56580,0.00125,14.05
2026-09-02 12:45,BONK,kBONK,0.0029165,3.429,1.714,1.714,1.714,282198,0.00125,15.93
2026-09-02 12:45,TRUMP,TRUMP,2.2144500000000003,1.355,0.677,1.581,1.581,177777,-0.000649,10.35
2026-09-02 12:50,BTC,BTC,76369.5,0.131,0.065,0.065,0.065,1720325,0.00125,12.63
2026-09-02 12:50,ETH,ETH,2359.55,0.424,0.212,0.212,0.212,6658874,0.00125,12.92
2026-09-02 12:50,SOL,SOL,97.62899999999999,0.41,0.205,0.205,0.205,152787,-0.000113,9.41
2026-09-02 12:50,XRP,XRP,1.3127,1.524,0.762,0.762,0.762,1893490,0.000749,12.62
2026-09-02 12:50,AVAX,AVAX,7.0458,1.987,0.993,0.993,0.993,59572,-0.004697,10.99
2026-09-02 12:50,LINK,LINK,10.9255,0.915,0.458,1.373,1.373,381783,0.00125,13.42
2026-09-02 12:50,LTC,LTC,48.534499999999994,1.442,0.721,2.988,2.988,73219,0.00125,13.94
2026-09-02 12:50,ADA,ADA,0.19224000000000002,1.04,0.52,1.04,1.561,179463,0.00125,13.54
2026-09-02 12:50,DOT,DOT,0.83975,2.62,1.31,1.31,1.31,35070,0.00125,15.12
2026-09-02 12:50,UNI,UNI,5.953250000000001,1.848,0.924,0.924,2.268,38216,0.00125,14.35
2026-09-02 12:50,AAVE,AAVE,125.875,0.794,0.397,0.397,0.397,82148,0.00125,13.29
2026-09-02 12:50,ARB,ARB,0.1101,1.817,4.541,5.45,5.45,111964,0.00125,21.58
2026-09-02 12:50,POL,POL,0.090592,2.208,1.435,2.318,3.422,7128,-0.001757,11.87
2026-09-02 12:50,RENDER,RENDER,1.3895,5.757,2.879,3.598,5.757,21113,0.00125,18.26
2026-09-02 12:50,DOGE,DOGE,0.08029549999999999,0.374,1.183,1.308,1.432,60579,0.00125,14.87
2026-09-02 12:50,SHIB,kSHIB,0.005065,3.949,1.974,5.923,5.923,140749,0.00125,16.45
2026-09-02 12:50,PEPE,kPEPE,0.003385,5.908,2.954,2.954,2.954,805760,0.000455,16.18
2026-09-02 12:50,WIF,WIF,0.19226500000000002,3.641,1.82,3.381,3.381,80901,0.00125,16.14
2026-09-02 12:50,BONK,kBONK,0.0029094999999999998,3.437,1.719,5.156,5.156,179465,0.00125,15.94
2026-09-02 12:50,TRUMP,TRUMP,2.1858000000000004,0.915,0.457,0.457,0.915,140905,-0.000841,9.91
2026-09-02 12:55,BTC,BTC,76562.5,0.914,0.457,0.457,0.457,3442024,0.00125,13.41
2026-09-02 12:55,ETH,ETH,2368.1499999999996,0.422,0.211,0.211,0.211,6454549,0.00125,12.92
2026-09-02 12:55,SOL,SOL,97.9995,0.102,0.051,0.051,0.051,291425,-0.00012,9.1
2026-09-02 12:55,XRP,XRP,1.31665,0.76,0.38,0.38,0.38,2102664,0.000773,11.93
2026-09-02 12:55,AVAX,AVAX,7.068149999999999,1.556,0.778,0.92,0.92,38990,-0.004566,10.56
2026-09-02 12:55,LINK,LINK,10.9505,0.913,0.457,0.457,0.457,429014,0.00125,13.41
2026-09-02 12:55,LTC,LTC,48.655,0.822,0.411,0.617,1.028,64733,0.00125,13.32
2026-09-02 12:55,ADA,ADA,0.19316499999999998,1.553,0.777,0.777,0.777,225831,0.00125,14.05
2026-09-02 12:55,DOT,DOT,0.84222,1.662,0.831,0.95,1.069,29048,0.00125,14.16
2026-09-02 12:55,UNI,UNI,6.0077,1.332,0.666,0.832,0.832,34080,0.00125,13.83
2026-09-02 12:55,AAVE,AAVE,126.765,2.367,1.183,1.183,1.183,179084,0.00125,14.87
2026-09-02 12:55,ARB,ARB,0.110305,2.72,1.36,1.36,1.36,77748,0.00125,15.22
2026-09-02 12:55,POL,POL,0.0907805,1.212,0.936,1.818,4.021,12510,-0.001515,10.87
2026-09-02 12:55,RENDER,RENDER,1.39405,2.152,5.38,5.38,6.097,16026,0.00125,23.26
2026-09-02 12:55,DOGE,DOGE,0.0805235,0.124,3.291,3.664,3.788,181719,0.00125,19.08
2026-09-02 12:55,SHIB,kSHIB,0.0050875,1.966,0.983,4.914,4.914,139550,0.00125,14.47
2026-09-02 12:55,PEPE,kPEPE,0.0033965,2.944,1.472,1.472,1.472,1010557,0.00065,13.76
2026-09-02 12:55,WIF,WIF,0.1931,3.107,1.554,3.107,4.143,71630,0.00125,15.61
2026-09-02 12:55,BONK,kBONK,0.0029245,3.419,1.71,1.71,5.129,219334,0.00125,15.92
2026-09-02 12:55,TRUMP,TRUMP,2.1999500000000003,0.455,0.227,0.227,1.136,96545,-0.000706,9.45
2026-09-02 13:00,BTC,BTC,76645.5,0.13,0.065,0.065,0.065,12017553,0.00125,12.63
2026-09-02 13:00,ETH,ETH,2372.75,0.421,0.211,0.211,0.211,9459853,0.00125,12.92
2026-09-02 13:00,SOL,SOL,98.14150000000001,0.102,0.051,0.051,0.051,1136479,0.000966,11.81
2026-09-02 13:00,XRP,XRP,1.3186499999999999,0.758,0.379,0.379,0.379,1343160,-6.5e-05,9.76
2026-09-02 13:00,AVAX,AVAX,7.072800000000001,0.566,0.283,0.424,0.424,62621,-0.003546,9.57
2026-09-02 13:00,LINK,LINK,10.975000000000001,1.822,0.911,0.911,0.911,207726,0.00125,14.32
2026-09-02 13:00,LTC,LTC,48.719,1.232,0.616,0.616,1.026,77899,0.00125,13.73
2026-09-02 13:00,ADA,ADA,0.193525,7.751,3.875,3.875,3.875,252958,0.00125,20.25
2026-09-02 13:00,DOT,DOT,0.8427199999999999,1.899,0.949,0.949,0.949,31110,0.00125,14.4
2026-09-02 13:00,UNI,UNI,6.0375,1.656,1.325,1.325,1.325,37911,0.00125,15.15
2026-09-02 13:00,AAVE,AAVE,126.895,2.364,1.182,1.182,1.182,207979,0.00125,14.86
2026-09-02 13:00,ARB,ARB,0.110785,0.903,0.451,0.451,0.451,93183,0.00125,13.4
2026-09-02 13:00,POL,POL,0.09078,1.322,1.322,3.084,4.957,10104,0.00125,15.14
2026-09-02 13:00,RENDER,RENDER,1.39575,6.448,3.224,3.941,5.373,10374,0.00125,18.95
2026-09-02 13:00,DOGE,DOGE,0.08070250000000001,1.363,0.682,0.805,0.929,156764,0.00125,13.86
2026-09-02 13:00,SHIB,kSHIB,0.005092,3.928,3.928,3.928,3.928,136202,0.00125,20.36
2026-09-02 13:00,PEPE,kPEPE,0.0034005,2.941,1.47,1.47,4.411,658067,0.001206,15.32
2026-09-02 13:00,WIF,WIF,0.19318000000000002,1.035,0.518,1.035,1.035,59225,0.00125,13.54
2026-09-02 13:00,BONK,kBONK,0.0029275,3.416,1.708,1.708,1.708,241118,0.00125,15.92
2026-09-02 13:00,TRUMP,TRUMP,2.1997,0.909,0.455,0.909,1.818,74212,-0.000311,9.91
2026-09-02 13:05,BTC,BTC,76543.5,0.131,0.065,0.065,0.065,3731550,0.00125,12.63
2026-09-02 13:05,ETH,ETH,2368.1499999999996,0.422,0.211,0.211,0.211,8933881,0.00125,12.92
2026-09-02 13:05,SOL,SOL,97.9375,0.102,0.051,0.051,0.051,1418487,0.00026,9.83
2026-09-02 13:05,XRP,XRP,1.3171499999999998,0.759,0.38,0.38,0.38,2107191,0.000631,11.52
2026-09-02 13:05,AVAX,AVAX,7.06365,1.84,0.92,0.92,1.486,57530,-0.002133,10.84
2026-09-02 13:05,LINK,LINK,10.9495,0.913,0.457,0.457,0.457,344219,0.00125,13.41
2026-09-02 13:05,LTC,LTC,48.5875,0.617,0.309,1.338,1.544,52739,0.00125,13.12
2026-09-02 13:05,ADA,ADA,0.1931,1.036,0.518,1.036,1.036,149214,0.00125,13.54
2026-09-02 13:05,DOT,DOT,0.8403,2.38,1.19,1.19,1.19,25683,0.001126,14.53
2026-09-02 13:05,UNI,UNI,5.9592,1.342,0.671,0.671,0.671,31305,0.00125,13.84
2026-09-02 13:05,AAVE,AAVE,126.11500000000001,0.793,0.396,0.396,0.396,184093,0.00125,13.29
2026-09-02 13:05,ARB,ARB,0.10775,5.568,2.784,3.712,3.712,89574,0.00125,18.07
2026-09-02 13:05,POL,POL,0.0907015,3.197,2.37,3.473,3.583,11393,0.000441,14.97
2026-09-02 13:05,RENDER,RENDER,1.3906,4.315,2.157,3.596,4.315,17067,0.00125,16.81
2026-09-02 13:05,DOGE,DOGE,0.08055,0.745,0.372,0.372,0.497,121276,0.001049,12.68
2026-09-02 13:05,SHIB,kSHIB,0.0050825,1.968,0.984,0.984,2.951,177653,0.00125,14.47
2026-09-02 13:05,PEPE,kPEPE,0.0033945,2.946,1.473,1.473,4.419,844937,0.00074,14.02
2026-09-02 13:05,WIF,WIF,0.192695,2.595,1.297,1.816,2.335,18851,0.00125,15.09
2026-09-02 13:05,BONK,kBONK,0.0029145,3.431,1.716,5.147,5.147,216330,0.00125,15.93
2026-09-02 13:05,TRUMP,TRUMP,2.19095,0.456,0.228,1.141,2.054,91940,-0.000775,9.46
2026-09-02 13:10,BTC,BTC,76636.5,0.13,0.065,0.065,0.065,2520100,0.00125,12.63
2026-09-02 13:10,ETH,ETH,2374.75,0.421,0.211,0.211,0.211,5817469,0.00125,12.92
2026-09-02 13:10,SOL,SOL,97.9645,0.102,0.051,0.051,0.051,493894,0.000378,10.16
2026-09-02 13:10,XRP,XRP,1.31845,0.758,0.379,0.379,0.379,1917835,0.000945,12.4
2026-09-02 13:10,AVAX,AVAX,7.0808,0.847,0.424,0.424,0.424,59606,-0.001948,9.85
2026-09-02 13:10,LINK,LINK,10.9625,4.561,2.281,2.281,2.281,248264,0.00125,17.06
2026-09-02 13:10,LTC,LTC,48.6525,0.206,0.103,0.925,0.925,44012,0.00125,12.71
2026-09-02 13:10,ADA,ADA,0.19355,2.067,1.033,1.55,1.55,108087,0.00125,14.57
2026-09-02 13:10,DOT,DOT,0.841845,1.307,0.653,0.772,0.772,31185,0.001145,13.51
2026-09-02 13:10,UNI,UNI,5.96945,1.843,0.921,1.089,1.089,20606,0.00125,14.34
2026-09-02 13:10,AAVE,AAVE,126.36,1.583,0.791,0.791,0.791,123130,0.00125,14.08
2026-09-02 13:10,ARB,ARB,0.10827999999999999,3.694,1.847,2.771,2.771,78939,0.00125,16.19
2026-09-02 13:10,POL,POL,0.09097050000000001,1.649,1.594,2.473,5.331,3493,0.000781,14.38
2026-09-02 13:10,RENDER,RENDER,1.39235,7.9,3.95,4.668,5.387,15641,0.00125,20.4
2026-09-02 13:10,DOGE,DOGE,0.0807755,0.619,0.309,0.557,0.557,109396,0.001201,12.98
2026-09-02 13:10,SHIB,kSHIB,0.0050945,1.963,2.944,4.907,4.907,132391,0.00125,18.39
2026-09-02 13:10,PEPE,kPEPE,0.0033985,2.942,1.471,1.471,1.471,881812,0.001081,14.97
2026-09-02 13:10,WIF,WIF,0.19304,2.072,1.036,1.554,2.072,22280,0.00125,14.57
2026-09-02 13:10,BONK,kBONK,0.002916,6.859,3.429,3.429,3.429,271420,0.00125,19.36
2026-09-02 13:10,TRUMP,TRUMP,2.1938500000000003,1.367,0.684,2.507,2.963,95437,-0.001364,10.37
2026-09-02 13:15,BTC,BTC,76699.5,0.13,0.065,0.065,0.065,1018214,0.00125,12.63
2026-09-02 13:15,ETH,ETH,2375.95,0.421,0.21,0.21,0.21,6425449,0.00125,12.92
2026-09-02 13:15,SOL,SOL,98.0555,0.102,0.051,0.051,0.051,376474,0.000566,10.69
2026-09-02 13:15,XRP,XRP,1.32085,0.757,0.379,0.379,0.379,1854380,0.001244,13.24
2026-09-02 13:15,AVAX,AVAX,7.0925,1.974,0.987,1.128,1.128,67980,-0.001916,10.97
2026-09-02 13:15,LINK,LINK,10.9805,0.911,0.455,0.455,0.455,415746,0.00125,13.41
2026-09-02 13:15,LTC,LTC,48.6475,0.617,0.308,0.514,1.336,44439,0.00125,13.12
2026-09-02 13:15,ADA,ADA,0.19374999999999998,1.032,0.516,1.548,1.548,195403,0.00125,13.53
2026-09-02 13:15,DOT,DOT,0.8429800000000001,0.949,0.475,1.068,1.068,20677,0.00125,13.45
2026-09-02 13:15,UNI,UNI,5.943949999999999,3.197,1.598,1.598,1.598,24346,0.00125,15.7
2026-09-02 13:15,AAVE,AAVE,126.485,0.791,0.395,0.395,0.395,136518,0.00125,13.29
2026-09-02 13:15,ARB,ARB,0.107915,2.78,1.39,1.39,3.243,74976,0.00125,15.28
2026-09-02 13:15,POL,POL,0.091255,2.192,1.863,3.287,3.507,38709,0.000644,14.53
2026-09-02 13:15,RENDER,RENDER,1.39595,3.582,1.791,2.507,4.656,17777,0.00125,16.08
2026-09-02 13:15,DOGE,DOGE,0.08083599999999999,0.495,0.247,0.371,0.866,83936,0.001169,12.77
2026-09-02 13:15,SHIB,kSHIB,0.005093,3.927,1.963,5.89,5.89,161952,0.00125,16.43
2026-09-02 13:15,PEPE,kPEPE,0.0034015,2.94,1.47,1.47,1.47,1092859,0.00125,15.44
2026-09-02 13:15,WIF,WIF,0.19331500000000001,1.552,0.776,1.811,2.845,16867,0.00125,14.05
2026-09-02 13:15,BONK,kBONK,0.0029175,3.428,1.714,1.714,1.714,248945,0.00125,15.93
2026-09-02 13:15,TRUMP,TRUMP,2.18895,1.371,0.685,1.599,2.513,43196,-0.00165,10.37
2026-09-02 13:20,BTC,BTC,76535.5,0.131,0.065,0.065,0.065,1762385,0.00125,12.63
2026-09-02 13:20,ETH,ETH,2372.05,0.422,0.632,0.632,0.632,5946708,0.00125,13.76
2026-09-02 13:20,SOL,SOL,97.7995,0.102,0.051,0.051,0.051,566115,0.000562,10.68
2026-09-02 13:20,XRP,XRP,1.3167499999999999,0.759,0.38,0.38,0.38,1973987,0.00125,13.26
2026-09-02 13:20,AVAX,AVAX,7.08195,1.271,0.635,0.635,0.635,62820,-0.001497,10.27
2026-09-02 13:20,LINK,LINK,10.942,1.828,0.914,0.914,0.914,235819,0.00125,14.33
2026-09-02 13:20,LTC,LTC,48.555,1.236,0.618,0.824,0.824,39806,0.00125,13.74
2026-09-02 13:20,ADA,ADA,0.193195,0.518,0.259,0.259,0.259,137900,0.00125,13.02
2026-09-02 13:20,DOT,DOT,0.84127,2.14,1.07,1.189,1.189,15598,0.001245,14.63
2026-09-02 13:20,UNI,UNI,5.87995,2.551,1.276,1.446,1.446,48724,0.00125,15.05
2026-09-02 13:20,AAVE,AAVE,126.14,1.586,0.793,0.793,0.793,153947,0.00125,14.09
2026-09-02 13:20,ARB,ARB,0.10753499999999999,0.93,0.465,0.465,1.395,74851,0.00125,13.43
2026-09-02 13:20,POL,POL,0.091034,2.417,1.318,3.515,5.602,3832,0.000244,12.32
2026-09-02 13:20,RENDER,RENDER,1.3927,4.308,2.872,3.59,4.308,15637,0.00125,18.24
2026-09-02 13:20,DOGE,DOGE,0.0806935,0.124,0.062,0.062,0.062,171712,0.001129,12.28
2026-09-02 13:20,SHIB,kSHIB,0.0050845000000000005,1.967,2.95,4.917,4.917,148288,0.00125,18.4
2026-09-02 13:20,PEPE,kPEPE,0.0033955,2.945,1.473,1.473,1.473,892357,0.00125,15.45
2026-09-02 13:20,WIF,WIF,0.1928,2.075,1.037,2.075,3.631,29214,0.00125,14.57
2026-09-02 13:20,BONK,kBONK,0.0029115,3.435,1.717,1.717,1.717,261353,0.00125,15.93
2026-09-02 13:20,TRUMP,TRUMP,2.17835,1.377,0.689,1.148,1.148,66343,-0.002132,10.38
2026-09-02 13:25,BTC,BTC,76383.5,0.131,0.065,0.065,0.065,7231723,0.00125,12.63
2026-09-02 13:25,ETH,ETH,2369.8500000000004,0.422,0.211,0.211,0.211,6277577,0.00125,12.92
2026-09-02 13:25,SOL,SOL,97.387,0.821,0.411,0.411,0.411,858065,0.000456,11.1
2026-09-02 13:25,XRP,XRP,1.3152499999999998,0.76,0.38,0.38,0.38,2038071,0.00125,13.26
2026-09-02 13:25,AVAX,AVAX,7.07615,0.141,0.071,0.071,0.071,75886,-0.001344,9.14
2026-09-02 13:25,LINK,LINK,10.9345,4.573,2.286,2.286,2.286,227597,0.00125,17.07
2026-09-02 13:25,LTC,LTC,48.6055,0.206,0.103,0.103,0.103,51544,0.00125,12.71
2026-09-02 13:25,ADA,ADA,0.1931,2.071,1.036,1.554,1.554,206965,0.00125,14.57
2026-09-02 13:25,DOT,DOT,0.840975,1.784,0.892,1.011,1.011,30781,0.001099,13.86
2026-09-02 13:25,UNI,UNI,5.870950000000001,0.17,1.959,1.959,1.959,52358,0.00125,16.42
2026-09-02 13:25,AAVE,AAVE,125.97,1.588,0.794,0.794,0.794,190756,0.00125,14.09
2026-09-02 13:25,ARB,ARB,0.10819000000000001,1.849,0.924,0.924,0.924,88803,0.00125,14.35
2026-09-02 13:25,POL,POL,0.09085499999999999,3.962,2.201,2.642,3.522,9565,0.000599,15.08
2026-09-02 13:25,RENDER,RENDER,1.38985,5.037,2.518,3.238,3.238,13119,0.00125,17.54
2026-09-02 13:25,DOGE,DOGE,0.080573,1.241,0.621,0.621,0.745,176870,0.001041,13.16
2026-09-02 13:25,SHIB,kSHIB,0.0050825,1.968,2.951,4.919,4.919,157246,0.00125,18.4
2026-09-02 13:25,PEPE,kPEPE,0.0033875,2.952,1.476,1.476,1.476,919797,0.00125,15.45
2026-09-02 13:25,WIF,WIF,0.19231,3.12,1.56,2.08,2.6,20669,0.00125,15.62
2026-09-02 13:25,BONK,kBONK,0.0028995,3.449,1.724,1.724,1.724,223287,0.00125,15.95
2026-09-02 13:25,TRUMP,TRUMP,2.1736,3.681,1.84,3.22,3.22,120664,-0.002276,12.68
2026-09-02 13:30,BTC,BTC,76494.5,0.131,0.065,0.065,0.065,6471063,0.00125,12.63
2026-09-02 13:30,ETH,ETH,2374.6499999999996,0.421,0.211,0.211,0.211,8575805,0.00125,12.92
2026-09-02 13:30,SOL,SOL,97.73349999999999,0.102,0.051,0.051,0.051,600202,0.000494,10.49
2026-09-02 13:30,XRP,XRP,1.3179500000000002,0.759,0.379,0.379,0.379,2040659,0.00125,13.26
2026-09-02 13:30,AVAX,AVAX,7.09285,0.141,0.916,0.916,1.198,39795,-0.001221,10.83
2026-09-02 13:30,LINK,LINK,10.9595,0.912,0.456,1.369,1.369,450666,0.00125,13.41
2026-09-02 13:30,LTC,LTC,48.650999999999996,0.822,0.411,0.617,0.822,56902,0.00125,13.32
2026-09-02 13:30,ADA,ADA,0.193555,0.517,0.258,0.258,0.258,129249,0.00125,13.02
2026-09-02 13:30,DOT,DOT,0.843315,2.49,1.245,1.245,1.364,29057,0.001027,14.37
2026-09-02 13:30,UNI,UNI,5.8667,2.727,1.364,1.534,1.705,28795,0.00125,15.23
2026-09-02 13:30,AAVE,AAVE,126.18,1.585,0.793,1.585,2.378,189919,0.00125,14.09
2026-09-02 13:30,ARB,ARB,0.107805,4.638,2.319,3.247,3.247,92162,0.00125,17.14
2026-09-02 13:30,POL,POL,0.09095400000000001,2.419,1.979,2.309,3.518,9508,0.000741,15.03
2026-09-02 13:30,RENDER,RENDER,1.3942999999999999,5.738,2.869,3.586,5.02,29749,0.00125,18.24
2026-09-02 13:30,DOGE,DOGE,0.080775,0.248,0.124,0.495,0.619,224709,0.001024,12.11
2026-09-02 13:30,SHIB,kSHIB,0.005094,3.926,1.963,3.926,5.889,124574,0.00125,16.43
2026-09-02 13:30,PEPE,kPEPE,0.0033955,2.945,1.473,1.473,4.418,1021984,0.001111,15.06
2026-09-02 13:30,WIF,WIF,0.192795,1.556,0.778,1.297,2.334,27090,0.00125,14.06
2026-09-02 13:30,BONK,kBONK,0.0029085,3.438,1.719,1.719,1.719,179275,0.00125,15.94
2026-09-02 13:30,TRUMP,TRUMP,2.17715,0.459,0.23,0.23,0.23,112603,-0.002019,9.46
2026-09-02 13:35,BTC,BTC,76647.5,0.13,0.065,0.065,0.065,1311349,0.00125,12.63
2026-09-02 13:35,ETH,ETH,2380.95,0.42,0.21,0.21,0.21,10804006,0.00125,12.92
2026-09-02 13:35,SOL,SOL,97.9695,0.102,0.051,0.051,0.051,954143,0.000625,10.85
2026-09-02 13:35,XRP,XRP,1.32185,0.757,0.378,0.378,0.378,2098276,0.00125,13.26
2026-09-02 13:35,AVAX,AVAX,7.118600000000001,1.405,0.702,0.843,1.264,84293,-0.00097,10.4
2026-09-02 13:35,LINK,LINK,11.016,1.816,0.908,0.908,0.908,436291,0.00125,14.32
2026-09-02 13:35,LTC,LTC,48.7475,1.026,0.513,0.718,1.333,51262,0.00125,13.53
2026-09-02 13:35,ADA,ADA,0.19411,1.03,0.515,1.03,1.03,176135,0.00125,13.53
2026-09-02 13:35,DOT,DOT,0.8446400000000001,3.315,1.658,1.776,1.894,37334,0.00125,15.82
2026-09-02 13:35,UNI,UNI,5.89595,3.562,1.781,1.781,1.781,36339,0.00125,16.06
2026-09-02 13:35,AAVE,AAVE,126.71000000000001,1.578,0.789,0.789,1.578,166157,0.00125,14.08
2026-09-02 13:35,ARB,ARB,0.108455,0.922,0.461,0.461,1.383,92319,0.00125,13.42
2026-09-02 13:35,POL,POL,0.09122050000000001,0.767,0.384,2.686,3.672,25419,0.000504,11.18
2026-09-02 13:35,RENDER,RENDER,1.39675,5.012,2.506,3.222,5.37,11037,0.00125,17.51
2026-09-02 13:35,DOGE,DOGE,0.0810265,0.123,0.062,1.296,1.296,119098,0.001176,12.42
2026-09-02 13:35,SHIB,kSHIB,0.0051075,1.958,2.937,2.937,4.895,138107,0.00125,18.37
2026-09-02 13:35,PEPE,kPEPE,0.0034055,2.936,1.468,4.405,4.405,772820,0.000999,14.73
2026-09-02 13:35,WIF,WIF,0.193875,2.579,1.289,1.289,1.805,23192,0.00125,15.08
2026-09-02 13:35,BONK,kBONK,0.0029224999999999998,3.422,1.711,1.711,1.711,181228,0.00125,15.92
2026-09-02 13:35,TRUMP,TRUMP,2.18705,1.372,0.686,1.143,1.143,126586,-0.001434,10.37
2026-09-02 13:40,BTC,BTC,76666.5,0.13,0.065,0.065,0.065,3565574,0.00125,12.63
2026-09-02 13:40,ETH,ETH,2380.05,0.42,0.21,0.21,0.21,10353235,0.00125,12.92
2026-09-02 13:40,SOL,SOL,98.07249999999999,0.102,0.051,0.051,0.051,834054,0.000762,11.24
2026-09-02 13:40,XRP,XRP,1.3219500000000002,0.756,0.378,0.378,0.378,2732031,0.00125,13.26
2026-09-02 13:40,AVAX,AVAX,7.11495,0.422,0.211,0.492,1.476,67755,-0.000787,9.42
2026-09-02 13:40,LINK,LINK,11.028500000000001,0.907,0.453,1.36,1.36,234326,0.00125,13.41
2026-09-02 13:40,LTC,LTC,48.7785,1.025,0.513,0.718,1.538,57918,0.00125,13.53
2026-09-02 13:40,ADA,ADA,0.194605,2.569,1.285,1.285,1.285,134289,0.00125,15.07
2026-09-02 13:40,DOT,DOT,0.844015,2.488,1.244,1.363,1.836,26763,0.00125,14.99
2026-09-02 13:40,UNI,UNI,5.87055,0.17,0.085,0.085,0.085,44686,0.00125,12.67
2026-09-02 13:40,AAVE,AAVE,126.6,1.58,0.79,1.58,2.37,133516,0.00125,14.08
2026-09-02 13:40,ARB,ARB,0.10818,1.849,0.924,0.924,0.924,90602,0.00125,14.35
2026-09-02 13:40,POL,POL,0.09199199999999999,2.392,2.609,2.718,4.239,7208,0.000175,14.71
2026-09-02 13:40,RENDER,RENDER,1.3963,5.729,2.865,3.581,4.297,11799,0.00125,18.23
2026-09-02 13:40,DOGE,DOGE,0.08107349999999999,0.123,0.062,0.062,0.062,299579,0.00125,12.62
2026-09-02 13:40,SHIB,kSHIB,0.0051094999999999995,1.957,0.979,2.936,4.893,169629,0.00125,14.46
2026-09-02 13:40,PEPE,kPEPE,0.0034055,2.936,1.468,1.468,4.405,649275,0.001134,15.11
2026-09-02 13:40,WIF,WIF,0.19412000000000001,3.091,1.545,1.545,2.576,20466,0.00125,15.59
2026-09-02 13:40,BONK,kBONK,0.0029389999999999998,6.805,3.403,3.403,3.403,184695,0.00125,19.31
2026-09-02 13:40,TRUMP,TRUMP,2.1863,0.915,0.457,0.457,1.372,76684,-0.001104,9.91
2026-09-02 13:45,BTC,BTC,76645.5,0.13,0.065,0.065,0.065,4002188,0.00125,12.63
2026-09-02 13:45,ETH,ETH,2377.95,0.421,0.21,0.21,0.21,10346151,0.00125,12.92
2026-09-02 13:45,SOL,SOL,97.936,0.204,0.102,0.102,0.102,638882,0.000798,11.44
2026-09-02 13:45,XRP,XRP,1.32145,0.757,0.378,0.378,0.378,1904311,0.00125,13.26
2026-09-02 13:45,AVAX,AVAX,7.105,0.844,0.422,0.422,0.422,58240,-0.000731,9.84
2026-09-02 13:45,LINK,LINK,11.0185,0.908,0.454,0.454,0.454,283883,0.00125,13.41
2026-09-02 13:45,LTC,LTC,48.789,0.82,0.41,0.615,0.615,60737,0.00125,13.32
2026-09-02 13:45,ADA,ADA,0.194585,0.514,0.257,0.257,0.257,150697,0.00125,13.01
2026-09-02 13:45,DOT,DOT,0.843135,2.491,1.245,1.364,1.364,34406,0.00125,14.99
2026-09-02 13:45,UNI,UNI,5.7810500000000005,3.633,1.816,1.989,1.989,27825,0.00125,16.13
2026-09-02 13:45,AAVE,AAVE,126.335,2.375,1.187,1.187,1.187,173267,0.00125,14.87
2026-09-02 13:45,ARB,ARB,0.107595,0.929,0.465,1.394,1.394,82443,0.00125,13.43
2026-09-02 13:45,POL,POL,0.0919685,0.109,1.033,3.099,3.969,3655,0.0006,12.75
2026-09-02 13:45,RENDER,RENDER,1.39235,6.464,3.232,4.668,5.387,12009,0.00125,18.96
2026-09-02 13:45,DOGE,DOGE,0.081089,0.74,0.37,0.37,0.37,170342,0.00125,13.24
2026-09-02 13:45,SHIB,kSHIB,0.005106,3.917,1.958,5.875,5.875,146659,0.00125,16.42
2026-09-02 13:45,PEPE,kPEPE,0.0034035000000000003,2.938,1.469,1.469,1.469,923656,0.001131,15.11
2026-09-02 13:45,WIF,WIF,0.19398500000000002,1.547,0.773,1.289,2.32,35552,0.00125,14.05
2026-09-02 13:45,BONK,kBONK,0.0029285,3.415,1.707,1.707,1.707,217949,0.00125,15.91
2026-09-02 13:45,TRUMP,TRUMP,2.17955,1.376,0.688,0.688,0.688,96467,-0.001041,10.38
2026-09-02 13:50,BTC,BTC,76605.5,0.131,0.065,0.065,0.065,2732889,0.00125,12.63
2026-09-02 13:50,ETH,ETH,2378.1499999999996,0.42,0.21,0.21,0.21,6087872,0.00125,12.92
2026-09-02 13:50,SOL,SOL,97.8115,0.102,0.051,0.051,0.051,368144,0.000807,11.36
2026-09-02 13:50,XRP,XRP,1.32165,0.757,0.378,0.378,0.378,2778877,0.00125,13.26
2026-09-02 13:50,AVAX,AVAX,7.1030999999999995,0.845,1.689,1.689,1.689,84236,-0.000573,12.38
2026-09-02 13:50,LINK,LINK,11.0095,0.908,0.454,1.362,1.362,415551,0.00125,13.41
2026-09-02 13:50,LTC,LTC,48.719,1.232,0.616,0.616,0.821,86503,0.00125,13.73
2026-09-02 13:50,ADA,ADA,0.19469,1.027,0.514,1.027,1.027,148789,0.00125,13.53
2026-09-02 13:50,DOT,DOT,0.84267,1.899,0.949,0.949,0.949,72259,0.00125,14.4
2026-09-02 13:50,UNI,UNI,5.730700000000001,2.443,1.221,1.221,2.268,85238,0.00125,14.94
2026-09-02 13:50,AAVE,AAVE,126.07,1.586,0.793,0.793,0.793,196960,0.00125,14.09
2026-09-02 13:50,ARB,ARB,0.10677500000000001,0.937,0.468,2.341,2.341,174290,0.00125,13.44
2026-09-02 13:50,POL,POL,0.092275,3.034,1.517,1.517,2.818,8133,0.00096,14.72
2026-09-02 13:50,RENDER,RENDER,1.39235,5.027,2.514,3.232,3.95,11513,0.00125,17.53
2026-09-02 13:50,DOGE,DOGE,0.081092,0.74,0.37,0.37,0.37,149973,0.00125,13.24
2026-09-02 13:50,SHIB,kSHIB,0.0051065,1.958,2.937,2.937,4.896,156123,0.00125,18.37
2026-09-02 13:50,PEPE,kPEPE,0.0034045,2.937,1.469,1.469,1.469,1040990,0.001081,14.96
2026-09-02 13:50,WIF,WIF,0.193755,2.581,1.29,1.29,2.839,28678,0.00125,15.08
2026-09-02 13:50,BONK,kBONK,0.0029235,3.421,1.71,1.71,1.71,241808,0.00125,15.92
2026-09-02 13:50,TRUMP,TRUMP,2.1845,0.916,0.458,0.458,0.916,43343,-0.001079,9.92
2026-09-02 13:55,BTC,BTC,76703.5,0.13,0.065,0.065,0.065,1896885,0.00125,12.63
2026-09-02 13:55,ETH,ETH,2379.95,0.42,0.21,0.21,0.21,7264545,0.00125,12.92
2026-09-02 13:55,SOL,SOL,97.9505,0.102,0.051,0.051,0.051,575564,0.000866,11.53
2026-09-02 13:55,XRP,XRP,1.3225500000000001,0.756,0.378,0.378,0.378,2936824,0.00125,13.26
2026-09-02 13:55,AVAX,AVAX,7.10665,0.141,0.211,0.352,1.9,51104,-0.000465,9.42
2026-09-02 13:55,LINK,LINK,11.0225,0.907,0.454,0.454,1.361,462400,0.00125,13.41
2026-09-02 13:55,LTC,LTC,48.745999999999995,0.821,0.41,0.615,0.821,53091,0.00125,13.32
2026-09-02 13:55,ADA,ADA,0.194715,0.514,0.257,0.77,0.77,152603,0.00125,13.01
2026-09-02 13:55,DOT,DOT,0.843495,1.541,0.771,0.771,1.363,32822,0.00125,14.04
2026-09-02 13:55,UNI,UNI,5.74295,2.264,1.132,1.132,1.48,102282,0.00125,14.76
2026-09-02 13:55,AAVE,AAVE,126.32,1.583,0.792,0.792,0.792,189783,0.00125,14.08
2026-09-02 13:55,ARB,ARB,0.106855,2.808,1.404,1.404,1.404,115077,0.00125,15.31
2026-09-02 13:55,POL,POL,0.091903,2.829,1.741,2.938,2.938,11233,0.001077,15.5
2026-09-02 13:55,RENDER,RENDER,1.3946,2.868,1.434,2.151,3.585,16781,0.00125,15.37
2026-09-02 13:55,DOGE,DOGE,0.081133,0.493,0.247,0.37,0.37,127461,0.00125,12.99
2026-09-02 13:55,SHIB,kSHIB,0.005114499999999999,1.955,2.933,6.843,6.843,137973,0.00125,18.37
2026-09-02 13:55,PEPE,kPEPE,0.0034095,2.933,1.466,1.466,1.466,830376,0.001117,15.06
2026-09-02 13:55,WIF,WIF,0.19401000000000002,3.093,1.546,2.577,3.608,26052,0.00125,15.59
2026-09-02 13:55,BONK,kBONK,0.0029259999999999998,6.835,3.418,3.418,3.418,239844,0.00125,19.34
2026-09-02 13:55,TRUMP,TRUMP,2.18325,0.458,0.229,1.145,2.061,119185,-0.001008,9.46
2026-09-02 14:00,BTC,BTC,76776.5,0.13,0.065,0.065,0.065,10323283,0.00125,12.63
2026-09-02 14:00,ETH,ETH,2380.05,0.42,0.21,0.21,0.21,11940453,0.00125,12.92
2026-09-02 14:00,SOL,SOL,97.98949999999999,0.102,0.051,0.051,0.051,737119,0.000739,11.17
2026-09-02 14:00,XRP,XRP,1.32395,0.755,0.378,0.378,0.378,1751383,0.00125,13.26
2026-09-02 14:00,AVAX,AVAX,7.11135,0.984,0.492,1.195,1.195,70929,-0.000292,9.98
2026-09-02 14:00,LINK,LINK,11.01,1.817,0.908,0.908,0.908,183758,0.00125,14.32
2026-09-02 14:00,LTC,LTC,48.7705,0.615,0.308,1.128,1.743,46876,0.00125,13.12
2026-09-02 14:00,ADA,ADA,0.194855,0.513,0.257,0.257,0.257,169657,0.00125,13.01
2026-09-02 14:00,DOT,DOT,0.8430500000000001,3.321,1.661,1.779,2.847,25580,0.00125,15.82
2026-09-02 14:00,UNI,UNI,5.7250499999999995,6.113,3.057,3.057,3.057,61682,0.00125,18.61
2026-09-02 14:00,AAVE,AAVE,126.285,2.376,1.188,1.188,1.188,220983,0.00125,14.88
2026-09-02 14:00,ARB,ARB,0.107515,0.93,0.465,1.395,3.255,130837,0.00125,13.43
2026-09-02 14:00,POL,POL,0.0919645,2.936,1.468,1.468,3.425,7778,0.00125,15.44
2026-09-02 14:00,RENDER,RENDER,1.39465,9.321,4.661,4.661,5.378,20800,0.00125,21.82
2026-09-02 14:00,DOGE,DOGE,0.08118500000000001,0.493,0.246,0.985,1.109,140075,0.00125,12.99
2026-09-02 14:00,SHIB,kSHIB,0.005117,3.909,1.954,3.909,5.863,150339,0.00125,16.41
2026-09-02 14:00,PEPE,kPEPE,0.0034105,2.932,1.466,1.466,1.466,876519,0.000299,12.77
2026-09-02 14:00,WIF,WIF,0.19392500000000001,2.578,1.289,2.32,2.836,31186,0.00125,15.08
2026-09-02 14:00,BONK,kBONK,0.0029285,3.415,1.707,1.707,1.707,210015,0.00125,15.91
2026-09-02 14:00,TRUMP,TRUMP,2.1914499999999997,2.282,1.141,1.141,1.141,84672,-0.001077,11.28
2026-09-02 14:05,BTC,BTC,76695.5,0.13,0.065,0.065,0.065,9731045,0.00125,12.63
2026-09-02 14:05,ETH,ETH,2378.95,0.42,0.21,0.21,0.21,10420770,0.00125,12.92
2026-09-02 14:05,SOL,SOL,97.9435,0.102,0.051,0.051,0.051,521021,0.001127,12.26
2026-09-02 14:05,XRP,XRP,1.32275,0.756,0.378,1.134,1.134,2700039,0.00125,13.26
2026-09-02 14:05,AVAX,AVAX,7.11345,0.703,0.351,0.633,0.633,69919,-8.8e-05,9.7
2026-09-02 14:05,LINK,LINK,11.002500000000001,0.909,0.454,1.363,1.363,250983,0.00125,13.41
2026-09-02 14:05,LTC,LTC,48.801,1.229,0.615,0.82,1.639,63131,0.00125,13.73
2026-09-02 14:05,ADA,ADA,0.194825,0.513,0.257,0.257,0.257,184752,0.00125,13.01
2026-09-02 14:05,DOT,DOT,0.840155,2.5,1.25,1.25,1.25,27602,0.00125,15.0
2026-09-02 14:05,UNI,UNI,5.7372499999999995,1.917,0.959,0.959,3.399,68886,0.00125,14.42
2026-09-02 14:05,AAVE,AAVE,126.36500000000001,0.791,0.396,0.396,0.396,189829,0.00125,13.29
2026-09-02 14:05,ARB,ARB,0.107825,0.927,0.464,0.464,0.464,91658,0.00125,13.43
2026-09-02 14:05,POL,POL,0.0916775,2.291,2.018,3.327,4.309,8616,0.00125,16.54
2026-09-02 14:05,RENDER,RENDER,1.3976,4.293,2.147,2.147,3.578,31528,0.00125,16.79
2026-09-02 14:05,DOGE,DOGE,0.081122,0.247,0.123,0.74,0.863,151943,0.00125,12.75
2026-09-02 14:05,SHIB,kSHIB,0.0051155,1.955,0.977,2.932,4.887,140000,0.00125,14.45
2026-09-02 14:05,PEPE,kPEPE,0.0034035000000000003,2.938,1.469,1.469,1.469,886637,-5.9e-05,11.94
2026-09-02 14:05,WIF,WIF,0.193765,2.58,1.29,1.29,2.322,31669,0.00125,15.08
2026-09-02 14:05,BONK,kBONK,0.0029275,3.416,1.708,1.708,1.708,213232,0.00125,15.92
2026-09-02 14:05,TRUMP,TRUMP,2.1962,1.821,0.911,0.911,0.911,121847,-0.001037,10.82
2026-09-02 14:10,BTC,BTC,76755.5,0.13,0.065,0.065,0.065,9770618,0.00125,12.63
2026-09-02 14:10,ETH,ETH,2379.3500000000004,0.42,0.21,0.21,0.21,10439799,0.00125,12.92
2026-09-02 14:10,SOL,SOL,97.9165,0.102,0.051,0.051,0.051,581513,0.00114,12.29
2026-09-02 14:10,XRP,XRP,1.32295,0.756,0.378,0.378,0.378,1991594,0.00125,13.26
2026-09-02 14:10,AVAX,AVAX,7.113300000000001,0.843,0.422,0.562,0.562,52267,-0.000146,9.84
2026-09-02 14:10,LINK,LINK,11.006499999999999,0.909,0.454,0.454,1.363,229952,0.00125,13.41
2026-09-02 14:10,LTC,LTC,48.7885,0.205,0.102,1.127,1.332,46064,0.00125,12.7
2026-09-02 14:10,ADA,ADA,0.19472499999999998,0.514,0.257,0.257,0.77,141353,0.00125,13.01
2026-09-02 14:10,DOT,DOT,0.84065,0.952,0.476,0.714,0.714,30451,0.00125,13.45
2026-09-02 14:10,UNI,UNI,5.786099999999999,2.074,1.037,1.21,1.21,30324,0.00125,14.57
2026-09-02 14:10,AAVE,AAVE,126.465,3.954,1.977,1.977,1.977,185698,0.00125,16.45
2026-09-02 14:10,ARB,ARB,0.108165,2.774,1.387,1.387,1.387,98829,0.00125,15.27
2026-09-02 14:10,POL,POL,0.091373,3.064,1.532,1.532,1.532,11964,0.00125,15.56
2026-09-02 14:10,RENDER,RENDER,1.39535,2.15,1.075,4.658,6.808,22781,0.00125,14.65
2026-09-02 14:10,DOGE,DOGE,0.0810975,0.123,0.062,0.678,1.295,124747,0.00125,12.62
2026-09-02 14:10,SHIB,kSHIB,0.005117,3.909,1.954,3.909,5.863,141778,0.00125,16.41
2026-09-02 14:10,PEPE,kPEPE,0.0034055,2.936,1.468,1.468,1.468,896464,0.000147,12.35
2026-09-02 14:10,WIF,WIF,0.19415,2.06,1.03,2.06,2.575,27474,0.00125,14.56
2026-09-02 14:10,BONK,kBONK,0.0029265000000000003,3.417,1.709,5.126,5.126,199409,0.00125,15.92
2026-09-02 14:10,TRUMP,TRUMP,2.19315,0.456,0.228,1.14,1.14,100597,-0.000413,9.46
2026-09-02 14:15,BTC,BTC,76884.5,0.13,0.065,0.065,0.065,6694796,0.00125,12.63
2026-09-02 14:15,ETH,ETH,2384.6499999999996,0.419,0.21,0.21,0.21,8767822,0.00125,12.92
2026-09-02 14:15,SOL,SOL,98.1455,0.102,0.051,0.051,0.051,610087,0.00125,12.6
2026-09-02 14:15,XRP,XRP,1.3259500000000002,0.754,1.131,1.131,1.131,1895491,0.00125,14.76
2026-09-02 14:15,AVAX,AVAX,7.1232500000000005,1.263,0.632,0.632,1.334,44897,0.000113,10.58
2026-09-02 14:15,LINK,LINK,11.036000000000001,1.812,0.906,0.906,0.906,359664,0.00125,14.31
2026-09-02 14:15,LTC,LTC,48.9135,1.431,0.716,0.92,0.92,51146,0.00125,13.93
2026-09-02 14:15,ADA,ADA,0.194975,0.513,0.256,0.256,0.256,200956,0.00125,13.01
2026-09-02 14:15,DOT,DOT,0.84291,1.186,0.593,1.424,2.135,27313,0.00125,13.69
2026-09-02 14:15,UNI,UNI,5.83995,1.541,2.14,2.14,4.366,55895,0.00125,16.78
2026-09-02 14:15,AAVE,AAVE,126.63499999999999,0.79,0.395,0.395,0.395,178587,0.00125,13.29
2026-09-02 14:15,ARB,ARB,0.10881,5.514,2.757,2.757,4.595,84411,0.00125,18.01
2026-09-02 14:15,POL,POL,0.0913745,1.642,1.587,2.681,2.791,8254,0.00125,15.67
2026-09-02 14:15,RENDER,RENDER,1.3991500000000001,6.432,3.216,3.931,4.646,20366,0.00125,18.93
2026-09-02 14:15,DOGE,DOGE,0.0811675,0.123,0.062,0.185,0.185,217037,0.00125,12.62
2026-09-02 14:15,SHIB,kSHIB,0.005117,3.909,1.954,1.954,3.909,164350,0.00125,16.41
2026-09-02 14:15,PEPE,kPEPE,0.0034075,2.935,1.467,1.467,1.467,824005,0.000515,13.38
2026-09-02 14:15,WIF,WIF,0.19445,3.086,1.543,2.571,4.628,19926,0.00125,15.59
2026-09-02 14:15,BONK,kBONK,0.0029255,3.418,1.709,5.127,5.127,195867,0.00125,15.92
2026-09-02 14:15,TRUMP,TRUMP,2.20205,1.362,1.589,2.498,2.498,73117,0.000235,12.84
2026-09-02 14:20,BTC,BTC,76843.5,0.13,0.846,0.846,0.846,1392002,0.00125,14.19
2026-09-02 14:20,ETH,ETH,2384.95,0.419,0.21,0.21,0.21,7185795,0.00125,12.92
2026-09-02 14:20,SOL,SOL,98.0295,0.102,0.051,0.051,0.051,416229,0.00125,12.6
2026-09-02 14:20,XRP,XRP,1.32485,0.755,0.377,0.377,0.377,2041327,0.00125,13.25
2026-09-02 14:20,AVAX,AVAX,7.11735,0.984,0.492,0.492,0.492,106228,-8.3e-05,9.98
2026-09-02 14:20,LINK,LINK,11.0225,0.907,0.454,1.361,1.361,255474,0.00125,13.41
2026-09-02 14:20,LTC,LTC,48.818,1.229,0.615,0.819,0.819,87258,0.00125,13.73
2026-09-02 14:20,ADA,ADA,0.194675,1.541,0.771,0.771,1.284,197663,0.00125,14.04
2026-09-02 14:20,DOT,DOT,0.8435250000000001,2.252,1.126,1.956,1.956,40057,0.00125,14.75
2026-09-02 14:20,UNI,UNI,5.8434,2.396,1.198,1.882,1.882,55531,0.00125,14.9
2026-09-02 14:20,AAVE,AAVE,126.795,2.366,1.972,1.972,1.972,123974,0.00125,16.44
2026-09-02 14:20,ARB,ARB,0.108395,2.768,3.229,3.229,4.151,126492,0.00125,18.96
2026-09-02 14:20,POL,POL,0.0912095,2.96,1.48,1.48,1.48,12953,0.00125,15.46
2026-09-02 14:20,RENDER,RENDER,1.40205,7.846,4.636,5.349,6.063,19445,0.00125,21.77
2026-09-02 14:20,DOGE,DOGE,0.081181,3.203,1.601,1.601,5.297,190671,0.00125,15.7
2026-09-02 14:20,SHIB,kSHIB,0.0051225,1.952,0.976,6.833,8.785,106806,0.00125,14.45
2026-09-02 14:20,PEPE,kPEPE,0.0034105,2.932,1.466,1.466,1.466,639447,0.000469,13.25
2026-09-02 14:20,WIF,WIF,0.19476,3.081,1.54,1.54,2.567,35251,0.00125,15.58
2026-09-02 14:20,BONK,kBONK,0.0029295,3.414,1.707,5.12,5.12,192413,0.00125,15.91
2026-09-02 14:20,TRUMP,TRUMP,2.2018000000000004,0.908,0.454,0.454,1.817,105821,0.000514,11.35
2026-09-02 14:25,BTC,BTC,77019.5,0.13,0.065,0.065,0.065,1634941,0.00125,12.63
2026-09-02 14:25,ETH,ETH,2388.3500000000004,0.419,0.209,0.209,0.209,7758067,0.00125,12.92
2026-09-02 14:25,SOL,SOL,98.3295,0.102,0.051,0.051,0.051,308075,0.00125,12.6
2026-09-02 14:25,XRP,XRP,1.3299500000000002,0.752,0.376,0.376,0.376,2005230,0.00125,13.25
2026-09-02 14:25,AVAX,AVAX,7.1278500000000005,1.543,0.772,0.912,0.912,72927,-0.00011,10.54
2026-09-02 14:25,LINK,LINK,11.061499999999999,0.904,3.164,3.164,4.068,224083,0.00125,18.83
2026-09-02 14:25,LTC,LTC,48.8945,0.205,0.102,0.716,1.534,46443,0.00125,12.7
2026-09-02 14:25,ADA,ADA,0.19518000000000002,1.025,0.512,0.512,0.512,173049,0.00125,13.52
2026-09-02 14:25,DOT,DOT,0.84866,2.121,1.06,1.06,1.06,20744,0.00125,14.62
2026-09-02 14:25,UNI,UNI,5.87335,1.532,2.299,2.469,2.809,38565,0.00125,17.1
2026-09-02 14:25,AAVE,AAVE,127.37,1.57,1.57,1.57,1.57,239552,0.00125,15.64
2026-09-02 14:25,ARB,ARB,0.10853,1.843,0.921,1.843,3.686,81580,0.00125,14.34
2026-09-02 14:25,POL,POL,0.0911215,1.646,1.591,2.03,2.908,8325,0.00125,15.68
2026-09-02 14:25,RENDER,RENDER,1.4072,5.685,2.843,2.843,5.685,23296,0.00125,18.19
2026-09-02 14:25,DOGE,DOGE,0.0812715,0.123,0.062,0.185,0.185,124891,0.00125,12.62
2026-09-02 14:25,SHIB,kSHIB,0.005138,3.893,1.946,3.893,3.893,166296,0.00125,16.39
2026-09-02 14:25,PEPE,kPEPE,0.0034165000000000003,2.927,1.463,1.463,1.463,988463,0.000704,13.9
2026-09-02 14:25,WIF,WIF,0.19567,3.066,1.533,1.533,1.533,20299,0.00125,15.57
2026-09-02 14:25,BONK,kBONK,0.0029385,3.403,1.702,5.105,5.105,202226,0.00125,15.9
2026-09-02 14:25,TRUMP,TRUMP,2.22025,0.45,0.225,0.225,1.126,175434,0.00125,12.95
2026-09-02 14:30,BTC,BTC,76994.5,0.13,0.065,0.065,0.065,9248371,0.00125,12.63
2026-09-02 14:30,ETH,ETH,2387.1499999999996,0.419,0.209,0.209,0.209,11775781,0.00125,12.92
2026-09-02 14:30,SOL,SOL,98.29050000000001,0.102,0.051,0.051,0.051,1243056,0.001132,12.27
2026-09-02 14:30,XRP,XRP,1.3293499999999998,0.752,0.376,0.376,0.376,2071831,0.00125,13.25
2026-09-02 14:30,AVAX,AVAX,7.12505,2.105,1.053,1.193,1.193,23212,-0.000249,11.11
2026-09-02 14:30,LINK,LINK,11.061499999999999,0.904,0.452,0.452,0.452,386990,0.00125,13.4
2026-09-02 14:30,LTC,LTC,48.847,1.228,0.614,0.819,0.819,48500,0.00125,13.73
2026-09-02 14:30,ADA,ADA,0.19507000000000002,1.025,0.513,0.513,0.513,131782,0.00125,13.53
2026-09-02 14:30,DOT,DOT,0.8473999999999999,4.248,2.124,2.124,2.124,32557,0.00125,16.75
2026-09-02 14:30,UNI,UNI,5.8633500000000005,1.194,0.597,0.767,1.62,27408,0.00125,13.69
2026-09-02 14:30,AAVE,AAVE,127.1,3.147,2.36,3.147,3.934,89543,0.00125,17.22
2026-09-02 14:30,ARB,ARB,0.10838500000000001,0.923,0.461,0.461,2.307,73617,0.00125,13.42
2026-09-02 14:30,POL,POL,0.09071699999999999,1.323,0.661,1.543,4.189,4177,0.00125,13.82
2026-09-02 14:30,RENDER,RENDER,1.40705,6.396,3.198,3.909,6.041,20636,0.00125,18.9
2026-09-02 14:30,DOGE,DOGE,0.0814145,0.614,0.307,0.921,0.921,143174,0.00125,13.11
2026-09-02 14:30,SHIB,kSHIB,0.005135,3.895,1.947,1.947,1.947,171529,0.00125,16.39
2026-09-02 14:30,PEPE,kPEPE,0.0034124999999999997,2.93,1.465,1.465,4.396,868386,0.000913,14.49
2026-09-02 14:30,WIF,WIF,0.195215,2.561,1.281,1.281,2.817,19052,0.00125,15.06
2026-09-02 14:30,BONK,kBONK,0.002929,6.828,3.414,6.828,6.828,201419,0.00125,19.33
2026-09-02 14:30,TRUMP,TRUMP,2.21135,0.452,0.226,0.226,3.392,165236,0.00125,12.95
2026-09-02 14:35,BTC,BTC,76913.5,0.13,0.065,0.065,0.065,1732670,0.00125,12.63
2026-09-02 14:35,ETH,ETH,2385.25,0.419,0.21,0.21,0.21,10587797,0.00125,12.92
2026-09-02 14:35,SOL,SOL,98.0565,0.102,0.051,0.051,0.051,476468,0.001078,12.12
2026-09-02 14:35,XRP,XRP,1.3266499999999999,0.754,0.377,0.377,0.377,2095305,0.00125,13.25
2026-09-02 14:35,AVAX,AVAX,7.11735,0.984,0.492,0.492,0.492,85412,-0.000372,9.98
2026-09-02 14:35,LINK,LINK,11.0515,0.905,0.452,0.452,0.452,368237,0.00125,13.4
2026-09-02 14:35,LTC,LTC,48.7805,0.205,0.102,0.717,1.332,44776,0.00125,12.7
2026-09-02 14:35,ADA,ADA,0.194955,0.513,0.256,0.256,0.256,125543,0.00125,13.01
2026-09-02 14:35,DOT,DOT,0.846685,0.354,0.177,0.177,0.177,71342,0.00125,12.85
2026-09-02 14:35,UNI,UNI,5.8667,1.023,0.511,1.364,3.239,39193,0.00125,13.52
2026-09-02 14:35,AAVE,AAVE,127.115,2.36,1.18,1.18,1.967,156770,0.00125,14.86
2026-09-02 14:35,ARB,ARB,0.1086,1.842,0.921,0.921,2.762,108666,0.00125,14.34
2026-09-02 14:35,POL,POL,0.09057799999999999,1.546,0.773,0.883,2.318,10572,0.000224,11.17
2026-09-02 14:35,RENDER,RENDER,1.4055,7.115,3.557,4.269,6.403,24528,0.00125,19.61
2026-09-02 14:35,DOGE,DOGE,0.0812725,0.123,0.062,0.062,0.062,128817,0.00125,12.62
2026-09-02 14:35,SHIB,kSHIB,0.0051335,1.948,0.974,2.922,2.922,152202,0.00125,14.45
2026-09-02 14:35,PEPE,kPEPE,0.0034095,2.933,1.466,1.466,1.466,878339,0.000848,14.31
2026-09-02 14:35,WIF,WIF,0.19492500000000001,2.565,1.283,1.796,2.309,16732,0.00125,15.07
2026-09-02 14:35,BONK,kBONK,0.0029265000000000003,3.417,1.709,1.709,1.709,215219,0.00125,15.92
2026-09-02 14:35,TRUMP,TRUMP,2.2093499999999997,0.453,0.679,0.679,2.037,73863,0.00125,13.86
2026-09-02 14:40,BTC,BTC,76822.5,0.13,0.065,0.065,0.065,1614341,0.00125,12.63
2026-09-02 14:40,ETH,ETH,2382.8500000000004,0.42,0.21,0.21,0.21,7267326,0.00125,12.92
2026-09-02 14:40,SOL,SOL,97.88550000000001,0.102,0.255,0.255,0.255,259088,0.001,12.31
2026-09-02 14:40,XRP,XRP,1.32415,0.755,0.378,0.378,0.378,2077344,0.00125,13.26
2026-09-02 14:40,AVAX,AVAX,7.10965,0.985,1.055,1.055,1.196,52910,-0.000534,11.11
2026-09-02 14:40,LINK,LINK,11.027999999999999,1.814,0.907,0.907,0.907,435996,0.00125,14.31
2026-09-02 14:40,LTC,LTC,48.7325,0.205,2.36,2.36,2.565,53480,0.00125,17.22
2026-09-02 14:40,ADA,ADA,0.194535,0.514,0.257,0.257,0.257,144957,0.00125,13.01
2026-09-02 14:40,DOT,DOT,0.84615,2.364,1.182,1.182,1.182,25490,0.00125,14.86
2026-09-02 14:40,UNI,UNI,5.855,1.708,0.854,1.025,1.025,31493,0.00125,14.21
2026-09-02 14:40,AAVE,AAVE,126.94999999999999,1.575,0.788,0.788,0.788,199277,0.00125,14.08
2026-09-02 14:40,ARB,ARB,0.108765,0.919,0.46,0.46,1.379,88160,0.00125,13.42
2026-09-02 14:40,POL,POL,0.09031549999999999,1.661,1.384,1.384,2.823,4092,-0.000366,11.77
2026-09-02 14:40,RENDER,RENDER,1.4052,5.693,2.847,3.558,6.405,33554,0.00125,18.19
2026-09-02 14:40,DOGE,DOGE,0.0811715,0.123,0.062,0.062,0.185,197026,0.00125,12.62
2026-09-02 14:40,SHIB,kSHIB,0.0051205,1.953,2.929,2.929,2.929,160236,0.00125,18.36
2026-09-02 14:40,PEPE,kPEPE,0.0034055,2.936,1.468,1.468,1.468,880653,0.000813,14.21
2026-09-02 14:40,WIF,WIF,0.194515,1.542,0.771,0.771,2.313,24693,0.00125,14.04
2026-09-02 14:40,BONK,kBONK,0.002921,6.847,3.423,3.423,3.423,219673,0.00125,19.35
2026-09-02 14:40,TRUMP,TRUMP,2.1965500000000002,3.187,1.593,1.593,1.593,109882,0.00125,15.69
2026-09-02 14:45,BTC,BTC,76777.5,0.13,0.065,0.065,0.065,2026896,0.00125,12.63
2026-09-02 14:45,ETH,ETH,2380.25,0.42,0.21,0.21,0.21,6114008,0.00125,12.92
2026-09-02 14:45,SOL,SOL,97.8135,0.102,0.767,0.767,0.767,282353,0.001017,13.38
2026-09-02 14:45,XRP,XRP,1.3219500000000002,0.756,0.378,0.378,0.378,2014037,0.00125,13.26
2026-09-02 14:45,AVAX,AVAX,7.106199999999999,0.563,0.281,0.422,0.422,59775,-0.000665,9.56
2026-09-02 14:45,LINK,LINK,11.0115,0.908,0.454,0.454,0.454,319878,0.00125,13.41
2026-09-02 14:45,LTC,LTC,48.721000000000004,1.232,0.616,0.821,1.026,50577,0.00125,13.73
2026-09-02 14:45,ADA,ADA,0.19450499999999998,1.542,0.771,1.285,1.285,108238,0.00125,14.04
2026-09-02 14:45,DOT,DOT,0.8426899999999999,2.136,1.068,1.187,1.187,25466,0.00125,14.64
2026-09-02 14:45,UNI,UNI,5.84695,2.907,1.796,1.796,4.532,45930,0.00125,16.09
2026-09-02 14:45,AAVE,AAVE,126.715,0.789,0.395,1.184,1.973,139029,0.00125,13.29
2026-09-02 14:45,ARB,ARB,0.108795,4.596,3.217,3.217,3.217,111365,0.00125,18.93
2026-09-02 14:45,POL,POL,0.0904465,3.206,2.267,2.267,2.93,4091,-0.000577,13.53
2026-09-02 14:45,RENDER,RENDER,1.40015,3.571,1.786,2.5,3.928,20512,0.00125,16.07
2026-09-02 14:45,DOGE,DOGE,0.08110149999999999,0.123,0.062,0.062,1.171,180922,0.00125,12.62
2026-09-02 14:45,SHIB,kSHIB,0.005117,3.909,1.954,1.954,1.954,166199,0.00125,16.41
2026-09-02 14:45,PEPE,kPEPE,0.0034015,2.94,1.47,1.47,1.47,726496,0.000826,14.25
2026-09-02 14:45,WIF,WIF,0.19424,2.059,1.03,1.544,2.059,18405,0.00125,14.56
2026-09-02 14:45,BONK,kBONK,0.0029185,3.426,1.713,5.14,5.14,238354,0.00125,15.93
2026-09-02 14:45,TRUMP,TRUMP,2.18855,0.457,0.228,0.685,1.142,102112,0.00125,12.96
2026-09-02 14:50,BTC,BTC,76735.5,0.13,0.065,0.065,0.065,2196201,0.00125,12.63
2026-09-02 14:50,ETH,ETH,2379.25,0.42,0.21,0.21,0.21,7803913,0.00125,12.92
2026-09-02 14:50,SOL,SOL,97.7145,0.102,0.051,0.051,0.051,320268,0.000974,11.83
2026-09-02 14:50,XRP,XRP,1.32065,0.757,0.379,0.379,0.379,1996156,0.00125,13.26
2026-09-02 14:50,AVAX,AVAX,7.10145,0.422,0.211,0.352,0.352,43578,-0.000829,9.42
2026-09-02 14:50,LINK,LINK,11.0015,0.909,0.454,0.454,0.454,308397,0.00125,13.41
2026-09-02 14:50,LTC,LTC,48.7305,0.616,0.308,0.513,0.923,48397,0.00125,13.12
2026-09-02 14:50,ADA,ADA,0.19437500000000002,1.543,0.772,1.286,1.286,130067,0.001244,14.03
2026-09-02 14:50,DOT,DOT,0.840925,2.022,1.011,1.13,1.13,32715,0.00125,14.52
2026-09-02 14:50,UNI,UNI,5.8356,2.742,1.371,1.371,1.714,30940,0.00125,15.24
2026-09-02 14:50,AAVE,AAVE,126.625,0.79,0.395,1.185,1.974,153168,0.00125,13.29
2026-09-02 14:50,ARB,ARB,0.10876,1.839,0.919,0.919,0.919,197776,0.00125,14.34
2026-09-02 14:50,POL,POL,0.09034500000000001,2.435,1.218,1.328,2.767,7504,-0.000874,11.44
2026-09-02 14:50,RENDER,RENDER,1.3973499999999999,2.147,1.073,1.073,2.505,31545,0.00125,14.65
2026-09-02 14:50,DOGE,DOGE,0.0809865,0.123,0.062,1.05,1.79,210922,0.00125,12.62
2026-09-02 14:50,SHIB,kSHIB,0.005109,3.915,1.957,3.915,3.915,156071,0.00125,16.41
2026-09-02 14:50,PEPE,kPEPE,0.0033965,2.944,1.472,1.472,1.472,726311,0.000932,14.55
2026-09-02 14:50,WIF,WIF,0.19388,1.032,0.516,1.032,2.579,15593,0.00125,13.53
2026-09-02 14:50,BONK,kBONK,0.0029135,3.432,1.716,1.716,1.716,214508,0.00125,15.93
2026-09-02 14:50,TRUMP,TRUMP,2.1900500000000003,0.457,0.228,0.228,0.228,87116,0.00125,12.96
2026-09-02 14:55,BTC,BTC,76732.5,0.13,0.065,0.065,0.065,3915822,0.00125,12.63
2026-09-02 14:55,ETH,ETH,2378.75,0.42,0.21,0.21,0.21,8224245,0.00125,12.92
2026-09-02 14:55,SOL,SOL,97.6635,0.102,0.051,0.051,0.051,465130,0.000908,11.65
2026-09-02 14:55,XRP,XRP,1.31875,0.758,0.379,0.379,0.379,2116499,0.00125,13.26
2026-09-02 14:55,AVAX,AVAX,7.09205,0.141,0.071,0.071,0.071,93802,-0.000956,9.14
2026-09-02 14:55,LINK,LINK,10.9905,0.91,0.455,0.455,0.455,229153,0.00125,13.41
2026-09-02 14:55,LTC,LTC,48.7445,0.615,0.308,0.513,0.513,52862,0.00125,13.12
2026-09-02 14:55,ADA,ADA,0.194,1.031,0.515,0.515,0.515,130188,0.001051,12.97
2026-09-02 14:55,DOT,DOT,0.839395,2.264,1.132,1.251,1.251,26285,0.00125,14.76
2026-09-02 14:55,UNI,UNI,5.80895,1.549,0.775,0.775,1.291,31882,0.00125,14.05
2026-09-02 14:55,AAVE,AAVE,126.22999999999999,1.584,1.584,1.584,1.584,108521,0.00125,15.67
2026-09-02 14:55,ARB,ARB,0.10853499999999999,0.921,0.461,1.382,1.382,107495,0.00125,13.42
2026-09-02 14:55,POL,POL,0.090335,2.435,1.771,1.771,2.657,4182,-0.001143,12.54
2026-09-02 14:55,RENDER,RENDER,1.3948,5.736,2.868,4.302,5.736,16276,0.00125,18.24
2026-09-02 14:55,DOGE,DOGE,0.0808025,0.124,0.062,0.062,0.062,263360,0.00125,12.62
2026-09-02 14:55,SHIB,kSHIB,0.0050995,1.961,2.941,2.941,4.902,160555,0.00125,18.38
2026-09-02 14:55,PEPE,kPEPE,0.0033855,2.954,1.477,1.477,1.477,749192,0.00098,14.7
2026-09-02 14:55,WIF,WIF,0.193335,2.586,1.293,2.328,2.845,15849,0.00125,15.09
2026-09-02 14:55,BONK,kBONK,0.002898,6.901,3.451,3.451,3.451,196212,0.00125,19.4
2026-09-02 14:55,TRUMP,TRUMP,2.1844,1.831,0.916,0.916,0.916,198287,0.00125,14.33
2026-09-02 15:00,BTC,BTC,76657.5,0.13,0.065,0.065,0.065,3399544,0.00125,12.63
2026-09-02 15:00,ETH,ETH,2379.6499999999996,0.42,0.21,0.21,0.21,7114445,0.00125,12.92
2026-09-02 15:00,SOL,SOL,97.7645,0.102,0.051,0.051,0.051,367375,0.00125,12.6
2026-09-02 15:00,XRP,XRP,1.31915,0.758,0.379,1.137,1.137,1994862,0.00125,13.26
2026-09-02 15:00,AVAX,AVAX,7.09815,0.704,0.352,0.916,1.057,51767,0.000309,10.57
2026-09-02 15:00,LINK,LINK,10.993,1.819,0.91,0.91,0.91,208125,0.00125,14.32
2026-09-02 15:00,LTC,LTC,48.7755,0.205,0.103,0.308,1.333,62082,0.00125,12.71
2026-09-02 15:00,ADA,ADA,0.194195,0.515,0.257,0.772,1.287,132338,0.001199,12.87
2026-09-02 15:00,DOT,DOT,0.84027,1.666,0.833,0.952,1.547,20326,0.00125,14.17
2026-09-02 15:00,UNI,UNI,5.82365,0.172,0.086,1.116,1.116,28364,0.00125,12.67
2026-09-02 15:00,AAVE,AAVE,126.25999999999999,1.584,0.792,0.792,1.584,112114,0.00125,14.08
2026-09-02 15:00,ARB,ARB,0.10888,1.837,0.918,1.837,1.837,111384,0.00125,14.34
2026-09-02 15:00,POL,POL,0.090542,2.43,1.215,1.325,2.651,6869,-0.002701,11.43
2026-09-02 15:00,RENDER,RENDER,1.3973499999999999,6.441,3.22,3.936,3.936,29630,0.00125,18.94
2026-09-02 15:00,DOGE,DOGE,0.0808895,0.124,0.062,0.062,0.062,153867,0.00125,12.62
2026-09-02 15:00,SHIB,kSHIB,0.0051045,1.959,2.939,4.898,4.898,169418,0.00125,18.38
2026-09-02 15:00,PEPE,kPEPE,0.0033885,2.951,1.476,1.476,1.476,908281,0.00125,15.45
2026-09-02 15:00,WIF,WIF,0.193885,2.579,1.289,3.353,4.384,38760,0.00125,15.08
2026-09-02 15:00,BONK,kBONK,0.0029115,3.435,1.717,1.717,1.717,215818,0.00125,15.93
2026-09-02 15:00,TRUMP,TRUMP,2.18485,1.373,0.687,0.687,1.144,113763,0.00125,13.87
2026-09-02 15:05,BTC,BTC,76825.5,0.13,0.716,1.237,1.237,1064803,0.00125,13.93
2026-09-02 15:05,ETH,ETH,2384.8500000000004,0.419,0.21,0.21,0.21,10225973,0.00125,12.92
2026-09-02 15:05,SOL,SOL,98.0715,0.102,0.051,0.051,0.051,202710,0.00125,12.6
2026-09-02 15:05,XRP,XRP,1.3232499999999998,0.756,0.378,0.378,0.378,2846447,0.00125,13.26
2026-09-02 15:05,AVAX,AVAX,7.114050000000001,1.546,0.773,0.914,0.914,37689,-0.001351,10.55
2026-09-02 15:05,LINK,LINK,11.0135,0.908,0.454,0.454,0.454,273038,0.00125,13.41
2026-09-02 15:05,LTC,LTC,48.900000000000006,0.818,0.409,0.818,1.84,47656,0.00125,13.32
2026-09-02 15:05,ADA,ADA,0.194745,1.54,0.77,0.77,0.77,126677,0.000731,12.59
2026-09-02 15:05,DOT,DOT,0.8451299999999999,2.13,1.065,1.065,1.065,25676,0.00125,14.63
2026-09-02 15:05,UNI,UNI,5.82405,0.172,0.086,2.146,2.146,28080,0.00125,12.67
2026-09-02 15:05,AAVE,AAVE,126.685,0.789,0.395,1.184,2.763,106462,0.00125,13.29
2026-09-02 15:05,ARB,ARB,0.109635,2.736,1.368,2.28,2.28,74620,0.00125,15.24
2026-09-02 15:05,POL,POL,0.0905885,2.318,1.159,1.269,2.815,5598,-0.002803,11.32
2026-09-02 15:05,RENDER,RENDER,1.40195,7.846,3.923,4.636,6.776,20225,0.00125,20.35
2026-09-02 15:05,DOGE,DOGE,0.0810445,0.123,0.062,0.062,0.062,148909,0.00125,12.62
2026-09-02 15:05,SHIB,kSHIB,0.005119500000000001,1.953,0.977,2.93,2.93,165331,0.00125,14.45
2026-09-02 15:05,PEPE,kPEPE,0.0034055,2.936,1.468,1.468,1.468,795164,0.00125,15.44
2026-09-02 15:05,WIF,WIF,0.195085,1.538,2.819,3.844,4.87,30545,0.00125,18.14
2026-09-02 15:05,BONK,kBONK,0.0029235,3.421,1.71,1.71,1.71,205263,0.00125,15.92
2026-09-02 15:05,TRUMP,TRUMP,2.19435,0.456,1.595,2.962,3.418,182213,0.00125,15.69
2026-09-02 15:10,BTC,BTC,76793.5,0.13,0.065,0.065,0.065,4266474,0.00125,12.63
2026-09-02 15:10,ETH,ETH,2383.95,0.419,0.21,0.21,0.21,7170333,0.00125,12.92
2026-09-02 15:10,SOL,SOL,97.9935,0.102,0.051,0.051,0.051,385834,0.00125,12.6
2026-09-02 15:10,XRP,XRP,1.3236500000000002,0.755,0.378,0.378,0.378,2859125,0.00125,13.26
2026-09-02 15:10,AVAX,AVAX,7.10865,1.266,0.633,0.774,0.774,72188,-0.001777,10.27
2026-09-02 15:10,LINK,LINK,11.0085,0.908,2.271,3.179,3.179,405764,0.00125,17.04
2026-09-02 15:10,LTC,LTC,48.893,1.636,1.023,1.023,1.023,59165,0.00125,14.55
2026-09-02 15:10,ADA,ADA,0.194475,2.571,1.286,1.286,1.286,145973,0.000571,13.17
2026-09-02 15:10,DOT,DOT,0.84349,1.66,0.83,0.948,0.948,24707,0.00125,14.16
2026-09-02 15:10,UNI,UNI,5.809200000000001,1.721,0.861,0.861,1.205,28678,0.00125,14.22
2026-09-02 15:10,AAVE,AAVE,126.53,1.581,0.79,1.581,1.581,104564,0.00125,14.08
2026-09-02 15:10,ARB,ARB,0.110055,0.909,0.454,1.363,3.18,74168,0.00125,13.41
2026-09-02 15:10,POL,POL,0.090572,3.091,1.546,1.546,2.429,9924,-0.002094,12.09
2026-09-02 15:10,RENDER,RENDER,1.4013,7.136,3.568,4.282,4.995,16229,0.00125,19.64
2026-09-02 15:10,DOGE,DOGE,0.0809655,0.124,0.062,0.062,0.062,229235,0.000864,11.54
2026-09-02 15:10,SHIB,kSHIB,0.0051225,1.952,2.928,2.928,2.928,172965,0.00125,18.36
2026-09-02 15:10,PEPE,kPEPE,0.0033965,2.944,1.472,1.472,1.472,899421,0.00125,15.44
2026-09-02 15:10,WIF,WIF,0.19446999999999998,1.028,0.514,1.028,2.057,15816,0.00125,13.53
2026-09-02 15:10,BONK,kBONK,0.0029175,3.428,1.714,1.714,1.714,216230,0.00125,15.93
2026-09-02 15:10,TRUMP,TRUMP,2.1969000000000003,0.91,0.91,0.91,1.821,103193,0.00125,14.32
2026-09-02 15:15,BTC,BTC,76742.5,0.13,0.065,0.065,0.065,4334487,0.00125,12.63
2026-09-02 15:15,ETH,ETH,2382.1499999999996,0.42,0.21,0.21,0.21,7267447,0.00125,12.92
2026-09-02 15:15,SOL,SOL,97.90350000000001,0.102,0.051,0.051,0.051,299732,0.00125,12.6
2026-09-02 15:15,XRP,XRP,1.32155,0.757,0.378,0.378,0.378,2134590,0.00125,13.26
2026-09-02 15:15,AVAX,AVAX,7.10155,0.986,0.493,0.634,0.634,58616,-0.002026,9.99
2026-09-02 15:15,LINK,LINK,11.0135,0.908,0.454,0.454,0.454,437617,0.00125,13.41
2026-09-02 15:15,LTC,LTC,48.8885,0.205,0.102,0.307,0.511,53620,0.00125,12.7
2026-09-02 15:15,ADA,ADA,0.19405,1.031,0.515,1.031,1.031,140473,-4.6e-05,10.03
2026-09-02 15:15,DOT,DOT,0.84181,0.95,0.475,1.307,1.663,18948,0.00125,13.45
2026-09-02 15:15,UNI,UNI,5.79695,0.173,0.086,3.364,3.364,53508,0.00125,12.67
2026-09-02 15:15,AAVE,AAVE,126.215,0.792,0.396,1.188,1.981,103865,0.00125,13.29
2026-09-02 15:15,ARB,ARB,0.10980000000000001,1.821,0.911,1.821,1.821,111583,0.00125,14.32
2026-09-02 15:15,POL,POL,0.090588,3.312,2.097,2.097,2.981,8777,-0.001863,13.19
2026-09-02 15:15,RENDER,RENDER,1.40025,4.999,2.5,3.214,3.214,37126,0.00125,17.5
2026-09-02 15:15,DOGE,DOGE,0.0808725,0.124,0.062,0.062,0.062,122825,0.000694,11.07
2026-09-02 15:15,SHIB,kSHIB,0.005121499999999999,1.953,2.929,4.881,4.881,165403,0.00125,18.36
2026-09-02 15:15,PEPE,kPEPE,0.0033895,2.95,1.475,1.475,1.475,940181,0.00125,15.45
2026-09-02 15:15,WIF,WIF,0.19431500000000002,2.573,1.287,1.801,2.83,40543,0.00125,15.07
2026-09-02 15:15,BONK,kBONK,0.0029100000000000003,6.873,3.436,3.436,3.436,219498,0.00125,19.37
2026-09-02 15:15,TRUMP,TRUMP,2.194,0.912,0.456,0.456,2.279,107616,0.00125,13.41
2026-09-02 15:20,BTC,BTC,76815.5,0.13,0.065,0.065,0.065,2662415,0.00125,12.63
2026-09-02 15:20,ETH,ETH,2386.6499999999996,0.419,0.209,0.209,0.209,6594346,0.00125,12.92
2026-09-02 15:20,SOL,SOL,98.1285,0.102,0.051,0.051,0.051,317359,0.00125,12.6
2026-09-02 15:20,XRP,XRP,1.3242500000000001,0.755,0.378,0.378,0.378,2142771,0.00125,13.26
2026-09-02 15:20,AVAX,AVAX,7.116350000000001,0.422,0.211,0.351,0.351,40745,-0.001951,9.42
2026-09-02 15:20,LINK,LINK,11.034500000000001,0.906,0.453,0.453,0.453,237235,0.00125,13.41
2026-09-02 15:20,LTC,LTC,48.936,0.817,0.409,0.613,0.613,37020,0.00125,13.32
2026-09-02 15:20,ADA,ADA,0.194435,0.514,0.257,0.257,0.257,97197,-0.000426,9.51
2026-09-02 15:20,DOT,DOT,0.84257,2.136,1.068,1.187,1.899,23073,0.00125,14.64
2026-09-02 15:20,UNI,UNI,5.81935,1.203,0.601,0.601,0.601,63243,0.00125,13.7
2026-09-02 15:20,AAVE,AAVE,126.485,0.791,0.395,1.977,2.767,84449,0.00125,13.29
2026-09-02 15:20,ARB,ARB,0.11002500000000001,0.909,0.454,0.454,0.454,205407,0.00125,13.41
2026-09-02 15:20,POL,POL,0.09089349999999999,1.87,1.595,2.916,3.576,4657,-0.00152,12.19
2026-09-02 15:20,RENDER,RENDER,1.4021,5.706,2.853,4.279,4.993,21863,0.00125,18.21
2026-09-02 15:20,DOGE,DOGE,0.0809915,0.123,0.062,0.062,0.062,163124,0.000673,11.01
2026-09-02 15:20,SHIB,kSHIB,0.005127,3.901,3.901,5.851,5.851,169048,0.00125,20.3
2026-09-02 15:20,PEPE,kPEPE,0.0033965,2.944,1.472,1.472,1.472,835625,0.00125,15.44
2026-09-02 15:20,WIF,WIF,0.194845,2.566,1.283,1.796,2.31,16577,0.00125,15.07
2026-09-02 15:20,BONK,kBONK,0.0029119999999999997,6.868,3.434,3.434,3.434,199813,0.00125,19.37
2026-09-02 15:20,TRUMP,TRUMP,2.20005,1.364,0.682,0.682,0.682,143332,0.00125,13.86
2026-09-02 15:25,BTC,BTC,76791.5,0.13,0.065,0.065,0.065,1255282,0.00125,12.63
2026-09-02 15:25,ETH,ETH,2388.6499999999996,0.419,0.209,0.209,0.209,8423290,0.00125,12.92
2026-09-02 15:25,SOL,SOL,98.1985,0.102,0.051,0.051,0.051,168563,0.00125,12.6
2026-09-02 15:25,XRP,XRP,1.32455,0.755,1.887,1.887,1.887,1969486,0.00125,16.27
2026-09-02 15:25,AVAX,AVAX,7.1182,0.281,0.14,0.281,0.281,71061,-0.002062,9.28
2026-09-02 15:25,LINK,LINK,11.0425,0.906,0.453,0.453,0.453,280921,0.00125,13.41
2026-09-02 15:25,LTC,LTC,48.946,0.817,0.409,0.409,0.613,50738,0.00125,13.32
2026-09-02 15:25,ADA,ADA,0.19421,1.03,0.515,1.03,1.03,200931,-0.000554,10.03
2026-09-02 15:25,DOT,DOT,0.8410150000000001,1.07,0.535,0.654,1.486,18173,0.00125,13.57
2026-09-02 15:25,UNI,UNI,5.834849999999999,1.885,0.943,0.943,0.943,48976,0.00125,14.39
2026-09-02 15:25,AAVE,AAVE,126.705,0.789,0.395,0.395,1.184,92559,0.00125,13.29
2026-09-02 15:25,ARB,ARB,0.10972499999999999,0.911,0.456,1.367,2.278,68241,0.00125,13.41
2026-09-02 15:25,POL,POL,0.0908275,2.973,1.486,2.477,2.808,5531,-0.002068,11.97
2026-09-02 15:25,RENDER,RENDER,1.4034,5.7,2.85,3.563,3.563,31500,0.00125,18.2
2026-09-02 15:25,DOGE,DOGE,0.0809405,0.124,0.062,0.062,0.062,108339,0.000669,11.0
2026-09-02 15:25,SHIB,kSHIB,0.0051185,1.954,2.931,4.884,4.884,171938,0.00125,18.36
2026-09-02 15:25,PEPE,kPEPE,0.0033975,2.943,1.472,1.472,1.472,864490,0.00125,15.44
2026-09-02 15:25,WIF,WIF,0.19498,2.051,1.026,1.539,3.077,32316,0.00125,14.55
2026-09-02 15:25,BONK,kBONK,0.0029170000000000003,6.856,3.428,3.428,3.428,251722,0.00125,19.36
2026-09-02 15:25,TRUMP,TRUMP,2.2016,0.908,0.454,1.363,1.817,68651,0.00125,13.41
2026-09-02 15:30,BTC,BTC,76823.5,0.13,0.065,0.065,0.065,6243287,0.00125,12.63
2026-09-02 15:30,ETH,ETH,2385.95,0.419,0.21,0.21,0.21,13827434,0.00125,12.92
2026-09-02 15:30,SOL,SOL,98.2505,0.102,0.865,0.865,0.865,258064,0.00125,14.23
2026-09-02 15:30,XRP,XRP,1.32525,2.264,1.132,1.886,1.886,2901932,0.00125,14.76
2026-09-02 15:30,AVAX,AVAX,7.1152,2.249,1.124,1.124,1.124,116811,-0.002135,11.25
2026-09-02 15:30,LINK,LINK,11.0445,0.905,0.453,3.169,3.169,408577,0.00125,13.41
2026-09-02 15:30,LTC,LTC,48.808,0.82,0.41,1.229,2.049,35190,0.00125,13.32
2026-09-02 15:30,ADA,ADA,0.194165,0.515,0.258,0.258,0.773,156711,-0.000275,9.52
2026-09-02 15:30,DOT,DOT,0.8403149999999999,2.499,1.25,1.369,2.202,27712,0.00125,15.0
2026-09-02 15:30,UNI,UNI,5.80485,1.895,0.947,0.947,0.947,27859,0.00125,14.39
2026-09-02 15:30,AAVE,AAVE,126.525,0.79,0.395,0.395,1.186,82130,0.00125,13.29
2026-09-02 15:30,ARB,ARB,0.109805,0.911,0.455,1.366,2.277,80604,0.00125,13.41
2026-09-02 15:30,POL,POL,0.0906845,2.757,2.15,2.702,3.363,5106,-0.002359,13.3
2026-09-02 15:30,RENDER,RENDER,1.4013,7.136,3.568,3.568,4.995,31656,0.00125,19.64
2026-09-02 15:30,DOGE,DOGE,0.0809955,0.864,0.432,0.432,0.556,144686,0.000966,12.57
2026-09-02 15:30,SHIB,kSHIB,0.0051140000000000005,3.911,3.911,3.911,3.911,141028,0.00125,20.32
2026-09-02 15:30,PEPE,kPEPE,0.0033925,2.948,1.474,1.474,1.474,1173905,0.00125,15.45
2026-09-02 15:30,WIF,WIF,0.19592500000000002,2.552,1.276,1.786,2.297,25067,0.00125,15.05
2026-09-02 15:30,BONK,kBONK,0.0029065000000000002,3.441,1.72,1.72,1.72,226851,0.00125,15.94
2026-09-02 15:30,TRUMP,TRUMP,2.20345,0.454,0.227,0.227,1.135,74348,0.00125,12.95
2026-09-02 15:35,BTC,BTC,76708.5,0.13,0.065,0.065,0.065,3542347,0.00125,12.63
2026-09-02 15:35,ETH,ETH,2384.05,0.419,0.21,0.21,0.21,10234712,0.00125,12.92
2026-09-02 15:35,SOL,SOL,98.2345,0.102,0.051,0.051,0.051,606985,0.00125,12.6
2026-09-02 15:35,XRP,XRP,1.3261500000000002,0.754,0.377,0.377,0.377,2079634,0.00125,13.25
2026-09-02 15:35,AVAX,AVAX,7.1068999999999996,1.688,0.844,0.844,1.548,50134,-0.002244,10.69
2026-09-02 15:35,LINK,LINK,11.026499999999999,0.907,0.453,0.453,0.453,232070,0.00125,13.41
2026-09-02 15:35,LTC,LTC,48.8575,1.023,0.512,0.512,0.716,46574,0.00125,13.52
2026-09-02 15:35,ADA,ADA,0.19381500000000002,1.548,0.774,0.774,1.29,166186,-0.000233,10.55
2026-09-02 15:35,DOT,DOT,0.83863,2.862,1.431,1.55,1.789,28090,0.00125,15.36
2026-09-02 15:35,UNI,UNI,5.79525,1.553,0.776,0.949,1.812,31587,0.00125,14.05
2026-09-02 15:35,AAVE,AAVE,126.275,0.792,0.396,2.772,2.772,62183,0.00125,13.29
2026-09-02 15:35,ARB,ARB,0.109055,0.917,0.458,0.458,0.458,105108,0.00125,13.42
2026-09-02 15:35,POL,POL,0.0906385,2.317,1.158,1.269,2.482,6775,-0.002516,11.32
2026-09-02 15:35,RENDER,RENDER,1.3993,7.146,3.573,4.288,5.003,21931,0.00125,19.65
2026-09-02 15:35,DOGE,DOGE,0.0809295,0.124,0.062,0.062,0.062,275934,0.00125,12.62
2026-09-02 15:35,SHIB,kSHIB,0.005105,3.918,1.959,3.918,3.918,174008,0.00125,16.42
2026-09-02 15:35,PEPE,kPEPE,0.00339,5.9,2.95,2.95,2.95,853053,0.00125,18.4
2026-09-02 15:35,WIF,WIF,0.194825,2.566,1.283,2.31,3.336,20710,0.00125,15.07
2026-09-02 15:35,BONK,kBONK,0.0028985,3.45,1.725,5.175,5.175,204110,0.00125,15.95
2026-09-02 15:35,TRUMP,TRUMP,2.1962,1.821,0.911,0.911,1.366,61833,0.00125,14.32
2026-09-02 15:40,BTC,BTC,76763.5,0.13,0.065,0.065,0.065,2722047,0.00125,12.63
2026-09-02 15:40,ETH,ETH,2384.45,0.419,0.21,0.21,0.21,7613008,0.00125,12.92
2026-09-02 15:40,SOL,SOL,98.2265,0.102,0.051,0.051,0.051,323662,0.00125,12.6
2026-09-02 15:40,XRP,XRP,1.3274,1.507,0.753,0.753,0.753,3218658,0.00125,14.01
2026-09-02 15:40,AVAX,AVAX,7.10735,0.141,0.07,0.07,0.07,91790,-0.002319,9.14
2026-09-02 15:40,LINK,LINK,11.026499999999999,0.907,1.36,1.36,1.36,252603,0.00125,15.22
2026-09-02 15:40,LTC,LTC,48.945,0.817,0.409,0.613,1.839,43271,0.00125,13.32
2026-09-02 15:40,ADA,ADA,0.194155,2.575,1.288,1.803,1.803,132292,-0.000241,11.58
2026-09-02 15:40,DOT,DOT,0.8407100000000001,1.665,0.833,0.833,0.833,16657,0.00125,14.17
2026-09-02 15:40,UNI,UNI,5.8185,1.375,0.687,1.375,1.375,30929,0.00125,13.87
2026-09-02 15:40,AAVE,AAVE,126.33,1.583,0.792,2.375,2.375,78266,0.00125,14.08
2026-09-02 15:40,ARB,ARB,0.10961499999999999,0.912,0.456,0.456,1.368,85697,0.00125,13.41
2026-09-02 15:40,POL,POL,0.090418,2.433,1.217,1.327,3.097,5609,-0.002693,11.43
2026-09-02 15:40,RENDER,RENDER,1.4022999999999999,2.852,3.566,5.705,6.418,31563,0.00125,19.63
2026-09-02 15:40,DOGE,DOGE,0.0808625,0.124,0.062,0.062,0.062,149799,0.00125,12.62
2026-09-02 15:40,SHIB,kSHIB,0.005105500000000001,1.959,2.938,4.897,4.897,181531,0.00125,18.38
2026-09-02 15:40,PEPE,kPEPE,0.0033895,2.95,1.475,1.475,1.475,890593,0.00125,15.45
2026-09-02 15:40,WIF,WIF,0.19508,2.05,1.025,2.563,3.588,16704,0.00125,14.55
2026-09-02 15:40,BONK,kBONK,0.0028910000000000003,6.918,3.459,3.459,3.459,209658,0.00125,19.42
2026-09-02 15:40,TRUMP,TRUMP,2.2007000000000003,0.909,0.454,0.454,0.454,83925,0.00125,13.41
2026-09-02 15:45,BTC,BTC,77399.5,0.129,0.065,0.065,0.065,2253560,0.00125,12.63
2026-09-02 15:45,ETH,ETH,2416.55,0.414,0.207,0.207,0.207,8950400,0.00125,12.91
2026-09-02 15:45,SOL,SOL,99.4065,0.905,0.453,0.453,0.453,218994,0.00125,13.41
2026-09-02 15:45,XRP,XRP,1.34375,0.744,0.372,0.372,0.372,1704158,0.00125,13.24
2026-09-02 15:45,AVAX,AVAX,7.18375,1.253,0.626,0.626,0.626,69928,-0.00227,10.25
2026-09-02 15:45,LINK,LINK,11.2025,0.893,1.339,1.339,1.339,259625,0.00125,15.18
2026-09-02 15:45,LTC,LTC,49.234,1.219,0.609,0.609,1.625,42629,0.00125,13.72
2026-09-02 15:45,ADA,ADA,0.196855,3.556,1.778,1.778,1.778,178130,-3e-06,12.56
2026-09-02 15:45,DOT,DOT,0.85231,4.458,2.229,2.699,2.699,39883,0.00125,16.96
2026-09-02 15:45,UNI,UNI,5.9002,4.407,2.203,2.881,5.254,34722,0.00125,16.91
2026-09-02 15:45,AAVE,AAVE,127.975,2.344,1.172,1.954,2.735,124890,0.00125,14.84
2026-09-02 15:45,ARB,ARB,0.112285,4.453,2.226,2.226,2.226,44931,0.00125,16.95
2026-09-02 15:45,POL,POL,0.09123200000000001,2.192,1.096,1.206,3.836,7480,-0.002779,11.19
2026-09-02 15:45,RENDER,RENDER,1.4182000000000001,7.051,3.526,4.231,4.936,17436,0.00125,19.55
2026-09-02 15:45,DOGE,DOGE,0.082066,5.118,2.559,2.559,3.534,86118,0.00125,17.62
2026-09-02 15:45,SHIB,kSHIB,0.005176,3.864,3.864,3.864,5.796,84448,0.00125,20.23
2026-09-02 15:45,PEPE,kPEPE,0.0034325,2.913,1.457,1.457,1.457,790691,0.00125,15.41
2026-09-02 15:45,WIF,WIF,0.198505,4.534,2.267,3.274,3.778,28969,0.00125,17.03
2026-09-02 15:45,BONK,kBONK,0.0029435,3.397,1.699,1.699,1.699,200929,0.00125,15.9
2026-09-02 15:45,TRUMP,TRUMP,2.22865,0.449,0.224,0.224,1.57,100808,0.00125,12.95
2026-09-02 15:50,BTC,BTC,77102.5,0.13,0.065,0.065,0.065,1672612,0.00125,12.63
2026-09-02 15:50,ETH,ETH,2400.8500000000004,0.417,0.208,0.208,0.208,12443598,0.00125,12.92
2026-09-02 15:50,SOL,SOL,98.9125,0.101,0.051,0.051,0.051,1025401,0.00125,12.6
2026-09-02 15:50,XRP,XRP,1.33725,0.748,0.374,0.374,0.374,2203200,0.00125,13.25
2026-09-02 15:50,AVAX,AVAX,7.153499999999999,1.398,0.699,1.538,1.538,62130,-0.00226,10.4
2026-09-02 15:50,LINK,LINK,11.121500000000001,0.899,0.45,1.349,1.349,186631,0.00125,13.4
2026-09-02 15:50,LTC,LTC,49.179,0.813,0.407,0.407,1.017,43878,0.00125,13.31
2026-09-02 15:50,ADA,ADA,0.19592500000000002,0.51,0.255,0.255,0.766,98892,-9.3e-05,9.51
2026-09-02 15:50,DOT,DOT,0.85122,1.645,0.822,0.822,0.822,24347,0.00125,14.14
2026-09-02 15:50,UNI,UNI,5.8811,1.36,0.68,0.85,1.53,14477,0.00125,13.86
2026-09-02 15:50,AAVE,AAVE,127.03999999999999,1.574,1.574,1.574,3.149,102437,0.00125,15.65
2026-09-02 15:50,ARB,ARB,0.111535,2.69,1.345,2.241,2.241,52002,0.00125,15.19
2026-09-02 15:50,POL,POL,0.090718,0.882,3.197,3.417,5.953,5126,-0.003076,15.39
2026-09-02 15:50,RENDER,RENDER,1.4143,5.657,2.828,3.535,4.242,15926,0.00125,18.16
2026-09-02 15:50,DOGE,DOGE,0.0815405,0.123,0.061,0.797,0.797,142992,0.00125,12.62
2026-09-02 15:50,SHIB,kSHIB,0.005144,3.888,1.944,3.888,3.888,181277,0.00125,16.39
2026-09-02 15:50,PEPE,kPEPE,0.0034075,2.935,1.467,1.467,1.467,852856,0.00125,15.43
2026-09-02 15:50,WIF,WIF,0.197265,2.535,1.267,2.281,3.802,38024,0.00125,15.03
2026-09-02 15:50,BONK,kBONK,0.0029245,3.419,1.71,1.71,1.71,202271,0.00125,15.92
2026-09-02 15:50,TRUMP,TRUMP,2.20785,1.359,0.679,1.132,1.132,46850,0.00125,13.86
2026-09-02 15:55,BTC,BTC,76998.5,0.13,0.065,0.065,0.065,3716375,0.00125,12.63
2026-09-02 15:55,ETH,ETH,2398.35,1.251,0.625,0.625,0.625,8366957,0.00125,13.75
2026-09-02 15:55,SOL,SOL,98.9005,0.101,0.051,0.051,0.051,399202,0.00125,12.6
2026-09-02 15:55,XRP,XRP,1.33535,0.749,0.374,0.374,0.374,2801322,0.00125,13.25
2026-09-02 15:55,AVAX,AVAX,7.14775,0.7,0.35,0.49,0.49,60134,-0.002212,9.7
2026-09-02 15:55,LINK,LINK,11.1295,0.899,0.449,0.449,1.348,192623,0.00125,13.4
2026-09-02 15:55,LTC,LTC,49.1065,1.018,0.509,0.509,2.545,68249,0.00125,13.52
2026-09-02 15:55,ADA,ADA,0.195985,0.51,0.255,0.255,0.765,102996,-0.000206,9.51
2026-09-02 15:55,DOT,DOT,0.849045,1.767,0.883,0.883,0.883,38460,0.00125,14.27
2026-09-02 15:55,UNI,UNI,5.879250000000001,1.871,0.935,0.935,0.935,19939,0.00125,14.37
2026-09-02 15:55,AAVE,AAVE,126.675,2.368,1.184,1.974,1.974,109415,0.00125,14.87
2026-09-02 15:55,ARB,ARB,0.111315,0.898,0.449,1.348,1.348,52288,0.00125,13.4
2026-09-02 15:55,POL,POL,0.090711,1.543,1.543,2.976,3.748,5423,-0.003072,12.09
2026-09-02 15:55,RENDER,RENDER,1.41185,6.375,3.187,3.896,5.312,20783,0.00125,18.87
2026-09-02 15:55,DOGE,DOGE,0.0815375,3.557,1.778,1.778,2.882,109337,0.00125,16.06
2026-09-02 15:55,SHIB,kSHIB,0.0051445,1.944,2.916,2.916,2.916,128651,0.00125,18.33
2026-09-02 15:55,PEPE,kPEPE,0.00341,5.865,2.933,2.933,2.933,868817,0.00125,18.37
2026-09-02 15:55,WIF,WIF,0.19672,4.067,2.033,2.033,2.542,32717,0.00125,16.57
2026-09-02 15:55,BONK,kBONK,0.0029154999999999997,10.29,5.145,5.145,5.145,225499,0.00125,22.79
2026-09-02 15:55,TRUMP,TRUMP,2.205,2.721,1.361,1.361,2.721,47263,0.00125,15.22
2026-09-02 16:00,BTC,BTC,77083.5,0.13,0.065,0.065,0.065,2756461,0.00125,12.63
2026-09-02 16:00,ETH,ETH,2401.1499999999996,0.416,0.208,0.208,0.208,10657810,0.00125,12.92
2026-09-02 16:00,SOL,SOL,99.0875,0.101,0.05,0.05,0.05,377983,0.000463,10.4
2026-09-02 16:00,XRP,XRP,1.33865,0.747,0.374,0.374,0.374,2114831,-0.000296,9.75
2026-09-02 16:00,AVAX,AVAX,7.1610499999999995,1.257,2.164,2.164,2.723,51726,-0.002687,13.33
2026-09-02 16:00,LINK,LINK,11.1455,0.897,0.449,0.449,1.346,210086,-0.000488,9.9
2026-09-02 16:00,LTC,LTC,49.1725,1.017,0.508,0.508,0.712,57682,0.00125,13.52
2026-09-02 16:00,ADA,ADA,0.19613999999999998,1.02,0.51,0.51,0.51,163754,-0.002375,10.02
2026-09-02 16:00,DOT,DOT,0.8504,2.117,3.763,3.763,4.116,37358,0.00125,20.03
2026-09-02 16:00,UNI,UNI,5.88005,0.17,0.085,0.085,0.255,41716,0.00125,12.67
2026-09-02 16:00,AAVE,AAVE,126.965,3.938,2.757,2.757,2.757,119486,0.00125,18.01
2026-09-02 16:00,ARB,ARB,0.110905,4.508,3.156,3.156,4.959,57360,0.00125,18.81
2026-09-02 16:00,POL,POL,0.0909295,2.969,1.705,2.254,3.244,7602,-0.002434,12.41
2026-09-02 16:00,RENDER,RENDER,1.4122,5.665,2.832,3.541,6.373,19067,0.00125,18.16
2026-09-02 16:00,DOGE,DOGE,0.08165700000000001,0.245,0.122,0.49,0.49,72356,0.00125,12.74
2026-09-02 16:00,SHIB,kSHIB,0.0051595,1.938,0.969,2.907,2.907,138144,0.00125,14.44
2026-09-02 16:00,PEPE,kPEPE,0.0034165000000000003,2.927,1.463,1.463,1.463,739914,0.001222,15.35
2026-09-02 16:00,WIF,WIF,0.197415,0.507,7.345,15.45,15.45,24608,0.00125,27.19
2026-09-02 16:00,BONK,kBONK,0.0029255,3.418,1.709,8.546,8.546,173557,0.00125,15.92
2026-09-02 16:00,TRUMP,TRUMP,2.2093499999999997,1.358,0.679,1.584,3.395,120584,0.000112,10.67
2026-09-02 16:05,BTC,BTC,77123.5,0.13,0.324,0.454,0.454,5240474,0.00125,13.15
2026-09-02 16:05,ETH,ETH,2401.3500000000004,0.416,0.208,0.208,0.208,10307650,0.00125,12.92
2026-09-02 16:05,SOL,SOL,99.28450000000001,0.504,0.252,0.252,0.252,317577,0.001017,12.35
2026-09-02 16:05,XRP,XRP,1.3396499999999998,0.746,1.12,1.12,1.12,2138209,0.00125,14.74
2026-09-02 16:05,AVAX,AVAX,7.16405,0.977,0.489,0.489,0.489,43631,-0.001715,9.98
2026-09-02 16:05,LINK,LINK,11.1455,0.897,0.449,1.346,1.346,339667,0.00125,13.4
2026-09-02 16:05,LTC,LTC,49.2755,0.609,0.304,0.507,1.319,89277,0.00125,13.11
2026-09-02 16:05,ADA,ADA,0.196395,0.509,0.255,0.255,0.255,158388,-0.0004,9.51
2026-09-02 16:05,DOT,DOT,0.85212,0.939,0.469,0.469,0.469,41715,0.00125,13.44
2026-09-02 16:05,UNI,UNI,5.88325,0.17,0.085,0.085,0.255,29862,0.00125,12.67
2026-09-02 16:05,AAVE,AAVE,127.25,1.572,0.786,1.572,2.358,181236,0.00125,14.07
2026-09-02 16:05,ARB,ARB,0.11108499999999999,0.9,0.45,1.35,2.251,98381,0.00125,13.4
2026-09-02 16:05,POL,POL,0.0909455,2.309,1.814,2.364,4.013,6696,-0.001558,12.63
2026-09-02 16:05,RENDER,RENDER,1.40945,3.547,1.774,5.321,6.031,21514,0.00125,16.05
2026-09-02 16:05,DOGE,DOGE,0.08179449999999999,4.524,2.262,2.262,2.384,183851,0.00125,17.02
2026-09-02 16:05,SHIB,kSHIB,0.0051655,1.936,2.904,4.84,4.84,146510,0.00125,18.31
2026-09-02 16:05,PEPE,kPEPE,0.0034185,2.925,1.463,1.463,1.463,890118,0.00125,15.43
2026-09-02 16:05,WIF,WIF,0.197685,2.529,1.265,2.276,2.782,21072,0.00125,15.03
2026-09-02 16:05,BONK,kBONK,0.002925,6.838,3.419,3.419,3.419,209660,0.00125,19.34
2026-09-02 16:05,TRUMP,TRUMP,2.2058,2.72,1.36,1.36,1.36,71699,0.0008,13.96
2026-09-02 16:10,BTC,BTC,77273.5,0.129,0.065,0.065,0.065,4175147,0.00125,12.63
2026-09-02 16:10,ETH,ETH,2406.8500000000004,0.415,0.208,0.208,0.208,8928152,0.00125,12.92
2026-09-02 16:10,SOL,SOL,99.4905,0.101,0.05,0.05,0.05,246726,0.00125,12.6
2026-09-02 16:10,XRP,XRP,1.34395,0.744,0.372,0.372,0.372,2773286,0.00125,13.24
2026-09-02 16:10,AVAX,AVAX,7.1734,0.558,0.558,0.558,0.558,54916,-0.000938,10.12
2026-09-02 16:10,LINK,LINK,11.151499999999999,0.897,0.448,0.448,1.345,278199,0.00125,13.4
2026-09-02 16:10,LTC,LTC,49.352999999999994,0.81,0.405,0.405,0.405,62563,0.00125,13.31
2026-09-02 16:10,ADA,ADA,0.196875,0.508,0.254,0.254,0.762,177712,0.000898,12.02
2026-09-02 16:10,DOT,DOT,0.853405,2.461,1.23,1.23,1.23,34643,0.00125,14.96
2026-09-02 16:10,UNI,UNI,5.898899999999999,0.339,0.17,0.17,2.543,26264,0.00125,12.84
2026-09-02 16:10,AAVE,AAVE,127.295,2.357,1.964,1.964,1.964,173403,0.00125,16.43
2026-09-02 16:10,ARB,ARB,0.11169,1.791,0.895,0.895,0.895,75672,0.00125,14.29
2026-09-02 16:10,POL,POL,0.091009,2.198,1.099,1.209,1.428,8248,-0.00181,11.2
2026-09-02 16:10,RENDER,RENDER,1.41245,4.956,2.478,3.894,6.018,32241,0.00125,17.46
2026-09-02 16:10,DOGE,DOGE,0.0818445,0.122,0.061,0.916,0.916,107007,0.00125,12.62
2026-09-02 16:10,SHIB,kSHIB,0.0051705,1.934,0.967,2.901,2.901,135072,0.00125,14.43
2026-09-02 16:10,PEPE,kPEPE,0.0034175,2.926,1.463,1.463,1.463,938140,0.00125,15.43
2026-09-02 16:10,WIF,WIF,0.197595,0.506,0.253,1.265,3.796,26223,0.00125,13.01
2026-09-02 16:10,BONK,kBONK,0.002929,6.828,3.414,3.414,3.414,262420,0.00125,19.33
2026-09-02 16:10,TRUMP,TRUMP,2.21535,2.257,1.128,1.128,1.128,99457,0.000959,13.94
2026-09-02 16:15,BTC,BTC,77305.5,0.129,0.065,0.065,0.065,2717932,0.00125,12.63
2026-09-02 16:15,ETH,ETH,2406.25,0.416,0.208,0.208,0.208,7155148,0.00125,12.92
2026-09-02 16:15,SOL,SOL,99.4105,0.101,0.05,0.05,0.05,248758,0.00125,12.6
2026-09-02 16:15,XRP,XRP,1.3422,1.49,0.745,0.745,0.745,2285828,0.00125,13.99
2026-09-02 16:15,AVAX,AVAX,7.1617999999999995,0.838,0.419,0.419,0.838,53518,-0.001162,9.84
2026-09-02 16:15,LINK,LINK,11.146,1.794,0.897,0.897,0.897,191811,0.00125,14.29
2026-09-02 16:15,LTC,LTC,49.268,1.624,0.812,1.015,1.015,51396,0.00125,14.12
2026-09-02 16:15,ADA,ADA,0.196445,2.545,1.273,1.273,1.273,153521,0.00125,15.05
2026-09-02 16:15,DOT,DOT,0.851905,3.169,1.585,1.585,1.585,29532,0.00125,15.67
2026-09-02 16:15,UNI,UNI,5.91455,0.169,0.085,0.085,0.085,24741,0.00125,12.67
2026-09-02 16:15,AAVE,AAVE,127.27000000000001,1.571,0.786,1.571,2.357,200457,0.00125,14.07
2026-09-02 16:15,ARB,ARB,0.111785,11.629,5.815,5.815,5.815,42823,0.00125,24.13
2026-09-02 16:15,POL,POL,0.0910945,2.086,1.811,2.799,4.446,7074,-0.001749,12.62
2026-09-02 16:15,RENDER,RENDER,1.4099,5.674,2.837,4.965,5.674,21980,0.00125,18.17
2026-09-02 16:15,DOGE,DOGE,0.0817345,0.122,0.061,0.061,0.061,132845,0.00125,12.62
2026-09-02 16:15,SHIB,kSHIB,0.005166499999999999,1.936,0.968,2.903,4.839,177916,0.00125,14.44
2026-09-02 16:15,PEPE,kPEPE,0.0034175,2.926,1.463,1.463,1.463,1291889,0.00125,15.43
2026-09-02 16:15,WIF,WIF,0.197065,4.567,2.284,2.284,2.284,27885,0.00125,17.07
2026-09-02 16:15,BONK,kBONK,0.002927,6.833,3.416,3.416,3.416,216884,0.00125,19.33
2026-09-02 16:15,TRUMP,TRUMP,2.20865,2.264,1.132,2.037,2.49,127960,0.001072,14.27
2026-09-02 16:20,BTC,BTC,77278.5,0.129,0.065,0.065,0.065,1960433,0.00125,12.63
2026-09-02 16:20,ETH,ETH,2405.3500000000004,0.416,0.208,0.208,0.208,8070870,0.00125,12.92
2026-09-02 16:20,SOL,SOL,99.4065,0.101,0.251,0.251,0.251,190340,0.00125,13.0
2026-09-02 16:20,XRP,XRP,1.3411499999999998,0.746,0.373,0.373,0.373,1999352,0.00125,13.25
2026-09-02 16:20,AVAX,AVAX,7.1663,0.279,0.14,0.279,1.256,47407,-0.001241,9.28
2026-09-02 16:20,LINK,LINK,11.150500000000001,0.897,0.448,1.345,1.345,230191,0.00125,13.4
2026-09-02 16:20,LTC,LTC,49.3015,0.609,0.304,0.507,1.521,70091,0.00125,13.11
2026-09-02 16:20,ADA,ADA,0.196395,0.509,0.255,0.255,0.255,163157,0.00125,13.01
2026-09-02 16:20,DOT,DOT,0.851335,3.406,1.703,1.703,1.703,24733,0.00125,15.91
2026-09-02 16:20,UNI,UNI,5.8675,0.341,0.17,1.363,1.534,29012,0.00125,12.84
2026-09-02 16:20,AAVE,AAVE,127.33,3.141,1.571,1.571,1.571,152604,0.00125,15.64
2026-09-02 16:20,ARB,ARB,0.113885,0.878,0.439,0.439,0.439,65463,0.00125,13.38
2026-09-02 16:20,POL,POL,0.0911685,1.865,0.932,1.042,3.126,5665,-0.001926,10.86
2026-09-02 16:20,RENDER,RENDER,1.40875,4.969,2.484,3.194,5.324,13408,0.00125,17.47
2026-09-02 16:20,DOGE,DOGE,0.081719,0.245,0.122,0.122,0.122,92747,0.00125,12.74
2026-09-02 16:20,SHIB,kSHIB,0.005167,3.871,1.935,1.935,1.935,179033,0.00125,16.37
2026-09-02 16:20,PEPE,kPEPE,0.0034235,2.921,1.46,1.46,1.46,783807,0.00125,15.42
2026-09-02 16:20,WIF,WIF,0.19744,3.039,1.519,1.519,4.052,19728,0.00125,15.54
2026-09-02 16:20,BONK,kBONK,0.0029389999999999998,6.805,3.403,3.403,3.403,219072,0.00125,19.31
2026-09-02 16:20,TRUMP,TRUMP,2.2089499999999997,0.453,3.395,4.301,4.753,130121,0.00125,19.29
2026-09-02 16:25,BTC,BTC,77237.5,0.129,0.065,0.065,0.065,2312083,0.00125,12.63
2026-09-02 16:25,ETH,ETH,2402.1499999999996,0.416,0.208,0.208,0.208,7941729,0.00125,12.92
2026-09-02 16:25,SOL,SOL,99.3005,0.101,0.05,0.05,0.05,331084,0.00125,12.6
2026-09-02 16:25,XRP,XRP,1.33975,0.746,0.373,0.373,0.373,1935671,0.00125,13.25
2026-09-02 16:25,AVAX,AVAX,7.1605,1.955,1.117,1.117,1.117,44013,-0.000907,11.23
2026-09-02 16:25,LINK,LINK,11.1265,0.899,0.449,0.449,0.449,190361,0.00125,13.4
2026-09-02 16:25,LTC,LTC,49.247,0.812,0.406,0.609,1.421,50555,0.00125,13.31
2026-09-02 16:25,ADA,ADA,0.196055,2.55,1.275,1.785,1.785,174156,0.00125,15.05
2026-09-02 16:25,DOT,DOT,0.8513,2.114,1.057,1.057,1.057,17335,0.00125,14.61
2026-09-02 16:25,UNI,UNI,5.8652999999999995,2.387,1.193,1.364,1.364,40935,0.00125,14.89
2026-09-02 16:25,AAVE,AAVE,127.25999999999999,1.572,1.572,1.572,1.572,187843,0.00125,15.64
2026-09-02 16:25,ARB,ARB,0.11332,1.765,0.882,1.765,1.765,52828,0.00125,14.26
2026-09-02 16:25,POL,POL,0.09119350000000001,1.645,1.042,2.467,3.893,5415,-0.002236,11.08
2026-09-02 16:25,RENDER,RENDER,1.4074,5.684,2.842,3.553,3.553,19881,0.00125,18.18
2026-09-02 16:25,DOGE,DOGE,0.08165649999999999,0.122,0.061,0.061,0.061,152107,0.00125,12.62
2026-09-02 16:25,SHIB,kSHIB,0.005161499999999999,1.937,0.969,2.906,2.906,172777,0.00125,14.44
2026-09-02 16:25,PEPE,kPEPE,0.0034124999999999997,2.93,1.465,1.465,1.465,959214,0.00125,15.43
2026-09-02 16:25,WIF,WIF,0.19759,7.085,3.543,4.049,4.049,23570,0.00125,19.59
2026-09-02 16:25,BONK,kBONK,0.002933,6.819,3.409,3.409,3.409,209630,0.00125,19.32
2026-09-02 16:25,TRUMP,TRUMP,2.19925,1.364,0.682,1.591,2.501,67326,0.00125,13.86
2026-09-02 16:30,BTC,BTC,77167.5,0.13,0.065,0.065,0.065,2730868,0.00125,12.63
2026-09-02 16:30,ETH,ETH,2398.25,0.417,0.208,0.208,0.208,12847178,0.00125,12.92
2026-09-02 16:30,SOL,SOL,99.1495,0.101,0.151,0.151,0.151,211720,0.00125,12.8
2026-09-02 16:30,XRP,XRP,1.33765,0.748,0.374,0.374,0.374,2101528,0.00125,13.25
2026-09-02 16:30,AVAX,AVAX,7.15515,0.14,0.07,0.07,0.629,59944,-0.000951,9.14
2026-09-02 16:30,LINK,LINK,11.098500000000001,0.901,0.451,0.451,0.451,237285,0.00125,13.4
2026-09-02 16:30,LTC,LTC,49.278000000000006,0.812,0.406,0.609,1.015,40272,0.00125,13.31
2026-09-02 16:30,ADA,ADA,0.19584000000000001,1.021,0.511,0.511,1.021,133680,0.00125,13.52
2026-09-02 16:30,DOT,DOT,0.8493999999999999,1.413,0.706,1.53,1.648,24784,0.00125,13.91
2026-09-02 16:30,UNI,UNI,5.8373,0.343,0.171,0.685,0.857,37593,0.00125,12.84
2026-09-02 16:30,AAVE,AAVE,126.92500000000001,0.788,1.182,1.182,2.758,104051,0.00125,14.86
2026-09-02 16:30,ARB,ARB,0.113155,2.651,1.326,1.326,1.326,43041,0.00125,15.15
2026-09-02 16:30,POL,POL,0.091224,1.754,1.096,1.096,3.617,6666,-0.002494,11.19
2026-09-02 16:30,RENDER,RENDER,1.4054,2.846,1.423,2.135,2.846,20965,0.00125,15.35
2026-09-02 16:30,DOGE,DOGE,0.081572,0.245,0.123,0.123,0.123,108328,0.00125,12.75
2026-09-02 16:30,SHIB,kSHIB,0.0051585,1.939,2.908,2.908,2.908,167010,0.00125,18.32
2026-09-02 16:30,PEPE,kPEPE,0.003406,5.872,2.936,2.936,2.936,776855,0.00125,18.37
2026-09-02 16:30,WIF,WIF,0.19761,2.024,1.012,1.012,2.53,28468,0.00125,14.52
2026-09-02 16:30,BONK,kBONK,0.002928,6.831,3.415,3.415,6.831,201571,0.00125,19.33
2026-09-02 16:30,TRUMP,TRUMP,2.20605,8.613,4.306,4.306,4.306,91966,0.00125,21.11
2026-09-02 16:35,BTC,BTC,77182.5,0.13,0.065,0.065,0.065,7571665,0.00125,12.63
2026-09-02 16:35,ETH,ETH,2397.75,0.417,0.209,0.209,0.209,12816625,0.00125,12.92
2026-09-02 16:35,SOL,SOL,99.0815,0.101,0.05,0.05,0.05,499324,0.00125,12.6
2026-09-02 16:35,XRP,XRP,1.3366500000000001,0.748,0.374,1.122,1.122,1834141,0.00125,13.25
2026-09-02 16:35,AVAX,AVAX,7.153700000000001,0.559,0.28,0.419,0.559,53906,-0.001011,9.56
2026-09-02 16:35,LINK,LINK,11.093499999999999,0.901,0.451,0.451,0.451,206542,0.00125,13.4
2026-09-02 16:35,LTC,LTC,49.2555,0.609,0.305,0.508,0.914,38954,0.00125,13.11
2026-09-02 16:35,ADA,ADA,0.19570500000000002,0.511,0.255,0.255,1.277,131361,0.00125,13.01
2026-09-02 16:35,DOT,DOT,0.850865,1.293,0.646,0.646,0.646,25779,0.00125,13.79
2026-09-02 16:35,UNI,UNI,5.80605,1.206,0.603,1.292,1.292,36176,0.00125,13.71
2026-09-02 16:35,AAVE,AAVE,126.78999999999999,1.577,0.789,1.577,3.155,101689,0.00125,14.08
2026-09-02 16:35,ARB,ARB,0.113425,2.645,1.322,1.322,1.322,37057,0.00125,15.14
2026-09-02 16:35,POL,POL,0.0911685,3.4,1.7,1.7,2.139,11300,-0.002807,12.4
2026-09-02 16:35,RENDER,RENDER,1.4047,5.695,2.848,4.271,4.983,14245,0.00125,18.2
2026-09-02 16:35,DOGE,DOGE,0.0816605,0.122,0.061,0.796,0.796,78674,0.00125,12.62
2026-09-02 16:35,SHIB,kSHIB,0.005169,3.869,1.935,3.869,3.869,161684,0.00125,16.37
2026-09-02 16:35,PEPE,kPEPE,0.0034085,2.934,1.467,1.467,1.467,924280,0.00125,15.43
2026-09-02 16:35,WIF,WIF,0.197635,2.53,1.265,1.771,1.771,17771,0.00125,15.03
2026-09-02 16:35,BONK,kBONK,0.0029245,3.419,1.71,1.71,1.71,183058,0.00125,15.92
2026-09-02 16:35,TRUMP,TRUMP,2.2028999999999996,0.908,0.454,0.454,0.454,48398,0.00125,13.41
2026-09-02 16:40,BTC,BTC,77206.5,0.13,0.065,0.065,0.065,3781879,0.00125,12.63
2026-09-02 16:40,ETH,ETH,2398.25,0.417,0.208,0.208,0.208,7784719,0.00125,12.92
2026-09-02 16:40,SOL,SOL,99.2105,0.101,0.05,0.05,0.05,296992,0.00125,12.6
2026-09-02 16:40,XRP,XRP,1.33765,0.748,0.374,0.374,0.374,2043769,0.00125,13.25
2026-09-02 16:40,AVAX,AVAX,7.149900000000001,0.839,0.42,1.259,1.259,73601,-0.001082,9.84
2026-09-02 16:40,LINK,LINK,11.1025,0.901,0.45,0.45,0.45,161378,0.00125,13.4
2026-09-02 16:40,LTC,LTC,49.171,0.813,0.407,0.407,0.407,65784,0.00125,13.31
2026-09-02 16:40,ADA,ADA,0.19577499999999998,1.532,0.766,1.277,1.277,113462,0.00125,14.03
2026-09-02 16:40,DOT,DOT,0.85051,0.941,0.47,0.588,1.293,24720,0.00125,13.44
2026-09-02 16:40,UNI,UNI,5.805149999999999,0.517,0.258,1.636,1.636,30959,0.00125,13.02
2026-09-02 16:40,AAVE,AAVE,126.88,1.576,0.788,0.788,2.364,128738,0.00125,14.08
2026-09-02 16:40,ARB,ARB,0.113605,2.641,2.201,3.961,3.961,54731,0.00125,16.9
2026-09-02 16:40,POL,POL,0.09099750000000001,2.088,1.813,2.473,4.89,6812,-0.002713,12.63
2026-09-02 16:40,RENDER,RENDER,1.4064,4.266,2.133,2.844,5.688,21321,0.00125,16.77
2026-09-02 16:40,DOGE,DOGE,0.0816585,0.122,0.061,0.429,0.429,113971,0.00125,12.62
2026-09-02 16:40,SHIB,kSHIB,0.005173499999999999,1.933,0.966,0.966,2.899,158797,0.00125,14.43
2026-09-02 16:40,PEPE,kPEPE,0.0034115,2.931,1.466,1.466,1.466,937105,0.00125,15.43
2026-09-02 16:40,WIF,WIF,0.19821,1.009,0.505,1.009,4.036,31016,0.00125,13.51
2026-09-02 16:40,BONK,kBONK,0.002928,6.831,3.415,3.415,3.415,215280,0.00125,19.33
2026-09-02 16:40,TRUMP,TRUMP,2.1981,0.91,0.455,0.455,0.455,47163,0.00114,13.1
2026-09-02 16:45,BTC,BTC,77300.5,0.129,0.065,0.065,0.065,3293653,0.00125,12.63
2026-09-02 16:45,ETH,ETH,2404.1499999999996,0.416,0.208,0.208,0.208,7894144,0.00125,12.92
2026-09-02 16:45,SOL,SOL,99.4045,0.101,0.05,0.05,0.05,245172,0.00125,12.6
2026-09-02 16:45,XRP,XRP,1.34035,0.746,0.373,0.373,0.373,2049748,0.00125,13.25
2026-09-02 16:45,AVAX,AVAX,7.15895,0.698,0.349,0.489,0.489,38499,-0.001075,9.7
2026-09-02 16:45,LINK,LINK,11.128499999999999,0.899,0.449,0.449,0.449,194055,0.00125,13.4
2026-09-02 16:45,LTC,LTC,49.2565,0.203,0.102,0.102,0.102,59331,0.00125,12.7
2026-09-02 16:45,ADA,ADA,0.196545,0.509,0.254,0.763,0.763,149426,0.00125,13.01
2026-09-02 16:45,DOT,DOT,0.852695,1.29,0.645,1.349,1.466,23463,0.00125,13.79
2026-09-02 16:45,UNI,UNI,5.8354,2.056,1.028,1.028,3.085,56397,0.00125,14.56
2026-09-02 16:45,AAVE,AAVE,127.09,3.147,1.574,1.574,3.147,104175,0.00125,15.65
2026-09-02 16:45,ARB,ARB,0.117315,4.262,2.131,2.131,2.131,35295,0.00125,16.76
2026-09-02 16:45,POL,POL,0.0911605,1.645,0.823,0.932,2.907,7387,-0.002727,10.65
2026-09-02 16:45,RENDER,RENDER,1.4088500000000002,4.969,3.194,3.904,5.323,16520,0.00125,18.89
2026-09-02 16:45,DOGE,DOGE,0.0818315,0.122,0.061,0.428,0.55,83986,0.00125,12.62
2026-09-02 16:45,SHIB,kSHIB,0.005188,3.855,1.928,5.783,5.783,168821,0.00125,16.36
2026-09-02 16:45,PEPE,kPEPE,0.0034175,2.926,1.463,1.463,1.463,786910,0.00125,15.43
2026-09-02 16:45,WIF,WIF,0.198325,4.538,2.269,2.773,3.277,23104,0.00125,17.04
2026-09-02 16:45,BONK,kBONK,0.0029319999999999997,6.821,3.411,3.411,3.411,202553,0.00125,19.32
2026-09-02 16:45,TRUMP,TRUMP,2.2013,0.909,0.454,0.909,1.363,71952,0.001039,12.82
2026-09-02 16:50,BTC,BTC,77237.5,0.129,0.065,0.065,0.065,4435706,0.00125,12.63
2026-09-02 16:50,ETH,ETH,2401.3500000000004,0.416,0.208,0.208,0.208,8424133,0.00125,12.92
2026-09-02 16:50,SOL,SOL,99.2475,0.101,0.05,0.05,0.05,268922,0.00125,12.6
2026-09-02 16:50,XRP,XRP,1.3385500000000001,0.747,0.374,0.374,0.374,2126814,0.00125,13.25
2026-09-02 16:50,AVAX,AVAX,7.15135,0.14,0.07,0.07,0.07,40340,-0.001162,9.14
2026-09-02 16:50,LINK,LINK,11.1065,0.9,0.45,0.45,1.351,185539,0.00125,13.4
2026-09-02 16:50,LTC,LTC,49.2215,0.203,0.102,0.305,0.305,53840,0.00125,12.7
2026-09-02 16:50,ADA,ADA,0.19605499999999998,1.53,0.765,0.765,0.765,125095,0.00125,14.03
2026-09-02 16:50,DOT,DOT,0.8502799999999999,1.411,0.706,0.823,0.823,20908,0.00125,13.91
2026-09-02 16:50,UNI,UNI,5.8144,1.032,0.516,0.516,0.516,36852,0.00125,13.53
2026-09-02 16:50,AAVE,AAVE,126.82499999999999,0.788,0.394,0.394,0.394,163735,0.00125,13.29
2026-09-02 16:50,ARB,ARB,0.11646000000000001,1.717,0.859,0.859,0.859,24440,0.00125,14.22
2026-09-02 16:50,POL,POL,0.0909045,2.09,1.045,1.155,1.815,3963,-0.002756,11.09
2026-09-02 16:50,RENDER,RENDER,1.405,5.694,3.559,4.27,5.694,21582,0.00125,19.62
2026-09-02 16:50,DOGE,DOGE,0.0818205,0.367,0.183,0.672,1.772,92194,0.00125,12.87
2026-09-02 16:50,SHIB,kSHIB,0.005173499999999999,1.933,2.899,2.899,2.899,159791,0.00125,18.3
2026-09-02 16:50,PEPE,kPEPE,0.0034115,2.931,1.466,1.466,1.466,898464,0.00125,15.43
2026-09-02 16:50,WIF,WIF,0.1983,2.017,1.009,1.009,1.513,25668,0.00125,14.52
2026-09-02 16:50,BONK,kBONK,0.002924,6.84,3.42,3.42,3.42,200344,0.00125,19.34
2026-09-02 16:50,TRUMP,TRUMP,2.18475,0.458,0.229,0.229,0.229,221352,0.000471,10.78
2026-09-02 16:55,BTC,BTC,77176.5,0.13,0.065,0.065,0.065,4643447,0.00125,12.63
2026-09-02 16:55,ETH,ETH,2397.8500000000004,0.417,0.209,0.209,0.209,8261354,0.00125,12.92
2026-09-02 16:55,SOL,SOL,99.1865,0.101,0.05,0.05,0.05,197983,0.00125,12.6
2026-09-02 16:55,XRP,XRP,1.3358500000000002,0.749,0.374,0.374,0.374,2085267,0.00125,13.25
2026-09-02 16:55,AVAX,AVAX,7.1521,2.237,1.119,1.258,1.258,68669,-0.001194,11.24
2026-09-02 16:55,LINK,LINK,11.1025,0.901,0.45,0.45,0.45,339558,0.00125,13.4
2026-09-02 16:55,LTC,LTC,49.153999999999996,0.814,0.407,0.61,0.61,71015,0.00125,13.31
2026-09-02 16:55,ADA,ADA,0.195885,0.511,0.255,0.255,0.255,144151,0.001248,13.01
2026-09-02 16:55,DOT,DOT,0.8490500000000001,3.298,1.649,1.767,1.767,29462,0.00125,15.8
2026-09-02 16:55,UNI,UNI,5.80455,2.929,1.464,1.464,1.981,25607,0.00125,15.43
2026-09-02 16:55,AAVE,AAVE,126.5,1.581,1.581,1.581,2.372,70577,0.00125,15.66
2026-09-02 16:55,ARB,ARB,0.11642,3.436,1.718,1.718,1.718,35990,0.00125,15.94
2026-09-02 16:55,POL,POL,0.0906825,2.316,1.158,1.268,2.04,7058,-0.002719,11.32
2026-09-02 16:55,RENDER,RENDER,1.40335,6.413,3.207,3.919,4.632,31139,0.00125,18.91
2026-09-02 16:55,DOGE,DOGE,0.0817195,0.122,0.061,0.061,0.184,94129,0.00125,12.62
2026-09-02 16:55,SHIB,kSHIB,0.0051635,1.937,2.905,2.905,2.905,164235,0.00125,18.31
2026-09-02 16:55,PEPE,kPEPE,0.0034045,2.937,1.469,1.469,1.469,990296,0.00125,15.44
2026-09-02 16:55,WIF,WIF,0.19838,1.008,0.504,2.016,3.024,18364,0.00125,13.51
2026-09-02 16:55,BONK,kBONK,0.00292,6.849,3.425,3.425,3.425,200550,0.00125,19.35
2026-09-02 16:55,TRUMP,TRUMP,2.1862500000000002,0.457,0.229,0.229,1.144,68615,-0.000287,9.46
2026-09-02 17:00,BTC,BTC,76965.5,0.13,0.065,0.065,0.065,1463004,0.00125,12.63
2026-09-02 17:00,ETH,ETH,2387.95,0.419,0.209,0.209,0.209,10215961,0.00125,12.92
2026-09-02 17:00,SOL,SOL,98.7795,1.316,0.658,0.658,0.658,190496,-0.001882,10.32
2026-09-02 17:00,XRP,XRP,1.33,3.008,3.008,3.008,3.008,1655995,-0.001083,15.02
2026-09-02 17:00,AVAX,AVAX,7.123,4.212,2.387,2.387,3.089,95247,-0.002734,13.77
2026-09-02 17:00,LINK,LINK,11.0455,0.905,3.169,3.169,4.074,191130,-1.8e-05,15.34
2026-09-02 17:00,LTC,LTC,49.0265,1.02,0.51,0.714,0.714,45854,0.00081,12.29
2026-09-02 17:00,ADA,ADA,0.19491999999999998,1.026,0.513,0.513,1.026,118867,-0.000622,10.03
2026-09-02 17:00,DOT,DOT,0.844195,4.857,2.428,2.428,2.428,15680,0.000538,15.36
2026-09-02 17:00,UNI,UNI,5.7951,1.726,0.863,1.035,1.035,18386,0.00125,14.23
2026-09-02 17:00,AAVE,AAVE,126.205,2.377,1.189,1.189,1.981,141822,0.00125,14.88
2026-09-02 17:00,ARB,ARB,0.115715,2.593,3.025,3.025,3.025,47750,0.00125,18.55
2026-09-02 17:00,POL,POL,0.09047,2.874,1.658,1.658,3.979,5564,-0.003324,12.32
2026-09-02 17:00,RENDER,RENDER,1.3978,2.862,1.431,6.439,6.439,22029,0.00125,15.36
2026-09-02 17:00,DOGE,DOGE,0.0812425,0.123,0.062,0.062,0.062,207416,0.00125,12.62
2026-09-02 17:00,SHIB,kSHIB,0.005129,3.899,1.95,3.899,5.849,177054,0.00125,16.4
2026-09-02 17:00,PEPE,kPEPE,0.003392,5.896,2.948,2.948,2.948,734400,0.00125,18.4
2026-09-02 17:00,WIF,WIF,0.19694,6.093,3.047,5.585,5.585,41378,0.00125,18.59
2026-09-02 17:00,BONK,kBONK,0.002909,6.875,3.438,3.438,3.438,187025,0.00125,19.38
2026-09-02 17:00,TRUMP,TRUMP,2.17565,2.298,1.149,1.149,2.068,161754,-0.003383,11.3
2026-09-02 17:05,BTC,BTC,77077.5,0.13,0.065,0.065,0.065,2556424,0.00125,12.63
2026-09-02 17:05,ETH,ETH,2393.45,0.418,0.209,0.209,0.209,11382991,0.00125,12.92
2026-09-02 17:05,SOL,SOL,98.98949999999999,0.101,0.051,0.051,0.051,292458,0.00125,12.6
2026-09-02 17:05,XRP,XRP,1.33305,0.75,0.375,0.375,0.375,1955116,0.00125,13.25
2026-09-02 17:05,AVAX,AVAX,7.1465499999999995,1.819,0.91,0.91,0.91,51742,-0.001005,10.82
2026-09-02 17:05,LINK,LINK,11.086,1.804,0.902,0.902,0.902,389463,0.00125,14.3
2026-09-02 17:05,LTC,LTC,49.131,0.407,0.204,0.407,1.018,49612,0.00125,12.91
2026-09-02 17:05,ADA,ADA,0.195695,0.511,0.255,0.255,1.788,176487,0.00125,13.01
2026-09-02 17:05,DOT,DOT,0.8471949999999999,0.118,0.059,0.059,0.885,24018,0.00125,12.62
2026-09-02 17:05,UNI,UNI,5.805,1.034,0.517,1.034,1.034,24135,0.00125,13.53
2026-09-02 17:05,AAVE,AAVE,126.685,0.789,1.184,1.184,1.973,137588,0.00125,14.87
2026-09-02 17:05,ARB,ARB,0.117965,0.848,0.424,0.424,0.424,33502,0.003462,19.54
2026-09-02 17:05,POL,POL,0.09101500000000001,1.758,1.978,2.088,3.736,8643,-0.002204,12.96
2026-09-02 17:05,RENDER,RENDER,1.4024999999999999,5.704,2.852,3.565,6.417,35275,0.00125,18.2
2026-09-02 17:05,DOGE,DOGE,0.08144799999999999,1.964,0.982,1.105,2.333,183514,0.00125,14.46
2026-09-02 17:05,SHIB,kSHIB,0.0051494999999999996,1.942,2.913,4.855,4.855,114836,0.00125,18.33
2026-09-02 17:05,PEPE,kPEPE,0.003402,5.879,2.939,2.939,2.939,931723,0.00125,18.38
2026-09-02 17:05,WIF,WIF,0.19728,3.041,1.521,2.028,3.041,29664,0.00125,15.54
2026-09-02 17:05,BONK,kBONK,0.00292,6.849,3.425,3.425,3.425,267491,0.00125,19.35
2026-09-02 17:05,TRUMP,TRUMP,2.18415,3.205,1.602,1.602,1.602,82810,-0.002304,12.2
2026-09-02 17:10,BTC,BTC,76808.5,0.13,0.065,0.065,0.065,9999849,0.00125,12.63
2026-09-02 17:10,ETH,ETH,2381.55,0.42,0.21,0.21,0.21,7475824,0.00125,12.92
2026-09-02 17:10,SOL,SOL,98.6685,0.101,0.355,0.355,0.355,189186,0.000925,12.3
2026-09-02 17:10,XRP,XRP,1.3280500000000002,0.753,0.376,0.376,0.376,2387894,0.00125,13.25
2026-09-02 17:10,AVAX,AVAX,7.1137,1.406,0.703,0.703,0.703,80266,-0.001551,10.41
2026-09-02 17:10,LINK,LINK,11.0365,0.906,0.453,0.453,0.453,212541,0.00125,13.41
2026-09-02 17:10,LTC,LTC,49.046499999999995,1.019,0.51,0.51,0.51,79950,0.00125,13.52
2026-09-02 17:10,ADA,ADA,0.194905,0.513,0.257,0.257,0.257,240599,0.00125,13.01
2026-09-02 17:10,DOT,DOT,0.842445,1.781,0.89,0.89,1.602,25000,0.00125,14.28
2026-09-02 17:10,UNI,UNI,5.75135,2.26,1.13,1.13,1.13,40620,0.00125,14.76
2026-09-02 17:10,AAVE,AAVE,126.065,2.38,1.19,1.983,1.983,108965,0.00125,14.88
2026-09-02 17:10,ARB,ARB,0.117485,4.256,2.128,2.979,2.979,59196,0.00372,23.67
2026-09-02 17:10,POL,POL,0.0908005,2.313,1.156,1.267,1.817,6485,-0.003518,11.31
2026-09-02 17:10,RENDER,RENDER,1.39645,6.445,3.222,3.939,4.655,20744,0.00125,18.94
2026-09-02 17:10,DOGE,DOGE,0.0810485,0.123,0.062,0.062,0.062,195231,0.00125,12.62
2026-09-02 17:10,SHIB,kSHIB,0.005116,3.909,1.955,3.909,3.909,175085,0.00125,16.41
2026-09-02 17:10,PEPE,kPEPE,0.0033810000000000003,5.915,2.958,2.958,2.958,989228,0.00125,18.42
2026-09-02 17:10,WIF,WIF,0.19589499999999999,3.573,1.787,1.787,3.829,22307,0.00125,16.07
2026-09-02 17:10,BONK,kBONK,0.0029059999999999997,6.882,3.441,3.441,3.441,226724,0.00125,19.38
2026-09-02 17:10,TRUMP,TRUMP,2.1755500000000003,0.46,0.23,0.689,0.689,85853,-0.002591,9.46
2026-09-02 17:15,BTC,BTC,76838.5,0.13,0.065,0.065,0.065,4309913,0.00125,12.63
2026-09-02 17:15,ETH,ETH,2385.25,0.419,0.21,0.21,0.21,7461495,0.00125,12.92
2026-09-02 17:15,SOL,SOL,98.6215,0.101,0.051,0.051,0.051,229153,5.5e-05,9.25
2026-09-02 17:15,XRP,XRP,1.32865,0.753,0.376,0.376,0.376,2315960,0.00125,13.25
2026-09-02 17:15,AVAX,AVAX,7.11355,0.141,0.914,0.914,0.914,55389,-0.001691,10.83
2026-09-02 17:15,LINK,LINK,11.0495,0.905,0.453,0.453,0.453,253975,0.00125,13.41
2026-09-02 17:15,LTC,LTC,49.108999999999995,0.815,0.407,0.407,1.425,71342,0.00125,13.31
2026-09-02 17:15,ADA,ADA,0.194745,2.567,1.284,1.284,1.284,172038,0.00125,15.07
2026-09-02 17:15,DOT,DOT,0.843885,2.962,1.481,1.955,2.311,27060,0.00125,15.46
2026-09-02 17:15,UNI,UNI,5.76215,2.95,1.475,3.037,3.211,29111,0.00125,15.45
2026-09-02 17:15,AAVE,AAVE,126.335,2.375,1.187,1.979,1.979,102030,0.00125,14.87
2026-09-02 17:15,ARB,ARB,0.116935,2.566,1.283,2.993,3.848,33078,0.002435,18.38
2026-09-02 17:15,POL,POL,0.09071,2.646,1.323,1.433,2.425,7413,-0.003551,11.65
2026-09-02 17:15,RENDER,RENDER,1.3967,1.432,5.728,5.728,7.16,19633,0.00125,23.96
2026-09-02 17:15,DOGE,DOGE,0.08097,1.235,0.618,0.988,1.729,202807,0.00125,13.74
2026-09-02 17:15,SHIB,kSHIB,0.0051205,1.953,0.976,4.882,4.882,138297,0.00125,14.45
2026-09-02 17:15,PEPE,kPEPE,0.0033795,2.959,1.48,1.48,1.48,833396,0.00125,15.46
2026-09-02 17:15,WIF,WIF,0.195735,3.576,1.788,2.299,2.81,16720,0.00125,16.08
2026-09-02 17:15,BONK,kBONK,0.0029040000000000003,6.887,3.444,3.444,3.444,171145,0.00125,19.39
2026-09-02 17:15,TRUMP,TRUMP,2.18125,1.375,0.688,0.688,1.146,97703,-0.002399,10.38
2026-09-02 17:20,BTC,BTC,77050.5,0.13,0.065,0.065,0.065,3577239,0.00125,12.63
2026-09-02 17:20,ETH,ETH,2388.6499999999996,0.419,0.209,0.209,0.209,7648890,0.00125,12.92
2026-09-02 17:20,SOL,SOL,98.9515,0.101,0.051,0.051,0.051,241270,-0.000152,9.1
2026-09-02 17:20,XRP,XRP,1.33135,0.751,0.376,0.376,0.376,2233727,0.00125,13.25
2026-09-02 17:20,AVAX,AVAX,7.1291,1.122,0.561,0.701,0.701,55050,-0.001533,10.12
2026-09-02 17:20,LINK,LINK,11.0735,0.903,0.452,0.452,2.258,228809,0.00125,13.4
2026-09-02 17:20,LTC,LTC,49.298500000000004,1.42,0.71,0.913,0.913,57987,0.00125,13.92
2026-09-02 17:20,ADA,ADA,0.19521,2.049,1.025,1.025,1.025,220113,0.00125,14.55
2026-09-02 17:20,DOT,DOT,0.8452949999999999,1.775,0.887,0.887,0.887,34559,0.00125,14.27
2026-09-02 17:20,UNI,UNI,5.8181,2.75,1.375,1.375,1.375,37908,0.00125,15.25
2026-09-02 17:20,AAVE,AAVE,126.535,0.79,1.976,1.976,1.976,82354,0.00125,16.45
2026-09-02 17:20,ARB,ARB,0.11594499999999999,2.587,1.294,1.294,1.294,40932,0.001308,15.25
2026-09-02 17:20,POL,POL,0.09102450000000001,1.428,1.923,2.911,3.021,8524,-0.003239,12.85
2026-09-02 17:20,RENDER,RENDER,1.3980000000000001,4.292,2.146,3.577,5.007,21033,0.00125,16.79
2026-09-02 17:20,DOGE,DOGE,0.0811765,0.123,0.062,0.062,0.062,231247,0.00125,12.62
2026-09-02 17:20,SHIB,kSHIB,0.0051295,1.95,2.924,4.874,4.874,141413,0.00125,18.35
2026-09-02 17:20,PEPE,kPEPE,0.0033815,2.957,1.479,1.479,4.436,719609,0.00125,15.46
2026-09-02 17:20,WIF,WIF,0.19616,2.039,1.02,1.02,4.078,21075,0.00125,14.54
2026-09-02 17:20,BONK,kBONK,0.002911,6.87,3.435,3.435,3.435,208265,0.00125,19.37
2026-09-02 17:20,TRUMP,TRUMP,2.1807,1.834,0.917,0.917,2.293,112831,-0.002448,10.83
2026-09-02 17:25,BTC,BTC,77002.5,0.13,0.065,0.065,0.065,1967330,0.00125,12.63
2026-09-02 17:25,ETH,ETH,2386.75,0.419,0.209,0.209,0.209,7881556,0.00125,12.92
2026-09-02 17:25,SOL,SOL,98.8545,0.101,0.051,0.051,0.051,202814,-0.000585,9.1
2026-09-02 17:25,XRP,XRP,1.32965,0.752,0.376,0.376,0.376,2431701,0.00125,13.25
2026-09-02 17:25,AVAX,AVAX,7.1258,0.281,0.14,0.281,0.281,43993,-0.00148,9.28
2026-09-02 17:25,LINK,LINK,11.0505,0.905,0.452,0.452,1.357,224469,0.00125,13.4
2026-09-02 17:25,LTC,LTC,49.2675,0.609,0.304,0.507,0.71,54916,0.00125,13.11
2026-09-02 17:25,ADA,ADA,0.195175,0.512,0.256,0.256,0.769,193306,0.00125,13.01
2026-09-02 17:25,DOT,DOT,0.844065,2.014,1.007,1.126,1.244,26988,0.00125,14.51
2026-09-02 17:25,UNI,UNI,5.8366,4.112,2.056,2.056,2.056,45743,0.00125,16.61
2026-09-02 17:25,AAVE,AAVE,126.485,0.791,0.395,1.186,1.186,170659,0.00125,13.29
2026-09-02 17:25,ARB,ARB,0.115345,0.867,0.433,0.433,0.433,45219,0.00125,13.37
2026-09-02 17:25,POL,POL,0.09091199999999999,2.2,1.32,3.41,4.4,5450,-0.003278,11.64
2026-09-02 17:25,RENDER,RENDER,1.3961999999999999,5.73,2.865,5.014,5.73,15745,0.00125,18.23
2026-09-02 17:25,DOGE,DOGE,0.0811145,0.863,0.431,0.431,0.431,151868,0.00125,13.36
2026-09-02 17:25,SHIB,kSHIB,0.005136,3.894,1.947,3.894,3.894,181742,0.00125,16.39
2026-09-02 17:25,PEPE,kPEPE,0.0033775,2.961,1.48,1.48,1.48,887137,0.00125,15.46
2026-09-02 17:25,WIF,WIF,0.196105,2.55,1.275,1.275,1.785,29054,0.00125,15.05
2026-09-02 17:25,BONK,kBONK,0.0029075,3.439,1.72,1.72,1.72,159445,0.00125,15.94
2026-09-02 17:25,TRUMP,TRUMP,2.18415,1.374,0.687,1.602,1.602,90036,-0.002497,10.37
2026-09-02 17:30,BTC,BTC,77068.5,0.13,0.065,0.065,0.065,6071744,0.00125,12.63
2026-09-02 17:30,ETH,ETH,2388.6499999999996,0.419,0.209,0.209,0.209,7154366,0.00125,12.92
2026-09-02 17:30,SOL,SOL,98.957,0.808,0.404,0.404,0.404,967851,-0.000708,9.81
2026-09-02 17:30,XRP,XRP,1.3314499999999998,0.751,0.376,0.376,0.376,1819099,0.00125,13.25
2026-09-02 17:30,AVAX,AVAX,7.12965,1.262,0.631,0.631,0.631,58172,-0.001383,10.26
2026-09-02 17:30,LINK,LINK,11.0655,0.904,0.452,0.452,1.356,188853,0.00125,13.4
2026-09-02 17:30,LTC,LTC,49.331500000000005,1.014,0.507,0.507,1.318,52742,0.00125,13.51
2026-09-02 17:30,ADA,ADA,0.19523000000000001,5.122,3.073,3.073,3.586,178927,0.00125,18.65
2026-09-02 17:30,DOT,DOT,0.84366,2.371,1.185,1.185,1.185,34146,0.00125,14.87
2026-09-02 17:30,UNI,UNI,5.825200000000001,0.343,0.172,0.172,0.172,68567,0.00125,12.84
2026-09-02 17:30,AAVE,AAVE,126.49000000000001,1.581,0.791,0.791,0.791,106205,0.00125,14.08
2026-09-02 17:30,ARB,ARB,0.11577,1.728,0.864,0.864,0.864,38692,0.00125,14.23
2026-09-02 17:30,POL,POL,0.091015,2.197,1.099,1.209,2.967,5350,-0.003142,11.2
2026-09-02 17:30,RENDER,RENDER,1.3968500000000001,6.443,3.222,4.653,5.369,16050,0.00125,18.94
2026-09-02 17:30,DOGE,DOGE,0.0812455,0.123,0.062,0.062,0.062,141695,0.00125,12.62
2026-09-02 17:30,SHIB,kSHIB,0.0051365000000000004,1.947,0.973,4.867,4.867,168144,0.00125,14.45
2026-09-02 17:30,PEPE,kPEPE,0.0033755,2.963,1.481,1.481,1.481,876688,0.00125,15.46
2026-09-02 17:30,WIF,WIF,0.195915,2.552,1.276,1.276,1.786,22495,0.00125,15.05
2026-09-02 17:30,BONK,kBONK,0.002908,6.878,3.439,3.439,3.439,202609,0.00125,19.38
2026-09-02 17:30,TRUMP,TRUMP,2.18225,0.458,0.229,0.229,0.229,132123,-0.002267,9.46
2026-09-02 17:35,BTC,BTC,77252.5,0.129,0.065,0.065,0.065,2093157,0.00125,12.63
2026-09-02 17:35,ETH,ETH,2392.8500000000004,0.418,0.209,0.209,0.209,9100373,0.00125,12.92
2026-09-02 17:35,SOL,SOL,99.2245,0.101,0.05,0.05,0.05,335146,-0.000726,9.1
2026-09-02 17:35,XRP,XRP,1.33745,0.748,0.374,0.374,0.374,2032701,0.00125,13.25
2026-09-02 17:35,AVAX,AVAX,7.1479,1.119,0.979,0.979,2.238,57142,-0.001225,10.96
2026-09-02 17:35,LINK,LINK,11.095500000000001,0.901,0.451,0.451,1.352,230895,0.00125,13.4
2026-09-02 17:35,LTC,LTC,49.423,2.428,1.214,1.619,2.023,54728,0.00125,14.93
2026-09-02 17:35,ADA,ADA,0.19648500000000002,1.527,0.763,0.763,0.763,171977,0.00125,14.03
2026-09-02 17:35,DOT,DOT,0.84764,0.236,0.118,0.944,0.944,31183,0.00125,12.74
2026-09-02 17:35,UNI,UNI,5.85665,2.22,1.11,1.11,1.11,58070,0.00125,14.72
2026-09-02 17:35,AAVE,AAVE,127.10499999999999,0.787,0.393,0.393,1.967,120901,0.00125,13.29
2026-09-02 17:35,ARB,ARB,0.11596000000000001,1.725,0.862,0.862,2.587,54705,0.00125,14.22
2026-09-02 17:35,POL,POL,0.091117,1.756,1.646,1.975,3.731,5511,-0.003184,12.29
2026-09-02 17:35,RENDER,RENDER,1.4024999999999999,4.278,2.139,2.852,3.565,29246,0.00125,16.78
2026-09-02 17:35,DOGE,DOGE,0.0817295,0.122,0.061,0.061,0.061,145660,0.00125,12.62
2026-09-02 17:35,SHIB,kSHIB,0.005171,3.868,1.934,3.868,3.868,125855,0.00125,16.37
2026-09-02 17:35,PEPE,kPEPE,0.0033955,2.945,1.473,1.473,1.473,773618,0.00125,15.45
2026-09-02 17:35,WIF,WIF,0.19701,3.046,1.523,2.03,2.538,22772,0.00125,15.55
2026-09-02 17:35,BONK,kBONK,0.0029235,3.421,1.71,1.71,5.131,163227,0.00125,15.92
2026-09-02 17:35,TRUMP,TRUMP,2.1971499999999997,3.186,1.593,1.593,1.593,114662,-0.00202,12.19
2026-09-02 17:40,BTC,BTC,77171.5,0.13,0.065,0.065,0.065,4597919,0.00125,12.63
2026-09-02 17:40,ETH,ETH,2390.55,0.418,0.209,0.209,0.209,10098044,0.00125,12.92
2026-09-02 17:40,SOL,SOL,99.1515,0.101,0.05,0.05,0.05,525420,-0.000829,9.1
2026-09-02 17:40,XRP,XRP,1.33555,0.749,0.374,0.374,0.374,3194662,0.00125,13.25
2026-09-02 17:40,AVAX,AVAX,7.14015,1.541,0.77,0.91,0.91,56042,-0.001101,10.54
2026-09-02 17:40,LINK,LINK,11.086500000000001,0.902,0.451,0.451,1.353,186374,0.00125,13.4
2026-09-02 17:40,LTC,LTC,49.3625,1.013,0.506,0.709,1.114,48110,0.00125,13.51
2026-09-02 17:40,ADA,ADA,0.19605499999999998,1.53,0.765,0.765,0.765,179699,0.00125,14.03
2026-09-02 17:40,DOT,DOT,0.848615,1.532,0.766,0.884,1.119,23653,0.00125,14.03
2026-09-02 17:40,UNI,UNI,5.83065,0.172,0.086,0.086,0.943,54985,0.00125,12.67
2026-09-02 17:40,AAVE,AAVE,126.92,1.576,0.788,0.788,0.788,126004,0.00125,14.08
2026-09-02 17:40,ARB,ARB,0.11667,3.428,1.714,1.714,1.714,50225,0.00125,15.93
2026-09-02 17:40,POL,POL,0.0909825,2.088,1.044,1.154,2.143,5393,-0.003286,11.09
2026-09-02 17:40,RENDER,RENDER,1.4,5.714,2.857,3.571,5.0,20447,0.00125,18.21
2026-09-02 17:40,DOGE,DOGE,0.0815205,0.123,0.061,0.061,0.061,81079,0.00125,12.62
2026-09-02 17:40,SHIB,kSHIB,0.0051625,1.937,2.906,2.906,2.906,169594,0.00125,18.31
2026-09-02 17:40,PEPE,kPEPE,0.0033915,2.949,1.474,1.474,1.474,879881,0.00125,15.45
2026-09-02 17:40,WIF,WIF,0.19668000000000002,2.034,1.017,1.017,1.525,21868,0.00125,14.53
2026-09-02 17:40,BONK,kBONK,0.0029195000000000002,3.425,1.713,1.713,1.713,204432,0.00125,15.93
2026-09-02 17:40,TRUMP,TRUMP,2.19355,0.456,0.228,0.228,0.684,84276,-0.001931,9.46
2026-09-02 17:45,BTC,BTC,77300.5,0.129,0.065,0.065,0.065,5144110,0.00125,12.63
2026-09-02 17:45,ETH,ETH,2393.1499999999996,0.418,0.209,0.209,0.209,8461869,0.00125,12.92
2026-09-02 17:45,SOL,SOL,99.2685,0.101,0.05,0.05,0.05,236797,-0.000763,9.1
2026-09-02 17:45,XRP,XRP,1.3369499999999999,0.748,0.374,1.122,1.122,1989602,0.00125,13.25
2026-09-02 17:45,AVAX,AVAX,7.14695,1.259,0.63,0.77,0.77,80924,-0.001047,10.26
2026-09-02 17:45,LINK,LINK,11.090499999999999,0.902,0.451,0.451,2.254,175150,0.00125,13.4
2026-09-02 17:45,LTC,LTC,49.296,0.406,0.203,0.406,0.811,46539,0.00125,12.91
2026-09-02 17:45,ADA,ADA,0.196245,1.529,0.764,0.764,0.764,182687,0.00125,14.03
2026-09-02 17:45,DOT,DOT,0.85112,1.645,0.822,0.94,1.175,27872,0.00125,14.14
2026-09-02 17:45,UNI,UNI,5.8426,0.685,0.342,0.513,0.513,47391,0.00125,13.18
2026-09-02 17:45,AAVE,AAVE,127.08500000000001,0.787,0.393,0.393,0.393,120196,0.00125,13.29
2026-09-02 17:45,ARB,ARB,0.116755,4.282,3.854,3.854,3.854,55217,0.00125,20.21
2026-09-02 17:45,POL,POL,0.090978,0.879,0.55,1.319,1.979,5750,-0.003478,10.1
2026-09-02 17:45,RENDER,RENDER,1.4032499999999999,7.839,3.919,5.345,7.483,8910,0.00125,20.34
2026-09-02 17:45,DOGE,DOGE,0.0816145,0.123,0.061,0.429,0.429,125632,0.00125,12.62
2026-09-02 17:45,SHIB,kSHIB,0.0051845,1.929,2.893,2.893,4.822,141625,0.00125,18.29
2026-09-02 17:45,PEPE,kPEPE,0.0034105,2.932,1.466,1.466,1.466,865129,0.00125,15.43
2026-09-02 17:45,WIF,WIF,0.197525,2.531,1.266,1.772,3.291,20134,0.00125,15.03
2026-09-02 17:45,BONK,kBONK,0.00294,6.803,3.401,6.803,6.803,148738,0.00125,19.3
2026-09-02 17:45,TRUMP,TRUMP,2.19475,0.456,0.228,2.05,2.506,90473,-0.002035,9.46
2026-09-02 17:50,BTC,BTC,77136.5,0.13,0.065,0.065,0.065,4165200,0.00125,12.63
2026-09-02 17:50,ETH,ETH,2386.1499999999996,0.419,0.21,0.21,0.21,8662085,0.00125,12.92
2026-09-02 17:50,SOL,SOL,99.01599999999999,0.202,0.101,0.101,0.101,251488,-0.000747,9.2
2026-09-02 17:50,XRP,XRP,1.3329499999999999,0.75,0.375,0.375,0.375,1998647,0.00125,13.25
2026-09-02 17:50,AVAX,AVAX,7.12765,0.421,0.21,0.21,0.21,93789,-0.001,9.42
2026-09-02 17:50,LINK,LINK,11.0625,0.904,0.452,1.356,1.356,157714,0.00125,13.4
2026-09-02 17:50,LTC,LTC,49.357,1.621,0.81,0.81,0.81,57265,0.00125,14.12
2026-09-02 17:50,ADA,ADA,0.19574,2.044,1.022,1.022,1.022,162968,0.00125,14.54
2026-09-02 17:50,DOT,DOT,0.84756,1.652,0.826,1.416,1.534,22107,0.00125,14.15
2026-09-02 17:50,UNI,UNI,5.852550000000001,1.88,0.94,0.94,0.94,34631,0.00125,14.38
2026-09-02 17:50,AAVE,AAVE,126.765,2.367,1.183,1.972,1.972,70824,0.00125,14.87
2026-09-02 17:50,ARB,ARB,0.116105,0.861,1.292,1.292,2.153,40306,0.00125,15.08
2026-09-02 17:50,POL,POL,0.0910045,2.527,1.923,1.923,2.253,5679,-0.003685,12.85
2026-09-02 17:50,RENDER,RENDER,1.4013,7.136,3.568,4.282,5.709,20418,0.00125,19.64
2026-09-02 17:50,DOGE,DOGE,0.0813965,0.123,0.061,0.061,0.061,102185,0.00125,12.62
2026-09-02 17:50,SHIB,kSHIB,0.0051695000000000005,1.934,2.902,2.902,2.902,156314,0.00125,18.3
2026-09-02 17:50,PEPE,kPEPE,0.0034045,2.937,1.469,1.469,1.469,713729,0.00125,15.44
2026-09-02 17:50,WIF,WIF,0.197295,2.534,1.267,1.267,2.281,21604,0.00125,15.03
2026-09-02 17:50,BONK,kBONK,0.002927,6.833,3.416,3.416,3.416,172655,0.00125,19.33
2026-09-02 17:50,TRUMP,TRUMP,2.1849499999999997,2.288,1.144,1.602,2.06,128228,-0.002147,11.29
2026-09-02 17:55,BTC,BTC,77245.5,0.129,0.065,0.065,0.065,2795515,0.00125,12.63
2026-09-02 17:55,ETH,ETH,2387.75,0.419,0.209,0.209,0.209,7555860,0.00125,12.92
2026-09-02 17:55,SOL,SOL,99.17150000000001,0.101,0.05,0.05,0.05,284128,-0.000697,9.1
2026-09-02 17:55,XRP,XRP,1.33495,0.749,0.375,0.375,0.375,2277938,0.00125,13.25
2026-09-02 17:55,AVAX,AVAX,7.13715,0.701,0.35,0.49,0.49,58986,-0.000919,9.7
2026-09-02 17:55,LINK,LINK,11.0775,0.903,0.451,0.451,2.257,267160,0.00125,13.4
2026-09-02 17:55,LTC,LTC,49.334500000000006,1.013,0.507,0.709,0.709,52734,0.00125,13.51
2026-09-02 17:55,ADA,ADA,0.196185,0.51,0.255,1.274,1.784,170117,0.00125,13.01
2026-09-02 17:55,DOT,DOT,0.8491850000000001,0.589,0.294,0.412,0.648,20480,0.00125,13.09
2026-09-02 17:55,UNI,UNI,5.8684,1.363,0.682,0.852,0.852,32429,0.00125,13.86
2026-09-02 17:55,AAVE,AAVE,126.96000000000001,1.575,0.788,1.575,2.363,91385,0.00125,14.08
2026-09-02 17:55,ARB,ARB,0.11634,1.719,0.86,0.86,3.438,47845,0.00125,14.22
2026-09-02 17:55,POL,POL,0.0910715,2.306,1.153,1.153,2.91,7008,-0.004073,11.31
2026-09-02 17:55,RENDER,RENDER,1.40585,6.402,3.201,4.624,5.335,14834,0.00125,18.9
2026-09-02 17:55,DOGE,DOGE,0.0815555,0.123,0.061,0.92,0.92,86657,0.00125,12.62
2026-09-02 17:55,SHIB,kSHIB,0.005177,3.863,1.932,3.863,5.795,133480,0.00125,16.36
2026-09-02 17:55,PEPE,kPEPE,0.0034075,2.935,1.467,1.467,1.467,909468,0.00125,15.43
2026-09-02 17:55,WIF,WIF,0.19782,2.022,1.011,1.011,1.011,21340,0.00125,14.52
2026-09-02 17:55,BONK,kBONK,0.0029345,3.408,1.704,5.112,5.112,149064,0.00125,15.91
2026-09-02 17:55,TRUMP,TRUMP,2.18945,2.284,1.142,1.142,1.142,65423,-0.002266,11.28
2026-09-02 18:00,BTC,BTC,77246.5,0.129,0.065,0.065,0.065,5527296,0.00125,12.63
2026-09-02 18:00,ETH,ETH,2387.6499999999996,0.419,0.209,0.209,0.209,9916916,0.00125,12.92
2026-09-02 18:00,SOL,SOL,99.1425,0.101,0.05,0.05,0.05,302666,-0.000514,9.1
2026-09-02 18:00,XRP,XRP,1.33475,0.749,0.375,0.375,0.375,1905636,0.00125,13.25
2026-09-02 18:00,AVAX,AVAX,7.137549999999999,2.662,1.331,1.331,1.331,87681,-0.000967,11.66
2026-09-02 18:00,LINK,LINK,11.0725,0.903,0.452,1.355,1.355,181730,0.00125,13.4
2026-09-02 18:00,LTC,LTC,49.381,0.81,0.405,0.608,0.608,42274,0.00125,13.31
2026-09-02 18:00,ADA,ADA,0.19609,1.02,0.51,0.51,1.02,190399,0.00125,13.52
2026-09-02 18:00,DOT,DOT,0.84933,0.706,0.353,0.471,0.471,22494,0.000535,11.21
2026-09-02 18:00,UNI,UNI,5.879099999999999,0.34,0.17,0.17,2.041,53321,0.00125,12.84
2026-09-02 18:00,AAVE,AAVE,127.03,1.574,0.787,2.362,3.149,139769,0.00125,14.07
2026-09-02 18:00,ARB,ARB,0.116575,2.573,1.287,1.287,3.002,38349,0.001669,16.25
2026-09-02 18:00,POL,POL,0.0911235,2.305,1.152,1.262,2.908,7773,-0.004355,11.3
2026-09-02 18:00,RENDER,RENDER,1.4083,5.681,2.84,3.55,4.26,21423,0.00125,18.18
2026-09-02 18:00,DOGE,DOGE,0.0816035,0.123,0.061,0.061,0.061,115816,0.00125,12.62
2026-09-02 18:00,SHIB,kSHIB,0.0051865,1.928,0.964,2.892,2.892,138650,0.00125,14.43
2026-09-02 18:00,PEPE,kPEPE,0.0034085,2.934,1.467,1.467,1.467,823640,0.00125,15.43
2026-09-02 18:00,WIF,WIF,0.19791,2.021,1.011,1.011,4.548,24585,0.00125,14.52
2026-09-02 18:00,BONK,kBONK,0.0029375,3.404,1.702,5.106,8.511,165109,0.00125,15.9
2026-09-02 18:00,TRUMP,TRUMP,2.1902,1.826,0.913,1.37,2.283,53149,-0.005136,10.83
2026-09-02 18:05,BTC,BTC,77254.5,0.129,0.065,0.065,0.065,3555099,0.00125,12.63
2026-09-02 18:05,ETH,ETH,2389.3500000000004,0.419,0.209,0.209,0.209,9817436,0.00125,12.92
2026-09-02 18:05,SOL,SOL,99.1585,0.101,0.05,0.05,0.05,394332,0.000366,10.12
2026-09-02 18:05,XRP,XRP,1.33595,0.749,0.374,0.374,0.374,1845881,0.00125,13.25
2026-09-02 18:05,AVAX,AVAX,7.13805,1.261,0.63,0.771,0.771,68175,-3.2e-05,10.26
2026-09-02 18:05,LINK,LINK,11.095500000000001,0.901,0.451,2.253,2.253,184961,0.00125,13.4
2026-09-02 18:05,LTC,LTC,49.3645,0.608,0.304,0.304,1.114,49461,0.001139,12.8
2026-09-02 18:05,ADA,ADA,0.196155,2.549,1.275,1.784,1.784,213227,0.00125,15.05
2026-09-02 18:05,DOT,DOT,0.849,1.178,0.589,0.707,1.413,23081,0.00125,13.68
2026-09-02 18:05,UNI,UNI,5.8632,2.388,1.194,1.194,1.194,30627,0.00125,14.89
2026-09-02 18:05,AAVE,AAVE,127.02000000000001,1.575,1.575,1.575,1.575,87568,0.00125,15.65
2026-09-02 18:05,ARB,ARB,0.11810000000000001,1.693,0.847,1.693,1.693,93564,0.001487,14.86
2026-09-02 18:05,POL,POL,0.0911215,1.646,0.933,2.359,3.018,5796,-0.001819,10.87
2026-09-02 18:05,RENDER,RENDER,1.4055,5.692,2.846,2.846,3.557,23411,0.00125,18.19
2026-09-02 18:05,DOGE,DOGE,0.0816785,1.102,0.551,0.551,0.551,121961,0.00125,13.6
2026-09-02 18:05,SHIB,kSHIB,0.0051815,1.93,0.965,4.825,6.755,150031,0.00125,14.43
2026-09-02 18:05,PEPE,kPEPE,0.0034085,2.934,1.467,1.467,1.467,714211,0.00125,15.43
2026-09-02 18:05,WIF,WIF,0.19946,2.005,1.003,1.003,5.014,17595,0.001292,14.62
2026-09-02 18:05,BONK,kBONK,0.0029425,3.398,1.699,1.699,5.098,195940,0.00125,15.9
2026-09-02 18:05,TRUMP,TRUMP,2.19175,0.456,0.228,0.228,0.228,76157,-0.003587,9.46
2026-09-02 18:10,BTC,BTC,77296.5,0.129,0.065,0.065,0.065,5038511,0.00125,12.63
2026-09-02 18:10,ETH,ETH,2393.6499999999996,0.418,0.209,0.209,0.209,8200162,0.00125,12.92
2026-09-02 18:10,SOL,SOL,99.3935,0.101,0.05,0.05,0.05,226074,0.00079,11.31
2026-09-02 18:10,XRP,XRP,1.3379500000000002,0.747,0.374,0.374,0.374,2226892,0.00125,13.25
2026-09-02 18:10,AVAX,AVAX,7.14675,0.979,0.49,0.49,0.49,68050,0.000329,10.9
2026-09-02 18:10,LINK,LINK,11.1085,0.9,0.45,0.45,1.35,180674,0.00125,13.4
2026-09-02 18:10,LTC,LTC,49.3715,0.608,0.304,0.506,0.506,53918,0.00125,13.11
2026-09-02 18:10,ADA,ADA,0.196565,1.526,0.763,1.781,2.289,98868,0.00125,14.03
2026-09-02 18:10,DOT,DOT,0.85002,3.294,1.647,1.765,1.765,31725,0.00125,15.79
2026-09-02 18:10,UNI,UNI,5.8744499999999995,0.511,0.255,0.426,0.596,24802,0.00125,13.01
2026-09-02 18:10,AAVE,AAVE,127.25999999999999,1.572,1.572,2.357,2.357,75268,0.00125,15.64
2026-09-02 18:10,ARB,ARB,0.11602499999999999,0.862,4.74,4.74,5.602,65973,0.00125,21.98
2026-09-02 18:10,POL,POL,0.0913245,2.299,1.259,1.259,2.902,8177,-0.00133,11.52
2026-09-02 18:10,RENDER,RENDER,1.4083,5.681,2.84,3.55,4.26,19417,0.00125,18.18
2026-09-02 18:10,DOGE,DOGE,0.0817165,2.325,1.163,1.285,1.285,118817,0.00125,14.83
2026-09-02 18:10,SHIB,kSHIB,0.0051909999999999994,3.853,1.926,3.853,3.853,158781,0.00125,16.35
2026-09-02 18:10,PEPE,kPEPE,0.0034115,2.931,1.466,1.466,1.466,857803,0.00125,15.43
2026-09-02 18:10,WIF,WIF,0.199265,3.513,1.756,2.258,2.76,24250,0.001538,16.82
2026-09-02 18:10,BONK,kBONK,0.002953,6.773,3.386,3.386,3.386,174680,0.00125,19.27
2026-09-02 18:10,TRUMP,TRUMP,2.19325,1.368,0.684,1.14,1.14,45270,-0.002956,10.37
2026-09-02 18:15,BTC,BTC,77336.5,0.129,0.065,0.065,0.065,5282829,0.00125,12.63
2026-09-02 18:15,ETH,ETH,2393.55,0.418,0.209,0.209,0.209,8359183,0.00125,12.92
2026-09-02 18:15,SOL,SOL,99.4105,0.101,0.05,0.05,0.05,373715,0.00076,11.23
2026-09-02 18:15,XRP,XRP,1.33845,0.747,0.374,0.374,0.374,2164083,0.00125,13.25
2026-09-02 18:15,AVAX,AVAX,7.1576,1.397,0.699,0.699,0.699,98773,0.000647,12.21
2026-09-02 18:15,LINK,LINK,11.1125,0.9,0.45,0.45,0.45,196213,0.00125,13.4
2026-09-02 18:15,LTC,LTC,49.352999999999994,0.81,0.405,0.608,0.608,38913,0.00125,13.31
2026-09-02 18:15,ADA,ADA,0.1966,1.017,0.509,1.017,1.017,168084,0.00125,13.52
2026-09-02 18:15,DOT,DOT,0.851255,2.467,1.233,1.233,1.351,26657,0.00125,14.97
2026-09-02 18:15,UNI,UNI,5.89275,2.546,1.273,1.442,1.612,43374,0.00125,15.05
2026-09-02 18:15,AAVE,AAVE,127.81,1.565,0.782,1.565,2.347,91383,0.00125,14.06
2026-09-02 18:15,ARB,ARB,0.11624000000000001,1.721,4.301,4.301,6.022,53920,0.00125,21.1
2026-09-02 18:15,POL,POL,0.091126,1.975,1.427,2.963,3.731,5311,-0.001475,11.85
2026-09-02 18:15,RENDER,RENDER,1.40835,6.39,3.195,3.905,4.615,21072,0.00125,18.89
2026-09-02 18:15,DOGE,DOGE,0.0817305,0.122,0.061,0.061,0.061,122962,0.00125,12.62
2026-09-02 18:15,SHIB,kSHIB,0.005187499999999999,1.928,0.964,2.892,4.819,139279,0.00125,14.43
2026-09-02 18:15,PEPE,kPEPE,0.0034145,2.929,1.464,1.464,1.464,690935,0.00125,15.43
2026-09-02 18:15,WIF,WIF,0.19889,2.011,1.006,1.006,1.006,23379,0.001576,15.42
2026-09-02 18:15,BONK,kBONK,0.0029635,10.123,5.062,5.062,5.062,144956,0.00125,22.62
2026-09-02 18:15,TRUMP,TRUMP,2.19915,0.455,0.227,0.227,0.227,150693,-0.001896,9.45
2026-09-02 18:20,BTC,BTC,77510.5,0.129,0.065,0.065,0.065,4064498,0.00125,12.63
2026-09-02 18:20,ETH,ETH,2399.8500000000004,0.417,0.208,0.208,0.208,7956347,0.00125,12.92
2026-09-02 18:20,SOL,SOL,99.6755,0.1,0.05,0.05,0.05,243355,0.000718,11.11
2026-09-02 18:20,XRP,XRP,1.3419500000000002,0.745,0.373,1.118,1.118,2925505,0.00125,13.25
2026-09-02 18:20,AVAX,AVAX,7.16895,0.139,2.162,2.162,2.162,81454,0.000927,15.92
2026-09-02 18:20,LINK,LINK,11.1475,0.897,0.449,2.243,3.14,310953,0.00125,13.4
2026-09-02 18:20,LTC,LTC,49.394,1.215,0.607,0.81,1.215,52978,0.00125,13.71
2026-09-02 18:20,ADA,ADA,0.196965,1.523,0.762,0.762,0.762,134286,0.00125,14.02
2026-09-02 18:20,DOT,DOT,0.853575,0.117,0.059,0.059,2.753,22685,0.00125,12.62
2026-09-02 18:20,UNI,UNI,5.8888,2.377,1.189,1.359,1.359,32488,0.00125,14.88
2026-09-02 18:20,AAVE,AAVE,127.935,0.782,0.391,1.954,1.954,149352,0.00125,13.28
2026-09-02 18:20,ARB,ARB,0.11671000000000001,1.714,7.711,7.711,7.711,47273,0.00125,27.92
2026-09-02 18:20,POL,POL,0.0911845,2.961,1.481,1.59,2.139,11596,-0.001684,11.96
2026-09-02 18:20,RENDER,RENDER,1.4130500000000001,2.123,6.015,6.015,7.431,29446,0.00125,24.53
2026-09-02 18:20,DOGE,DOGE,0.0818645,0.122,0.061,0.061,0.061,105009,0.00125,12.62
2026-09-02 18:20,SHIB,kSHIB,0.0052,3.846,1.923,3.846,5.769,156066,0.00125,16.35
2026-09-02 18:20,PEPE,kPEPE,0.0034185,2.925,4.388,4.388,4.388,810402,0.00125,21.28
2026-09-02 18:20,WIF,WIF,0.199215,0.502,0.251,0.251,4.769,34183,0.00159,13.95
2026-09-02 18:20,BONK,kBONK,0.002966,6.743,3.372,3.372,3.372,176712,0.00125,19.24
2026-09-02 18:20,TRUMP,TRUMP,2.20815,0.453,2.944,2.944,2.944,99619,-0.000765,14.89
2026-09-02 18:25,BTC,BTC,77577.5,0.129,0.064,0.064,0.064,4553499,0.00125,12.63
2026-09-02 18:25,ETH,ETH,2404.05,0.416,0.208,0.208,0.208,8779083,0.00125,12.92
2026-09-02 18:25,SOL,SOL,99.7655,0.1,0.05,0.05,0.05,214606,0.0008,11.34
2026-09-02 18:25,XRP,XRP,1.3419500000000002,0.745,0.373,0.373,0.373,2905720,0.00125,13.25
2026-09-02 18:25,AVAX,AVAX,7.1719,0.837,0.418,0.418,0.418,79596,0.001097,12.91
2026-09-02 18:25,LINK,LINK,11.1765,0.895,0.447,0.447,1.342,295814,0.00125,13.39
2026-09-02 18:25,LTC,LTC,49.4045,0.202,0.101,0.304,0.708,44574,0.00125,12.7
2026-09-02 18:25,ADA,ADA,0.197025,3.553,1.776,1.776,1.776,144169,0.00125,16.05
2026-09-02 18:25,DOT,DOT,0.85483,0.936,0.468,1.287,1.638,29202,0.00125,13.44
2026-09-02 18:25,UNI,UNI,5.90475,1.863,0.931,0.931,0.931,41225,0.00125,14.36
2026-09-02 18:25,AAVE,AAVE,128.135,2.341,1.951,1.951,2.731,83762,0.00125,16.4
2026-09-02 18:25,ARB,ARB,0.117365,2.556,2.13,2.13,2.13,39674,0.00125,16.76
2026-09-02 18:25,POL,POL,0.0912785,3.177,1.589,2.903,3.67,6038,-0.001587,12.18
2026-09-02 18:25,RENDER,RENDER,1.41435,3.535,1.768,3.889,4.596,13539,0.00125,16.04
2026-09-02 18:25,DOGE,DOGE,0.081829,1.222,0.611,0.611,0.611,123711,0.00125,13.72
2026-09-02 18:25,SHIB,kSHIB,0.005204,3.843,3.843,3.843,3.843,153004,0.00125,20.19
2026-09-02 18:25,PEPE,kPEPE,0.003414,5.858,2.929,2.929,2.929,839668,0.00125,18.36
2026-09-02 18:25,WIF,WIF,0.199085,2.511,1.256,1.256,1.256,18367,0.001516,15.75
2026-09-02 18:25,BONK,kBONK,0.0029649999999999998,6.745,3.373,3.373,3.373,155806,0.00125,19.25
2026-09-02 18:25,TRUMP,TRUMP,2.20725,0.453,0.227,0.68,0.68,96381,2.6e-05,9.52
2026-09-02 18:30,BTC,BTC,77489.5,0.129,0.065,0.065,0.065,6771842,0.00125,12.63
2026-09-02 18:30,ETH,ETH,2399.8500000000004,0.417,0.208,0.208,0.208,11450144,0.00125,12.92
2026-09-02 18:30,SOL,SOL,99.55850000000001,1.908,1.155,1.155,1.155,396580,0.000741,13.39
2026-09-02 18:30,XRP,XRP,1.3402500000000002,0.746,0.373,1.865,1.865,2170277,0.00125,13.25
2026-09-02 18:30,AVAX,AVAX,7.1688,2.232,1.116,1.255,1.255,102000,0.001053,14.18
2026-09-02 18:30,LINK,LINK,11.147,1.794,0.897,0.897,0.897,444227,0.00125,14.29
2026-09-02 18:30,LTC,LTC,49.4915,1.01,0.505,0.505,1.717,42407,0.00125,13.51
2026-09-02 18:30,ADA,ADA,0.19696,1.015,0.508,1.015,1.015,168097,0.00125,13.52
2026-09-02 18:30,DOT,DOT,0.85404,2.342,1.171,1.288,1.873,34369,0.00125,14.84
2026-09-02 18:30,UNI,UNI,5.89025,0.849,0.424,0.594,0.594,24122,0.00125,13.35
2026-09-02 18:30,AAVE,AAVE,127.5,1.569,1.569,1.569,2.353,142358,0.00125,15.64
2026-09-02 18:30,ARB,ARB,0.118335,0.845,4.648,8.873,8.873,62639,0.00125,21.8
2026-09-02 18:30,POL,POL,0.0911525,1.646,1.152,2.798,4.114,7173,-0.001699,11.3
2026-09-02 18:30,RENDER,RENDER,1.41235,7.788,3.894,4.602,4.602,20434,0.00125,20.29
2026-09-02 18:30,DOGE,DOGE,0.0818645,0.122,0.061,0.672,0.672,102962,0.00125,12.62
2026-09-02 18:30,SHIB,kSHIB,0.005209500000000001,1.92,0.96,2.879,4.799,158893,0.00125,14.42
2026-09-02 18:30,PEPE,kPEPE,0.0034135,2.93,1.465,1.465,1.465,834393,0.00125,15.43
2026-09-02 18:30,WIF,WIF,0.19883499999999998,2.515,1.257,1.76,1.76,21663,0.001523,15.78
2026-09-02 18:30,BONK,kBONK,0.002966,6.743,3.372,3.372,3.372,149426,0.00125,19.24
2026-09-02 18:30,TRUMP,TRUMP,2.2042,0.907,0.454,0.454,0.907,135932,0.000369,10.94
2026-09-02 18:35,BTC,BTC,77429.5,0.129,0.065,0.065,0.969,3653062,0.00125,12.63
2026-09-02 18:35,ETH,ETH,2398.55,0.417,0.208,0.208,0.208,10961437,0.00125,12.92
2026-09-02 18:35,SOL,SOL,99.2825,0.101,0.05,0.05,0.05,205773,0.000671,10.98
2026-09-02 18:35,XRP,XRP,1.33615,0.748,1.871,1.871,1.871,2065226,0.00125,16.24
2026-09-02 18:35,AVAX,AVAX,7.1614,0.838,0.419,0.419,0.419,81582,0.001011,12.67
2026-09-02 18:35,LINK,LINK,11.1355,0.898,0.449,1.347,2.245,189531,0.00125,13.4
2026-09-02 18:35,LTC,LTC,49.421,0.809,0.405,0.607,0.809,61827,0.00125,13.31
2026-09-02 18:35,ADA,ADA,0.196475,0.509,0.254,0.254,1.272,106236,0.00125,13.01
2026-09-02 18:35,DOT,DOT,0.85382,1.405,0.703,1.405,1.757,30102,0.00125,13.91
2026-09-02 18:35,UNI,UNI,5.848649999999999,1.881,0.94,1.111,1.111,53493,0.00125,14.38
2026-09-02 18:35,AAVE,AAVE,127.12,1.573,0.787,0.787,0.787,131279,0.00125,14.07
2026-09-02 18:35,ARB,ARB,0.12393,6.455,3.228,3.228,3.228,39028,0.002614,22.77
2026-09-02 18:35,POL,POL,0.091074,2.416,1.208,2.086,3.404,7465,-0.0018,11.42
2026-09-02 18:35,RENDER,RENDER,1.41175,3.542,1.771,3.188,4.604,28995,0.00125,16.04
2026-09-02 18:35,DOGE,DOGE,0.0816945,0.122,0.061,0.061,0.428,84102,0.00125,12.62
2026-09-02 18:35,SHIB,kSHIB,0.0052115,1.919,0.959,0.959,2.878,140410,0.00125,14.42
2026-09-02 18:35,PEPE,kPEPE,0.0034085,2.934,1.467,1.467,1.467,861104,0.00125,15.43
2026-09-02 18:35,WIF,WIF,0.19866499999999998,1.51,1.762,2.265,2.768,22621,0.001706,17.3
2026-09-02 18:35,BONK,kBONK,0.002975,6.723,3.361,3.361,3.361,168625,0.00125,19.22
2026-09-02 18:35,TRUMP,TRUMP,2.20315,1.362,0.681,0.681,1.589,100285,0.000634,12.14
2026-09-02 18:40,BTC,BTC,77367.5,0.129,0.065,0.065,0.065,2882744,0.00125,12.63
2026-09-02 18:40,ETH,ETH,2394.75,0.418,0.209,0.209,0.209,9132673,0.00125,12.92
2026-09-02 18:40,SOL,SOL,99.2115,0.101,0.05,0.05,0.05,362206,0.000641,10.9
2026-09-02 18:40,XRP,XRP,1.3354499999999998,0.749,0.374,0.374,0.374,1953473,0.00125,13.25
2026-09-02 18:40,AVAX,AVAX,7.1558,1.118,1.258,1.258,1.397,61848,0.000982,14.26
2026-09-02 18:40,LINK,LINK,11.116,1.799,0.9,1.799,1.799,215510,0.00125,14.3
2026-09-02 18:40,LTC,LTC,49.461,0.809,0.404,0.607,0.607,39777,0.00125,13.31
2026-09-02 18:40,ADA,ADA,0.19637500000000002,1.528,0.764,0.764,0.764,158246,0.00125,14.03
2026-09-02 18:40,DOT,DOT,0.852675,1.994,0.997,1.114,1.466,41887,0.00125,14.49
2026-09-02 18:40,UNI,UNI,5.86525,1.534,0.767,0.938,0.938,20030,0.00125,14.03
2026-09-02 18:40,AAVE,AAVE,126.99000000000001,1.575,0.787,1.575,1.575,168349,0.00125,14.07
2026-09-02 18:40,ARB,ARB,0.123815,2.423,4.442,5.25,5.25,57963,0.002553,25.03
2026-09-02 18:40,POL,POL,0.0908745,0.11,3.136,3.136,4.567,10049,-0.00185,15.27
2026-09-02 18:40,RENDER,RENDER,1.4092,5.677,2.838,3.548,4.258,19773,0.00125,18.18
2026-09-02 18:40,DOGE,DOGE,0.0816645,0.122,0.061,0.061,0.061,86911,0.00125,12.62
2026-09-02 18:40,SHIB,kSHIB,0.005204,3.843,1.922,3.843,3.843,150310,0.00125,16.34
2026-09-02 18:40,PEPE,kPEPE,0.0033985,2.942,1.471,1.471,1.471,901030,0.00125,15.44
2026-09-02 18:40,WIF,WIF,0.19826,1.009,0.504,0.504,1.513,22282,0.00161,14.52
2026-09-02 18:40,BONK,kBONK,0.0029760000000000003,6.72,3.36,3.36,3.36,150034,0.00125,19.22
2026-09-02 18:40,TRUMP,TRUMP,2.1904,3.652,1.826,3.196,4.109,132092,0.0007,14.61
2026-09-02 18:45,BTC,BTC,77251.5,0.129,0.065,0.065,0.065,1747891,0.00125,12.63
2026-09-02 18:45,ETH,ETH,2390.3500000000004,0.418,0.209,0.209,0.209,8632182,0.00125,12.92
2026-09-02 18:45,SOL,SOL,98.9455,0.101,0.051,0.051,0.051,393375,0.00053,10.59
2026-09-02 18:45,XRP,XRP,1.3326500000000001,0.75,0.375,0.375,0.375,3085576,0.00125,13.25
2026-09-02 18:45,AVAX,AVAX,7.14485,0.14,0.91,0.91,0.91,64344,0.000905,13.35
2026-09-02 18:45,LINK,LINK,11.096499999999999,0.901,0.451,1.352,2.253,177828,0.00125,13.4
2026-09-02 18:45,LTC,LTC,49.385999999999996,0.405,0.202,0.405,0.405,55300,0.00125,12.9
2026-09-02 18:45,ADA,ADA,0.19592500000000002,1.531,0.766,0.766,0.766,140689,0.00125,14.03
2026-09-02 18:45,DOT,DOT,0.85094,1.88,0.94,1.058,1.058,24802,0.00125,14.38
2026-09-02 18:45,UNI,UNI,5.8699,1.363,0.681,0.681,0.681,37123,0.00125,13.86
2026-09-02 18:45,AAVE,AAVE,126.74000000000001,1.578,0.789,0.789,0.789,123693,0.00125,14.08
2026-09-02 18:45,ARB,ARB,0.123865,4.037,2.018,2.826,2.826,42441,0.002273,19.4
2026-09-02 18:45,POL,POL,0.090667,2.647,1.875,2.206,4.963,4903,-0.001674,12.75
2026-09-02 18:45,RENDER,RENDER,1.4081000000000001,5.681,2.841,3.551,4.261,17461,0.00125,18.18
2026-09-02 18:45,DOGE,DOGE,0.0814895,0.123,0.061,0.061,0.061,151593,0.00125,12.62
2026-09-02 18:45,SHIB,kSHIB,0.0052005,1.923,2.884,2.884,2.884,152609,0.00125,18.27
2026-09-02 18:45,PEPE,kPEPE,0.0033935,2.947,1.473,1.473,1.473,904983,0.00125,15.45
2026-09-02 18:45,WIF,WIF,0.198015,1.515,0.758,0.758,1.768,21232,0.00156,14.88
2026-09-02 18:45,BONK,kBONK,0.002972,6.729,3.365,3.365,3.365,148577,0.00125,19.23
2026-09-02 18:45,TRUMP,TRUMP,2.18255,0.458,0.229,0.229,1.145,88476,0.000603,11.15
2026-09-02 18:50,BTC,BTC,77234.5,0.129,0.065,0.065,0.065,2538803,0.00125,12.63
2026-09-02 18:50,ETH,ETH,2388.8500000000004,0.419,0.209,0.209,0.209,8208326,0.00125,12.92
2026-09-02 18:50,SOL,SOL,98.9675,0.101,0.051,0.051,0.051,386773,0.000506,10.52
2026-09-02 18:50,XRP,XRP,1.3337500000000002,0.75,0.375,0.375,0.375,2057956,0.00125,13.25
2026-09-02 18:50,AVAX,AVAX,7.1467,0.84,0.42,1.399,1.399,68763,0.000871,12.28
2026-09-02 18:50,LINK,LINK,11.101500000000001,0.901,0.45,0.45,0.45,211649,0.00125,13.4
2026-09-02 18:50,LTC,LTC,49.466499999999996,1.011,0.505,0.505,1.92,54801,0.00125,13.51
2026-09-02 18:50,ADA,ADA,0.196125,0.51,0.255,0.765,0.765,105666,0.00125,13.01
2026-09-02 18:50,DOT,DOT,0.8523149999999999,0.117,0.059,2.875,2.992,31355,0.00125,12.62
2026-09-02 18:50,UNI,UNI,5.846299999999999,3.079,1.539,1.882,1.882,21369,0.00125,15.58
2026-09-02 18:50,AAVE,AAVE,126.83,1.577,0.788,1.577,2.365,153257,0.00125,14.08
2026-09-02 18:50,ARB,ARB,0.124415,4.019,2.009,2.009,2.009,43220,0.002181,19.12
2026-09-02 18:50,POL,POL,0.090646,2.206,1.103,1.214,2.979,5689,-0.00162,11.21
2026-09-02 18:50,RENDER,RENDER,1.4076,4.263,2.131,2.842,3.552,20666,0.00125,16.76
2026-09-02 18:50,DOGE,DOGE,0.0815195,1.595,0.797,0.797,0.797,79604,0.00125,14.09
2026-09-02 18:50,SHIB,kSHIB,0.005199499999999999,1.923,0.962,2.885,4.808,150474,0.00125,14.42
2026-09-02 18:50,PEPE,kPEPE,0.0033965,2.944,1.472,1.472,4.416,824635,0.00125,15.44
2026-09-02 18:50,WIF,WIF,0.198405,2.52,1.26,1.26,1.764,20440,0.001536,15.82
2026-09-02 18:50,BONK,kBONK,0.0029835,3.352,1.676,1.676,11.731,142353,0.00125,15.85
2026-09-02 18:50,TRUMP,TRUMP,2.18415,0.458,0.229,1.145,1.145,110347,0.000726,11.49
2026-09-02 18:55,BTC,BTC,77219.5,0.13,0.065,0.065,0.065,3784785,0.00125,12.63
2026-09-02 18:55,ETH,ETH,2386.8500000000004,0.419,0.209,0.209,0.209,7303497,0.00125,12.92
2026-09-02 18:55,SOL,SOL,98.9505,0.101,0.051,0.051,0.051,466672,0.000436,10.32
2026-09-02 18:55,XRP,XRP,1.3335499999999998,0.75,0.375,0.375,0.375,1997155,0.00125,13.25
2026-09-02 18:55,AVAX,AVAX,7.1431000000000004,0.84,0.42,0.56,0.84,81640,0.000867,12.27
2026-09-02 18:55,LINK,LINK,11.092500000000001,0.902,0.451,1.352,2.254,203119,0.00125,13.4
2026-09-02 18:55,LTC,LTC,49.45,0.809,0.404,1.82,2.427,51755,0.001244,13.29
2026-09-02 18:55,ADA,ADA,0.19595,1.021,0.51,0.51,0.51,128840,0.00125,13.52
2026-09-02 18:55,DOT,DOT,0.8540449999999999,2.927,1.464,1.464,1.464,27180,0.00125,15.43
2026-09-02 18:55,UNI,UNI,5.82635,0.172,0.086,0.086,0.086,39162,0.00125,12.67
2026-09-02 18:55,AAVE,AAVE,126.94,1.576,2.363,2.363,3.151,100070,0.00125,17.23
2026-09-02 18:55,ARB,ARB,0.12390499999999999,5.649,2.825,3.632,3.632,35608,0.001948,20.1
2026-09-02 18:55,POL,POL,0.0905755,2.098,1.822,2.042,4.03,3919,-0.001549,12.64
2026-09-02 18:55,RENDER,RENDER,1.4083,5.681,2.84,3.55,4.26,20848,0.00125,18.18
2026-09-02 18:55,DOGE,DOGE,0.0814405,0.123,0.061,0.061,0.43,80537,0.00125,12.62
2026-09-02 18:55,SHIB,kSHIB,0.00518,3.861,1.931,3.861,3.861,153008,0.00125,16.36
2026-09-02 18:55,PEPE,kPEPE,0.0033915,2.949,1.474,1.474,1.474,853929,0.00125,15.45
2026-09-02 18:55,WIF,WIF,0.19812,3.028,1.514,2.524,3.028,19835,0.001486,16.19
2026-09-02 18:55,BONK,kBONK,0.002975,6.723,3.361,3.361,3.361,169534,0.00125,19.22
2026-09-02 18:55,TRUMP,TRUMP,2.1826499999999998,0.458,0.229,0.229,1.145,89177,0.000853,11.85
2026-09-02 19:00,BTC,BTC,77218.5,0.13,0.065,0.065,0.065,1828881,0.00125,12.63
2026-09-02 19:00,ETH,ETH,2386.05,0.419,0.21,0.21,0.21,8785650,0.00125,12.92
2026-09-02 19:00,SOL,SOL,98.8355,0.101,0.051,0.051,0.051,1144526,-6.7e-05,9.1
2026-09-02 19:00,XRP,XRP,1.33235,0.751,0.375,0.375,0.375,1961205,0.000451,11.01
2026-09-02 19:00,AVAX,AVAX,7.14225,0.14,0.07,0.07,0.07,68353,0.000917,11.71
2026-09-02 19:00,LINK,LINK,11.0755,0.903,0.451,0.451,0.451,193871,0.00125,13.4
2026-09-02 19:00,LTC,LTC,49.364999999999995,0.81,0.405,0.608,0.81,43045,0.000607,11.51
2026-09-02 19:00,ADA,ADA,0.19577,1.022,0.511,0.511,0.511,136072,0.001157,13.26
2026-09-02 19:00,DOT,DOT,0.854115,0.585,0.293,0.293,0.293,30100,0.00125,13.09
2026-09-02 19:00,UNI,UNI,5.8069500000000005,0.517,0.258,0.431,1.292,26926,0.00125,13.02
2026-09-02 19:00,AAVE,AAVE,126.83,1.577,0.788,0.788,0.788,105547,0.00125,14.08
2026-09-02 19:00,ARB,ARB,0.122785,4.072,2.036,2.036,5.294,45326,0.00125,16.57
2026-09-02 19:00,POL,POL,0.090525,3.093,2.099,3.866,4.529,8890,0.001185,16.51
2026-09-02 19:00,RENDER,RENDER,1.40655,6.399,3.199,3.91,5.332,15263,0.00125,18.9
2026-09-02 19:00,DOGE,DOGE,0.0814245,0.123,0.061,0.061,0.061,118936,0.00125,12.62
2026-09-02 19:00,SHIB,kSHIB,0.0051909999999999994,3.853,1.926,1.926,1.926,130330,0.00125,16.35
2026-09-02 19:00,PEPE,kPEPE,0.0033885,2.951,1.476,1.476,1.476,641651,0.00125,15.45
2026-09-02 19:00,WIF,WIF,0.19809,2.019,1.01,1.514,2.524,15528,0.002621,18.36
2026-09-02 19:00,BONK,kBONK,0.0029715,3.365,1.683,1.683,1.683,172736,0.00125,15.87
2026-09-02 19:00,TRUMP,TRUMP,2.1824500000000002,0.458,0.229,0.229,0.687,109244,0.00125,12.96
2026-09-02 19:05,BTC,BTC,77175.5,0.13,0.065,0.065,0.065,6270184,0.00125,12.63
2026-09-02 19:05,ETH,ETH,2382.55,0.42,0.21,0.21,0.21,9622475,0.00125,12.92
2026-09-02 19:05,SOL,SOL,98.68299999999999,1.013,0.507,0.507,0.507,678839,-0.000471,10.01
2026-09-02 19:05,XRP,XRP,1.33135,0.751,0.376,0.376,0.376,1858988,0.000766,11.9
2026-09-02 19:05,AVAX,AVAX,7.1327,1.122,0.561,0.701,0.701,72714,0.000296,10.95
2026-09-02 19:05,LINK,LINK,11.066500000000001,0.904,0.452,0.452,0.452,262450,0.00125,13.4
2026-09-02 19:05,LTC,LTC,49.4945,0.606,0.303,0.505,1.313,54673,0.000991,12.38
2026-09-02 19:05,ADA,ADA,0.195415,0.512,0.256,0.256,0.256,149816,0.000377,10.57
2026-09-02 19:05,DOT,DOT,0.85162,2.114,1.057,1.174,1.174,33913,0.000397,12.23
2026-09-02 19:05,UNI,UNI,5.801349999999999,1.896,0.948,1.12,1.12,35144,0.00125,14.4
2026-09-02 19:05,AAVE,AAVE,126.715,0.789,0.395,0.395,0.395,144726,0.00125,13.29
2026-09-02 19:05,ARB,ARB,0.122525,5.713,2.857,2.857,2.857,67440,0.00125,18.21
2026-09-02 19:05,POL,POL,0.090925,0.88,0.66,4.069,6.709,7772,0.00125,13.82
2026-09-02 19:05,RENDER,RENDER,1.4043,4.273,2.136,2.848,3.56,22115,0.00125,16.77
2026-09-02 19:05,DOGE,DOGE,0.0812515,0.123,0.062,0.062,0.062,100758,0.00125,12.62
2026-09-02 19:05,SHIB,kSHIB,0.005186,3.857,1.928,1.928,1.928,175497,0.00125,16.36
2026-09-02 19:05,PEPE,kPEPE,0.0033845,2.955,1.477,1.477,1.477,897547,0.00125,15.45
2026-09-02 19:05,WIF,WIF,0.197395,0.507,0.253,0.253,0.253,30368,0.00125,13.01
2026-09-02 19:05,BONK,kBONK,0.002946,6.789,3.394,3.394,3.394,157823,0.00125,19.29
2026-09-02 19:05,TRUMP,TRUMP,2.17945,1.376,0.688,1.147,1.606,91368,0.00125,13.88
2026-09-02 19:10,BTC,BTC,77120.5,0.13,0.065,0.065,0.065,1557113,0.00125,12.63
2026-09-02 19:10,ETH,ETH,2379.8500000000004,0.42,0.21,0.21,0.21,5143211,0.00125,12.92
2026-09-02 19:10,SOL,SOL,98.4965,1.523,0.761,0.761,0.863,281719,-0.000453,10.52
2026-09-02 19:10,XRP,XRP,1.3307,1.503,0.751,0.751,0.751,2932252,0.000827,12.82
2026-09-02 19:10,AVAX,AVAX,7.12565,1.263,0.632,0.772,0.772,40238,-0.000376,10.26
2026-09-02 19:10,LINK,LINK,11.052,1.81,0.905,1.81,1.81,385909,0.00125,14.31
2026-09-02 19:10,LTC,LTC,49.453500000000005,1.011,0.506,1.314,1.921,58994,0.000498,11.4
2026-09-02 19:10,ADA,ADA,0.195065,0.513,0.256,0.769,1.282,133353,-9e-06,9.51
2026-09-02 19:10,DOT,DOT,0.8503000000000001,0.235,0.118,1.882,1.999,18573,6.9e-05,9.43
2026-09-02 19:10,UNI,UNI,5.7940000000000005,2.416,1.208,1.208,1.381,21965,0.00125,14.92
2026-09-02 19:10,AAVE,AAVE,126.53,1.581,0.79,0.79,1.581,117095,0.00125,14.08
2026-09-02 19:10,ARB,ARB,0.12127,6.597,3.298,3.298,3.298,61308,0.00125,19.1
2026-09-02 19:10,POL,POL,0.0910335,0.11,0.055,0.055,0.055,14383,0.00125,12.61
2026-09-02 19:10,RENDER,RENDER,1.40195,6.42,3.21,3.923,4.636,21490,0.00125,18.92
2026-09-02 19:10,DOGE,DOGE,0.0812145,0.123,0.062,0.062,1.539,56250,0.00125,12.62
2026-09-02 19:10,SHIB,kSHIB,0.005180499999999999,1.93,0.965,2.895,4.826,119660,0.00125,14.43
2026-09-02 19:10,PEPE,kPEPE,0.0033825,2.956,1.478,1.478,1.478,871035,0.00125,15.46
2026-09-02 19:10,WIF,WIF,0.196945,2.539,1.269,1.777,2.285,19036,0.00125,15.04
2026-09-02 19:10,BONK,kBONK,0.002942,6.798,3.399,3.399,3.399,172637,0.00125,19.3
2026-09-02 19:10,TRUMP,TRUMP,2.17675,0.459,0.23,0.23,0.689,79692,0.00082,11.76
2026-09-02 19:15,BTC,BTC,77130.5,0.13,0.065,0.065,0.065,3190936,0.00125,12.63
2026-09-02 19:15,ETH,ETH,2379.8500000000004,0.42,1.05,1.05,1.05,4535239,0.00125,14.6
2026-09-02 19:15,SOL,SOL,98.50450000000001,0.102,0.051,0.051,0.051,190234,-0.000379,9.1
2026-09-02 19:15,XRP,XRP,1.3320500000000002,0.751,0.375,0.375,0.375,2006954,0.000935,12.37
2026-09-02 19:15,AVAX,AVAX,7.1297,1.122,0.561,0.701,1.262,54939,-0.000521,10.12
2026-09-02 19:15,LINK,LINK,11.065999999999999,1.807,0.904,0.904,0.904,321862,0.00125,14.31
2026-09-02 19:15,LTC,LTC,49.406000000000006,0.81,0.405,0.607,0.607,56499,0.00034,10.76
2026-09-02 19:15,ADA,ADA,0.19519999999999998,4.098,2.049,2.049,2.049,185279,-4.9e-05,13.1
2026-09-02 19:15,DOT,DOT,0.8506,2.822,1.411,1.528,2.116,25122,-0.000317,11.82
2026-09-02 19:15,UNI,UNI,5.79295,0.173,0.086,0.086,0.086,32510,0.00125,12.67
2026-09-02 19:15,AAVE,AAVE,126.44999999999999,1.582,1.582,2.372,2.372,105445,0.00125,15.66
2026-09-02 19:15,ARB,ARB,0.121895,4.102,2.051,2.051,2.051,42466,0.00125,16.6
2026-09-02 19:15,POL,POL,0.0911685,2.523,1.261,1.261,1.261,9796,0.00125,15.02
2026-09-02 19:15,RENDER,RENDER,1.40235,4.992,2.496,3.922,4.635,31039,0.00125,17.49
2026-09-02 19:15,DOGE,DOGE,0.0812245,0.123,0.062,0.062,0.431,82283,0.00125,12.62
2026-09-02 19:15,SHIB,kSHIB,0.005188,3.855,1.928,1.928,3.855,134700,0.00125,16.36
2026-09-02 19:15,PEPE,kPEPE,0.0033805,2.958,1.479,1.479,1.479,858834,0.00125,15.46
2026-09-02 19:15,WIF,WIF,0.196795,1.524,0.762,1.27,2.287,23790,0.00125,14.02
2026-09-02 19:15,BONK,kBONK,0.002937,6.81,3.405,3.405,3.405,188515,0.00125,19.31
2026-09-02 19:15,TRUMP,TRUMP,2.1742999999999997,0.92,0.46,0.92,0.92,74858,-0.000597,9.92
2026-09-02 19:20,BTC,BTC,77007.5,0.13,0.065,0.065,0.065,3898020,0.00125,12.63
2026-09-02 19:20,ETH,ETH,2374.55,0.421,0.211,0.211,0.211,7594348,0.00125,12.92
2026-09-02 19:20,SOL,SOL,98.22749999999999,0.102,0.051,0.051,0.051,299798,-3.7e-05,9.1
2026-09-02 19:20,XRP,XRP,1.32775,0.753,0.377,0.377,0.377,2860930,0.001014,12.59
2026-09-02 19:20,AVAX,AVAX,7.1036,1.126,0.563,0.704,0.704,57472,-0.00063,10.13
2026-09-02 19:20,LINK,LINK,11.031500000000001,0.906,0.453,0.453,0.453,401567,0.00125,13.41
2026-09-02 19:20,LTC,LTC,49.3115,0.608,0.913,0.913,2.535,42913,0.000444,12.07
2026-09-02 19:20,ADA,ADA,0.19462000000000002,1.028,0.514,1.028,1.028,156970,-0.000233,10.03
2026-09-02 19:20,DOT,DOT,0.84528,2.129,1.065,1.775,2.603,32654,-0.000839,11.13
2026-09-02 19:20,UNI,UNI,5.77505,2.251,1.126,1.299,1.299,28205,0.00125,14.75
2026-09-02 19:20,AAVE,AAVE,125.99000000000001,1.587,1.587,2.381,2.381,114554,0.00125,15.67
2026-09-02 19:20,ARB,ARB,0.12121000000000001,3.3,1.65,1.65,2.475,58907,0.00125,15.8
2026-09-02 19:20,POL,POL,0.0908485,2.532,1.266,1.266,1.266,13149,0.00125,15.03
2026-09-02 19:20,RENDER,RENDER,1.39805,5.007,2.503,3.219,5.365,21979,0.00125,17.51
2026-09-02 19:20,DOGE,DOGE,0.080928,1.483,0.741,0.741,0.741,170537,0.00125,13.98
2026-09-02 19:20,SHIB,kSHIB,0.005162,3.874,1.937,1.937,1.937,136082,0.00125,16.37
2026-09-02 19:20,PEPE,kPEPE,0.003369,5.936,2.968,2.968,2.968,812860,0.00125,18.44
2026-09-02 19:20,WIF,WIF,0.195515,0.511,0.256,0.767,1.279,20144,0.00125,13.01
2026-09-02 19:20,BONK,kBONK,0.0029215,3.423,1.711,1.711,1.711,165678,0.00125,15.92
2026-09-02 19:20,TRUMP,TRUMP,2.15475,0.464,0.232,0.232,1.16,52566,-0.001565,9.46
2026-09-02 19:25,BTC,BTC,77050.5,0.13,0.065,0.065,0.065,2682319,0.00125,12.63
2026-09-02 19:25,ETH,ETH,2377.05,0.421,0.21,0.21,0.21,7793980,0.00125,12.92
2026-09-02 19:25,SOL,SOL,98.4225,0.102,0.051,0.051,0.051,472098,0.000399,10.22
2026-09-02 19:25,XRP,XRP,1.3291499999999998,0.752,0.376,0.376,0.376,2914450,0.00125,13.25
2026-09-02 19:25,AVAX,AVAX,7.115,0.843,0.422,0.562,0.562,40151,-0.000581,9.84
2026-09-02 19:25,LINK,LINK,11.0365,0.906,0.453,0.453,1.359,292417,0.00125,13.41
2026-09-02 19:25,LTC,LTC,49.4165,1.012,0.506,0.708,0.911,58191,0.000539,11.52
2026-09-02 19:25,ADA,ADA,0.19508999999999999,2.05,1.538,1.538,1.538,136757,-7e-06,12.08
2026-09-02 19:25,DOT,DOT,0.8473900000000001,1.416,0.708,0.826,0.944,25413,-0.001003,10.42
2026-09-02 19:25,UNI,UNI,5.7913,1.727,1.381,1.381,1.899,26327,0.00125,15.26
2026-09-02 19:25,AAVE,AAVE,126.25999999999999,1.584,0.792,1.584,1.584,117872,0.00125,14.08
2026-09-02 19:25,ARB,ARB,0.123075,2.438,1.219,1.219,2.844,66442,0.00125,14.94
2026-09-02 19:25,POL,POL,0.0909855,3.847,1.923,2.033,2.033,11841,0.00125,16.35
2026-09-02 19:25,RENDER,RENDER,1.4011,5.71,2.855,3.569,4.282,33610,0.00125,18.21
2026-09-02 19:25,DOGE,DOGE,0.0810125,0.123,0.062,1.42,1.79,69498,0.00125,12.62
2026-09-02 19:25,SHIB,kSHIB,0.0051705,1.934,0.967,2.901,4.835,151800,0.00125,14.43
2026-09-02 19:25,PEPE,kPEPE,0.0033734999999999998,2.964,1.482,1.482,4.446,827448,0.00125,15.46
2026-09-02 19:25,WIF,WIF,0.19577,2.043,1.022,2.043,3.576,18088,0.00125,14.54
2026-09-02 19:25,BONK,kBONK,0.0029255,3.418,1.709,1.709,5.127,161725,0.00125,15.92
2026-09-02 19:25,TRUMP,TRUMP,2.16195,1.388,0.694,1.156,1.156,118339,-0.001433,10.39
2026-09-02 19:30,BTC,BTC,77076.5,0.13,0.065,0.065,0.065,4509881,0.00125,12.63
2026-09-02 19:30,ETH,ETH,2379.3500000000004,0.42,0.21,0.21,0.21,10606312,0.00125,12.92
2026-09-02 19:30,SOL,SOL,98.5385,0.101,0.051,0.051,0.051,708303,0.000476,10.44
2026-09-02 19:30,XRP,XRP,1.3297500000000002,0.752,0.376,0.376,0.376,1863385,0.00125,13.25
2026-09-02 19:30,AVAX,AVAX,7.12645,0.982,0.491,0.631,0.631,66530,-0.000447,9.98
2026-09-02 19:30,LINK,LINK,11.0565,0.904,0.452,1.357,2.261,515463,0.00125,13.4
2026-09-02 19:30,LTC,LTC,49.458,0.404,0.202,1.82,3.437,71455,0.000723,11.43
2026-09-02 19:30,ADA,ADA,0.19551000000000002,1.023,0.511,1.023,1.023,148568,2.7e-05,10.1
2026-09-02 19:30,DOT,DOT,0.8487800000000001,2.121,1.06,1.178,1.178,23976,-0.001029,11.12
2026-09-02 19:30,UNI,UNI,5.81945,0.859,0.43,1.632,2.492,48624,0.00125,13.36
2026-09-02 19:30,AAVE,AAVE,126.515,0.79,0.395,1.976,1.976,86859,0.00125,13.29
2026-09-02 19:30,ARB,ARB,0.12362500000000001,5.662,2.831,4.449,5.258,66212,0.00125,18.16
2026-09-02 19:30,POL,POL,0.0910605,2.306,1.153,1.153,1.153,19276,0.00125,14.81
2026-09-02 19:30,RENDER,RENDER,1.4024,4.278,2.139,2.852,3.565,22237,0.00125,16.78
2026-09-02 19:30,DOGE,DOGE,0.0811335,0.123,0.555,1.541,1.541,95682,0.00125,13.61
2026-09-02 19:30,SHIB,kSHIB,0.0051745,1.933,2.899,6.764,6.764,124529,0.00125,18.3
2026-09-02 19:30,PEPE,kPEPE,0.0033785,2.96,4.44,4.44,4.44,1210143,0.00125,21.38
2026-09-02 19:30,WIF,WIF,0.196415,1.527,0.764,1.782,2.8,19619,0.00125,14.03
2026-09-02 19:30,BONK,kBONK,0.002934,6.817,3.408,3.408,3.408,160839,0.00125,19.32
2026-09-02 19:30,TRUMP,TRUMP,2.16785,0.461,2.537,3.46,3.921,112639,-0.001065,14.07
2026-09-02 19:35,BTC,BTC,77181.5,0.13,0.065,0.065,0.065,3088843,0.00125,12.63
2026-09-02 19:35,ETH,ETH,2384.05,0.419,1.049,1.049,1.049,9174666,0.00125,14.6
2026-09-02 19:35,SOL,SOL,98.7755,0.101,0.051,0.051,0.051,451871,0.000604,10.79
2026-09-02 19:35,XRP,XRP,1.33195,0.751,0.375,0.375,0.375,2164326,0.00125,13.25
2026-09-02 19:35,AVAX,AVAX,7.1415500000000005,0.14,0.07,0.21,0.21,23114,-0.000379,9.14
2026-09-02 19:35,LINK,LINK,11.065999999999999,1.807,0.904,0.904,0.904,318846,0.00125,14.31
2026-09-02 19:35,LTC,LTC,49.423,0.405,0.202,1.012,1.619,48372,0.000903,11.93
2026-09-02 19:35,ADA,ADA,0.19563999999999998,1.022,0.511,0.511,0.511,163011,6.8e-05,10.21
2026-09-02 19:35,DOT,DOT,0.848565,1.768,0.884,1.237,1.355,17297,-0.001109,10.77
2026-09-02 19:35,UNI,UNI,5.82075,0.859,0.429,0.429,1.632,28683,0.00125,13.36
2026-09-02 19:35,AAVE,AAVE,126.685,0.789,0.395,1.184,1.973,110770,0.00125,13.29
2026-09-02 19:35,ARB,ARB,0.124225,4.025,2.012,2.817,2.817,54347,0.00125,16.52
2026-09-02 19:35,POL,POL,0.091136,1.975,0.988,1.097,1.097,13380,0.00125,14.48
2026-09-02 19:35,RENDER,RENDER,1.40515,6.405,3.203,4.626,5.338,32733,0.00125,18.91
2026-09-02 19:35,DOGE,DOGE,0.0812305,0.123,0.062,0.431,0.431,100647,0.00125,12.62
2026-09-02 19:35,SHIB,kSHIB,0.005171,3.868,1.934,1.934,1.934,160608,0.00125,16.37
2026-09-02 19:35,PEPE,kPEPE,0.0033825,2.956,1.478,1.478,1.478,821450,0.00125,15.46
2026-09-02 19:35,WIF,WIF,0.19644,1.018,1.018,1.018,4.072,17944,0.00125,14.54
2026-09-02 19:35,BONK,kBONK,0.0029405,3.401,1.7,1.7,1.7,173857,0.00125,15.9
2026-09-02 19:35,TRUMP,TRUMP,2.1698500000000003,0.461,0.23,0.23,0.23,96945,-0.000787,9.46
2026-09-02 19:40,BTC,BTC,77167.5,0.13,0.065,0.065,0.065,2210137,0.00125,12.63
2026-09-02 19:40,ETH,ETH,2385.55,0.419,0.21,0.21,0.21,8173970,0.00125,12.92
2026-09-02 19:40,SOL,SOL,98.7655,0.101,0.051,0.051,0.051,199424,0.000621,10.84
2026-09-02 19:40,XRP,XRP,1.3318500000000002,0.751,0.375,0.375,0.375,2791837,0.00125,13.25
2026-09-02 19:40,AVAX,AVAX,7.1423000000000005,0.84,0.42,0.56,0.56,46591,-0.000505,9.84
2026-09-02 19:40,LINK,LINK,11.078,1.805,0.903,0.903,0.903,365367,0.00125,14.31
2026-09-02 19:40,LTC,LTC,49.379000000000005,0.81,0.405,0.608,0.608,45985,0.000912,12.36
2026-09-02 19:40,ADA,ADA,0.195755,0.511,0.255,0.255,0.255,174495,6.7e-05,9.7
2026-09-02 19:40,DOT,DOT,0.84964,3.296,1.648,1.765,2.001,24910,-0.001162,12.3
2026-09-02 19:40,UNI,UNI,5.816549999999999,1.547,0.774,0.946,0.946,22638,0.00125,14.05
2026-09-02 19:40,AAVE,AAVE,126.83,1.577,0.788,0.788,0.788,164611,0.00125,14.08
2026-09-02 19:40,ARB,ARB,0.123685,4.043,2.021,2.021,2.021,50709,0.00125,16.54
2026-09-02 19:40,POL,POL,0.0910455,3.844,1.922,2.032,2.032,14555,0.00125,16.34
2026-09-02 19:40,RENDER,RENDER,1.4053,7.116,3.558,4.27,4.981,31774,0.00125,19.62
2026-09-02 19:40,DOGE,DOGE,0.0812065,0.123,0.062,0.062,0.062,82956,0.00125,12.62
2026-09-02 19:40,SHIB,kSHIB,0.0051649999999999995,3.872,1.936,3.872,3.872,141768,0.00125,16.37
2026-09-02 19:40,PEPE,kPEPE,0.0033785,2.96,1.48,1.48,1.48,856363,0.00125,15.46
2026-09-02 19:40,WIF,WIF,0.196215,3.568,1.784,1.784,2.803,24990,0.00125,16.07
2026-09-02 19:40,BONK,kBONK,0.002938,6.807,3.404,3.404,3.404,156379,0.00125,19.31
2026-09-02 19:40,TRUMP,TRUMP,2.1656500000000003,1.385,0.693,0.693,0.693,89584,-0.00053,10.39
2026-09-02 19:45,BTC,BTC,77319.5,0.129,0.065,0.065,0.065,1524803,0.00125,12.63
2026-09-02 19:45,ETH,ETH,2391.8500000000004,0.418,0.209,0.209,0.209,7105255,0.00125,12.92
2026-09-02 19:45,SOL,SOL,99.10249999999999,0.101,0.05,0.05,0.05,143202,0.00059,10.75
2026-09-02 19:45,XRP,XRP,1.33615,0.748,0.374,1.871,1.871,2210770,0.00125,13.25
2026-09-02 19:45,AVAX,AVAX,7.15665,1.537,0.769,0.769,0.769,42639,-0.000627,10.54
2026-09-02 19:45,LINK,LINK,11.118500000000001,2.698,1.349,1.349,1.349,322392,0.00125,15.2
2026-09-02 19:45,LTC,LTC,49.492999999999995,0.808,0.404,0.404,2.223,89508,0.000985,12.57
2026-09-02 19:45,ADA,ADA,0.19664500000000001,1.526,0.763,1.78,1.78,204474,5.3e-05,10.67
2026-09-02 19:45,DOT,DOT,0.85269,2.111,1.055,1.407,1.759,24357,-0.0012,11.11
2026-09-02 19:45,UNI,UNI,5.833399999999999,2.057,1.029,1.2,1.2,23941,0.00125,14.56
2026-09-02 19:45,AAVE,AAVE,127.515,3.921,2.745,3.529,5.097,71649,0.00125,17.99
2026-09-02 19:45,ARB,ARB,0.123345,2.432,1.216,1.216,1.216,64215,0.00125,14.93
2026-09-02 19:45,POL,POL,0.0911485,2.962,1.481,1.481,1.481,8327,0.00125,15.46
2026-09-02 19:45,RENDER,RENDER,1.4081000000000001,5.681,2.841,4.971,4.971,36012,0.00125,18.18
2026-09-02 19:45,DOGE,DOGE,0.0814625,0.123,0.061,1.166,1.166,74792,0.00125,12.62
2026-09-02 19:45,SHIB,kSHIB,0.0051815,1.93,2.895,6.755,8.685,143491,0.00125,18.29
2026-09-02 19:45,PEPE,kPEPE,0.0033925,2.948,1.474,1.474,1.474,846553,0.00125,15.45
2026-09-02 19:45,WIF,WIF,0.197015,2.538,1.269,2.792,3.299,16374,0.00125,15.04
2026-09-02 19:45,BONK,kBONK,0.0029495,3.39,1.695,1.695,5.086,161430,0.00125,15.89
2026-09-02 19:45,TRUMP,TRUMP,2.17155,1.382,0.691,0.691,1.151,54060,-0.000627,10.38
2026-09-02 19:50,BTC,BTC,77374.5,0.129,0.065,0.065,0.065,5717027,0.00125,12.63
2026-09-02 19:50,ETH,ETH,2393.5,0.836,0.418,0.418,0.418,7901737,0.00125,13.34
2026-09-02 19:50,SOL,SOL,99.21000000000001,0.202,0.101,0.101,0.202,103065,0.000711,11.19
2026-09-02 19:50,XRP,XRP,1.33745,0.748,0.374,0.374,0.374,2925200,0.00125,13.25
2026-09-02 19:50,AVAX,AVAX,7.1599,3.073,1.536,1.536,1.536,61706,-0.000722,12.07
2026-09-02 19:50,LINK,LINK,11.116,1.799,0.9,1.799,1.799,236740,0.00125,14.3
2026-09-02 19:50,LTC,LTC,49.5055,0.202,0.101,0.101,0.101,67016,0.001046,12.13
2026-09-02 19:50,ADA,ADA,0.196795,0.508,0.254,0.254,0.254,149153,0.000147,9.92
2026-09-02 19:50,DOT,DOT,0.85554,2.571,1.286,1.403,1.403,16957,-0.001214,11.57
2026-09-02 19:50,UNI,UNI,5.84865,1.539,0.769,0.769,0.769,47268,0.00125,14.04
2026-09-02 19:50,AAVE,AAVE,127.405,2.355,1.177,1.177,1.177,97284,0.00125,14.85
2026-09-02 19:50,ARB,ARB,0.12284,4.884,2.442,3.256,4.07,55138,0.00125,17.38
2026-09-02 19:50,POL,POL,0.091469,2.842,1.421,1.531,3.28,6173,0.00125,15.34
2026-09-02 19:50,RENDER,RENDER,1.4089,7.098,3.549,4.968,6.388,16737,0.00125,19.6
2026-09-02 19:50,DOGE,DOGE,0.081465,0.246,0.123,0.123,0.123,136039,0.00125,12.75
2026-09-02 19:50,SHIB,kSHIB,0.0051865,1.928,2.892,2.892,2.892,165387,0.00125,18.28
2026-09-02 19:50,PEPE,kPEPE,0.0033905,2.949,1.475,1.475,1.475,815353,0.00125,15.45
2026-09-02 19:50,WIF,WIF,0.197415,1.52,0.76,0.76,3.293,24784,0.00125,14.02
2026-09-02 19:50,BONK,kBONK,0.0029579999999999997,6.761,3.381,3.381,3.381,152661,0.00125,19.26
2026-09-02 19:50,TRUMP,TRUMP,2.17375,2.3,1.15,1.15,1.15,87370,-0.000641,11.3
2026-09-02 19:55,BTC,BTC,77327.5,0.129,0.065,0.065,0.065,2717810,0.00125,12.63
2026-09-02 19:55,ETH,ETH,2391.45,0.418,0.209,0.209,0.209,7423097,0.00125,12.92
2026-09-02 19:55,SOL,SOL,99.2285,0.101,0.05,0.05,0.05,193030,0.000847,11.47
2026-09-02 19:55,XRP,XRP,1.33635,0.748,0.374,0.374,0.374,1982815,0.00125,13.25
2026-09-02 19:55,AVAX,AVAX,7.158099999999999,0.559,0.279,0.419,0.419,53586,-0.000814,9.56
2026-09-02 19:55,LINK,LINK,11.109,1.8,0.9,0.9,1.8,238729,0.00125,14.3
2026-09-02 19:55,LTC,LTC,49.476,0.404,0.202,0.404,1.617,68927,0.000996,12.19
2026-09-02 19:55,ADA,ADA,0.19661499999999998,0.509,0.254,0.763,0.763,107409,0.000142,9.91
2026-09-02 19:55,DOT,DOT,0.855925,2.453,1.227,1.344,1.344,17054,-0.001335,11.45
2026-09-02 19:55,UNI,UNI,5.83625,2.227,1.114,1.799,1.97,45481,0.00125,14.73
2026-09-02 19:55,AAVE,AAVE,127.19,1.572,0.786,0.786,0.786,108812,0.00125,14.07
2026-09-02 19:55,ARB,ARB,0.122475,0.816,1.225,2.858,2.858,54774,0.00125,14.95
2026-09-02 19:55,POL,POL,0.091697,2.399,1.2,2.29,4.798,6185,0.00125,14.9
2026-09-02 19:55,RENDER,RENDER,1.4097499999999998,2.128,1.064,1.773,10.286,28269,0.00125,14.63
2026-09-02 19:55,DOGE,DOGE,0.0814465,0.614,0.307,0.307,0.307,162372,0.00125,13.11
2026-09-02 19:55,SHIB,kSHIB,0.0051865,1.928,0.964,2.892,2.892,161006,0.00125,14.43
2026-09-02 19:55,PEPE,kPEPE,0.0033925,2.948,1.474,1.474,1.474,861375,0.00125,15.45
2026-09-02 19:55,WIF,WIF,0.19744,2.026,1.013,1.013,3.039,23878,0.00125,14.53
2026-09-02 19:55,BONK,kBONK,0.0029585,3.38,1.69,1.69,1.69,119219,0.00125,15.88
2026-09-02 19:55,TRUMP,TRUMP,2.1759500000000003,1.379,0.689,0.689,0.689,76448,-0.000666,10.38
2026-09-02 20:00,BTC,BTC,77374.5,0.129,0.065,0.065,0.065,8665296,0.00125,12.63
2026-09-02 20:00,ETH,ETH,2393.05,0.418,0.209,0.209,0.209,10843028,0.00125,12.92
2026-09-02 20:00,SOL,SOL,99.2565,0.101,0.05,0.05,0.05,388676,0.000889,11.59
2026-09-02 20:00,XRP,XRP,1.3371,1.496,0.748,0.748,0.748,1750408,0.00125,14.0
2026-09-02 20:00,AVAX,AVAX,7.15365,0.14,0.07,0.07,0.07,74762,-0.002911,9.14
2026-09-02 20:00,LINK,LINK,11.111,1.8,0.9,1.8,1.8,248137,0.00125,14.3
2026-09-02 20:00,LTC,LTC,49.5025,0.202,0.101,0.101,0.101,53101,0.000916,11.77
2026-09-02 20:00,ADA,ADA,0.196475,0.509,0.254,0.254,0.254,103269,0.00125,13.01
2026-09-02 20:00,DOT,DOT,0.853885,1.757,0.878,0.995,1.815,22324,-0.002884,10.76
2026-09-02 20:00,UNI,UNI,5.83445,0.514,0.257,1.8,1.8,43520,0.00125,13.01
2026-09-02 20:00,AAVE,AAVE,127.17500000000001,0.786,0.393,0.393,0.393,97003,0.00125,13.29
2026-09-02 20:00,ARB,ARB,0.122345,2.452,2.043,2.043,2.043,65072,0.00125,16.59
2026-09-02 20:00,POL,POL,0.091824,2.832,1.416,1.416,1.525,10239,0.00125,15.33
2026-09-02 20:00,RENDER,RENDER,1.4094,5.676,2.838,3.548,4.967,19145,0.00125,18.18
2026-09-02 20:00,DOGE,DOGE,0.0814505,0.123,0.061,1.166,1.166,118965,0.00125,12.62
2026-09-02 20:00,SHIB,kSHIB,0.0051895,1.927,0.963,2.89,2.89,156398,0.00125,14.43
2026-09-02 20:00,PEPE,kPEPE,0.0033945,2.946,1.473,1.473,1.473,828758,0.00125,15.45
2026-09-02 20:00,WIF,WIF,0.197305,2.534,1.267,1.267,4.308,20261,0.00125,15.03
2026-09-02 20:00,BONK,kBONK,0.0029575,3.381,1.691,1.691,1.691,177701,0.00125,15.88
2026-09-02 20:00,TRUMP,TRUMP,2.18055,0.459,0.229,0.229,0.688,76636,0.000559,11.02
2026-09-02 20:05,BTC,BTC,77346.5,0.129,0.065,0.065,0.065,4230498,0.00125,12.63
2026-09-02 20:05,ETH,ETH,2393.55,0.418,0.209,0.209,0.209,11562390,0.00125,12.92
2026-09-02 20:05,SOL,SOL,99.2775,0.101,0.05,0.05,0.05,289705,0.001166,12.37
2026-09-02 20:05,XRP,XRP,1.33765,0.748,0.374,0.374,0.374,2085013,0.00125,13.25
2026-09-02 20:05,AVAX,AVAX,7.1563,0.838,0.419,0.559,0.559,52278,-0.001919,9.84
2026-09-02 20:05,LINK,LINK,11.1205,0.899,0.45,0.45,0.45,492532,0.00125,13.4
2026-09-02 20:05,LTC,LTC,49.558499999999995,0.202,0.101,0.101,0.101,56447,0.000574,10.81
2026-09-02 20:05,ADA,ADA,0.19645,1.018,0.509,0.509,0.509,131740,0.000675,11.91
2026-09-02 20:05,DOT,DOT,0.852175,1.995,0.997,1.115,1.115,20383,-0.002267,10.99
2026-09-02 20:05,UNI,UNI,5.81235,2.237,1.118,1.634,1.634,51618,0.00125,14.74
2026-09-02 20:05,AAVE,AAVE,127.005,2.362,1.181,1.968,1.968,103087,0.00125,14.86
2026-09-02 20:05,ARB,ARB,0.12344,1.62,0.81,1.62,1.62,57949,0.00125,14.12
2026-09-02 20:05,POL,POL,0.091765,3.269,1.635,3.16,5.231,6188,0.00125,15.77
2026-09-02 20:05,RENDER,RENDER,1.409,5.678,2.839,4.258,4.968,31344,0.00125,18.18
2026-09-02 20:05,DOGE,DOGE,0.0814175,0.368,0.184,0.184,0.307,118424,0.00125,12.87
2026-09-02 20:05,SHIB,kSHIB,0.005187499999999999,1.928,2.892,2.892,2.892,160647,0.00125,18.28
2026-09-02 20:05,PEPE,kPEPE,0.0033935,2.947,1.473,1.473,1.473,866012,0.00125,15.45
2026-09-02 20:05,WIF,WIF,0.1972,1.014,0.507,1.014,1.521,24236,0.00125,13.51
2026-09-02 20:05,BONK,kBONK,0.002951,6.777,3.389,3.389,3.389,178035,0.00125,19.28
2026-09-02 20:05,TRUMP,TRUMP,2.17255,1.381,0.69,0.69,1.151,123450,-0.000235,10.38
2026-09-02 20:10,BTC,BTC,77419.5,0.129,0.065,0.065,0.065,4864923,0.00125,12.63
2026-09-02 20:10,ETH,ETH,2395.55,0.417,0.209,0.209,0.209,7385914,0.00125,12.92
2026-09-02 20:10,SOL,SOL,99.4695,0.101,0.05,0.05,0.05,387845,0.001095,12.17
2026-09-02 20:10,XRP,XRP,1.33915,0.747,0.373,0.373,0.373,2204679,0.00125,13.25
2026-09-02 20:10,AVAX,AVAX,7.16345,0.977,0.489,0.628,0.628,46177,-0.001781,9.98
2026-09-02 20:10,LINK,LINK,11.127500000000001,0.899,0.449,1.348,2.247,341573,0.00125,13.4
2026-09-02 20:10,LTC,LTC,49.4755,0.606,0.303,0.303,0.707,52760,0.000484,10.96
2026-09-02 20:10,ADA,ADA,0.196635,1.526,0.763,0.763,0.763,127227,0.000526,12.0
2026-09-02 20:10,DOT,DOT,0.8539049999999999,1.757,0.878,0.995,0.995,19966,-0.001957,10.76
2026-09-02 20:10,UNI,UNI,5.8193,1.375,0.687,0.859,0.859,25785,0.00125,13.87
2026-09-02 20:10,AAVE,AAVE,127.09,1.574,0.787,1.574,1.574,100459,0.00125,14.07
2026-09-02 20:10,ARB,ARB,0.124405,2.411,1.206,2.01,2.01,39162,0.00125,14.91
2026-09-02 20:10,POL,POL,0.09165899999999999,1.746,0.873,0.982,0.982,10210,0.00125,14.25
2026-09-02 20:10,RENDER,RENDER,1.4100000000000001,5.674,2.837,4.255,5.674,21178,0.00125,18.17
2026-09-02 20:10,DOGE,DOGE,0.0814985,0.614,0.307,0.307,0.307,93272,0.00125,13.11
2026-09-02 20:10,SHIB,kSHIB,0.0051765000000000005,1.932,2.898,2.898,2.898,156378,0.00125,18.3
2026-09-02 20:10,PEPE,kPEPE,0.0033985,2.942,1.471,1.471,1.471,878153,0.00125,15.44
2026-09-02 20:10,WIF,WIF,0.19719,2.029,1.014,1.014,2.536,24231,0.00125,14.53
2026-09-02 20:10,BONK,kBONK,0.0029490000000000002,6.782,3.391,3.391,3.391,184342,0.00125,19.28
2026-09-02 20:10,TRUMP,TRUMP,2.17425,1.38,0.69,0.69,1.61,119342,0.000233,11.03
2026-09-02 20:15,BTC,BTC,77440.5,0.129,0.065,0.065,0.065,4029922,0.00125,12.63
2026-09-02 20:15,ETH,ETH,2396.6499999999996,0.417,0.209,0.209,0.209,7441712,0.00125,12.92
2026-09-02 20:15,SOL,SOL,99.47749999999999,0.101,0.05,0.05,0.05,345815,0.001229,12.54
2026-09-02 20:15,XRP,XRP,1.3413499999999998,0.746,0.373,0.373,0.373,2089231,0.00125,13.25
2026-09-02 20:15,AVAX,AVAX,7.16425,1.535,0.768,0.907,0.907,44167,-0.001621,10.54
2026-09-02 20:15,LINK,LINK,11.1395,0.898,0.449,1.347,2.244,224316,0.00125,13.4
2026-09-02 20:15,LTC,LTC,49.441500000000005,0.202,0.101,0.303,0.91,50161,0.000659,11.05
2026-09-02 20:15,ADA,ADA,0.19685999999999998,1.016,0.508,0.508,0.508,161587,0.000745,12.1
2026-09-02 20:15,DOT,DOT,0.855925,1.752,0.876,0.993,0.993,18436,-0.001794,10.75
2026-09-02 20:15,UNI,UNI,5.82115,1.546,0.773,0.945,0.945,25002,0.00125,14.05
2026-09-02 20:15,AAVE,AAVE,127.10499999999999,0.787,0.393,0.393,0.393,120642,0.00125,13.29
2026-09-02 20:15,ARB,ARB,0.124455,2.411,1.205,1.205,1.205,64661,0.00125,14.91
2026-09-02 20:15,POL,POL,0.0915075,2.951,1.475,1.475,1.475,10782,0.00125,15.45
2026-09-02 20:15,RENDER,RENDER,1.4102000000000001,4.255,4.964,5.673,7.091,19031,0.00125,22.43
2026-09-02 20:15,DOGE,DOGE,0.08156949999999999,2.084,1.042,1.165,1.165,138389,0.00125,14.58
2026-09-02 20:15,SHIB,kSHIB,0.0051785,5.793,2.897,4.828,4.828,157675,0.00125,18.29
2026-09-02 20:15,PEPE,kPEPE,0.0033965,2.944,1.472,1.472,1.472,865122,0.00125,15.44
2026-09-02 20:15,WIF,WIF,0.19703500000000002,3.553,1.776,2.791,2.791,31670,0.00125,16.05
2026-09-02 20:15,BONK,kBONK,0.0029505,3.389,1.695,1.695,5.084,183828,0.00125,15.89
2026-09-02 20:15,TRUMP,TRUMP,2.1780999999999997,2.755,1.377,1.377,2.296,96028,0.000328,12.67
2026-09-02 20:20,BTC,BTC,77415.5,0.129,0.065,0.065,0.065,2862346,0.00125,12.63
2026-09-02 20:20,ETH,ETH,2395.45,0.417,0.209,0.209,0.209,5956085,0.00125,12.92
2026-09-02 20:20,SOL,SOL,99.3765,0.906,0.453,0.453,0.453,268409,0.00108,12.93
2026-09-02 20:20,XRP,XRP,1.3398500000000002,0.746,0.373,0.373,0.373,2175958,0.00125,13.25
2026-09-02 20:20,AVAX,AVAX,7.1629000000000005,1.396,0.698,0.838,0.838,53564,-0.00167,10.4
2026-09-02 20:20,LINK,LINK,11.1345,0.898,0.449,0.449,0.449,228671,0.00125,13.4
2026-09-02 20:20,LTC,LTC,49.486999999999995,0.808,0.404,0.404,0.606,65816,0.000768,11.96
2026-09-02 20:20,ADA,ADA,0.19669999999999999,1.017,0.508,0.508,0.508,158588,0.000839,12.37
2026-09-02 20:20,DOT,DOT,0.85605,1.402,0.701,0.818,0.818,26786,-0.00183,10.4
2026-09-02 20:20,UNI,UNI,5.8168500000000005,0.172,0.086,0.086,0.086,28121,0.00125,12.67
2026-09-02 20:20,AAVE,AAVE,127.005,2.362,1.181,1.968,2.756,100269,0.00125,14.86
2026-09-02 20:20,ARB,ARB,0.12448000000000001,3.213,1.607,1.607,1.607,80027,0.00125,15.71
2026-09-02 20:20,POL,POL,0.0914495,3.39,1.695,1.695,1.695,7572,0.00125,15.89
2026-09-02 20:20,RENDER,RENDER,1.4106,2.836,1.418,2.836,3.545,41533,0.00125,15.34
2026-09-02 20:20,DOGE,DOGE,0.08147650000000001,0.123,0.061,0.552,0.552,116338,0.00125,12.62
2026-09-02 20:20,SHIB,kSHIB,0.0051730000000000005,3.866,1.933,1.933,1.933,145210,0.00125,16.37
2026-09-02 20:20,PEPE,kPEPE,0.0033965,2.944,1.472,1.472,1.472,859954,0.00125,15.44
2026-09-02 20:20,WIF,WIF,0.19696999999999998,2.031,1.015,1.523,3.046,24855,0.00125,14.53
2026-09-02 20:20,BONK,kBONK,0.002953,6.773,3.386,3.386,3.386,136678,0.00125,19.27
2026-09-02 20:20,TRUMP,TRUMP,2.17485,1.379,0.69,1.609,1.609,93667,-0.000167,10.38
2026-09-02 20:25,BTC,BTC,77439.5,0.129,0.065,0.065,0.065,4820894,0.00125,12.63
2026-09-02 20:25,ETH,ETH,2396.3500000000004,0.417,0.209,0.209,0.209,6947409,0.00125,12.92
2026-09-02 20:25,SOL,SOL,99.48349999999999,0.101,0.05,0.05,0.05,285068,0.001037,12.0
2026-09-02 20:25,XRP,XRP,1.34175,0.745,0.373,0.373,0.373,2064168,0.00125,13.25
2026-09-02 20:25,AVAX,AVAX,7.1666,1.116,0.558,0.698,0.698,32422,-0.001672,10.12
2026-09-02 20:25,LINK,LINK,11.1455,0.897,0.449,1.346,1.346,416821,0.00125,13.4
2026-09-02 20:25,LTC,LTC,49.56,0.404,0.202,0.202,0.807,66695,0.000801,11.64
2026-09-02 20:25,ADA,ADA,0.197215,0.507,0.254,0.254,0.254,160622,0.001014,12.35
2026-09-02 20:25,DOT,DOT,0.85754,1.166,0.583,0.7,0.7,30748,-0.00192,10.17
2026-09-02 20:25,UNI,UNI,5.82245,1.202,0.601,0.601,1.288,27108,0.00125,13.7
2026-09-02 20:25,AAVE,AAVE,127.085,2.361,1.18,1.967,1.967,146762,0.00125,14.86
2026-09-02 20:25,ARB,ARB,0.124395,2.412,1.206,1.206,1.206,46392,0.00125,14.91
2026-09-02 20:25,POL,POL,0.09153449999999999,2.513,1.256,1.256,1.256,10509,0.00125,15.01
2026-09-02 20:25,RENDER,RENDER,1.4114499999999999,6.376,3.188,3.897,3.897,29844,0.00125,18.88
2026-09-02 20:25,DOGE,DOGE,0.0816035,0.123,0.306,0.797,1.409,63618,0.00125,13.11
2026-09-02 20:25,SHIB,kSHIB,0.005176,3.864,3.864,3.864,5.796,138668,0.00125,20.23
2026-09-02 20:25,PEPE,kPEPE,0.0033994999999999997,2.942,1.471,1.471,1.471,854426,0.00125,15.44
2026-09-02 20:25,WIF,WIF,0.197135,2.536,1.268,1.268,3.297,22865,0.00125,15.04
2026-09-02 20:25,BONK,kBONK,0.0029545,3.385,1.692,5.077,5.077,168020,0.00125,15.88
2026-09-02 20:25,TRUMP,TRUMP,2.17565,1.379,0.689,0.689,0.689,97881,-0.000307,10.38
2026-09-02 20:30,BTC,BTC,77434.5,0.129,0.065,0.065,0.065,3087777,0.00125,12.63
2026-09-02 20:30,ETH,ETH,2396.45,0.417,0.209,0.209,0.209,10991471,0.00125,12.92
2026-09-02 20:30,SOL,SOL,99.4285,0.101,0.05,0.05,0.251,487392,0.001104,12.19
2026-09-02 20:30,XRP,XRP,1.34175,0.745,0.373,0.373,0.373,2291832,0.00125,13.25
2026-09-02 20:30,AVAX,AVAX,7.1628,1.117,0.558,0.698,0.698,41702,-0.001525,10.12
2026-09-02 20:30,LINK,LINK,11.148499999999999,0.897,0.448,0.448,1.345,488956,0.00125,13.4
2026-09-02 20:30,LTC,LTC,49.566,2.421,1.211,1.412,2.421,94085,0.000826,13.73
2026-09-02 20:30,ADA,ADA,0.197165,0.507,0.254,0.254,0.254,187199,0.001175,12.8
2026-09-02 20:30,DOT,DOT,0.85718,0.933,0.467,0.467,0.467,19904,-0.001944,9.93
2026-09-02 20:30,UNI,UNI,5.8269,0.686,0.343,0.343,0.343,25338,0.00125,13.19
2026-09-02 20:30,AAVE,AAVE,127.035,2.362,1.968,2.755,2.755,151571,0.00125,16.44
2026-09-02 20:30,ARB,ARB,0.124345,2.413,1.206,1.206,1.206,47409,0.00125,14.91
2026-09-02 20:30,POL,POL,0.091422,0.875,1.641,1.75,1.86,9550,0.00125,15.78
2026-09-02 20:30,RENDER,RENDER,1.4104,1.418,4.254,4.963,8.508,18683,0.00125,21.01
2026-09-02 20:30,DOGE,DOGE,0.0815395,0.123,0.552,1.165,1.165,20138,0.00125,13.6
2026-09-02 20:30,SHIB,kSHIB,0.005174,3.865,1.933,1.933,3.865,155669,0.00125,16.37
2026-09-02 20:30,PEPE,kPEPE,0.0033975,2.943,1.472,1.472,1.472,855191,0.00125,15.44
2026-09-02 20:30,WIF,WIF,0.19715,1.014,0.507,1.014,1.014,24322,0.00125,13.51
2026-09-02 20:30,BONK,kBONK,0.00295,6.78,3.39,3.39,3.39,220438,0.00125,19.28
2026-09-02 20:30,TRUMP,TRUMP,2.17765,1.378,0.689,0.689,1.148,75707,-0.000385,10.38
2026-09-02 20:35,BTC,BTC,77396.5,0.129,0.065,0.065,0.065,1815072,0.00125,12.63
2026-09-02 20:35,ETH,ETH,2395.8500000000004,0.417,0.209,0.209,0.209,12118890,0.00125,12.92
2026-09-02 20:35,SOL,SOL,99.4235,0.101,0.05,0.05,0.05,717031,0.001088,12.15
2026-09-02 20:35,XRP,XRP,1.3402500000000002,0.746,0.373,0.373,0.373,2331432,0.00125,13.25
2026-09-02 20:35,AVAX,AVAX,7.167,1.116,0.558,0.698,1.116,43694,-0.001408,10.12
2026-09-02 20:35,LINK,LINK,11.148499999999999,0.897,0.448,0.448,1.345,475393,0.00125,13.4
2026-09-02 20:35,LTC,LTC,49.591,1.21,0.605,0.605,0.807,51932,0.000824,12.52
2026-09-02 20:35,ADA,ADA,0.19701000000000002,1.015,0.508,1.015,1.015,180813,0.001179,13.32
2026-09-02 20:35,DOT,DOT,0.85966,2.094,1.047,1.745,1.861,25098,-0.001795,11.09
2026-09-02 20:35,UNI,UNI,5.820399999999999,0.687,0.344,0.515,0.515,43323,0.00125,13.19
2026-09-02 20:35,AAVE,AAVE,127.11,1.573,0.787,1.573,2.36,99887,0.00125,14.07
2026-09-02 20:35,ARB,ARB,0.126075,3.966,1.983,1.983,1.983,40757,0.00125,16.47
2026-09-02 20:35,POL,POL,0.091674,1.963,0.982,1.091,1.091,10546,0.00125,14.46
2026-09-02 20:35,RENDER,RENDER,1.4116,4.25,2.125,2.834,3.542,20711,0.00125,16.75
2026-09-02 20:35,DOGE,DOGE,0.0815305,0.123,0.061,0.061,0.061,111056,0.00125,12.62
2026-09-02 20:35,SHIB,kSHIB,0.005177,3.863,1.932,1.932,1.932,137785,0.00125,16.36
2026-09-02 20:35,PEPE,kPEPE,0.003398,5.886,2.943,2.943,2.943,868734,0.00125,18.39
2026-09-02 20:35,WIF,WIF,0.19733499999999998,1.52,0.76,1.267,3.294,23438,0.00125,14.02
2026-09-02 20:35,BONK,kBONK,0.0029560000000000003,6.766,3.383,3.383,3.383,142418,0.00125,19.27
2026-09-02 20:35,TRUMP,TRUMP,2.181,2.751,1.376,2.293,3.21,115944,-0.000576,11.75
2026-09-02 20:40,BTC,BTC,77281.5,0.129,0.065,0.065,0.065,2889835,0.00125,12.63
2026-09-02 20:40,ETH,ETH,2391.45,0.418,0.209,0.209,0.209,7386548,0.00125,12.92
2026-09-02 20:40,SOL,SOL,99.1725,0.101,0.05,0.05,0.05,504852,0.001027,11.98
2026-09-02 20:40,XRP,XRP,1.33725,0.748,0.374,0.374,0.374,2090758,0.00125,13.25
2026-09-02 20:40,AVAX,AVAX,7.15435,1.258,0.629,0.769,0.769,58692,-0.001346,10.26
2026-09-02 20:40,LINK,LINK,11.1175,0.899,0.45,1.349,1.349,231560,0.00125,13.4
2026-09-02 20:40,LTC,LTC,49.522000000000006,0.808,0.404,0.404,0.404,67045,0.000921,12.39
2026-09-02 20:40,ADA,ADA,0.19649499999999998,1.527,0.763,0.763,0.763,134851,0.001115,13.65
2026-09-02 20:40,DOT,DOT,0.8581049999999999,0.583,0.291,0.408,0.408,19387,-0.001731,9.58
2026-09-02 20:40,UNI,UNI,5.80435,1.206,0.603,0.603,1.12,26159,0.00125,13.71
2026-09-02 20:40,AAVE,AAVE,126.905,2.364,1.182,1.97,1.97,112997,0.00125,14.86
2026-09-02 20:40,ARB,ARB,0.125225,3.993,1.996,3.594,4.392,47262,0.00125,16.49
2026-09-02 20:40,POL,POL,0.091505,1.749,0.874,1.093,3.716,7534,0.00125,14.25
2026-09-02 20:40,RENDER,RENDER,1.4078,2.841,1.421,2.131,3.552,22611,0.00125,15.34
2026-09-02 20:40,DOGE,DOGE,0.0813165,0.123,0.061,0.061,0.061,130770,0.00125,12.62
2026-09-02 20:40,SHIB,kSHIB,0.0051675,1.935,2.903,2.903,2.903,143229,0.00125,18.31
2026-09-02 20:40,PEPE,kPEPE,0.0033935,2.947,1.473,1.473,1.473,833056,0.00125,15.45
2026-09-02 20:40,WIF,WIF,0.197075,2.537,1.269,2.283,2.791,25862,0.00125,15.04
2026-09-02 20:40,BONK,kBONK,0.0029519999999999998,6.775,3.388,3.388,3.388,177864,0.00125,19.28
2026-09-02 20:40,TRUMP,TRUMP,2.16745,0.461,0.231,1.153,1.153,76462,-0.000835,9.46
2026-09-02 20:45,BTC,BTC,77303.5,0.129,0.065,0.065,0.065,2673924,0.00125,12.63
2026-09-02 20:45,ETH,ETH,2392.3500000000004,0.418,0.209,0.209,0.209,7362490,0.00125,12.92
2026-09-02 20:45,SOL,SOL,99.2985,0.101,0.05,0.05,0.05,232249,0.001077,12.12
2026-09-02 20:45,XRP,XRP,1.3390499999999999,0.747,0.373,0.373,0.373,2065441,0.00125,13.25
2026-09-02 20:45,AVAX,AVAX,7.16555,0.698,0.349,0.488,0.488,37958,-0.001328,9.7
2026-09-02 20:45,LINK,LINK,11.131499999999999,0.898,0.449,1.348,2.246,496169,0.00125,13.4
2026-09-02 20:45,LTC,LTC,49.599999999999994,0.806,0.403,0.605,0.605,51651,0.001023,12.67
2026-09-02 20:45,ADA,ADA,0.196895,0.508,0.254,0.254,0.254,183083,0.001148,12.72
2026-09-02 20:45,DOT,DOT,0.858385,2.446,1.223,1.34,1.689,18389,-0.001654,11.45
2026-09-02 20:45,UNI,UNI,5.81985,0.172,0.086,1.632,1.632,28268,0.00125,12.67
2026-09-02 20:45,AAVE,AAVE,127.00999999999999,1.575,0.787,1.575,1.575,129066,0.00125,14.07
2026-09-02 20:45,ARB,ARB,0.124235,4.025,2.012,2.817,2.817,71877,0.00125,16.52
2026-09-02 20:45,POL,POL,0.0914585,1.64,0.82,0.929,0.929,9012,0.00125,14.14
2026-09-02 20:45,RENDER,RENDER,1.4097499999999998,3.547,1.773,2.483,4.611,21925,0.00125,16.05
2026-09-02 20:45,DOGE,DOGE,0.0814025,0.123,0.061,0.061,0.061,82870,0.00125,12.62
2026-09-02 20:45,SHIB,kSHIB,0.0051705,1.934,0.967,2.901,2.901,138975,0.00125,14.43
2026-09-02 20:45,PEPE,kPEPE,0.0034015,2.94,4.41,4.41,4.41,1208489,0.00125,21.32
2026-09-02 20:45,WIF,WIF,0.197695,1.517,1.77,1.77,1.77,23024,0.00125,16.04
2026-09-02 20:45,BONK,kBONK,0.002953,6.773,3.386,3.386,6.773,215858,0.00125,19.27
2026-09-02 20:45,TRUMP,TRUMP,2.17015,1.382,0.691,0.691,0.691,92028,-0.000895,10.38
2026-09-02 20:50,BTC,BTC,77352.5,0.129,0.065,0.065,0.065,3533816,0.00125,12.63
2026-09-02 20:50,ETH,ETH,2393.95,0.418,0.209,0.209,0.209,6713784,0.00125,12.92
2026-09-02 20:50,SOL,SOL,99.4395,0.101,0.05,0.05,0.05,289511,0.001113,12.22
2026-09-02 20:50,XRP,XRP,1.34105,0.746,0.373,0.373,0.373,2165153,0.00125,13.25
2026-09-02 20:50,AVAX,AVAX,7.1671499999999995,0.698,0.349,0.907,1.046,47332,-0.00123,9.7
2026-09-02 20:50,LINK,LINK,11.1405,0.898,0.449,1.346,1.346,250068,0.00125,13.4
2026-09-02 20:50,LTC,LTC,49.649,0.806,0.403,0.403,1.208,62024,0.001144,13.01
2026-09-02 20:50,ADA,ADA,0.197015,0.508,0.254,0.761,0.761,166686,0.001199,12.86
2026-09-02 20:50,DOT,DOT,0.8598,0.465,0.233,0.349,0.349,23268,-0.001394,9.47
2026-09-02 20:50,UNI,UNI,5.82815,0.515,0.257,0.429,1.115,24300,0.00125,13.01
2026-09-02 20:50,AAVE,AAVE,127.25,1.572,0.786,1.572,2.358,108639,0.00125,14.07
2026-09-02 20:50,ARB,ARB,0.124365,0.804,0.402,0.402,5.227,54572,0.00125,13.3
2026-09-02 20:50,POL,POL,0.091203,2.412,1.206,1.316,1.316,9178,0.00125,14.91
2026-09-02 20:50,RENDER,RENDER,1.4116,4.25,2.125,2.834,3.542,15950,0.00125,16.75
2026-09-02 20:50,DOGE,DOGE,0.0814755,0.123,0.061,0.552,0.552,69015,0.00125,12.62
2026-09-02 20:50,SHIB,kSHIB,0.0051785,1.931,0.966,2.897,2.897,154419,0.00125,14.43
2026-09-02 20:50,PEPE,kPEPE,0.0034035000000000003,2.938,1.469,1.469,1.469,859699,0.00125,15.44
2026-09-02 20:50,WIF,WIF,0.19785999999999998,2.022,1.011,1.516,2.527,19956,0.00125,14.52
2026-09-02 20:50,BONK,kBONK,0.0029555,3.384,1.692,1.692,5.075,176360,0.00125,15.88
2026-09-02 20:50,TRUMP,TRUMP,2.1775,1.837,0.918,1.378,1.378,76102,-0.000735,10.84
2026-09-02 20:55,BTC,BTC,77346.5,0.129,0.065,0.065,0.065,3621985,0.00125,12.63
2026-09-02 20:55,ETH,ETH,2394.75,0.418,0.209,0.209,0.209,8155674,0.00125,12.92
2026-09-02 20:55,SOL,SOL,99.4465,0.101,0.05,0.05,0.05,268354,0.001138,12.29
2026-09-02 20:55,XRP,XRP,1.34185,0.745,0.373,0.373,0.373,2074006,0.00125,13.25
2026-09-02 20:55,AVAX,AVAX,7.174250000000001,0.697,0.348,0.488,0.488,43636,-0.001194,9.7
2026-09-02 20:55,LINK,LINK,11.1395,0.898,0.449,0.449,0.449,246081,0.00125,13.4
2026-09-02 20:55,LTC,LTC,49.738,0.402,0.201,0.201,0.201,39842,0.001172,12.68
2026-09-02 20:55,ADA,ADA,0.197085,0.507,1.268,1.268,1.268,154563,0.00125,15.04
2026-09-02 20:55,DOT,DOT,0.8600399999999999,0.93,0.465,0.581,1.046,30105,-0.001277,9.93
2026-09-02 20:55,UNI,UNI,5.8168500000000005,0.172,0.086,0.258,0.946,22758,0.00125,12.67
2026-09-02 20:55,AAVE,AAVE,127.245,0.786,0.393,1.179,1.179,103469,0.00125,13.29
2026-09-02 20:55,ARB,ARB,0.12415999999999999,1.611,0.805,1.611,1.611,45795,0.00125,14.11
2026-09-02 20:55,POL,POL,0.091141,2.194,1.097,4.169,4.279,8618,0.00125,14.69
2026-09-02 20:55,RENDER,RENDER,1.4125,4.248,2.124,3.54,4.248,16842,0.00125,16.75
2026-09-02 20:55,DOGE,DOGE,0.0814895,0.123,0.307,0.92,1.043,13963,0.00125,13.11
2026-09-02 20:55,SHIB,kSHIB,0.005182,3.86,1.93,1.93,3.86,131212,0.00125,16.36
2026-09-02 20:55,PEPE,kPEPE,0.0034055,2.936,1.468,1.468,1.468,878796,0.00125,15.44
2026-09-02 20:55,WIF,WIF,0.19799,2.02,1.01,1.515,3.03,23596,0.00125,14.52
2026-09-02 20:55,BONK,kBONK,0.0029560000000000003,6.766,3.383,3.383,6.766,222068,0.00125,19.27
2026-09-02 20:55,TRUMP,TRUMP,2.1763500000000002,0.459,0.23,1.608,2.527,95538,-0.000671,9.46
2026-09-02 21:00,BTC,BTC,77327.5,0.129,0.065,0.065,0.065,2517566,0.00125,12.63
2026-09-02 21:00,ETH,ETH,2394.05,0.418,0.209,0.209,0.209,10703638,0.00125,12.92
2026-09-02 21:00,SOL,SOL,99.4265,0.101,0.05,0.05,0.05,606536,0.001004,11.91
2026-09-02 21:00,XRP,XRP,1.3407499999999999,0.746,0.373,0.373,0.373,1923001,0.000754,11.86
2026-09-02 21:00,AVAX,AVAX,7.1724499999999995,0.139,0.07,1.046,1.185,27420,-0.000545,9.14
2026-09-02 21:00,LINK,LINK,11.125499999999999,0.899,0.449,1.348,2.247,391890,0.00125,13.4
2026-09-02 21:00,LTC,LTC,49.6905,1.006,0.503,0.704,0.704,60898,0.001007,12.82
2026-09-02 21:00,ADA,ADA,0.19689,1.016,0.508,0.508,1.016,236685,0.00125,13.52
2026-09-02 21:00,DOT,DOT,0.85896,1.863,0.931,1.048,2.561,27429,-0.001057,10.86
2026-09-02 21:00,UNI,UNI,5.8020499999999995,1.206,0.603,0.776,0.776,31366,0.00125,13.71
2026-09-02 21:00,AAVE,AAVE,127.00999999999999,1.575,0.787,1.575,2.362,143746,0.00125,14.07
2026-09-02 21:00,ARB,ARB,0.124355,0.804,0.402,0.402,0.402,76624,0.00125,13.3
2026-09-02 21:00,POL,POL,0.0910865,2.745,1.372,1.482,2.47,7502,0.00125,15.24
2026-09-02 21:00,RENDER,RENDER,1.41085,3.544,1.772,1.772,6.025,10562,0.00125,16.04
2026-09-02 21:00,DOGE,DOGE,0.0814215,0.123,0.061,0.061,0.061,100747,0.00125,12.62
2026-09-02 21:00,SHIB,kSHIB,0.00517,3.868,1.934,1.934,3.868,158833,0.00125,16.37
2026-09-02 21:00,PEPE,kPEPE,0.0034025,2.939,1.47,1.47,1.47,849389,0.00125,15.44
2026-09-02 21:00,WIF,WIF,0.197625,1.518,0.759,1.265,3.289,19976,0.002051,16.26
2026-09-02 21:00,BONK,kBONK,0.002948,6.784,3.392,3.392,3.392,183384,0.00125,19.28
2026-09-02 21:00,TRUMP,TRUMP,2.1750999999999996,0.919,0.46,1.379,1.379,111108,0.000626,11.67
2026-09-02 21:05,BTC,BTC,77341.5,0.129,0.065,0.065,0.065,3872630,0.00125,12.63
2026-09-02 21:05,ETH,ETH,2394.3500000000004,0.418,0.209,0.209,0.209,10814319,0.00125,12.92
2026-09-02 21:05,SOL,SOL,99.4235,0.101,0.05,0.05,0.05,465051,0.00125,12.6
2026-09-02 21:05,XRP,XRP,1.34055,0.746,0.373,0.373,0.373,2059229,0.00125,13.25
2026-09-02 21:05,AVAX,AVAX,7.17335,0.139,0.07,0.07,0.07,48554,-0.001216,9.14
2026-09-02 21:05,LINK,LINK,11.119499999999999,0.899,0.45,1.349,1.349,360375,0.00125,13.4
2026-09-02 21:05,LTC,LTC,49.757999999999996,0.804,0.402,0.603,0.603,39292,0.001172,13.08
2026-09-02 21:05,ADA,ADA,0.196745,1.525,0.762,0.762,0.762,277087,0.00125,14.02
2026-09-02 21:05,DOT,DOT,0.8585149999999999,1.048,0.524,0.524,0.524,29027,-0.000994,10.05
2026-09-02 21:05,UNI,UNI,5.80245,0.862,0.431,1.465,1.637,56747,0.00125,13.36
2026-09-02 21:05,AAVE,AAVE,126.985,0.787,0.394,0.394,0.394,105466,0.00125,13.29
2026-09-02 21:05,ARB,ARB,0.12387000000000001,1.615,0.807,1.615,1.615,66032,0.00125,14.11
2026-09-02 21:05,POL,POL,0.09129799999999999,2.41,1.205,1.314,1.314,8711,0.00125,14.91
2026-09-02 21:05,RENDER,RENDER,1.4107,4.253,2.127,2.835,2.835,11961,0.00125,16.75
2026-09-02 21:05,DOGE,DOGE,0.0813745,0.123,0.061,1.29,1.413,106288,0.00125,12.62
2026-09-02 21:05,SHIB,kSHIB,0.005167,3.871,1.935,1.935,3.871,142830,0.00125,16.37
2026-09-02 21:05,PEPE,kPEPE,0.0034035000000000003,2.938,1.469,1.469,1.469,840036,0.00125,15.44
2026-09-02 21:05,WIF,WIF,0.19765,1.012,0.506,0.506,2.53,25385,0.001573,14.41
2026-09-02 21:05,BONK,kBONK,0.002947,6.787,3.393,3.393,3.393,156140,0.00125,19.29
2026-09-02 21:05,TRUMP,TRUMP,2.1707,0.921,0.461,0.921,2.303,78016,0.000204,10.49
2026-09-02 21:10,BTC,BTC,77338.5,0.129,0.065,0.065,0.065,4661759,0.00125,12.63
2026-09-02 21:10,ETH,ETH,2395.05,0.418,0.209,0.209,0.209,7174886,0.00125,12.92
2026-09-02 21:10,SOL,SOL,99.5015,0.101,0.05,0.05,0.05,278824,0.001077,12.12
2026-09-02 21:10,XRP,XRP,1.34315,0.745,0.372,0.372,0.372,2183568,0.00125,13.24
2026-09-02 21:10,AVAX,AVAX,7.1746,0.558,0.279,0.418,0.836,63475,-0.001402,9.56
2026-09-02 21:10,LINK,LINK,11.125499999999999,0.899,0.449,1.348,1.348,347985,0.00125,13.4
2026-09-02 21:10,LTC,LTC,49.787,0.402,0.201,0.402,0.603,50574,0.000985,12.16
2026-09-02 21:10,ADA,ADA,0.196895,1.524,0.762,0.762,0.762,194768,0.00125,14.02
2026-09-02 21:10,DOT,DOT,0.86075,1.859,0.929,1.046,1.278,22023,-0.000824,10.86
2026-09-02 21:10,UNI,UNI,5.8216,0.344,0.172,0.172,0.515,33758,0.00125,12.84
2026-09-02 21:10,AAVE,AAVE,127.11500000000001,0.787,0.393,1.18,1.967,84894,0.00125,13.29
2026-09-02 21:10,ARB,ARB,0.12525999999999998,1.597,0.798,0.798,0.798,81853,0.00125,14.1
2026-09-02 21:10,POL,POL,0.09116650000000001,1.207,0.603,0.713,0.713,8950,0.00125,13.71
2026-09-02 21:10,RENDER,RENDER,1.4135499999999999,3.537,3.183,3.183,3.891,20065,0.00125,18.87
2026-09-02 21:10,DOGE,DOGE,0.0814355,0.123,0.061,0.553,0.675,74643,0.00125,12.62
2026-09-02 21:10,SHIB,kSHIB,0.0051675,1.935,2.903,2.903,4.838,142593,0.00125,18.31
2026-09-02 21:10,PEPE,kPEPE,0.0034065,2.936,1.468,1.468,1.468,834341,0.00125,15.44
2026-09-02 21:10,WIF,WIF,0.19848,1.008,0.504,2.015,2.519,19577,0.001866,15.23
2026-09-02 21:10,BONK,kBONK,0.0029490000000000002,6.782,3.391,3.391,3.391,189987,0.00125,19.28
2026-09-02 21:10,TRUMP,TRUMP,2.1713,1.842,0.921,0.921,0.921,80778,-0.000979,10.84
2026-09-02 21:15,BTC,BTC,77382.5,0.129,0.065,0.065,0.065,3431989,0.00125,12.63
2026-09-02 21:15,ETH,ETH,2395.95,0.417,0.209,0.209,0.209,6581013,0.00125,12.92
2026-09-02 21:15,SOL,SOL,99.5925,0.1,0.05,0.05,0.05,474138,0.00125,12.6
2026-09-02 21:15,XRP,XRP,1.3478500000000002,0.742,0.371,0.371,0.371,1996451,0.00125,13.24
2026-09-02 21:15,AVAX,AVAX,7.17655,0.975,0.488,0.766,1.045,73076,-0.001031,9.98
2026-09-02 21:15,LINK,LINK,11.131499999999999,0.898,0.449,1.348,2.246,266616,0.00125,13.4
2026-09-02 21:15,LTC,LTC,49.8475,1.003,0.502,0.502,1.304,91606,0.001104,13.09
2026-09-02 21:15,ADA,ADA,0.19721499999999997,1.521,0.761,0.761,0.761,198063,0.00125,14.02
2026-09-02 21:15,DOT,DOT,0.860655,1.975,0.988,1.104,1.104,31356,-0.000635,10.98
2026-09-02 21:15,UNI,UNI,5.8196,1.375,0.687,0.687,0.859,32112,0.00125,13.87
2026-09-02 21:15,AAVE,AAVE,127.13,1.573,0.787,1.573,1.573,98273,0.00125,14.07
2026-09-02 21:15,ARB,ARB,0.12504500000000002,7.197,3.599,4.398,4.398,57653,0.00125,19.7
2026-09-02 21:15,POL,POL,0.0911715,2.303,1.152,1.261,1.261,8810,0.00125,14.8
2026-09-02 21:15,RENDER,RENDER,1.41425,4.95,2.475,4.596,6.01,11768,0.00125,17.45
2026-09-02 21:15,DOGE,DOGE,0.0814915,0.123,0.061,0.061,0.061,58409,0.00125,12.62
2026-09-02 21:15,SHIB,kSHIB,0.005173499999999999,1.933,0.966,0.966,2.899,132557,0.00125,14.43
2026-09-02 21:15,PEPE,kPEPE,0.0034095,2.933,1.466,4.399,4.399,819660,0.00125,15.43
2026-09-02 21:15,WIF,WIF,0.19902,2.01,1.005,1.005,3.517,17910,0.001945,16.46
2026-09-02 21:15,BONK,kBONK,0.0029515,3.388,1.694,1.694,1.694,184363,0.00125,15.89
2026-09-02 21:15,TRUMP,TRUMP,2.17165,1.381,0.691,1.151,1.151,60189,-0.001303,10.38
2026-09-02 21:20,BTC,BTC,77237.5,0.129,0.065,0.065,0.065,2546102,0.00125,12.63
2026-09-02 21:20,ETH,ETH,2390.8500000000004,0.418,0.209,0.209,0.209,6614622,0.00125,12.92
2026-09-02 21:20,SOL,SOL,99.3535,0.101,0.05,0.05,0.05,389527,0.00125,12.6
2026-09-02 21:20,XRP,XRP,1.34435,0.744,0.372,0.372,0.372,1971353,0.00125,13.24
2026-09-02 21:20,AVAX,AVAX,7.1594999999999995,0.838,0.559,0.559,0.698,80251,-0.000777,10.12
2026-09-02 21:20,LINK,LINK,11.103,1.801,0.901,0.901,1.801,256150,0.00125,14.3
2026-09-02 21:20,LTC,LTC,49.7305,0.201,0.101,0.101,0.101,54201,0.000825,11.51
2026-09-02 21:20,ADA,ADA,0.196825,0.508,0.254,0.254,0.762,143999,0.00125,13.01
2026-09-02 21:20,DOT,DOT,0.8585,1.165,0.582,2.563,2.679,29068,-0.000882,10.16
2026-09-02 21:20,UNI,UNI,5.7912,3.108,1.554,1.727,2.245,52210,0.00125,15.61
2026-09-02 21:20,AAVE,AAVE,126.77000000000001,1.578,0.789,0.789,0.789,103233,0.00125,14.08
2026-09-02 21:20,ARB,ARB,0.124875,2.402,1.201,2.002,2.002,82859,0.00125,14.9
2026-09-02 21:20,POL,POL,0.0911125,0.11,0.055,0.055,0.055,9122,0.00125,12.61
2026-09-02 21:20,RENDER,RENDER,1.41065,3.544,1.772,3.19,3.19,22548,0.00125,16.04
2026-09-02 21:20,DOGE,DOGE,0.0813345,0.123,0.061,0.922,1.045,73115,0.00125,12.62
2026-09-02 21:20,SHIB,kSHIB,0.005164,3.873,1.936,1.936,3.873,147041,0.00125,16.37
2026-09-02 21:20,PEPE,kPEPE,0.0033994999999999997,2.942,1.471,1.471,1.471,865728,0.00125,15.44
2026-09-02 21:20,WIF,WIF,0.19841999999999999,2.016,1.008,1.008,1.512,27282,0.001827,16.13
2026-09-02 21:20,BONK,kBONK,0.0029445,3.396,5.094,5.094,5.094,163755,0.00125,22.69
2026-09-02 21:20,TRUMP,TRUMP,2.1675500000000003,0.461,2.537,2.999,2.999,97164,-0.001364,14.07
2026-09-02 21:25,BTC,BTC,77237.5,0.129,0.065,0.065,0.065,6828449,0.00125,12.63
2026-09-02 21:25,ETH,ETH,2390.75,0.418,0.209,0.209,0.209,6770099,0.00125,12.92
2026-09-02 21:25,SOL,SOL,99.3445,0.101,0.05,0.05,0.05,339281,0.00125,12.6
2026-09-02 21:25,XRP,XRP,1.3444500000000001,0.744,0.372,0.372,0.372,1915165,0.00125,13.24
2026-09-02 21:25,AVAX,AVAX,7.15565,0.978,0.489,0.489,0.489,57171,-0.000638,9.98
2026-09-02 21:25,LINK,LINK,11.104,1.801,0.901,0.901,1.801,243941,0.00125,14.3
2026-09-02 21:25,LTC,LTC,49.701499999999996,1.006,0.503,0.704,0.905,57043,0.000191,10.54
2026-09-02 21:25,ADA,ADA,0.196795,0.508,0.254,0.254,0.254,182206,0.00125,13.01
2026-09-02 21:25,DOT,DOT,0.8583350000000001,0.117,0.058,0.058,0.058,37083,-0.000963,9.12
2026-09-02 21:25,UNI,UNI,5.7993500000000004,0.172,2.155,3.88,4.569,25506,0.00125,16.81
2026-09-02 21:25,AAVE,AAVE,126.765,2.367,1.183,1.972,2.761,85726,0.00125,14.87
2026-09-02 21:25,ARB,ARB,0.124745,0.802,0.401,0.401,0.401,86136,0.00125,13.3
2026-09-02 21:25,POL,POL,0.091017,1.978,0.989,1.318,1.978,6401,0.00125,14.48
2026-09-02 21:25,RENDER,RENDER,1.4097499999999998,4.965,2.483,3.192,3.901,22678,0.00125,17.47
2026-09-02 21:25,DOGE,DOGE,0.0813145,0.123,0.061,0.43,0.553,88564,0.00125,12.62
2026-09-02 21:25,SHIB,kSHIB,0.0051635,1.937,2.905,2.905,2.905,147345,0.00125,18.31
2026-09-02 21:25,PEPE,kPEPE,0.0034005,2.941,1.47,1.47,1.47,878896,0.00125,15.44
2026-09-02 21:25,WIF,WIF,0.19822499999999998,2.522,1.261,2.27,2.775,22491,0.002064,17.3
2026-09-02 21:25,BONK,kBONK,0.0029430000000000003,6.796,3.398,3.398,3.398,177696,0.00125,19.3
2026-09-02 21:25,TRUMP,TRUMP,2.1637500000000003,0.462,0.231,0.231,0.231,83545,-0.001422,9.46
2026-09-02 21:30,BTC,BTC,77129.5,0.13,0.065,0.065,0.065,2272956,0.00125,12.63
2026-09-02 21:30,ETH,ETH,2385.6499999999996,0.419,0.21,0.21,1.886,9592752,0.00125,12.92
2026-09-02 21:30,SOL,SOL,99.08449999999999,0.101,0.05,0.05,0.05,325656,0.00125,12.6
2026-09-02 21:30,XRP,XRP,1.34165,0.745,0.373,0.373,0.373,2901181,0.00125,13.25
2026-09-02 21:30,AVAX,AVAX,7.1434,0.84,0.42,0.42,0.42,59090,-0.00074,9.84
2026-09-02 21:30,LINK,LINK,11.0805,0.902,0.451,0.451,1.354,408083,0.00125,13.4
2026-09-02 21:30,LTC,LTC,49.6655,0.604,0.302,0.705,0.906,87817,-0.000127,9.6
2026-09-02 21:30,ADA,ADA,0.19652,1.018,0.509,1.018,1.018,177987,0.00125,13.52
2026-09-02 21:30,DOT,DOT,0.857495,0.117,0.058,0.058,0.058,31924,-0.001099,9.12
2026-09-02 21:30,UNI,UNI,5.7952,1.38,0.69,0.863,0.863,17717,0.00125,13.88
2026-09-02 21:30,AAVE,AAVE,126.4,1.582,0.791,0.791,1.582,124422,0.00125,14.08
2026-09-02 21:30,ARB,ARB,0.124805,0.801,0.401,0.401,0.401,92186,0.00125,13.3
2026-09-02 21:30,POL,POL,0.090784,2.203,1.102,1.212,1.212,11551,0.00125,14.7
2026-09-02 21:30,RENDER,RENDER,1.4038,2.849,1.425,2.137,7.124,30811,0.00125,15.35
2026-09-02 21:30,DOGE,DOGE,0.081192,0.739,0.369,0.493,2.71,138598,0.00125,13.24
2026-09-02 21:30,SHIB,kSHIB,0.0051525,1.941,2.911,4.852,4.852,140473,0.00125,18.32
2026-09-02 21:30,PEPE,kPEPE,0.0033925,2.948,1.474,1.474,1.474,810409,0.00125,15.45
2026-09-02 21:30,WIF,WIF,0.197695,0.506,0.253,2.276,3.288,21960,0.001916,14.87
2026-09-02 21:30,BONK,kBONK,0.002935,6.814,3.407,3.407,3.407,248319,0.00125,19.31
2026-09-02 21:30,TRUMP,TRUMP,2.15965,0.463,0.232,1.158,2.547,78467,-0.001803,9.46
2026-09-02 21:35,BTC,BTC,77100.5,0.13,0.065,0.065,0.065,5052550,0.00125,12.63
2026-09-02 21:35,ETH,ETH,2383.45,0.42,0.21,0.21,0.21,8873464,0.00125,12.92
2026-09-02 21:35,SOL,SOL,99.0795,0.101,0.05,0.05,0.05,429453,0.00125,12.6
2026-09-02 21:35,XRP,XRP,1.34265,0.745,0.372,1.862,1.862,1774130,0.00125,13.24
2026-09-02 21:35,AVAX,AVAX,7.14125,2.1,1.05,1.05,1.05,85259,-0.000653,11.1
2026-09-02 21:35,LINK,LINK,11.0765,0.903,0.451,0.451,1.354,460230,0.00125,13.4
2026-09-02 21:35,LTC,LTC,49.61,2.016,1.008,1.411,1.411,108044,-0.000357,11.02
2026-09-02 21:35,ADA,ADA,0.19652,1.018,0.509,0.509,1.018,123078,0.00125,13.52
2026-09-02 21:35,DOT,DOT,0.8592299999999999,2.56,1.28,1.28,1.28,20206,-0.001249,11.56
2026-09-02 21:35,UNI,UNI,5.80775,0.517,0.258,1.119,1.636,51681,0.00125,13.02
2026-09-02 21:35,AAVE,AAVE,126.565,0.79,0.395,1.975,2.765,103745,0.00125,13.29
2026-09-02 21:35,ARB,ARB,0.124435,2.411,1.205,1.205,1.205,83718,0.00125,14.91
2026-09-02 21:35,POL,POL,0.0910015,2.088,1.044,1.044,1.044,10586,0.00125,14.59
2026-09-02 21:35,RENDER,RENDER,1.40235,4.992,2.496,3.209,3.922,27181,0.00125,17.49
2026-09-02 21:35,DOGE,DOGE,0.0811165,0.123,0.062,0.062,0.062,76173,0.00125,12.62
2026-09-02 21:35,SHIB,kSHIB,0.0051505000000000006,1.942,2.912,2.912,2.912,144252,0.00125,18.32
2026-09-02 21:35,PEPE,kPEPE,0.0033895,2.95,1.475,1.475,1.475,832735,0.00125,15.45
2026-09-02 21:35,WIF,WIF,0.197395,1.52,0.76,5.319,5.826,25437,0.001911,15.87
2026-09-02 21:35,BONK,kBONK,0.0029300000000000003,6.826,3.413,3.413,3.413,162614,0.00125,19.33
2026-09-02 21:35,TRUMP,TRUMP,2.16045,0.463,2.546,3.471,4.86,78925,-0.002054,14.09
2026-09-02 21:40,BTC,BTC,77217.5,0.13,0.065,0.065,0.065,3001613,0.00125,12.63
2026-09-02 21:40,ETH,ETH,2386.95,0.419,0.209,0.209,0.209,7954466,0.00125,12.92
2026-09-02 21:40,SOL,SOL,99.30250000000001,0.101,0.05,0.05,0.05,293265,0.00125,12.6
2026-09-02 21:40,XRP,XRP,1.3449499999999999,0.744,0.372,0.372,0.372,2002421,0.00125,13.24
2026-09-02 21:40,AVAX,AVAX,7.1530000000000005,0.839,0.419,0.419,0.419,51654,-0.000442,9.84
2026-09-02 21:40,LINK,LINK,11.090499999999999,0.902,0.451,1.353,1.353,266047,0.00125,13.4
2026-09-02 21:40,LTC,LTC,49.6275,0.202,0.101,0.101,0.101,74066,-0.000683,9.2
2026-09-02 21:40,ADA,ADA,0.196805,0.508,0.254,0.254,0.254,147529,0.00125,13.01
2026-09-02 21:40,DOT,DOT,0.860365,1.976,0.988,1.104,1.802,25035,-0.001336,10.98
2026-09-02 21:40,UNI,UNI,5.80495,1.895,0.947,1.12,1.292,30985,0.00125,14.39
2026-09-02 21:40,AAVE,AAVE,126.64500000000001,0.79,1.184,1.974,1.974,92245,0.00125,14.87
2026-09-02 21:40,ARB,ARB,0.12437999999999999,1.608,0.804,0.804,0.804,58241,0.00125,14.11
2026-09-02 21:40,POL,POL,0.09127299999999999,2.41,1.205,2.629,3.725,6741,0.00125,14.91
2026-09-02 21:40,RENDER,RENDER,1.4003999999999999,8.569,4.284,4.999,4.999,30500,0.00125,21.07
2026-09-02 21:40,DOGE,DOGE,0.0811385,0.123,0.062,2.403,3.02,163823,0.00125,12.62
2026-09-02 21:40,SHIB,kSHIB,0.005157,3.878,1.939,3.878,5.817,154434,0.00125,16.38
2026-09-02 21:40,PEPE,kPEPE,0.0033955,2.945,1.473,1.473,4.418,867255,0.00125,15.45
2026-09-02 21:40,WIF,WIF,0.19753500000000002,0.506,0.253,0.253,3.797,21833,0.001987,15.07
2026-09-02 21:40,BONK,kBONK,0.002934,6.817,3.408,3.408,3.408,172594,0.00125,19.32
2026-09-02 21:40,TRUMP,TRUMP,2.1605499999999997,1.389,0.694,1.62,1.62,75957,-0.002211,10.39
2026-09-02 21:45,BTC,BTC,77211.5,0.13,0.065,0.065,0.065,3383955,0.00125,12.63
2026-09-02 21:45,ETH,ETH,2387.55,0.419,0.209,0.209,0.209,8310697,0.00125,12.92
2026-09-02 21:45,SOL,SOL,99.2515,0.101,0.05,0.05,0.05,314001,0.00125,12.6
2026-09-02 21:45,XRP,XRP,1.34475,0.744,0.372,0.372,0.372,2079221,0.00125,13.24
2026-09-02 21:45,AVAX,AVAX,7.15255,1.258,0.629,0.629,0.629,72120,-0.000217,10.26
2026-09-02 21:45,LINK,LINK,11.095500000000001,0.901,0.451,0.451,0.451,345743,0.00125,13.4
2026-09-02 21:45,LTC,LTC,49.781,1.607,0.804,0.804,1.004,44255,-0.00052,10.61
2026-09-02 21:45,ADA,ADA,0.196855,0.508,0.254,0.762,0.762,149446,0.00125,13.01
2026-09-02 21:45,DOT,DOT,0.86044,2.789,1.395,1.86,1.976,63612,-0.001326,11.79
2026-09-02 21:45,UNI,UNI,5.8012,1.034,0.517,0.517,1.724,52266,0.00125,13.53
2026-09-02 21:45,AAVE,AAVE,126.47999999999999,1.581,0.791,0.791,1.581,145961,0.00125,14.08
2026-09-02 21:45,ARB,ARB,0.124585,2.408,1.204,1.204,2.809,44239,0.00125,14.91
2026-09-02 21:45,POL,POL,0.091234,3.069,1.535,2.959,3.727,6404,0.00125,15.57
2026-09-02 21:45,RENDER,RENDER,1.40035,6.427,3.213,4.642,5.356,16234,0.00125,18.93
2026-09-02 21:45,DOGE,DOGE,0.0811835,0.123,0.062,0.062,0.554,85487,0.00125,12.62
2026-09-02 21:45,SHIB,kSHIB,0.0051565,1.939,0.97,2.909,2.909,159041,0.00125,14.44
2026-09-02 21:45,PEPE,kPEPE,0.0033975,2.943,1.472,4.415,4.415,890461,0.00125,15.44
2026-09-02 21:45,WIF,WIF,0.197685,2.529,1.265,1.77,2.276,20212,0.0021,17.41
2026-09-02 21:45,BONK,kBONK,0.002933,6.819,3.409,3.409,3.409,236808,0.00125,19.32
2026-09-02 21:45,TRUMP,TRUMP,2.1685999999999996,0.922,0.461,1.383,1.845,86291,-0.002077,9.92
2026-09-02 21:50,BTC,BTC,77213.5,0.13,0.065,0.065,0.065,3137478,0.00125,12.63
2026-09-02 21:50,ETH,ETH,2387.05,0.419,0.209,0.209,0.209,6152425,0.00125,12.92
2026-09-02 21:50,SOL,SOL,99.2405,0.101,0.05,0.05,0.05,322712,0.00125,12.6
2026-09-02 21:50,XRP,XRP,1.3440500000000002,0.744,0.372,0.372,0.372,2112898,0.00125,13.24
2026-09-02 21:50,AVAX,AVAX,7.1492,1.679,0.839,0.979,0.979,103663,-8.8e-05,10.68
2026-09-02 21:50,LINK,LINK,11.0915,0.902,0.451,1.352,1.352,322045,0.00125,13.4
2026-09-02 21:50,LTC,LTC,49.678,0.403,0.201,0.403,1.006,61822,-0.000409,9.4
2026-09-02 21:50,ADA,ADA,0.196795,0.508,0.254,0.254,1.779,131462,0.00125,13.01
2026-09-02 21:50,DOT,DOT,0.85941,2.327,1.164,1.28,1.978,25835,-0.001359,11.33
2026-09-02 21:50,UNI,UNI,5.8032,1.723,0.862,0.862,0.862,56606,0.00125,14.22
2026-09-02 21:50,AAVE,AAVE,126.47999999999999,1.581,0.791,0.791,2.372,127684,0.00125,14.08
2026-09-02 21:50,ARB,ARB,0.1252,4.792,2.396,2.396,7.987,56332,0.00125,17.29
2026-09-02 21:50,POL,POL,0.09127299999999999,3.506,1.753,2.52,2.629,10220,0.00125,16.01
2026-09-02 21:50,RENDER,RENDER,1.4006500000000002,4.998,2.499,3.213,3.927,16219,0.00125,17.5
2026-09-02 21:50,DOGE,DOGE,0.0811825,0.123,0.062,0.677,0.677,64678,0.00125,12.62
2026-09-02 21:50,SHIB,kSHIB,0.0051555,1.94,2.91,2.91,2.91,155338,0.00125,18.32
2026-09-02 21:50,PEPE,kPEPE,0.0033945,2.946,1.473,4.419,4.419,871097,0.00125,15.45
2026-09-02 21:50,WIF,WIF,0.19741,2.026,1.013,1.52,2.533,28562,0.00217,17.1
2026-09-02 21:50,BONK,kBONK,0.0029300000000000003,6.826,3.413,3.413,3.413,212770,0.00125,19.33
2026-09-02 21:50,TRUMP,TRUMP,2.16935,1.383,0.691,0.691,1.613,110024,-0.001942,10.38
2026-09-02 21:55,BTC,BTC,77128.5,0.13,0.065,0.065,0.065,6123867,0.00125,12.63
2026-09-02 21:55,ETH,ETH,2385.45,0.419,0.21,0.21,0.21,6632693,0.00125,12.92
2026-09-02 21:55,SOL,SOL,99.1225,0.101,0.05,0.05,0.05,360964,0.00125,12.6
2026-09-02 21:55,XRP,XRP,1.3428499999999999,0.745,0.372,0.372,0.372,2069535,0.00125,13.24
2026-09-02 21:55,AVAX,AVAX,7.145300000000001,0.28,0.14,0.14,0.14,78756,-3.1e-05,9.28
2026-09-02 21:55,LINK,LINK,11.073,1.806,0.903,0.903,0.903,239530,0.00125,14.31
2026-09-02 21:55,LTC,LTC,49.6455,1.41,0.705,0.705,2.518,81229,-0.000269,10.41
2026-09-02 21:55,ADA,ADA,0.19674999999999998,1.017,0.508,1.017,1.525,146194,0.00125,13.52
2026-09-02 21:55,DOT,DOT,0.8587,2.329,1.165,1.281,1.747,26144,-0.001449,11.33
2026-09-02 21:55,UNI,UNI,5.81455,1.204,0.602,0.602,1.978,30329,0.00125,13.7
2026-09-02 21:55,AAVE,AAVE,126.44,1.582,1.582,1.582,2.373,117477,0.00125,15.66
2026-09-02 21:55,ARB,ARB,0.124355,0.804,0.402,0.402,1.206,48168,0.00125,13.3
2026-09-02 21:55,POL,POL,0.0909645,0.55,0.275,0.275,0.275,12197,0.00125,13.05
2026-09-02 21:55,RENDER,RENDER,1.3987,5.72,2.86,3.575,4.29,16167,0.00125,18.22
2026-09-02 21:55,DOGE,DOGE,0.0811135,0.123,0.062,0.062,0.062,85281,0.00125,12.62
2026-09-02 21:55,SHIB,kSHIB,0.005147499999999999,1.943,2.914,2.914,2.914,133621,0.00125,18.33
2026-09-02 21:55,PEPE,kPEPE,0.0033915,2.949,1.474,4.423,4.423,851027,0.00125,15.45
2026-09-02 21:55,WIF,WIF,0.196855,2.54,1.778,3.302,4.826,19227,0.002155,18.59
2026-09-02 21:55,BONK,kBONK,0.0029259999999999998,6.835,3.418,3.418,3.418,193027,0.00125,19.34
2026-09-02 21:55,TRUMP,TRUMP,2.1637500000000003,0.462,0.231,0.231,1.155,89484,-0.001781,9.46
2026-09-02 22:00,BTC,BTC,77293.5,0.129,0.065,0.065,0.065,5063546,0.00125,12.63
2026-09-02 22:00,ETH,ETH,2391.1499999999996,0.418,0.209,0.209,0.209,11457482,0.00125,12.92
2026-09-02 22:00,SOL,SOL,99.3435,0.101,0.05,0.05,0.05,804744,0.00125,12.6
2026-09-02 22:00,XRP,XRP,1.34485,0.744,0.372,0.372,0.372,2136237,0.00125,13.24
2026-09-02 22:00,AVAX,AVAX,7.1663499999999996,1.256,0.628,0.628,0.628,93211,0.000998,13.05
2026-09-02 22:00,LINK,LINK,11.109,1.8,0.9,1.8,1.8,198148,0.00125,14.3
2026-09-02 22:00,LTC,LTC,49.8525,0.201,0.1,0.1,0.1,62150,0.00125,12.7
2026-09-02 22:00,ADA,ADA,0.1973,1.014,0.507,1.014,1.521,135656,0.00125,13.51
2026-09-02 22:00,DOT,DOT,0.860825,1.51,0.755,1.452,1.568,19398,-0.001458,10.51
2026-09-02 22:00,UNI,UNI,5.84385,0.171,1.112,1.112,2.139,33275,0.00125,14.72
2026-09-02 22:00,AAVE,AAVE,126.75,1.578,0.789,1.578,2.367,113699,0.00125,14.08
2026-09-02 22:00,ARB,ARB,0.123935,2.421,1.21,2.017,2.824,43240,0.00125,14.92
2026-09-02 22:00,POL,POL,0.091085,1.976,1.757,2.415,4.501,7355,0.00125,16.01
2026-09-02 22:00,RENDER,RENDER,1.4029500000000001,6.415,3.208,3.92,4.633,15294,0.00125,18.92
2026-09-02 22:00,DOGE,DOGE,0.0813055,0.123,0.061,0.061,0.307,130654,0.00125,12.62
2026-09-02 22:00,SHIB,kSHIB,0.005162,3.874,1.937,3.874,3.874,142484,0.00125,16.37
2026-09-02 22:00,PEPE,kPEPE,0.0034015,2.94,1.47,4.41,4.41,780681,0.00125,15.44
2026-09-02 22:00,WIF,WIF,0.19746,3.039,1.519,2.532,3.545,16923,0.003238,21.1
2026-09-02 22:00,BONK,kBONK,0.002935,6.814,3.407,3.407,3.407,173241,0.00125,19.31
2026-09-02 22:00,TRUMP,TRUMP,2.17725,1.378,0.689,1.608,2.067,123974,0.00125,13.88
2026-09-02 22:05,BTC,BTC,77405.5,0.129,0.065,0.065,0.065,4265224,0.00125,12.63
2026-09-02 22:05,ETH,ETH,2396.1499999999996,0.417,0.209,0.209,0.209,11964549,0.00125,12.92
2026-09-02 22:05,SOL,SOL,99.7915,0.1,0.05,0.05,0.05,556934,0.00125,12.6
2026-09-02 22:05,XRP,XRP,1.34795,0.742,0.371,0.371,0.371,2881457,0.00125,13.24
2026-09-02 22:05,AVAX,AVAX,7.1819,1.949,0.975,0.975,0.975,90345,0.00125,14.45
2026-09-02 22:05,LINK,LINK,11.155999999999999,1.793,0.896,0.896,0.896,258624,0.00125,14.29
2026-09-02 22:05,LTC,LTC,49.954499999999996,0.2,0.1,0.3,0.3,53239,0.00125,12.7
2026-09-02 22:05,ADA,ADA,0.19835999999999998,2.017,1.008,1.008,1.008,139605,0.00125,14.52
2026-09-02 22:05,DOT,DOT,0.865065,2.428,1.214,1.329,1.329,19046,0.000809,13.69
2026-09-02 22:05,UNI,UNI,5.868399999999999,1.704,0.852,0.852,0.852,41408,0.00125,14.2
2026-09-02 22:05,AAVE,AAVE,127.275,0.786,2.75,2.75,4.321,71950,0.00125,18.0
2026-09-02 22:05,ARB,ARB,0.124705,2.406,1.203,1.203,2.807,51478,0.00125,14.91
2026-09-02 22:05,POL,POL,0.0913775,1.642,0.821,1.477,2.791,8556,0.00125,14.14
2026-09-02 22:05,RENDER,RENDER,1.4102000000000001,2.836,1.418,2.836,4.255,9013,0.00125,15.34
2026-09-02 22:05,DOGE,DOGE,0.0816745,0.122,0.061,1.53,1.53,77742,0.00125,12.62
2026-09-02 22:05,SHIB,kSHIB,0.0051885,1.927,2.891,4.818,4.818,145669,0.00125,18.28
2026-09-02 22:05,PEPE,kPEPE,0.0034195,2.924,1.462,1.462,1.462,759471,0.00125,15.42
2026-09-02 22:05,WIF,WIF,0.19848,2.015,2.015,2.015,2.519,17809,0.003123,21.78
2026-09-02 22:05,BONK,kBONK,0.002946,6.789,3.394,3.394,6.789,197261,0.00125,19.29
2026-09-02 22:05,TRUMP,TRUMP,2.19155,1.369,0.684,1.597,2.51,121292,0.00125,13.87
2026-09-02 22:10,BTC,BTC,77359.5,0.129,0.065,0.065,0.065,4703229,0.00125,12.63
2026-09-02 22:10,ETH,ETH,2394.45,0.418,0.209,0.209,0.209,6248978,0.00125,12.92
2026-09-02 22:10,SOL,SOL,99.7205,0.1,0.05,0.05,0.05,246482,0.00125,12.6
2026-09-02 22:10,XRP,XRP,1.3468499999999999,0.742,0.371,0.371,0.371,1320441,0.00125,13.24
2026-09-02 22:10,AVAX,AVAX,7.18815,0.696,0.348,0.348,0.348,97418,0.00125,13.2
2026-09-02 22:10,LINK,LINK,11.1425,0.897,0.449,0.449,0.449,428209,0.00125,13.4
2026-09-02 22:10,LTC,LTC,49.915499999999994,0.2,0.1,0.902,0.902,60765,0.00125,12.7
2026-09-02 22:10,ADA,ADA,0.19868999999999998,1.007,0.503,1.007,1.007,178361,0.00125,13.51
2026-09-02 22:10,DOT,DOT,0.864505,1.504,0.752,0.752,1.562,21968,0.000671,12.38
2026-09-02 22:10,UNI,UNI,5.8582,0.341,3.585,3.585,3.585,63243,0.00125,19.67
2026-09-02 22:10,AAVE,AAVE,126.995,0.787,0.394,0.394,0.394,99859,0.00125,13.29
2026-09-02 22:10,ARB,ARB,0.12479000000000001,3.205,1.603,1.603,4.007,75856,0.00125,15.71
2026-09-02 22:10,POL,POL,0.0913105,2.957,1.478,1.588,3.121,9200,0.00125,15.46
2026-09-02 22:10,RENDER,RENDER,1.4097,5.675,2.837,3.547,3.547,14756,0.00125,18.17
2026-09-02 22:10,DOGE,DOGE,0.0816015,0.123,0.061,0.061,0.061,92168,0.00125,12.62
2026-09-02 22:10,SHIB,kSHIB,0.0051885,1.927,0.964,0.964,2.891,183691,0.00125,14.43
2026-09-02 22:10,PEPE,kPEPE,0.0034115,2.931,1.466,1.466,1.466,843377,0.00125,15.43
2026-09-02 22:10,WIF,WIF,0.19773000000000002,2.023,1.517,2.529,3.54,20153,0.002521,19.09
2026-09-02 22:10,BONK,kBONK,0.0029395000000000003,3.402,1.701,1.701,1.701,159885,0.00125,15.9
2026-09-02 22:10,TRUMP,TRUMP,2.18975,0.457,0.228,0.228,0.685,84084,0.00125,12.96
2026-09-02 22:15,BTC,BTC,77277.5,0.129,0.065,0.065,0.065,2338201,0.00125,12.63
2026-09-02 22:15,ETH,ETH,2390.95,0.418,0.209,0.209,0.209,6972364,0.00125,12.92
2026-09-02 22:15,SOL,SOL,99.5495,0.1,0.05,0.05,0.05,255710,0.00125,12.6
2026-09-02 22:15,XRP,XRP,1.34945,0.741,0.371,0.371,0.371,1792982,0.00125,13.24
2026-09-02 22:15,AVAX,AVAX,7.1738,1.673,0.836,0.836,0.836,135257,0.00125,14.17
2026-09-02 22:15,LINK,LINK,11.125499999999999,0.899,0.449,0.449,1.348,303036,0.00125,13.4
2026-09-02 22:15,LTC,LTC,49.8495,0.602,0.301,0.502,0.702,49693,0.00125,13.1
2026-09-02 22:15,ADA,ADA,0.198085,0.505,0.252,0.252,0.252,202063,0.00125,13.0
2026-09-02 22:15,DOT,DOT,0.863305,1.738,0.869,0.985,0.985,40927,0.0008,12.98
2026-09-02 22:15,UNI,UNI,5.82365,0.172,0.086,0.773,0.944,24154,0.00125,12.67
2026-09-02 22:15,AAVE,AAVE,126.765,0.789,1.183,1.972,1.972,107147,0.00125,14.87
2026-09-02 22:15,ARB,ARB,0.124305,0.804,0.402,0.402,0.402,57349,0.00125,13.3
2026-09-02 22:15,POL,POL,0.09124850000000001,1.863,0.932,1.041,1.041,17233,0.00125,14.36
2026-09-02 22:15,RENDER,RENDER,1.4075,5.684,2.842,4.263,4.973,20440,0.00125,18.18
2026-09-02 22:15,DOGE,DOGE,0.0815255,0.613,0.307,0.307,0.675,137117,0.00125,13.11
2026-09-02 22:15,SHIB,kSHIB,0.005176,3.864,3.864,3.864,3.864,166289,0.00125,20.23
2026-09-02 22:15,PEPE,kPEPE,0.0034005,2.941,1.47,1.47,1.47,1127137,0.00125,15.44
2026-09-02 22:15,WIF,WIF,0.19775500000000001,1.517,0.759,1.77,2.781,16015,0.002132,16.49
2026-09-02 22:15,BONK,kBONK,0.002929,6.828,3.414,3.414,3.414,175176,0.00125,19.33
2026-09-02 22:15,TRUMP,TRUMP,2.18255,0.458,0.229,1.145,1.145,69872,0.00125,12.96
2026-09-02 22:20,BTC,BTC,77295.5,0.129,0.065,0.065,0.065,2658708,0.00125,12.63
2026-09-02 22:20,ETH,ETH,2390.05,0.418,0.209,0.209,0.209,7130565,0.00125,12.92
2026-09-02 22:20,SOL,SOL,99.6015,0.1,0.05,0.05,0.05,202262,0.00125,12.6
2026-09-02 22:20,XRP,XRP,1.34945,0.741,0.371,0.371,0.371,1837643,0.00125,13.24
2026-09-02 22:20,AVAX,AVAX,7.1735500000000005,0.697,0.488,0.488,0.488,112480,0.00125,13.48
2026-09-02 22:20,LINK,LINK,11.1175,0.899,0.45,1.349,2.249,487570,0.00125,13.4
2026-09-02 22:20,LTC,LTC,49.784,0.402,0.201,0.201,1.004,79237,0.00125,12.9
2026-09-02 22:20,ADA,ADA,0.197955,1.515,0.758,1.768,1.768,170954,0.00125,14.02
2026-09-02 22:20,DOT,DOT,0.862395,3.595,1.797,2.029,2.493,19774,0.00074,14.67
2026-09-02 22:20,UNI,UNI,5.81415,0.86,0.43,1.29,1.462,18869,0.00125,13.36
2026-09-02 22:20,AAVE,AAVE,126.80000000000001,1.577,0.789,2.366,2.366,100187,0.00125,14.08
2026-09-02 22:20,ARB,ARB,0.123655,0.809,0.404,0.404,0.404,40618,0.00125,13.31
2026-09-02 22:20,POL,POL,0.091452,2.187,1.093,1.093,1.093,11564,0.00125,14.69
2026-09-02 22:20,RENDER,RENDER,1.4067,4.265,2.133,2.844,4.265,16692,0.00125,16.77
2026-09-02 22:20,DOGE,DOGE,0.0814945,0.123,0.061,0.061,0.061,82255,0.00125,12.62
2026-09-02 22:20,SHIB,kSHIB,0.005171500000000001,1.934,2.901,2.901,4.834,134512,0.00125,18.3
2026-09-02 22:20,PEPE,kPEPE,0.0033975,2.943,4.415,4.415,4.415,1103248,0.00125,21.33
2026-09-02 22:20,WIF,WIF,0.197565,1.518,0.759,3.796,4.809,22697,0.001712,15.31
2026-09-02 22:20,BONK,kBONK,0.0029315,10.234,5.117,5.117,5.117,163615,0.00125,22.73
2026-09-02 22:20,TRUMP,TRUMP,2.18005,0.459,2.523,2.523,3.44,93903,0.00125,17.55
2026-09-02 22:25,BTC,BTC,77404.5,0.129,0.065,0.065,0.065,4468860,0.00125,12.63
2026-09-02 22:25,ETH,ETH,2394.3500000000004,0.418,0.209,0.209,0.209,7869492,0.00125,12.92
2026-09-02 22:25,SOL,SOL,99.80250000000001,0.1,0.05,0.05,0.05,315426,0.00125,12.6
2026-09-02 22:25,XRP,XRP,1.3512499999999998,0.74,0.37,0.37,0.37,1757922,0.00125,13.24
2026-09-02 22:25,AVAX,AVAX,7.18225,0.975,0.487,0.627,0.627,88755,0.00125,13.47
2026-09-02 22:25,LINK,LINK,11.1295,0.899,0.449,0.449,1.348,270529,0.00125,13.4
2026-09-02 22:25,LTC,LTC,49.8365,0.602,0.301,0.702,0.702,66351,0.00125,13.1
2026-09-02 22:25,ADA,ADA,0.198365,0.504,0.252,0.252,0.252,128098,0.00125,13.0
2026-09-02 22:25,DOT,DOT,0.863785,1.737,0.868,0.984,1.679,24893,0.000683,12.65
2026-09-02 22:25,UNI,UNI,5.81515,0.172,0.086,0.086,0.086,52501,0.00125,12.67
2026-09-02 22:25,AAVE,AAVE,127.075,2.361,1.967,1.967,2.754,139267,0.00125,16.43
2026-09-02 22:25,ARB,ARB,0.123725,2.425,1.212,1.212,1.212,48791,0.00125,14.92
2026-09-02 22:25,POL,POL,0.09157850000000001,3.167,1.583,1.583,2.894,10587,0.00125,15.67
2026-09-02 22:25,RENDER,RENDER,1.40965,6.385,3.192,3.902,6.739,20710,0.00125,18.88
2026-09-02 22:25,DOGE,DOGE,0.0817165,0.122,0.061,0.061,0.061,143377,0.00125,12.62
2026-09-02 22:25,SHIB,kSHIB,0.0051865,1.928,2.892,2.892,2.892,147844,0.00125,18.28
2026-09-02 22:25,PEPE,kPEPE,0.0034175,2.926,1.463,1.463,1.463,713589,0.00125,15.43
2026-09-02 22:25,WIF,WIF,0.19794499999999998,1.516,1.263,1.768,2.273,18368,0.001547,15.86
2026-09-02 22:25,BONK,kBONK,0.002935,6.814,3.407,3.407,3.407,175109,0.00125,19.31
2026-09-02 22:25,TRUMP,TRUMP,2.1839500000000003,2.289,1.145,1.145,4.35,162180,0.00125,14.79
2026-09-02 22:30,BTC,BTC,77387.5,0.129,0.065,0.065,0.065,2356387,0.00125,12.63
2026-09-02 22:30,ETH,ETH,2391.95,0.418,1.045,1.045,1.045,9758057,0.00125,14.59
2026-09-02 22:30,SOL,SOL,99.649,2.007,1.004,1.405,1.405,533450,0.00125,14.51
2026-09-02 22:30,XRP,XRP,1.3491499999999998,0.741,0.371,0.371,0.371,2041084,0.00125,13.24
2026-09-02 22:30,AVAX,AVAX,7.1777999999999995,0.279,0.557,0.557,0.557,136648,0.00125,13.61
2026-09-02 22:30,LINK,LINK,11.119499999999999,0.899,0.45,0.45,1.349,435399,0.00125,13.4
2026-09-02 22:30,LTC,LTC,49.834500000000006,0.201,1.104,1.906,3.11,86501,0.00125,14.71
2026-09-02 22:30,ADA,ADA,0.198025,2.525,1.262,1.262,1.262,136667,0.00125,15.02
2026-09-02 22:30,DOT,DOT,0.8642449999999999,1.041,0.521,1.331,1.331,44705,0.000588,11.69
2026-09-02 22:30,UNI,UNI,5.823650000000001,1.889,0.944,0.944,1.116,37347,0.00125,14.39
2026-09-02 22:30,AAVE,AAVE,126.91,1.576,0.788,1.576,1.576,126422,0.00125,14.08
2026-09-02 22:30,ARB,ARB,0.123555,2.428,2.023,2.023,2.023,68065,0.00125,16.55
2026-09-02 22:30,POL,POL,0.091479,0.875,0.437,1.53,1.64,13000,0.00125,13.37
2026-09-02 22:30,RENDER,RENDER,1.4085,8.52,4.26,4.97,5.68,20384,0.00125,21.02
2026-09-02 22:30,DOGE,DOGE,0.0816205,0.123,0.061,0.184,0.184,88695,0.00125,12.62
2026-09-02 22:30,SHIB,kSHIB,0.005180499999999999,1.93,0.965,0.965,0.965,135632,0.00125,14.43
2026-09-02 22:30,PEPE,kPEPE,0.0034155,2.928,1.464,1.464,1.464,773691,0.00125,15.43
2026-09-02 22:30,WIF,WIF,0.19795000000000001,2.021,1.01,1.516,3.031,15457,0.00148,15.16
2026-09-02 22:30,BONK,kBONK,0.0029360000000000002,6.812,3.406,3.406,3.406,182674,0.00125,19.31
2026-09-02 22:30,TRUMP,TRUMP,2.18145,0.458,0.229,0.229,1.146,84781,0.00125,12.96
2026-09-02 22:35,BTC,BTC,77453.5,0.129,0.065,0.065,0.065,3005201,0.00125,12.63
2026-09-02 22:35,ETH,ETH,2395.3500000000004,0.417,0.209,0.209,0.209,10320074,0.00125,12.92
2026-09-02 22:35,SOL,SOL,99.83449999999999,0.1,0.05,0.05,0.05,831043,0.00125,12.6
2026-09-02 22:35,XRP,XRP,1.35025,0.741,0.37,1.111,1.111,2109334,0.00125,13.24
2026-09-02 22:35,AVAX,AVAX,7.18265,0.139,1.74,1.74,2.436,53335,0.00125,15.98
2026-09-02 22:35,LINK,LINK,11.1335,0.898,0.449,1.347,2.245,446396,0.00125,13.4
2026-09-02 22:35,LTC,LTC,49.8795,0.2,0.1,1.103,1.704,79647,0.00125,12.7
2026-09-02 22:35,ADA,ADA,0.19831,1.009,1.009,1.009,1.009,124680,0.00125,14.52
2026-09-02 22:35,DOT,DOT,0.863395,1.274,0.637,0.637,0.637,24420,0.000472,11.6
2026-09-02 22:35,UNI,UNI,5.85215,0.171,0.085,0.085,0.085,38753,0.00125,12.67
2026-09-02 22:35,AAVE,AAVE,127.07,1.574,0.787,0.787,0.787,143409,0.00125,14.07
2026-09-02 22:35,ARB,ARB,0.123095,2.437,1.219,1.219,1.219,49718,0.00125,14.94
2026-09-02 22:35,POL,POL,0.091416,2.844,1.422,2.407,3.063,14846,0.00125,15.34
2026-09-02 22:35,RENDER,RENDER,1.40995,4.965,2.482,3.192,6.029,25657,0.00125,17.46
2026-09-02 22:35,DOGE,DOGE,0.0817235,0.122,0.061,0.061,0.918,102145,0.00125,12.62
2026-09-02 22:35,SHIB,kSHIB,0.005183,3.859,3.859,3.859,3.859,171841,0.00125,20.22
2026-09-02 22:35,PEPE,kPEPE,0.0034225,2.922,1.461,1.461,1.461,1104888,0.00125,15.42
2026-09-02 22:35,WIF,WIF,0.198125,1.514,1.262,3.281,3.785,14994,0.00125,15.02
2026-09-02 22:35,BONK,kBONK,0.00294,6.803,3.401,3.401,3.401,146373,0.00125,19.3
2026-09-02 22:35,TRUMP,TRUMP,2.1835500000000003,0.458,0.229,1.145,1.145,117995,0.00125,12.96
2026-09-02 22:40,BTC,BTC,77382.5,0.129,0.065,0.065,0.065,3415533,0.00125,12.63
2026-09-02 22:40,ETH,ETH,2392.45,0.418,0.209,0.209,0.209,7017956,0.00125,12.92
2026-09-02 22:40,SOL,SOL,99.68350000000001,0.1,0.05,0.05,0.05,284717,0.00125,12.6
2026-09-02 22:40,XRP,XRP,1.3486,1.483,0.742,0.742,2.225,2103508,0.00125,13.98
2026-09-02 22:40,AVAX,AVAX,7.1791,1.393,0.696,0.696,0.696,45960,0.00125,13.89
2026-09-02 22:40,LINK,LINK,11.128,1.797,0.899,0.899,0.899,374544,0.00125,14.3
2026-09-02 22:40,LTC,LTC,49.803,1.205,0.602,1.205,1.205,71315,0.00125,13.7
2026-09-02 22:40,ADA,ADA,0.19818999999999998,1.009,0.505,0.505,1.009,135355,0.00125,13.51
2026-09-02 22:40,DOT,DOT,0.861735,1.973,0.986,1.102,1.799,30078,0.000277,11.75
2026-09-02 22:40,UNI,UNI,5.84925,1.197,0.598,0.598,0.598,31137,0.00125,13.7
2026-09-02 22:40,AAVE,AAVE,127.0,1.575,1.575,3.15,3.937,97207,0.00125,15.65
2026-09-02 22:40,ARB,ARB,0.122535,2.448,1.224,1.224,2.04,50552,0.00125,14.95
2026-09-02 22:40,POL,POL,0.091279,2.191,1.096,1.205,1.424,9242,0.00125,14.69
2026-09-02 22:40,RENDER,RENDER,1.4088,7.098,3.549,4.259,7.098,32344,0.00125,19.6
2026-09-02 22:40,DOGE,DOGE,0.0816945,0.122,0.061,0.061,0.184,56111,0.00125,12.62
2026-09-02 22:40,SHIB,kSHIB,0.005177,3.863,1.932,1.932,3.863,145877,0.00125,16.36
2026-09-02 22:40,PEPE,kPEPE,0.0034185,2.925,1.463,1.463,1.463,714780,0.00125,15.43
2026-09-02 22:40,WIF,WIF,0.19865,1.007,0.503,0.503,1.007,26534,0.00125,13.51
2026-09-02 22:40,BONK,kBONK,0.0029315,3.411,1.706,1.706,1.706,143388,0.00125,15.91
2026-09-02 22:40,TRUMP,TRUMP,2.17735,1.378,0.689,1.148,1.607,90164,0.00125,13.88
2026-09-02 22:45,BTC,BTC,77315.5,0.129,0.065,0.065,0.065,5439430,0.00125,12.63
2026-09-02 22:45,ETH,ETH,2389.3500000000004,0.419,0.209,0.209,0.209,7241224,0.00125,12.92
2026-09-02 22:45,SOL,SOL,99.5005,0.101,0.05,0.05,0.05,730658,0.00125,12.6
2026-09-02 22:45,XRP,XRP,1.3470499999999999,0.742,0.371,0.371,0.371,2270674,0.00125,13.24
2026-09-02 22:45,AVAX,AVAX,7.1693999999999996,0.837,0.418,0.558,0.558,77478,0.00125,13.34
2026-09-02 22:45,LINK,LINK,11.1035,0.901,0.45,0.45,0.45,244754,0.00125,13.4
2026-09-02 22:45,LTC,LTC,49.6875,1.006,0.503,0.704,0.704,67208,0.00125,13.51
2026-09-02 22:45,ADA,ADA,0.197915,0.505,0.253,0.253,0.253,141737,0.00125,13.01
2026-09-02 22:45,DOT,DOT,0.86046,2.092,1.046,1.046,1.743,22178,0.000206,11.67
2026-09-02 22:45,UNI,UNI,5.83495,0.857,0.428,0.428,1.628,32183,0.00125,13.36
2026-09-02 22:45,AAVE,AAVE,126.755,0.789,0.394,1.183,1.183,115269,0.00125,13.29
2026-09-02 22:45,ARB,ARB,0.122445,0.817,0.408,0.408,0.408,66837,0.00125,13.32
2026-09-02 22:45,POL,POL,0.09125050000000001,1.863,0.932,1.041,2.795,12643,0.00125,14.36
2026-09-02 22:45,RENDER,RENDER,1.4067500000000002,6.398,3.199,3.91,3.91,21381,0.00125,18.9
2026-09-02 22:45,DOGE,DOGE,0.0815485,0.123,0.061,0.061,0.184,112847,0.00125,12.62
2026-09-02 22:45,SHIB,kSHIB,0.0051684999999999995,1.935,2.902,2.902,2.902,139532,0.00125,18.3
2026-09-02 22:45,PEPE,kPEPE,0.0034095,2.933,1.466,1.466,4.399,722617,0.00125,15.43
2026-09-02 22:45,WIF,WIF,0.198385,3.528,1.764,1.764,2.772,19924,0.00125,16.03
2026-09-02 22:45,BONK,kBONK,0.0029275,3.416,1.708,1.708,1.708,181861,0.00125,15.92
2026-09-02 22:45,TRUMP,TRUMP,2.1745,1.84,0.92,1.38,2.299,88273,0.00125,14.34
2026-09-02 22:50,BTC,BTC,77359.5,0.129,0.065,0.065,0.194,1383573,0.00125,12.63
2026-09-02 22:50,ETH,ETH,2391.05,0.418,0.627,0.627,0.627,7118093,0.00125,13.75
2026-09-02 22:50,SOL,SOL,99.6065,0.1,0.05,0.05,0.05,286849,0.00125,12.6
2026-09-02 22:50,XRP,XRP,1.35045,0.74,0.37,0.37,0.37,2115004,0.00125,13.24
2026-09-02 22:50,AVAX,AVAX,7.17575,0.139,1.185,1.185,1.324,80172,0.00125,14.87
2026-09-02 22:50,LINK,LINK,11.1175,0.899,0.45,1.349,2.249,247861,0.00125,13.4
2026-09-02 22:50,LTC,LTC,49.7015,0.604,0.302,0.503,0.503,82750,0.00125,13.1
2026-09-02 22:50,ADA,ADA,0.198415,0.504,0.756,0.756,1.26,114981,0.00125,14.01
2026-09-02 22:50,DOT,DOT,0.8615200000000001,0.929,0.464,0.58,0.58,67562,0.000126,10.28
2026-09-02 22:50,UNI,UNI,5.83955,1.199,0.599,0.599,0.599,34102,0.00125,13.7
2026-09-02 22:50,AAVE,AAVE,126.89500000000001,0.788,1.182,1.182,1.182,122020,0.00125,14.86
2026-09-02 22:50,ARB,ARB,0.12256500000000001,0.816,0.408,0.408,2.04,70625,0.00125,13.32
2026-09-02 22:50,POL,POL,0.09123400000000001,1.535,0.767,2.411,3.179,6047,0.00125,14.03
2026-09-02 22:50,RENDER,RENDER,1.4088500000000002,3.549,1.774,2.484,2.484,24029,0.00125,16.05
2026-09-02 22:50,DOGE,DOGE,0.081706,0.245,0.122,0.122,0.122,72079,0.00125,12.74
2026-09-02 22:50,SHIB,kSHIB,0.0051695000000000005,1.934,2.902,2.902,2.902,135673,0.00125,18.3
2026-09-02 22:50,PEPE,kPEPE,0.0034155,2.928,1.464,1.464,1.464,745395,0.00125,15.43
2026-09-02 22:50,WIF,WIF,0.19861499999999999,0.503,0.252,0.755,3.776,21451,0.00125,13.0
2026-09-02 22:50,BONK,kBONK,0.0029325,3.41,1.705,1.705,1.705,200848,0.00125,15.91
2026-09-02 22:50,TRUMP,TRUMP,2.17895,0.459,0.229,0.229,0.688,98961,0.00125,12.96
2026-09-02 22:55,BTC,BTC,77375.5,0.129,0.065,0.065,0.065,2553104,0.00125,12.63
2026-09-02 22:55,ETH,ETH,2391.45,0.418,0.209,0.209,0.209,8385749,0.00125,12.92
2026-09-02 22:55,SOL,SOL,99.6155,0.1,0.05,0.05,0.05,252734,0.00125,12.6
2026-09-02 22:55,XRP,XRP,1.3503500000000002,0.741,0.37,0.37,0.37,2362913,0.00125,13.24
2026-09-02 22:55,AVAX,AVAX,7.17945,0.696,0.348,0.348,0.488,101783,0.00125,13.2
2026-09-02 22:55,LINK,LINK,11.1195,2.698,1.349,1.349,1.349,203250,0.00125,15.2
2026-09-02 22:55,LTC,LTC,49.686499999999995,0.201,0.101,0.302,0.906,64984,0.00125,12.7
2026-09-02 22:55,ADA,ADA,0.19838499999999998,1.512,0.756,1.26,1.26,163474,0.00125,14.01
2026-09-02 22:55,DOT,DOT,0.86121,1.626,0.813,0.929,2.09,27429,0.00011,10.93
2026-09-02 22:55,UNI,UNI,5.8508,0.342,0.171,0.171,0.342,43727,0.00125,12.84
2026-09-02 22:55,AAVE,AAVE,126.97999999999999,1.575,0.788,2.363,2.363,121334,0.00125,14.08
2026-09-02 22:55,ARB,ARB,0.122765,2.444,1.222,1.222,1.222,82122,0.00125,14.94
2026-09-02 22:55,POL,POL,0.091318,2.409,1.205,1.205,1.533,9335,0.00125,14.91
2026-09-02 22:55,RENDER,RENDER,1.4106,5.671,2.836,4.254,5.671,17015,0.00125,18.17
2026-09-02 22:55,DOGE,DOGE,0.081711,0.245,0.122,0.122,0.122,96913,0.00125,12.74
2026-09-02 22:55,SHIB,kSHIB,0.005171500000000001,1.934,0.967,2.901,2.901,140944,0.00125,14.43
2026-09-02 22:55,PEPE,kPEPE,0.0034175,2.926,1.463,1.463,1.463,763574,0.00125,15.43
2026-09-02 22:55,WIF,WIF,0.198905,2.514,1.257,1.257,2.765,20026,0.00125,15.01
2026-09-02 22:55,BONK,kBONK,0.002933,6.819,3.409,3.409,3.409,139979,0.00125,19.32
2026-09-02 22:55,TRUMP,TRUMP,2.1794000000000002,0.918,0.459,0.918,1.835,119021,0.00125,13.42
2026-09-02 23:00,BTC,BTC,77340.5,0.129,0.065,0.065,0.065,4450913,0.00125,12.63
2026-09-02 23:00,ETH,ETH,2392.75,0.418,0.209,0.209,0.209,10957463,0.00125,12.92
2026-09-02 23:00,SOL,SOL,99.6495,0.1,0.05,0.05,0.05,382324,0.00125,12.6
2026-09-02 23:00,XRP,XRP,1.35095,0.74,1.11,1.11,1.851,1843617,0.00125,14.72
2026-09-02 23:00,AVAX,AVAX,7.18105,0.139,1.044,1.044,1.462,109077,0.00125,14.59
2026-09-02 23:00,LINK,LINK,11.125,1.798,0.899,1.798,1.798,263981,0.00125,14.3
2026-09-02 23:00,LTC,LTC,49.7195,0.603,0.302,0.503,0.503,53631,0.00125,13.1
2026-09-02 23:00,ADA,ADA,0.198345,0.504,0.252,0.252,0.252,192543,0.00125,13.0
2026-09-02 23:00,DOT,DOT,0.8616600000000001,1.393,0.696,0.812,0.812,23098,0.000793,12.61
2026-09-02 23:00,UNI,UNI,5.84635,0.171,0.086,0.086,0.77,45753,0.00125,12.67
2026-09-02 23:00,AAVE,AAVE,127.115,2.36,1.18,1.967,1.967,116838,0.00125,14.86
2026-09-02 23:00,ARB,ARB,0.12284999999999999,3.256,1.628,1.628,1.628,98024,0.00125,15.76
2026-09-02 23:00,POL,POL,0.0913785,1.86,0.93,0.93,0.93,16006,0.00125,14.36
2026-09-02 23:00,RENDER,RENDER,1.40995,4.965,2.482,3.192,5.319,22127,0.00125,17.46
2026-09-02 23:00,DOGE,DOGE,0.0817165,0.122,0.061,1.04,1.04,97191,0.00125,12.62
2026-09-02 23:00,SHIB,kSHIB,0.0051754999999999995,1.932,2.898,2.898,2.898,149950,0.00125,18.3
2026-09-02 23:00,PEPE,kPEPE,0.0034215,2.923,1.461,1.461,1.461,768371,0.00125,15.42
2026-09-02 23:00,WIF,WIF,0.198445,2.52,1.26,1.26,2.268,18716,0.00125,15.02
2026-09-02 23:00,BONK,kBONK,0.0029319999999999997,6.821,3.411,3.411,3.411,154529,0.00125,19.32
2026-09-02 23:00,TRUMP,TRUMP,2.1769499999999997,0.459,0.23,0.689,0.689,99303,0.00125,12.96
2026-09-02 23:05,BTC,BTC,77301.5,0.129,0.065,0.065,0.065,1474011,0.00125,12.63
2026-09-02 23:05,ETH,ETH,2391.6499999999996,0.418,0.209,0.209,0.209,12194163,0.00125,12.92
2026-09-02 23:05,SOL,SOL,99.5355,0.1,0.05,0.05,0.05,474996,0.00125,12.6
2026-09-02 23:05,XRP,XRP,1.34905,0.741,0.371,0.371,0.371,2083853,0.00125,13.24
2026-09-02 23:05,AVAX,AVAX,7.1697500000000005,1.255,0.628,0.628,0.628,89041,0.00125,13.76
2026-09-02 23:05,LINK,LINK,11.096499999999999,0.901,0.451,1.352,1.352,239527,0.00125,13.4
2026-09-02 23:05,LTC,LTC,49.7025,1.006,0.503,0.503,0.704,60527,0.00125,13.51
2026-09-02 23:05,ADA,ADA,0.19805499999999998,1.515,0.757,0.757,0.757,142612,0.00125,14.01
2026-09-02 23:05,DOT,DOT,0.85868,1.63,0.815,0.932,1.281,28004,-0.000186,10.63
2026-09-02 23:05,UNI,UNI,5.86205,3.241,1.621,1.621,1.621,34027,0.00125,15.74
2026-09-02 23:05,AAVE,AAVE,126.945,0.788,0.394,0.394,0.394,100697,0.00125,13.29
2026-09-02 23:05,ARB,ARB,0.122675,0.815,0.408,0.408,0.408,52673,0.00125,13.32
2026-09-02 23:05,POL,POL,0.0912165,2.083,1.041,1.041,1.041,10713,0.00125,14.58
2026-09-02 23:05,RENDER,RENDER,1.40725,4.974,3.198,4.619,6.04,12778,0.00125,18.9
2026-09-02 23:05,DOGE,DOGE,0.0816455,0.122,0.061,0.061,0.061,36459,0.00125,12.62
2026-09-02 23:05,SHIB,kSHIB,0.005161499999999999,1.937,0.969,2.906,2.906,156135,0.00125,14.44
2026-09-02 23:05,PEPE,kPEPE,0.0034095,2.933,1.466,1.466,1.466,800646,0.00125,15.43
2026-09-02 23:05,WIF,WIF,0.19787,2.022,1.011,1.516,1.516,24933,0.00125,14.52
2026-09-02 23:05,BONK,kBONK,0.002927,6.833,3.416,3.416,3.416,150575,0.00125,19.33
2026-09-02 23:05,TRUMP,TRUMP,2.17565,1.379,0.689,0.689,1.149,96124,0.00125,13.88
2026-09-02 23:10,BTC,BTC,77285.5,0.129,0.065,0.065,0.065,2747756,0.00125,12.63
2026-09-02 23:10,ETH,ETH,2391.45,0.418,0.209,0.209,0.209,6934628,0.00125,12.92
2026-09-02 23:10,SOL,SOL,99.5475,0.1,0.05,0.05,0.05,280749,0.00125,12.6
2026-09-02 23:10,XRP,XRP,1.34965,0.741,0.37,0.37,0.37,2024644,0.00125,13.24
2026-09-02 23:10,AVAX,AVAX,7.16785,0.977,0.488,0.628,0.628,86108,0.00125,13.48
2026-09-02 23:10,LINK,LINK,11.0835,0.902,0.451,1.353,1.353,421049,0.00125,13.4
2026-09-02 23:10,LTC,LTC,49.619,0.806,0.403,0.605,1.008,60404,0.001231,13.25
2026-09-02 23:10,ADA,ADA,0.198125,1.514,0.757,1.262,1.767,153813,0.00125,14.01
2026-09-02 23:10,DOT,DOT,0.858255,1.515,0.757,0.757,0.757,38122,-0.000218,10.51
2026-09-02 23:10,UNI,UNI,5.864649999999999,0.853,1.961,2.131,2.131,20842,0.00125,16.42
2026-09-02 23:10,AAVE,AAVE,126.815,0.789,0.394,1.183,1.971,102868,0.00125,13.29
2026-09-02 23:10,ARB,ARB,0.12189,3.282,3.282,3.282,4.922,92792,0.00125,19.06
2026-09-02 23:10,POL,POL,0.0912015,0.11,0.274,0.274,0.274,7386,0.00125,13.05
2026-09-02 23:10,RENDER,RENDER,1.40665,6.398,3.199,3.91,4.621,15985,0.00125,18.9
2026-09-02 23:10,DOGE,DOGE,0.0815935,0.123,0.061,1.042,1.042,81223,0.00125,12.62
2026-09-02 23:10,SHIB,kSHIB,0.005158,3.877,1.939,1.939,3.877,135085,0.00125,16.38
2026-09-02 23:10,PEPE,kPEPE,0.0034085,2.934,1.467,4.401,4.401,756395,0.00125,15.43
2026-09-02 23:10,WIF,WIF,0.197315,2.534,1.267,1.774,2.281,24111,0.00125,15.03
2026-09-02 23:10,BONK,kBONK,0.0029230000000000003,6.842,3.421,3.421,3.421,193556,0.00125,19.34
2026-09-02 23:10,TRUMP,TRUMP,2.1721500000000002,1.381,0.691,1.151,1.151,93524,0.000472,11.7
2026-09-02 23:15,BTC,BTC,77301.5,0.129,0.065,0.065,0.065,1908885,0.00125,12.63
2026-09-02 23:15,ETH,ETH,2392.75,0.418,0.209,0.209,0.209,7704441,0.00125,12.92
2026-09-02 23:15,SOL,SOL,99.62049999999999,0.1,0.05,0.05,0.05,336563,0.00125,12.6
2026-09-02 23:15,XRP,XRP,1.3489499999999999,0.741,0.371,1.112,1.112,2101356,0.00125,13.24
2026-09-02 23:15,AVAX,AVAX,7.17515,0.139,1.881,1.881,2.16,71762,0.00125,16.26
2026-09-02 23:15,LINK,LINK,11.087499999999999,0.902,0.451,0.451,0.451,262112,0.00125,13.4
2026-09-02 23:15,LTC,LTC,49.677499999999995,0.201,0.101,0.101,0.906,66724,0.000812,11.48
2026-09-02 23:15,ADA,ADA,0.19818999999999998,1.009,0.505,0.505,0.505,145545,0.00125,13.51
2026-09-02 23:15,DOT,DOT,0.8607750000000001,0.116,0.058,0.174,0.871,39989,9.3e-05,9.38
2026-09-02 23:15,UNI,UNI,5.86015,0.171,0.085,1.45,1.621,178057,0.00125,12.67
2026-09-02 23:15,AAVE,AAVE,126.875,0.788,0.394,1.182,1.182,113565,0.00125,13.29
2026-09-02 23:15,ARB,ARB,0.12226000000000001,1.636,0.818,0.818,0.818,65272,0.00125,14.14
2026-09-02 23:15,POL,POL,0.09157799999999999,1.966,0.983,2.184,2.402,7630,0.00125,14.47
2026-09-02 23:15,RENDER,RENDER,1.4065500000000002,2.133,1.066,3.199,4.621,11710,0.00125,14.63
2026-09-02 23:15,DOGE,DOGE,0.0815805,0.123,0.061,1.532,1.532,98044,0.00125,12.62
2026-09-02 23:15,SHIB,kSHIB,0.005162,3.874,1.937,1.937,3.874,165593,0.00125,16.37
2026-09-02 23:15,PEPE,kPEPE,0.0034095,2.933,1.466,1.466,4.399,790604,0.00125,15.43
2026-09-02 23:15,WIF,WIF,0.196985,2.538,1.777,2.284,3.3,23535,0.00125,16.05
2026-09-02 23:15,BONK,kBONK,0.002925,6.838,3.419,3.419,3.419,205041,0.00125,19.34
2026-09-02 23:15,TRUMP,TRUMP,2.17345,4.141,2.07,3.451,3.911,173552,5e-06,13.16
2026-09-02 23:20,BTC,BTC,77254.5,0.129,0.065,0.065,0.065,2726736,0.00125,12.63
2026-09-02 23:20,ETH,ETH,2392.1499999999996,0.418,0.209,0.209,0.209,8019431,0.00125,12.92
2026-09-02 23:20,SOL,SOL,99.5765,0.1,0.05,0.05,0.05,364916,0.00125,12.6
2026-09-02 23:20,XRP,XRP,1.3465500000000001,0.743,0.371,0.371,0.371,2259288,0.00125,13.24
2026-09-02 23:20,AVAX,AVAX,7.17385,0.976,0.488,0.627,0.627,106451,0.00125,13.48
2026-09-02 23:20,LINK,LINK,11.086,1.804,0.902,0.902,0.902,439931,0.00125,14.3
2026-09-02 23:20,LTC,LTC,49.566500000000005,1.009,0.504,0.706,1.311,55991,0.000623,11.75
2026-09-02 23:20,ADA,ADA,0.198295,0.504,0.252,0.252,0.252,214662,0.00125,13.0
2026-09-02 23:20,DOT,DOT,0.86103,1.394,0.697,0.813,0.813,20409,-2.9e-05,10.39
2026-09-02 23:20,UNI,UNI,5.8610500000000005,0.171,0.085,0.085,0.085,129978,0.00125,12.67
2026-09-02 23:20,AAVE,AAVE,126.68,1.579,0.789,0.789,0.789,116271,0.00125,14.08
2026-09-02 23:20,ARB,ARB,0.122015,0.82,0.41,0.41,0.41,48695,0.00125,13.32
2026-09-02 23:20,POL,POL,0.09142,2.844,1.422,1.531,1.75,8819,0.00125,15.34
2026-09-02 23:20,RENDER,RENDER,1.4057499999999998,6.402,3.201,3.913,5.335,16148,0.00125,18.9
2026-09-02 23:20,DOGE,DOGE,0.0815655,0.123,0.061,0.061,0.184,107917,0.00125,12.62
2026-09-02 23:20,SHIB,kSHIB,0.005162,3.874,1.937,3.874,3.874,158117,0.00125,16.37
2026-09-02 23:20,PEPE,kPEPE,0.0034065,2.936,1.468,1.468,1.468,803341,0.00125,15.44
2026-09-02 23:20,WIF,WIF,0.197205,2.535,1.268,1.775,4.817,17385,0.00125,15.04
2026-09-02 23:20,BONK,kBONK,0.0029195000000000002,3.425,1.713,1.713,1.713,162092,0.00125,15.93
2026-09-02 23:20,TRUMP,TRUMP,2.16745,0.461,0.231,0.692,1.153,45270,-0.00017,9.46
2026-09-02 23:25,BTC,BTC,77287.5,0.129,0.065,0.065,0.065,3794067,0.00125,12.63
2026-09-02 23:25,ETH,ETH,2393.1499999999996,0.418,0.209,0.209,0.209,7756229,0.00125,12.92
2026-09-02 23:25,SOL,SOL,99.7085,0.1,0.05,0.05,0.05,349071,0.00125,12.6
2026-09-02 23:25,XRP,XRP,1.3489499999999999,0.741,1.112,1.112,1.112,1924685,0.00125,14.72
2026-09-02 23:25,AVAX,AVAX,7.18285,0.139,1.879,1.879,1.879,72667,0.00125,16.26
2026-09-02 23:25,LINK,LINK,11.1085,0.9,0.45,0.45,1.35,450597,0.00125,13.4
2026-09-02 23:25,LTC,LTC,49.629000000000005,0.403,0.201,0.403,1.209,64594,0.000512,10.84
2026-09-02 23:25,ADA,ADA,0.19852999999999998,1.007,0.504,0.504,0.504,150631,0.00125,13.51
2026-09-02 23:25,DOT,DOT,0.86467,2.313,1.157,1.272,1.735,19744,9.4e-05,11.58
2026-09-02 23:25,UNI,UNI,5.8712,1.363,0.681,0.852,1.192,23689,0.00125,13.86
2026-09-02 23:25,AAVE,AAVE,126.94999999999999,1.575,0.788,1.575,1.575,119983,0.00125,14.08
2026-09-02 23:25,ARB,ARB,0.122095,2.457,1.229,1.229,2.048,71136,0.00125,14.96
2026-09-02 23:25,POL,POL,0.091543,2.403,1.202,1.966,3.386,6697,0.00125,14.9
2026-09-02 23:25,RENDER,RENDER,1.40995,4.965,2.482,3.901,5.319,31176,0.00125,17.46
2026-09-02 23:25,DOGE,DOGE,0.0816725,0.122,0.061,0.061,0.061,61939,0.00125,12.62
2026-09-02 23:25,SHIB,kSHIB,0.005171500000000001,1.934,2.901,2.901,4.834,173444,0.00125,18.3
2026-09-02 23:25,PEPE,kPEPE,0.0034115,2.931,1.466,1.466,1.466,770053,0.00125,15.43
2026-09-02 23:25,WIF,WIF,0.197935,0.505,0.253,0.253,3.789,27341,0.00125,13.01
2026-09-02 23:25,BONK,kBONK,0.002928,6.831,3.415,3.415,3.415,170172,0.00125,19.33
2026-09-02 23:25,TRUMP,TRUMP,2.1744,1.84,0.92,0.92,1.38,75098,-0.000341,10.84
2026-09-02 23:30,BTC,BTC,77248.5,0.129,0.065,0.065,0.065,1310866,0.00125,12.63
2026-09-02 23:30,ETH,ETH,2391.45,0.418,0.209,0.209,0.209,11574746,0.00125,12.92
2026-09-02 23:30,SOL,SOL,99.6015,0.1,0.05,0.05,0.05,658147,0.00125,12.6
2026-09-02 23:30,XRP,XRP,1.3476499999999998,0.742,0.371,0.371,0.371,1610307,0.00125,13.24
2026-09-02 23:30,AVAX,AVAX,7.17875,0.697,0.348,0.488,0.488,89835,0.00125,13.2
2026-09-02 23:30,LINK,LINK,11.099,1.802,0.901,1.802,1.802,421349,0.00125,14.3
2026-09-02 23:30,LTC,LTC,49.6335,0.201,0.101,0.302,1.713,59180,0.000413,10.36
2026-09-02 23:30,ADA,ADA,0.198355,2.521,1.26,1.26,1.26,197646,0.00125,15.02
2026-09-02 23:30,DOT,DOT,0.86317,2.085,1.043,1.043,1.043,20400,0.000242,11.76
2026-09-02 23:30,UNI,UNI,5.83555,1.2,0.6,0.6,0.6,16493,0.00125,13.7
2026-09-02 23:30,AAVE,AAVE,126.77000000000001,1.578,0.789,0.789,0.789,123471,0.00125,14.08
2026-09-02 23:30,ARB,ARB,0.12197,1.64,0.82,1.64,1.64,45224,0.00125,14.14
2026-09-02 23:30,POL,POL,0.09153,1.53,0.765,1.639,2.731,7859,0.00125,14.03
2026-09-02 23:30,RENDER,RENDER,1.4064999999999999,7.11,3.555,4.266,4.977,20195,0.00125,19.61
2026-09-02 23:30,DOGE,DOGE,0.0815915,0.123,0.061,0.061,0.674,125025,0.00125,12.62
2026-09-02 23:30,SHIB,kSHIB,0.005162,3.874,1.937,3.874,5.812,154532,0.00125,16.37
2026-09-02 23:30,PEPE,kPEPE,0.0034085,2.934,1.467,1.467,1.467,707526,0.00125,15.43
2026-09-02 23:30,WIF,WIF,0.197585,2.531,1.265,2.278,2.784,26266,0.00125,15.03
2026-09-02 23:30,BONK,kBONK,0.002922,6.845,3.422,3.422,3.422,158076,0.00125,19.34
2026-09-02 23:30,TRUMP,TRUMP,2.17185,1.381,0.691,1.151,2.072,58137,-0.000712,10.38
2026-09-02 23:35,BTC,BTC,77252.5,0.129,0.065,0.065,0.065,2239342,0.00125,12.63
2026-09-02 23:35,ETH,ETH,2390.05,0.418,1.046,1.046,1.046,10056124,0.00125,14.59
2026-09-02 23:35,SOL,SOL,99.5215,0.1,0.05,0.05,0.05,537071,0.00125,12.6
2026-09-02 23:35,XRP,XRP,1.3474499999999998,0.742,0.371,0.371,0.371,1571906,0.00125,13.24
2026-09-02 23:35,AVAX,AVAX,7.17655,1.254,0.627,0.766,0.766,80650,0.00125,13.75
2026-09-02 23:35,LINK,LINK,11.0855,0.902,0.451,0.451,0.451,413199,0.00125,13.4
2026-09-02 23:35,LTC,LTC,49.686499999999995,1.409,0.704,1.107,1.107,55089,0.000325,11.32
2026-09-02 23:35,ADA,ADA,0.19844,1.008,0.504,0.504,0.504,82698,0.00125,13.51
2026-09-02 23:35,DOT,DOT,0.86207,0.696,0.348,0.348,0.348,22652,0.000111,10.01
2026-09-02 23:35,UNI,UNI,5.83545,1.2,0.6,0.771,0.943,18766,0.00125,13.7
2026-09-02 23:35,AAVE,AAVE,126.6,1.58,0.79,1.58,1.58,122944,0.00125,14.08
2026-09-02 23:35,ARB,ARB,0.12161,1.645,0.822,0.822,1.645,73788,0.00125,14.14
2026-09-02 23:35,POL,POL,0.09144749999999999,1.64,0.82,0.929,1.804,11535,0.00125,14.14
2026-09-02 23:35,RENDER,RENDER,1.4036499999999998,4.987,2.493,3.918,3.918,31171,0.00125,17.49
2026-09-02 23:35,DOGE,DOGE,0.0815705,0.123,0.061,0.184,0.184,62072,0.00125,12.62
2026-09-02 23:35,SHIB,kSHIB,0.0051565,1.939,0.97,4.848,4.848,138825,0.00125,14.44
2026-09-02 23:35,PEPE,kPEPE,0.0034055,2.936,1.468,4.405,4.405,744774,0.00125,15.44
2026-09-02 23:35,WIF,WIF,0.19731500000000002,1.52,0.76,0.76,4.308,23852,0.00125,14.02
2026-09-02 23:35,BONK,kBONK,0.0029189999999999997,6.852,3.426,3.426,6.852,185438,0.00125,19.35
2026-09-02 23:35,TRUMP,TRUMP,2.1683000000000003,0.922,0.461,0.922,1.384,47211,-0.000921,9.92
2026-09-02 23:40,BTC,BTC,77348.5,0.129,0.065,0.065,0.065,874214,0.00125,12.63
2026-09-02 23:40,ETH,ETH,2394.3500000000004,0.418,0.209,0.209,0.209,6500034,0.00125,12.92
2026-09-02 23:40,SOL,SOL,99.7595,0.1,0.05,0.05,0.05,271625,0.00125,12.6
2026-09-02 23:40,XRP,XRP,1.35045,0.74,0.37,1.111,1.111,2015529,0.00125,13.24
2026-09-02 23:40,AVAX,AVAX,7.187749999999999,0.696,0.348,0.348,0.348,79815,0.00125,13.2
2026-09-02 23:40,LINK,LINK,11.1165,0.9,0.45,0.45,0.45,422844,0.00125,13.4
2026-09-02 23:40,LTC,LTC,49.7895,0.603,0.301,0.301,0.904,64951,0.000561,11.17
2026-09-02 23:40,ADA,ADA,0.19921,1.004,1.506,1.506,1.506,164749,0.00125,15.51
2026-09-02 23:40,DOT,DOT,0.86547,1.618,0.809,0.924,1.04,16804,0.000247,11.31
2026-09-02 23:40,UNI,UNI,5.84365,1.54,0.77,0.77,0.77,17363,0.00125,14.04
2026-09-02 23:40,AAVE,AAVE,127.08,1.574,2.361,2.361,3.148,113271,0.00125,17.22
2026-09-02 23:40,ARB,ARB,0.12242,3.267,1.634,1.634,1.634,46716,0.00125,15.77
2026-09-02 23:40,POL,POL,0.0915685,3.167,1.584,2.894,3.877,6512,0.00125,15.67
2026-09-02 23:40,RENDER,RENDER,1.4088,4.259,2.129,2.839,4.969,20404,0.00125,16.76
2026-09-02 23:40,DOGE,DOGE,0.0818185,0.122,0.061,0.061,0.794,78768,0.00125,12.62
2026-09-02 23:40,SHIB,kSHIB,0.0051684999999999995,1.935,0.967,0.967,2.902,148680,0.00125,14.43
2026-09-02 23:40,PEPE,kPEPE,0.0034185,2.925,1.463,4.388,4.388,915801,0.00125,15.43
2026-09-02 23:40,WIF,WIF,0.198685,2.517,1.258,1.258,5.285,24723,0.00125,15.02
2026-09-02 23:40,BONK,kBONK,0.002929,6.828,3.414,6.828,6.828,188099,0.00125,19.33
2026-09-02 23:40,TRUMP,TRUMP,2.18025,0.459,0.229,0.688,1.147,71595,-0.000892,9.46
2026-09-02 23:45,BTC,BTC,77369.5,0.129,0.065,0.065,0.065,2923842,0.00125,12.63
2026-09-02 23:45,ETH,ETH,2392.6499999999996,0.418,0.209,0.209,0.209,7683861,0.00125,12.92
2026-09-02 23:45,SOL,SOL,99.70249999999999,0.301,0.15,0.15,1.354,796228,0.00125,12.8
2026-09-02 23:45,XRP,XRP,1.3512499999999998,0.74,0.37,0.37,0.37,1822338,0.00125,13.24
2026-09-02 23:45,AVAX,AVAX,7.18445,0.139,1.183,1.183,1.183,69899,0.00125,14.87
2026-09-02 23:45,LINK,LINK,11.124500000000001,0.899,0.449,0.449,1.348,245031,0.00125,13.4
2026-09-02 23:45,LTC,LTC,49.8395,2.207,1.104,1.104,1.705,72153,0.000816,13.49
2026-09-02 23:45,ADA,ADA,0.199115,1.507,0.753,0.753,0.753,129807,0.00125,14.01
2026-09-02 23:45,DOT,DOT,0.8658399999999999,2.541,1.27,1.386,1.617,16050,0.000401,12.66
2026-09-02 23:45,UNI,UNI,5.8876,2.038,1.019,1.189,1.359,15913,0.00125,14.54
2026-09-02 23:45,AAVE,AAVE,127.09,1.574,2.361,2.361,3.934,69665,0.00125,17.22
2026-09-02 23:45,ARB,ARB,0.12273,1.63,0.815,0.815,1.63,88828,0.00125,14.13
2026-09-02 23:45,POL,POL,0.091722,3.053,1.526,1.635,2.399,8944,0.00125,15.55
2026-09-02 23:45,RENDER,RENDER,1.4097,1.419,6.384,7.094,8.512,14010,0.00125,25.27
2026-09-02 23:45,DOGE,DOGE,0.08179449999999999,1.1,0.55,0.55,0.55,134452,0.00125,13.6
2026-09-02 23:45,SHIB,kSHIB,0.005173499999999999,1.933,0.966,2.899,2.899,204263,0.00125,14.43
2026-09-02 23:45,PEPE,kPEPE,0.0034175,2.926,1.463,1.463,1.463,756756,0.00125,15.43
2026-09-02 23:45,WIF,WIF,0.19922499999999999,0.502,0.251,2.761,4.267,17633,0.00125,13.0
2026-09-02 23:45,BONK,kBONK,0.0029275,3.416,1.708,1.708,1.708,158575,0.00125,15.92
2026-09-02 23:45,TRUMP,TRUMP,2.19185,0.456,0.228,0.228,0.684,45406,-0.001004,9.46
2026-09-02 23:50,BTC,BTC,77257.5,0.129,0.065,0.065,0.065,2572888,0.00125,12.63
2026-09-02 23:50,ETH,ETH,2390.6499999999996,0.418,0.209,0.209,0.209,7277143,0.00125,12.92
2026-09-02 23:50,SOL,SOL,99.5595,0.1,0.05,0.05,0.05,314131,0.00125,12.6
2026-09-02 23:50,XRP,XRP,1.34905,0.741,0.371,0.371,0.371,2161274,0.00125,13.24
2026-09-02 23:50,AVAX,AVAX,7.17765,0.139,0.627,0.627,0.766,72724,0.00125,13.75
2026-09-02 23:50,LINK,LINK,11.1085,0.9,0.45,1.35,2.251,244672,0.00125,13.4
2026-09-02 23:50,LTC,LTC,49.8325,0.602,0.301,0.301,0.301,54421,0.000963,12.3
2026-09-02 23:50,ADA,ADA,0.198955,0.503,0.251,0.251,0.251,154667,0.00125,13.0
2026-09-02 23:50,DOT,DOT,0.863445,1.737,0.869,0.869,1.1,22612,0.000423,11.92
2026-09-02 23:50,UNI,UNI,5.8727,1.703,0.851,0.851,0.851,19912,0.00125,14.2
2026-09-02 23:50,AAVE,AAVE,126.87,3.153,1.576,1.576,1.576,151241,0.00125,15.65
2026-09-02 23:50,ARB,ARB,0.12209500000000001,0.819,0.41,0.41,0.41,83001,0.00125,13.32
2026-09-02 23:50,POL,POL,0.0917955,2.288,1.144,1.144,1.144,7271,0.00125,14.79
2026-09-02 23:50,RENDER,RENDER,1.4077,4.262,2.131,3.552,4.262,16650,0.00125,16.76
2026-09-02 23:50,DOGE,DOGE,0.0817315,0.122,0.061,0.061,0.061,69406,0.00125,12.62
2026-09-02 23:50,SHIB,kSHIB,0.005166499999999999,1.936,0.968,2.903,4.839,158093,0.00125,14.44
2026-09-02 23:50,PEPE,kPEPE,0.0034095,2.933,1.466,1.466,4.399,746922,0.00125,15.43
2026-09-02 23:50,WIF,WIF,0.198025,3.535,2.777,3.282,4.797,18540,0.00125,18.05
2026-09-02 23:50,BONK,kBONK,0.0029245,3.419,1.71,1.71,1.71,179884,0.00125,15.92
2026-09-02 23:50,TRUMP,TRUMP,2.1895499999999997,0.457,0.228,1.599,2.512,79841,-0.00133,9.46
2026-09-02 23:55,BTC,BTC,77316.5,0.129,0.065,0.065,0.065,1471206,0.00125,12.63
2026-09-02 23:55,ETH,ETH,2392.05,0.418,0.209,0.209,0.209,8294574,0.00125,12.92
2026-09-02 23:55,SOL,SOL,99.7805,0.1,0.05,0.05,0.05,447582,0.00125,12.6
2026-09-02 23:55,XRP,XRP,1.3499500000000002,0.741,0.37,0.37,0.37,2118130,0.00125,13.24
2026-09-02 23:55,AVAX,AVAX,7.18075,0.418,0.348,0.348,0.487,91131,0.00125,13.2
2026-09-02 23:55,LINK,LINK,11.113,1.8,0.9,1.8,1.8,495846,0.00125,14.3
2026-09-02 23:55,LTC,LTC,49.8815,0.2,0.1,0.301,0.702,70170,0.001139,12.39
2026-09-02 23:55,ADA,ADA,0.199215,0.502,0.251,1.255,2.259,162124,0.00125,13.0
2026-09-02 23:55,DOT,DOT,0.863265,1.043,0.521,0.637,0.637,27963,0.00053,11.53
2026-09-02 23:55,UNI,UNI,5.8735,1.022,0.511,0.681,0.681,24697,0.00125,13.52
2026-09-02 23:55,AAVE,AAVE,127.00999999999999,1.575,0.787,0.787,0.787,132985,0.00125,14.07
2026-09-02 23:55,ARB,ARB,0.122795,0.814,0.407,0.407,0.407,125704,0.00125,13.31
2026-09-02 23:55,POL,POL,0.092059,2.173,1.086,1.086,1.086,8984,0.00125,14.67
2026-09-02 23:55,RENDER,RENDER,1.4086500000000002,4.969,3.904,4.614,7.454,15830,0.00125,20.31
2026-09-02 23:55,DOGE,DOGE,0.0817945,0.122,0.061,0.061,0.061,90407,0.00125,12.62
2026-09-02 23:55,SHIB,kSHIB,0.005171500000000001,1.934,2.901,4.834,6.768,183459,0.00125,18.3
2026-09-02 23:55,PEPE,kPEPE,0.0034145,2.929,1.464,4.393,4.393,750345,0.00125,15.43
2026-09-02 23:55,WIF,WIF,0.19826,2.018,1.009,2.522,3.026,16569,0.00125,14.52
2026-09-02 23:55,BONK,kBONK,0.002928,6.831,3.415,3.415,3.415,228341,0.00125,19.33
2026-09-02 23:55,TRUMP,TRUMP,2.19355,0.456,0.228,0.684,1.14,29545,-0.00161,9.46
2026-09-03 00:00,BTC,BTC,77258.5,0.129,0.065,0.065,0.065,3856064,0.00125,12.63
2026-09-03 00:00,ETH,ETH,2389.6499999999996,0.418,0.209,0.209,0.209,11899759,0.00125,12.92
2026-09-03 00:00,SOL,SOL,99.6265,0.1,0.05,0.05,0.05,577493,0.00125,12.6
2026-09-03 00:00,XRP,XRP,1.34795,0.742,0.371,0.371,0.371,1920666,0.00125,13.24
2026-09-03 00:00,AVAX,AVAX,7.175800000000001,0.836,0.418,0.557,1.533,86681,0.001201,13.2
2026-09-03 00:00,LINK,LINK,11.0975,0.901,0.451,1.352,2.253,238857,0.00125,13.4
2026-09-03 00:00,LTC,LTC,49.828500000000005,1.405,0.903,1.104,1.104,40796,0.00125,14.31
2026-09-03 00:00,ADA,ADA,0.19896999999999998,1.005,0.503,1.005,1.005,174841,0.00125,13.51
2026-09-03 00:00,DOT,DOT,0.861765,3.133,1.567,1.683,1.683,29196,-9.3e-05,12.13
2026-09-03 00:00,UNI,UNI,5.8574,2.049,1.024,1.195,1.366,31078,0.00125,14.55
2026-09-03 00:00,AAVE,AAVE,126.795,0.789,0.394,0.394,0.394,96882,0.00125,13.29
2026-09-03 00:00,ARB,ARB,0.12242,1.634,0.817,0.817,0.817,53781,0.00125,14.13
2026-09-03 00:00,POL,POL,0.09198100000000001,2.827,1.413,1.522,1.522,9656,0.00125,15.33
2026-09-03 00:00,RENDER,RENDER,1.4056,2.846,2.846,3.557,4.269,15045,0.00125,18.19
2026-09-03 00:00,DOGE,DOGE,0.0816425,0.122,0.061,0.061,0.061,163605,0.00125,12.62
2026-09-03 00:00,SHIB,kSHIB,0.0051675,1.935,0.968,0.968,2.903,149606,0.00125,14.44
2026-09-03 00:00,PEPE,kPEPE,0.0034075,2.935,1.467,1.467,1.467,720191,0.00125,15.43
2026-09-03 00:00,WIF,WIF,0.19767,2.024,1.012,1.518,2.529,20926,0.00125,14.52
2026-09-03 00:00,BONK,kBONK,0.0029170000000000003,6.856,3.428,3.428,3.428,169230,0.00125,19.36
2026-09-03 00:00,TRUMP,TRUMP,2.18315,1.374,0.687,0.687,0.687,45173,-0.004695,10.37
2026-09-03 00:05,BTC,BTC,77123.5,0.13,0.065,0.065,0.065,4903423,0.00125,12.63
2026-09-03 00:05,ETH,ETH,2383.6499999999996,0.42,0.21,0.21,0.21,10339304,0.00125,12.92
2026-09-03 00:05,SOL,SOL,99.4055,0.101,0.05,0.05,0.05,856878,0.00125,12.6
2026-09-03 00:05,XRP,XRP,1.3451499999999998,0.743,0.372,0.372,0.372,1827711,0.00125,13.24
2026-09-03 00:05,AVAX,AVAX,7.15305,0.419,0.21,0.21,0.21,75189,0.000547,10.95
2026-09-03 00:05,LINK,LINK,11.063500000000001,0.904,0.452,0.452,1.356,250706,0.00125,13.4
2026-09-03 00:05,LTC,LTC,49.703500000000005,0.201,0.101,0.302,0.302,47398,0.00125,12.7
2026-09-03 00:05,ADA,ADA,0.19840000000000002,1.008,0.504,0.504,0.504,104355,0.00125,13.51
2026-09-03 00:05,DOT,DOT,0.85914,2.328,1.164,1.28,1.28,23157,0.001057,14.29
2026-09-03 00:05,UNI,UNI,5.83375,0.171,0.086,0.086,0.086,20829,0.00125,12.67
2026-09-03 00:05,AAVE,AAVE,126.445,2.373,1.186,1.186,1.186,113421,0.00125,14.87
2026-09-03 00:05,ARB,ARB,0.12396,3.227,1.613,2.42,2.42,39655,0.00125,15.73
2026-09-03 00:05,POL,POL,0.091611,0.873,1.856,1.856,1.856,8296,0.00125,16.21
2026-09-03 00:05,RENDER,RENDER,1.4026,4.278,2.139,3.565,4.278,21834,0.00125,16.78
2026-09-03 00:05,DOGE,DOGE,0.0814525,0.123,0.061,0.061,0.307,96927,0.00125,12.62
2026-09-03 00:05,SHIB,kSHIB,0.005154499999999999,1.94,2.91,2.91,4.85,148735,0.00125,18.32
2026-09-03 00:05,PEPE,kPEPE,0.0034005,2.941,1.47,1.47,1.47,854947,0.00125,15.44
2026-09-03 00:05,WIF,WIF,0.196805,2.541,1.27,1.27,2.287,23579,0.00125,15.04
2026-09-03 00:05,BONK,kBONK,0.0029170000000000003,6.856,3.428,3.428,3.428,145800,0.00125,19.36
2026-09-03 00:05,TRUMP,TRUMP,2.17525,0.46,0.23,0.69,0.69,81006,-0.004618,9.46
2026-09-03 00:10,BTC,BTC,77066.5,0.13,0.065,0.065,0.065,3890599,0.00125,12.63
2026-09-03 00:10,ETH,ETH,2383.55,0.42,0.21,0.21,0.21,7265897,0.00125,12.92
2026-09-03 00:10,SOL,SOL,99.3065,0.101,0.05,0.05,0.05,228445,0.00125,12.6
2026-09-03 00:10,XRP,XRP,1.3430499999999999,0.745,0.372,0.372,0.372,2032554,0.00125,13.24
2026-09-03 00:10,AVAX,AVAX,7.1389,0.84,0.42,0.56,0.56,48080,0.000493,11.22
2026-09-03 00:10,LINK,LINK,11.0535,0.905,0.452,0.452,1.357,278367,0.00125,13.4
2026-09-03 00:10,LTC,LTC,49.586,1.21,0.605,0.807,1.008,50810,0.000718,12.22
2026-09-03 00:10,ADA,ADA,0.198065,0.505,1.262,1.262,1.767,158722,0.00125,15.02
2026-09-03 00:10,DOT,DOT,0.85731,3.033,1.516,1.633,1.75,20933,0.000619,13.77
2026-09-03 00:10,UNI,UNI,5.8248,0.343,0.172,0.343,0.343,23270,0.00125,12.84
2026-09-03 00:10,AAVE,AAVE,126.215,0.792,0.396,1.188,1.188,108908,0.00125,13.29
2026-09-03 00:10,ARB,ARB,0.123295,2.433,1.217,1.217,1.217,62184,0.00125,14.93
2026-09-03 00:10,POL,POL,0.0914635,2.077,1.039,1.148,1.148,10046,0.00125,14.58
2026-09-03 00:10,RENDER,RENDER,1.3982999999999999,5.721,2.861,4.291,5.006,14437,0.00125,18.22
2026-09-03 00:10,DOGE,DOGE,0.0810845,0.123,0.062,0.062,0.062,117301,0.00125,12.62
2026-09-03 00:10,SHIB,kSHIB,0.0051435000000000005,1.944,2.916,2.916,4.861,140384,0.00125,18.33
2026-09-03 00:10,PEPE,kPEPE,0.0033945,2.946,1.473,1.473,1.473,808643,0.00125,15.45
2026-09-03 00:10,WIF,WIF,0.195905,2.552,1.276,1.276,1.787,25267,0.00125,15.05
2026-09-03 00:10,BONK,kBONK,0.002894,6.911,3.455,3.455,3.455,179228,0.00125,19.41
2026-09-03 00:10,TRUMP,TRUMP,2.1694500000000003,0.461,0.23,0.23,0.23,79971,-0.004353,9.46
2026-09-03 00:15,BTC,BTC,77113.5,0.13,0.065,0.065,0.065,4597792,0.00125,12.63
2026-09-03 00:15,ETH,ETH,2383.95,0.419,0.21,0.21,0.21,7993491,0.00125,12.92
2026-09-03 00:15,SOL,SOL,99.3595,0.101,0.05,0.05,0.05,261193,0.00125,12.6
2026-09-03 00:15,XRP,XRP,1.3442500000000002,0.744,0.372,0.372,0.372,2296248,0.00125,13.24
2026-09-03 00:15,AVAX,AVAX,7.1498,1.399,0.699,0.699,1.259,65333,0.000508,11.82
2026-09-03 00:15,LINK,LINK,11.058499999999999,0.904,0.452,0.452,0.452,258253,0.00125,13.4
2026-09-03 00:15,LTC,LTC,49.620000000000005,0.806,0.403,0.605,0.806,49310,0.000515,11.25
2026-09-03 00:15,ADA,ADA,0.19804,1.01,0.505,0.505,0.505,204147,0.00125,13.51
2026-09-03 00:15,DOT,DOT,0.85761,1.866,0.933,1.049,1.049,27395,0.000323,11.77
2026-09-03 00:15,UNI,UNI,5.836650000000001,1.542,0.771,0.942,1.285,29441,0.00125,14.04
2026-09-03 00:15,AAVE,AAVE,126.53,1.581,0.79,0.79,0.79,100329,0.00125,14.08
2026-09-03 00:15,ARB,ARB,0.122765,2.444,1.222,1.222,1.222,83492,0.00125,14.94
2026-09-03 00:15,POL,POL,0.09181,1.961,0.98,2.723,2.723,11199,0.00125,14.46
2026-09-03 00:15,RENDER,RENDER,1.401,4.283,2.141,2.855,2.855,21926,0.00125,16.78
2026-09-03 00:15,DOGE,DOGE,0.081133,0.247,0.123,0.123,0.247,139298,0.00125,12.75
2026-09-03 00:15,SHIB,kSHIB,0.0051435000000000005,1.944,2.916,2.916,6.805,146886,0.00125,18.33
2026-09-03 00:15,PEPE,kPEPE,0.0033955,2.945,1.473,1.473,1.473,956648,0.00125,15.45
2026-09-03 00:15,WIF,WIF,0.195845,1.532,0.766,1.787,2.298,25755,0.00125,14.03
2026-09-03 00:15,BONK,kBONK,0.0028935000000000002,3.456,1.728,1.728,1.728,178529,0.00125,15.96
2026-09-03 00:15,TRUMP,TRUMP,2.16635,0.462,0.231,1.154,2.077,136296,-0.00364,9.46
2026-09-03 00:20,BTC,BTC,77043.5,0.13,0.065,0.065,0.065,4238173,0.00125,12.63
2026-09-03 00:20,ETH,ETH,2382.45,0.42,0.21,0.21,0.21,10177270,0.00125,12.92
2026-09-03 00:20,SOL,SOL,99.303,0.403,0.201,0.201,0.201,970585,0.00125,12.9
2026-09-03 00:20,XRP,XRP,1.34355,0.744,0.372,0.372,0.372,2194344,0.00125,13.24
2026-09-03 00:20,AVAX,AVAX,7.14485,0.14,0.07,0.07,0.07,89840,0.000513,10.58
2026-09-03 00:20,LINK,LINK,11.05,1.81,0.905,0.905,0.905,248878,0.00125,14.31
2026-09-03 00:20,LTC,LTC,49.543499999999995,0.202,0.101,0.303,0.303,63083,0.000324,10.11
2026-09-03 00:20,ADA,ADA,0.197715,0.506,0.253,0.253,0.253,154595,0.00125,13.01
2026-09-03 00:20,DOT,DOT,0.857055,0.117,0.058,0.058,0.058,21201,3e-06,9.12
2026-09-03 00:20,UNI,UNI,5.8342,1.371,0.686,0.857,0.857,32571,0.00125,13.87
2026-09-03 00:20,AAVE,AAVE,126.55000000000001,1.58,1.58,1.58,1.58,89597,0.00125,15.66
2026-09-03 00:20,ARB,ARB,0.122585,2.447,1.224,2.039,2.039,72585,0.00125,14.95
2026-09-03 00:20,POL,POL,0.09155150000000001,2.075,1.038,1.038,1.038,10967,0.00125,14.58
2026-09-03 00:20,RENDER,RENDER,1.39765,5.008,2.504,3.935,4.651,20860,0.00125,17.51
2026-09-03 00:20,DOGE,DOGE,0.0810415,0.123,0.062,0.062,0.062,152078,0.00125,12.62
2026-09-03 00:20,SHIB,kSHIB,0.005138,3.893,1.946,3.893,3.893,154463,0.00125,16.39
2026-09-03 00:20,PEPE,kPEPE,0.0033915,2.949,1.474,1.474,1.474,852764,0.00125,15.45
2026-09-03 00:20,WIF,WIF,0.195595,5.624,2.812,3.323,3.834,39137,0.00125,18.12
2026-09-03 00:20,BONK,kBONK,0.0028929999999999997,6.913,3.457,3.457,3.457,163824,0.00125,19.41
2026-09-03 00:20,TRUMP,TRUMP,2.17065,0.461,0.23,1.152,2.073,116018,-0.003088,9.46
2026-09-03 00:25,BTC,BTC,77018.5,0.13,0.065,0.065,0.065,2660394,0.00125,12.63
2026-09-03 00:25,ETH,ETH,2381.95,0.42,0.21,0.21,0.21,9832150,0.00125,12.92
2026-09-03 00:25,SOL,SOL,99.3005,0.101,0.05,0.05,0.05,480246,0.00125,12.6
2026-09-03 00:25,XRP,XRP,1.34295,0.745,0.372,0.372,0.372,2143745,0.00125,13.24
2026-09-03 00:25,AVAX,AVAX,7.1366499999999995,0.981,0.49,1.191,1.191,40371,0.000409,11.13
2026-09-03 00:25,LINK,LINK,11.0515,0.905,0.452,0.452,1.357,453466,0.00125,13.4
2026-09-03 00:25,LTC,LTC,49.5095,0.606,0.303,0.505,1.111,55819,0.000193,10.15
2026-09-03 00:25,ADA,ADA,0.19756,1.012,0.506,0.506,1.012,131344,0.00125,13.51
2026-09-03 00:25,DOT,DOT,0.856805,1.984,0.992,1.109,1.109,18844,-0.000572,10.98
2026-09-03 00:25,UNI,UNI,5.84255,0.856,0.428,0.428,0.599,28723,0.00125,13.36
2026-09-03 00:25,AAVE,AAVE,126.775,2.366,1.183,1.183,1.183,187174,0.00125,14.87
2026-09-03 00:25,ARB,ARB,0.12184,1.641,0.821,1.641,1.641,43668,0.00125,14.14
2026-09-03 00:25,POL,POL,0.091473,3.061,1.531,1.531,1.531,7899,0.00125,15.56
2026-09-03 00:25,RENDER,RENDER,1.39775,6.439,3.219,3.935,4.65,20515,0.00125,18.94
2026-09-03 00:25,DOGE,DOGE,0.080969,0.494,0.247,0.371,0.494,110751,0.00125,12.99
2026-09-03 00:25,SHIB,kSHIB,0.0051335,1.948,2.922,2.922,4.87,164934,0.00125,18.34
2026-09-03 00:25,PEPE,kPEPE,0.0033915,2.949,1.474,1.474,1.474,753887,0.00125,15.45
2026-09-03 00:25,WIF,WIF,0.195415,1.535,0.768,1.791,2.815,16793,0.00125,14.04
2026-09-03 00:25,BONK,kBONK,0.0028955,3.454,1.727,1.727,1.727,181698,0.00125,15.95
2026-09-03 00:25,TRUMP,TRUMP,2.1731999999999996,0.92,0.46,0.92,1.841,78922,-0.002559,9.92
2026-09-03 00:30,BTC,BTC,77000.5,0.13,0.065,0.065,0.065,1538148,0.00125,12.63
2026-09-03 00:30,ETH,ETH,2379.8500000000004,0.42,0.21,0.21,0.21,10293657,0.00125,12.92
2026-09-03 00:30,SOL,SOL,99.28450000000001,0.101,0.05,0.05,0.05,482498,0.00125,12.6
2026-09-03 00:30,XRP,XRP,1.3423500000000002,0.745,0.372,0.372,0.372,1659605,0.00125,13.24
2026-09-03 00:30,AVAX,AVAX,7.1393,1.401,0.7,0.84,0.84,37011,0.000252,11.11
2026-09-03 00:30,LINK,LINK,11.0455,0.905,0.453,0.453,0.453,435562,0.00125,13.41
2026-09-03 00:30,LTC,LTC,49.5295,1.009,0.505,0.505,1.11,56151,0.00025,10.71
2026-09-03 00:30,ADA,ADA,0.19771499999999997,1.517,0.759,1.264,1.264,142596,0.00125,14.02
2026-09-03 00:30,DOT,DOT,0.857035,1.75,0.875,1.225,1.925,50475,-0.001123,10.75
2026-09-03 00:30,UNI,UNI,5.84715,2.565,1.283,1.454,1.796,57113,0.00125,15.07
2026-09-03 00:30,AAVE,AAVE,126.69,1.579,0.789,0.789,1.579,131188,0.00125,14.08
2026-09-03 00:30,ARB,ARB,0.122735,2.444,2.037,2.037,2.852,133480,0.00125,16.57
2026-09-03 00:30,POL,POL,0.09196,5.437,2.719,3.371,4.023,5127,0.00125,17.94
2026-09-03 00:30,RENDER,RENDER,1.3982999999999999,7.152,3.576,5.006,7.152,15418,0.00125,19.65
2026-09-03 00:30,DOGE,DOGE,0.0809465,0.124,0.062,0.062,0.062,239884,0.00125,12.62
2026-09-03 00:30,SHIB,kSHIB,0.005135,3.895,1.947,3.895,3.895,153213,0.00125,16.39
2026-09-03 00:30,PEPE,kPEPE,0.0033925,2.948,1.474,1.474,1.474,857827,0.00125,15.45
2026-09-03 00:30,WIF,WIF,0.19562000000000002,2.045,1.022,1.022,4.601,15375,0.00125,14.54
2026-09-03 00:30,BONK,kBONK,0.002892,6.916,3.458,3.458,3.458,149929,0.00125,19.42
2026-09-03 00:30,TRUMP,TRUMP,2.1759000000000004,0.919,0.46,0.46,0.46,90489,-0.002317,9.92
2026-09-03 00:35,BTC,BTC,77054.5,0.13,0.065,0.065,0.065,4442312,0.00125,12.63
2026-09-03 00:35,ETH,ETH,2380.25,0.42,0.21,0.21,0.21,10718086,0.00125,12.92
2026-09-03 00:35,SOL,SOL,99.4865,0.101,0.05,0.05,0.05,1047191,0.00125,12.6
2026-09-03 00:35,XRP,XRP,1.3438500000000002,0.744,0.372,0.372,0.372,1899064,0.00125,13.24
2026-09-03 00:35,AVAX,AVAX,7.1427499999999995,0.7,0.35,0.49,0.49,24049,7e-06,9.72
2026-09-03 00:35,LINK,LINK,11.0515,0.905,0.452,0.452,0.452,305547,0.00125,13.4
2026-09-03 00:35,LTC,LTC,49.5675,0.605,0.303,0.303,0.706,46178,0.000334,10.54
2026-09-03 00:35,ADA,ADA,0.19784000000000002,2.022,1.011,1.011,1.011,114409,0.00125,14.52
2026-09-03 00:35,DOT,DOT,0.85758,1.166,0.583,0.7,0.7,21050,-0.001412,10.17
2026-09-03 00:35,UNI,UNI,5.86755,0.17,1.96,2.13,4.857,60878,0.00125,16.42
2026-09-03 00:35,AAVE,AAVE,126.655,2.369,1.184,1.184,1.974,134922,0.00125,14.87
2026-09-03 00:35,ARB,ARB,0.12258,1.632,0.816,0.816,0.816,54969,0.00125,14.13
2026-09-03 00:35,POL,POL,0.0921485,2.062,1.031,1.031,1.031,9707,0.00125,14.56
2026-09-03 00:35,RENDER,RENDER,1.39985,6.429,3.215,3.929,4.643,21686,0.00125,18.93
2026-09-03 00:35,DOGE,DOGE,0.0810575,0.123,0.062,0.062,0.062,151430,0.00125,12.62
2026-09-03 00:35,SHIB,kSHIB,0.0051424999999999995,1.945,0.972,2.917,4.861,165099,0.00125,14.44
2026-09-03 00:35,PEPE,kPEPE,0.0033945,2.946,1.473,1.473,1.473,791396,0.00125,15.45
2026-09-03 00:35,WIF,WIF,0.19578,2.043,1.022,2.043,2.554,18215,0.00125,14.54
2026-09-03 00:35,BONK,kBONK,0.0028964999999999998,3.452,1.726,1.726,1.726,185554,0.00125,15.95
2026-09-03 00:35,TRUMP,TRUMP,2.18285,1.374,0.687,0.687,0.687,61429,-0.002164,10.37
2026-09-03 00:40,BTC,BTC,77126.5,0.13,0.065,0.065,0.065,6718551,0.00125,12.63
2026-09-03 00:40,ETH,ETH,2383.45,0.42,0.21,0.21,0.21,5346152,0.00125,12.92
2026-09-03 00:40,SOL,SOL,99.6375,0.1,0.05,0.05,0.05,258233,0.00125,12.6
2026-09-03 00:40,XRP,XRP,1.34585,0.743,0.372,0.372,0.372,2241619,0.00125,13.24
2026-09-03 00:40,AVAX,AVAX,7.1505,0.28,0.14,0.28,0.28,40606,-0.000133,9.28
2026-09-03 00:40,LINK,LINK,11.0685,0.903,0.452,0.452,1.355,440119,0.00125,13.4
2026-09-03 00:40,LTC,LTC,49.593999999999994,0.807,0.403,0.403,0.807,63632,0.000348,10.78
2026-09-03 00:40,ADA,ADA,0.198495,0.504,0.252,0.252,0.252,161462,0.00125,13.0
2026-09-03 00:40,DOT,DOT,0.860115,0.116,0.058,1.221,1.802,49006,-0.001568,9.12
2026-09-03 00:40,UNI,UNI,5.8845,1.36,0.68,1.36,1.869,24112,0.00125,13.86
2026-09-03 00:40,AAVE,AAVE,127.075,2.361,1.18,1.18,1.967,118430,0.00125,14.86
2026-09-03 00:40,ARB,ARB,0.12335,1.621,3.243,3.243,3.243,112050,0.00125,18.99
2026-09-03 00:40,POL,POL,0.092245,2.168,1.084,1.192,1.192,12592,0.00125,14.67
2026-09-03 00:40,RENDER,RENDER,1.4028,4.277,2.139,3.564,4.277,16825,0.00125,16.78
2026-09-03 00:40,DOGE,DOGE,0.08118249999999999,2.094,1.047,1.047,1.047,125793,0.00125,14.59
2026-09-03 00:40,SHIB,kSHIB,0.005153,3.881,1.941,1.941,3.881,134599,0.00125,16.38
2026-09-03 00:40,PEPE,kPEPE,0.0034025,2.939,1.47,1.47,1.47,994280,0.00125,15.44
2026-09-03 00:40,WIF,WIF,0.196495,3.562,2.29,2.29,2.29,20761,0.00125,17.08
2026-09-03 00:40,BONK,kBONK,0.002903,6.889,3.445,3.445,3.445,154912,0.00125,19.39
2026-09-03 00:40,TRUMP,TRUMP,2.18445,0.458,0.229,2.06,2.976,68590,-0.001987,9.46
2026-09-03 00:45,BTC,BTC,77049.5,0.13,0.065,0.065,0.065,3021559,0.00125,12.63
2026-09-03 00:45,ETH,ETH,2381.25,0.42,0.21,0.21,0.21,7031057,0.00125,12.92
2026-09-03 00:45,SOL,SOL,99.6365,0.1,0.05,0.05,0.05,428809,0.00125,12.6
2026-09-03 00:45,XRP,XRP,1.34565,0.743,0.372,0.372,0.372,2124104,0.00125,13.24
2026-09-03 00:45,AVAX,AVAX,7.147550000000001,0.42,0.21,0.35,1.609,43128,-0.000237,9.42
2026-09-03 00:45,LINK,LINK,11.056000000000001,1.809,0.904,0.904,0.904,405052,0.00125,14.31
2026-09-03 00:45,LTC,LTC,49.579,0.807,0.403,1.412,1.614,99057,0.000425,11.0
2026-09-03 00:45,ADA,ADA,0.198545,0.504,0.252,0.252,0.755,128684,0.00125,13.0
2026-09-03 00:45,DOT,DOT,0.8606149999999999,2.208,1.104,1.104,1.22,78222,-0.001516,11.21
2026-09-03 00:45,UNI,UNI,5.84645,0.855,0.428,0.428,1.454,29112,0.00125,13.36
2026-09-03 00:45,AAVE,AAVE,126.81,1.577,0.789,2.366,2.366,182932,0.00125,14.08
2026-09-03 00:45,ARB,ARB,0.12311,1.625,0.812,1.625,1.625,37216,0.00125,14.12
2026-09-03 00:45,POL,POL,0.09184500000000001,1.524,0.762,0.871,0.871,12532,0.00125,14.02
2026-09-03 00:45,RENDER,RENDER,1.4027500000000002,6.416,3.208,3.921,5.347,14582,0.00125,18.92
2026-09-03 00:45,DOGE,DOGE,0.0810155,0.123,0.062,0.062,0.062,164668,0.00125,12.62
2026-09-03 00:45,SHIB,kSHIB,0.0051465,1.943,0.972,0.972,2.915,139287,0.00125,14.44
2026-09-03 00:45,PEPE,kPEPE,0.0033994999999999997,2.942,1.471,1.471,1.471,910719,0.00125,15.44
2026-09-03 00:45,WIF,WIF,0.196605,2.543,1.272,1.272,2.289,16792,0.00125,15.04
2026-09-03 00:45,BONK,kBONK,0.0028970000000000003,6.904,3.452,3.452,3.452,202897,0.00125,19.4
2026-09-03 00:45,TRUMP,TRUMP,2.18425,0.458,1.145,1.145,2.976,81074,-0.001828,11.29
2026-09-03 00:50,BTC,BTC,77042.5,0.13,0.065,0.065,0.065,3468354,0.00125,12.63
2026-09-03 00:50,ETH,ETH,2381.25,0.42,0.21,0.21,0.21,6843656,0.00125,12.92
2026-09-03 00:50,SOL,SOL,99.6795,0.1,0.05,0.05,0.05,198948,0.00125,12.6
2026-09-03 00:50,XRP,XRP,1.3474499999999998,0.742,0.371,0.371,0.371,2045119,0.00125,13.24
2026-09-03 00:50,AVAX,AVAX,7.154,0.559,0.28,0.419,0.419,49092,-0.000224,9.56
2026-09-03 00:50,LINK,LINK,11.061,1.808,0.904,0.904,0.904,293280,0.00125,14.31
2026-09-03 00:50,LTC,LTC,49.552499999999995,0.202,1.514,1.514,2.321,47564,0.000497,13.42
2026-09-03 00:50,ADA,ADA,0.19877,1.006,0.503,1.509,1.509,253089,0.00125,13.51
2026-09-03 00:50,DOT,DOT,0.862085,1.044,0.522,0.522,0.522,32384,-0.001377,10.04
2026-09-03 00:50,UNI,UNI,5.85545,1.537,0.769,0.769,0.939,22786,0.00125,14.04
2026-09-03 00:50,AAVE,AAVE,126.69999999999999,1.579,0.789,0.789,0.789,107198,0.00125,14.08
2026-09-03 00:50,ARB,ARB,0.123805,2.423,1.212,1.212,1.212,79977,0.00125,14.92
2026-09-03 00:50,POL,POL,0.0919785,3.153,1.576,2.99,4.403,7835,0.00125,15.65
2026-09-03 00:50,RENDER,RENDER,1.4028,5.703,2.851,3.564,4.277,15464,0.00125,18.2
2026-09-03 00:50,DOGE,DOGE,0.0810885,0.123,0.062,0.062,0.062,155892,0.00125,12.62
2026-09-03 00:50,SHIB,kSHIB,0.005147499999999999,1.943,2.914,2.914,4.857,125891,0.00125,18.33
2026-09-03 00:50,PEPE,kPEPE,0.0033975,2.943,1.472,4.415,4.415,942699,0.00125,15.44
2026-09-03 00:50,WIF,WIF,0.19660499999999997,1.526,0.763,1.272,1.272,23180,0.00125,14.03
2026-09-03 00:50,BONK,kBONK,0.002901,6.894,3.447,3.447,3.447,175912,0.00125,19.39
2026-09-03 00:50,TRUMP,TRUMP,2.1853,8.237,4.118,4.118,4.118,169728,-0.001609,17.24
2026-09-03 00:55,BTC,BTC,77012.5,0.13,0.065,0.065,0.065,5023096,0.00125,12.63
2026-09-03 00:55,ETH,ETH,2379.1499999999996,0.42,0.21,0.21,0.21,7515954,0.00125,12.92
2026-09-03 00:55,SOL,SOL,99.5875,0.1,0.552,0.552,0.552,301182,0.00125,13.6
2026-09-03 00:55,XRP,XRP,1.34575,0.743,1.858,1.858,1.858,1886624,0.00125,16.22
2026-09-03 00:55,AVAX,AVAX,7.14715,1.259,0.63,0.77,0.77,64158,-0.000287,10.26
2026-09-03 00:55,LINK,LINK,11.048,1.81,0.905,0.905,0.905,294332,0.00125,14.31
2026-09-03 00:55,LTC,LTC,49.557,0.807,0.404,0.404,0.404,69263,0.000506,11.22
2026-09-03 00:55,ADA,ADA,0.19833499999999998,1.513,0.756,0.756,0.756,143402,0.00125,14.01
2026-09-03 00:55,DOT,DOT,0.860595,1.046,0.523,0.639,0.639,21182,-0.00147,10.05
2026-09-03 00:55,UNI,UNI,5.84225,0.171,0.086,0.086,0.599,32857,0.00125,12.67
2026-09-03 00:55,AAVE,AAVE,126.67,1.579,0.789,0.789,0.789,102797,0.00125,14.08
2026-09-03 00:55,ARB,ARB,0.123745,0.808,1.212,1.212,2.828,78007,0.00125,14.92
2026-09-03 00:55,POL,POL,0.09197749999999999,2.066,1.033,1.903,2.664,7376,0.00125,14.57
2026-09-03 00:55,RENDER,RENDER,1.40285,3.564,1.782,2.495,4.633,20024,0.00125,16.06
2026-09-03 00:55,DOGE,DOGE,0.081039,0.494,0.247,0.247,0.247,225285,0.00125,12.99
2026-09-03 00:55,SHIB,kSHIB,0.005151,3.883,1.941,3.883,3.883,154422,0.00125,16.38
2026-09-03 00:55,PEPE,kPEPE,0.0033965,2.944,1.472,1.472,1.472,970056,0.00125,15.44
2026-09-03 00:55,WIF,WIF,0.196525,1.527,0.763,0.763,4.325,16041,0.00125,14.03
2026-09-03 00:55,BONK,kBONK,0.0028989999999999997,6.899,3.449,3.449,3.449,186983,0.00125,19.4
2026-09-03 00:55,TRUMP,TRUMP,2.1816500000000003,1.375,0.688,0.688,2.063,69023,-0.001538,10.38
2026-09-03 01:00,BTC,BTC,77009.5,0.13,0.065,0.065,0.065,3180292,0.00125,12.63
2026-09-03 01:00,ETH,ETH,2379.1499999999996,0.42,0.21,0.21,0.21,10129216,0.00125,12.92
2026-09-03 01:00,SOL,SOL,99.5155,0.1,0.05,0.05,0.05,1096903,0.00125,12.6
2026-09-03 01:00,XRP,XRP,1.3442500000000002,0.744,0.372,0.372,0.372,1458131,0.00125,13.24
2026-09-03 01:00,AVAX,AVAX,7.14485,0.14,0.07,0.07,0.07,82937,-0.001181,9.14
2026-09-03 01:00,LINK,LINK,11.0365,0.906,0.453,0.453,1.359,266893,0.00125,13.41
2026-09-03 01:00,LTC,LTC,49.5045,0.202,0.101,0.303,0.505,56500,0.00125,12.7
2026-09-03 01:00,ADA,ADA,0.198745,1.509,0.755,0.755,1.258,105936,0.00125,14.01
2026-09-03 01:00,DOT,DOT,0.860095,1.046,0.523,1.221,1.337,32199,-0.001666,10.05
2026-09-03 01:00,UNI,UNI,5.8496,2.735,1.368,1.368,1.368,21519,0.00125,15.24
2026-09-03 01:00,AAVE,AAVE,126.595,0.79,0.395,0.395,0.395,108438,0.00125,13.29
2026-09-03 01:00,ARB,ARB,0.123335,0.811,0.405,0.405,0.405,67669,0.00125,13.31
2026-09-03 01:00,POL,POL,0.0921295,1.411,0.706,0.923,2.008,10803,0.00125,13.91
2026-09-03 01:00,RENDER,RENDER,1.40075,4.997,2.499,3.213,4.64,15013,0.00125,17.5
2026-09-03 01:00,DOGE,DOGE,0.0809945,0.123,0.062,0.062,0.062,185231,0.00125,12.62
2026-09-03 01:00,SHIB,kSHIB,0.0051465,1.943,2.915,2.915,2.915,156423,0.00125,18.33
2026-09-03 01:00,PEPE,kPEPE,0.0033965,2.944,1.472,1.472,4.416,800831,0.00125,15.44
2026-09-03 01:00,WIF,WIF,0.196025,2.551,1.275,1.275,3.316,24511,0.00125,15.05
2026-09-03 01:00,BONK,kBONK,0.002898,6.901,3.451,3.451,3.451,190598,0.00125,19.4
2026-09-03 01:00,TRUMP,TRUMP,2.1786,1.836,0.918,1.377,1.836,47310,0.000259,11.56
2026-09-03 01:05,BTC,BTC,77124.5,0.13,0.065,0.065,0.065,6130160,0.00125,12.63
2026-09-03 01:05,ETH,ETH,2383.45,0.42,0.21,0.21,0.21,10565492,0.00125,12.92
2026-09-03 01:05,SOL,SOL,99.6505,0.1,0.251,0.251,0.251,547008,0.00125,13.0
2026-09-03 01:05,XRP,XRP,1.34735,0.742,0.371,0.371,0.371,2012733,0.00125,13.24
2026-09-03 01:05,AVAX,AVAX,7.15545,1.258,0.629,0.629,0.629,45241,-0.000332,10.26
2026-09-03 01:05,LINK,LINK,11.0595,0.904,0.452,0.452,0.452,454849,0.00125,13.4
2026-09-03 01:05,LTC,LTC,49.563500000000005,0.202,0.101,0.101,0.303,67934,0.00125,12.7
2026-09-03 01:05,ADA,ADA,0.19909500000000002,1.507,0.753,0.753,0.753,145030,0.00125,14.01
2026-09-03 01:05,DOT,DOT,0.863025,1.97,0.985,1.101,1.101,23657,-0.000957,10.97
2026-09-03 01:05,UNI,UNI,5.8584,1.366,0.683,0.853,0.853,30752,0.00125,13.87
2026-09-03 01:05,AAVE,AAVE,126.875,0.788,0.394,0.394,0.394,104634,0.00125,13.29
2026-09-03 01:05,ARB,ARB,0.123885,0.807,0.404,1.211,1.211,46549,0.00125,13.31
2026-09-03 01:05,POL,POL,0.0920695,2.281,1.14,2.335,3.747,9404,0.00125,14.78
2026-09-03 01:05,RENDER,RENDER,1.4028,5.703,2.851,3.564,5.703,15357,0.00125,18.2
2026-09-03 01:05,DOGE,DOGE,0.0812235,0.123,0.062,0.062,0.062,152807,0.00125,12.62
2026-09-03 01:05,SHIB,kSHIB,0.005155,3.88,1.94,1.94,3.88,176794,0.00125,16.38
2026-09-03 01:05,PEPE,kPEPE,0.0034065,2.936,1.468,1.468,1.468,793889,0.00125,15.44
2026-09-03 01:05,WIF,WIF,0.197105,2.537,1.268,1.776,4.312,17836,0.001419,15.51
2026-09-03 01:05,BONK,kBONK,0.002909,6.875,3.438,3.438,3.438,193273,0.00125,19.38
2026-09-03 01:05,TRUMP,TRUMP,2.1887999999999996,0.914,0.457,0.457,0.457,54001,-0.00021,9.91
2026-09-03 01:10,BTC,BTC,77182.5,0.13,0.065,0.065,0.065,1905726,0.00125,12.63
2026-09-03 01:10,ETH,ETH,2385.6499999999996,0.419,0.21,0.21,0.21,7161347,0.00125,12.92
2026-09-03 01:10,SOL,SOL,99.8995,0.1,0.05,0.05,0.05,411748,0.00125,12.6
2026-09-03 01:10,XRP,XRP,1.3503500000000002,0.741,0.37,0.37,0.37,2106627,0.00125,13.24
2026-09-03 01:10,AVAX,AVAX,7.171950000000001,0.418,0.209,0.349,1.603,64250,-0.0,9.42
2026-09-03 01:10,LINK,LINK,11.0855,0.902,0.451,0.451,0.451,454626,0.00125,13.4
2026-09-03 01:10,LTC,LTC,49.6055,0.202,0.101,0.706,1.512,72366,0.00125,12.7
2026-09-03 01:10,ADA,ADA,0.199775,0.501,0.25,0.25,1.251,167839,0.00125,13.0
2026-09-03 01:10,DOT,DOT,0.866185,2.194,1.097,1.212,1.212,23187,-7.8e-05,11.19
2026-09-03 01:10,UNI,UNI,5.872,1.703,0.851,0.851,1.022,24255,0.00125,14.2
2026-09-03 01:10,AAVE,AAVE,127.005,0.787,0.394,0.394,0.394,122764,0.00125,13.29
2026-09-03 01:10,ARB,ARB,0.12503999999999998,3.199,1.599,2.399,2.399,63512,0.00125,15.7
2026-09-03 01:10,POL,POL,0.092082,2.824,1.412,1.52,1.52,11581,0.00125,15.32
2026-09-03 01:10,RENDER,RENDER,1.40565,3.557,1.779,3.201,3.913,14639,0.00125,16.06
2026-09-03 01:10,DOGE,DOGE,0.0814105,0.123,0.061,0.061,0.061,220569,0.00125,12.62
2026-09-03 01:10,SHIB,kSHIB,0.005166499999999999,1.936,0.968,0.968,0.968,139701,0.00125,14.44
2026-09-03 01:10,PEPE,kPEPE,0.0034145,2.929,1.464,1.464,1.464,903981,0.00125,15.43
2026-09-03 01:10,WIF,WIF,0.198045,2.525,1.262,2.777,3.787,15557,0.001435,15.54
2026-09-03 01:10,BONK,kBONK,0.0029195000000000002,3.425,1.713,1.713,5.138,177929,0.00125,15.93
2026-09-03 01:10,TRUMP,TRUMP,2.1929499999999997,0.456,0.228,0.684,1.14,79838,-0.000956,9.46
2026-09-03 01:15,BTC,BTC,77161.5,0.13,0.065,0.065,0.065,3830026,0.00125,12.63
2026-09-03 01:15,ETH,ETH,2384.6499999999996,0.419,0.21,0.21,0.21,7175589,0.00125,12.92
2026-09-03 01:15,SOL,SOL,99.7985,0.1,0.05,0.05,0.05,303084,0.00125,12.6
2026-09-03 01:15,XRP,XRP,1.34715,0.742,0.371,0.371,0.371,1742206,0.00125,13.24
2026-09-03 01:15,AVAX,AVAX,7.16115,0.698,0.349,0.768,1.466,41171,0.000318,10.59
2026-09-03 01:15,LINK,LINK,11.074,1.806,0.903,2.709,2.709,241558,0.00125,14.31
2026-09-03 01:15,LTC,LTC,49.575,0.807,0.403,0.605,0.807,63121,0.00125,13.31
2026-09-03 01:15,ADA,ADA,0.199425,0.501,1.755,1.755,1.755,173027,0.00125,16.01
2026-09-03 01:15,DOT,DOT,0.86473,2.313,1.156,1.272,1.272,32915,0.000182,11.82
2026-09-03 01:15,UNI,UNI,5.8598,0.341,0.853,1.024,1.707,24812,0.00125,14.21
2026-09-03 01:15,AAVE,AAVE,126.695,2.368,1.184,1.973,2.763,128575,0.00125,14.87
2026-09-03 01:15,ARB,ARB,0.1245,3.213,1.606,1.606,1.606,45167,0.00125,15.71
2026-09-03 01:15,POL,POL,0.0920125,2.934,1.467,1.576,1.576,11471,0.00125,15.43
2026-09-03 01:15,RENDER,RENDER,1.40595,7.824,3.912,4.623,5.334,12268,0.00125,20.32
2026-09-03 01:15,DOGE,DOGE,0.081314,0.492,0.246,0.246,0.369,124062,0.00125,12.99
2026-09-03 01:15,SHIB,kSHIB,0.0051655,1.936,2.904,2.904,4.84,172761,0.00125,18.31
2026-09-03 01:15,PEPE,kPEPE,0.0034105,2.932,1.466,1.466,1.466,723420,0.00125,15.43
2026-09-03 01:15,WIF,WIF,0.19822499999999998,1.513,1.766,2.27,2.775,14228,0.001444,16.57
2026-09-03 01:15,BONK,kBONK,0.002914,6.863,3.432,3.432,3.432,185929,0.00125,19.36
2026-09-03 01:15,TRUMP,TRUMP,2.1925499999999998,0.456,0.228,0.228,1.14,47387,-0.00078,9.46
2026-09-03 01:20,BTC,BTC,77123.5,0.13,0.065,0.065,0.065,4720528,0.00125,12.63
2026-09-03 01:20,ETH,ETH,2383.8500000000004,0.419,0.21,0.21,0.21,7877970,0.00125,12.92
2026-09-03 01:20,SOL,SOL,99.7775,0.1,0.05,0.05,0.05,350879,0.00125,12.6
2026-09-03 01:20,XRP,XRP,1.34605,0.743,0.371,0.371,0.371,1995167,0.00125,13.24
2026-09-03 01:20,AVAX,AVAX,7.160299999999999,0.279,0.698,0.698,1.257,68499,0.000378,11.45
2026-09-03 01:20,LINK,LINK,11.0765,0.903,0.451,1.354,1.354,290441,0.00125,13.4
2026-09-03 01:20,LTC,LTC,49.5775,0.605,0.303,0.303,0.908,65681,0.00125,13.11
2026-09-03 01:20,ADA,ADA,0.19986500000000001,0.5,0.25,1.751,1.751,164752,0.00125,13.0
2026-09-03 01:20,DOT,DOT,0.864835,1.734,0.867,0.867,0.983,31597,0.000303,11.58
2026-09-03 01:20,UNI,UNI,5.8824000000000005,0.34,0.17,0.17,0.17,26890,0.00125,12.84
2026-09-03 01:20,AAVE,AAVE,126.80000000000001,1.577,0.789,1.577,1.577,112256,0.00125,14.08
2026-09-03 01:20,ARB,ARB,0.124775,2.404,1.202,1.202,1.202,83297,0.00125,14.9
2026-09-03 01:20,POL,POL,0.0920955,2.28,1.14,1.249,3.529,12707,0.00125,14.78
2026-09-03 01:20,RENDER,RENDER,1.4067,4.265,2.133,3.554,4.265,15125,0.00125,16.77
2026-09-03 01:20,DOGE,DOGE,0.081317,0.492,0.246,0.246,0.369,151896,0.00125,12.99
2026-09-03 01:20,SHIB,kSHIB,0.0051684999999999995,1.935,2.902,2.902,4.837,138455,0.00125,18.3
2026-09-03 01:20,PEPE,kPEPE,0.0034195,2.924,1.462,1.462,1.462,833222,0.00125,15.42
2026-09-03 01:20,WIF,WIF,0.19838,2.016,1.008,2.52,3.529,14461,0.001273,14.58
2026-09-03 01:20,BONK,kBONK,0.0029135,3.432,1.716,5.148,5.148,134468,0.00125,15.93
2026-09-03 01:20,TRUMP,TRUMP,2.19085,1.369,0.685,0.685,1.598,75697,-0.000907,10.37
2026-09-03 01:25,BTC,BTC,77132.5,0.13,0.065,0.065,0.065,4871231,0.00125,12.63
2026-09-03 01:25,ETH,ETH,2383.25,0.42,0.21,0.21,0.21,7904653,0.00125,12.92
2026-09-03 01:25,SOL,SOL,99.8245,0.1,0.551,0.551,0.551,354561,0.00125,13.6
2026-09-03 01:25,XRP,XRP,1.3461500000000002,0.743,0.371,0.371,0.371,2229843,0.00125,13.24
2026-09-03 01:25,AVAX,AVAX,7.15835,0.698,0.349,0.629,0.908,50670,0.000427,10.89
2026-09-03 01:25,LINK,LINK,11.0765,0.903,0.451,0.451,1.354,453798,0.00125,13.4
2026-09-03 01:25,LTC,LTC,49.576499999999996,0.202,0.101,1.311,2.32,44415,0.00125,12.7
2026-09-03 01:25,ADA,ADA,0.200085,0.5,0.25,2.249,2.249,134231,0.00125,13.0
2026-09-03 01:25,DOT,DOT,0.8652949999999999,1.734,0.867,1.445,1.676,26514,0.000287,11.54
2026-09-03 01:25,UNI,UNI,5.85275,1.538,0.769,0.769,0.94,30500,0.00125,14.04
2026-09-03 01:25,AAVE,AAVE,126.75,1.578,0.789,1.578,1.578,163284,0.00125,14.08
2026-09-03 01:25,ARB,ARB,0.12446499999999999,2.41,1.205,1.205,1.205,83520,0.00125,14.91
2026-09-03 01:25,POL,POL,0.0921295,3.799,1.9,1.9,1.9,10069,0.00125,16.3
2026-09-03 01:25,RENDER,RENDER,1.4065500000000002,3.555,1.777,3.199,3.91,15639,0.00125,16.05
2026-09-03 01:25,DOGE,DOGE,0.0812655,0.123,0.062,0.062,0.062,144112,0.00125,12.62
2026-09-03 01:25,SHIB,kSHIB,0.005167,3.871,3.871,3.871,3.871,157175,0.00125,20.24
2026-09-03 01:25,PEPE,kPEPE,0.0034215,2.923,1.461,1.461,1.461,916018,0.00125,15.42
2026-09-03 01:25,WIF,WIF,0.19809,2.019,1.01,2.524,3.029,21933,0.00125,14.52
2026-09-03 01:25,BONK,kBONK,0.002907,6.88,3.44,3.44,3.44,198261,0.00125,19.38
2026-09-03 01:25,TRUMP,TRUMP,2.19225,1.368,0.684,1.14,1.597,86175,-0.000626,10.37
2026-09-03 01:30,BTC,BTC,77182.5,0.13,0.065,0.065,0.065,4848324,0.00125,12.63
2026-09-03 01:30,ETH,ETH,2386.05,0.419,0.21,0.21,0.21,12009200,0.00125,12.92
2026-09-03 01:30,SOL,SOL,99.99549999999999,0.1,0.05,0.05,0.05,5420313,0.00125,12.6
2026-09-03 01:30,XRP,XRP,1.3470499999999999,0.742,0.371,0.371,0.371,2045656,0.00125,13.24
2026-09-03 01:30,AVAX,AVAX,7.1674500000000005,0.698,0.628,0.628,0.628,45084,0.000535,11.75
2026-09-03 01:30,LINK,LINK,11.088999999999999,1.804,0.902,0.902,0.902,561621,0.00125,14.3
2026-09-03 01:30,LTC,LTC,49.6055,0.202,0.101,0.302,0.504,56082,0.00125,12.7
2026-09-03 01:30,ADA,ADA,0.20094499999999998,0.498,0.249,0.249,0.249,156384,0.00125,13.0
2026-09-03 01:30,DOT,DOT,0.8662449999999999,2.193,1.097,1.212,1.328,31114,0.00034,12.15
2026-09-03 01:30,UNI,UNI,5.85135,0.513,0.256,0.427,1.453,23340,0.00125,13.01
2026-09-03 01:30,AAVE,AAVE,127.00999999999999,1.575,0.787,0.787,0.787,137128,0.00125,14.07
2026-09-03 01:30,ARB,ARB,0.124515,2.409,2.008,2.008,2.811,41646,0.00125,16.52
2026-09-03 01:30,POL,POL,0.09211649999999999,2.28,1.14,2.66,3.528,9663,0.00125,14.78
2026-09-03 01:30,RENDER,RENDER,1.4060000000000001,5.69,2.845,3.556,4.979,19918,0.00125,18.19
2026-09-03 01:30,DOGE,DOGE,0.0813915,0.123,0.061,0.676,0.676,136094,0.00125,12.62
2026-09-03 01:30,SHIB,kSHIB,0.0051655,1.936,2.904,4.84,4.84,164172,0.00125,18.31
2026-09-03 01:30,PEPE,kPEPE,0.0034215,2.923,1.461,1.461,1.461,790421,0.00125,15.42
2026-09-03 01:30,WIF,WIF,0.198445,2.52,1.26,2.772,3.779,15655,0.00125,15.02
2026-09-03 01:30,BONK,kBONK,0.002907,6.88,3.44,3.44,3.44,175964,0.00125,19.38
2026-09-03 01:30,TRUMP,TRUMP,2.1961500000000003,0.455,0.228,0.228,0.228,105348,-0.000428,9.46
2026-09-03 01:35,BTC,BTC,77112.5,0.13,0.065,0.065,0.065,3403969,0.00125,12.63
2026-09-03 01:35,ETH,ETH,2383.3500000000004,0.42,0.21,0.21,0.21,9754123,0.00125,12.92
2026-09-03 01:35,SOL,SOL,99.8815,0.1,0.05,0.05,0.05,807832,0.00125,12.6
2026-09-03 01:35,XRP,XRP,1.3468499999999999,0.742,0.371,0.371,0.371,2075062,0.00125,13.24
2026-09-03 01:35,AVAX,AVAX,7.15795,0.699,0.349,0.489,0.489,63411,0.000523,11.16
2026-09-03 01:35,LINK,LINK,11.0705,0.903,0.452,0.452,0.452,242738,0.00125,13.4
2026-09-03 01:35,LTC,LTC,49.5715,0.605,0.303,0.706,0.706,59718,0.00125,13.11
2026-09-03 01:35,ADA,ADA,0.1996,1.002,0.501,1.002,1.002,128410,0.00125,13.5
2026-09-03 01:35,DOT,DOT,0.864515,1.504,0.752,1.215,1.215,31261,0.000234,11.16
2026-09-03 01:35,UNI,UNI,5.8176,1.375,0.688,0.688,0.688,29181,0.00125,13.88
2026-09-03 01:35,AAVE,AAVE,126.725,0.789,0.395,0.395,0.395,120148,0.00125,13.29
2026-09-03 01:35,ARB,ARB,0.12329499999999999,5.677,2.839,3.65,3.65,57062,0.00125,18.18
2026-09-03 01:35,POL,POL,0.0920015,0.109,3.859,4.402,4.511,8667,0.00125,20.22
2026-09-03 01:35,RENDER,RENDER,1.404,5.698,2.849,3.561,4.274,21568,0.00125,18.2
2026-09-03 01:35,DOGE,DOGE,0.0813205,0.123,0.061,0.061,0.061,221892,0.00125,12.62
2026-09-03 01:35,SHIB,kSHIB,0.005157500000000001,1.939,0.969,4.847,4.847,153690,0.00125,14.44
2026-09-03 01:35,PEPE,kPEPE,0.0034145,2.929,1.464,1.464,4.393,817648,0.00125,15.43
2026-09-03 01:35,WIF,WIF,0.198175,2.523,1.262,2.775,4.289,16134,0.00125,15.02
2026-09-03 01:35,BONK,kBONK,0.0029040000000000003,6.887,3.444,3.444,3.444,187671,0.00125,19.39
2026-09-03 01:35,TRUMP,TRUMP,2.19345,1.368,0.684,0.684,0.684,53515,-0.000531,10.37
2026-09-03 01:40,BTC,BTC,77110.5,0.13,0.065,0.065,0.065,4958598,0.00125,12.63
2026-09-03 01:40,ETH,ETH,2383.1499999999996,0.42,0.21,0.21,0.21,7418339,0.00125,12.92
2026-09-03 01:40,SOL,SOL,99.9195,0.1,0.05,0.05,0.05,405197,0.00125,12.6
2026-09-03 01:40,XRP,XRP,1.34715,0.742,0.371,0.371,0.371,2064206,0.00125,13.24
2026-09-03 01:40,AVAX,AVAX,7.1610499999999995,0.419,0.209,0.209,0.209,53983,0.000425,10.61
2026-09-03 01:40,LINK,LINK,11.071,1.807,0.903,0.903,0.903,304899,0.00125,14.31
2026-09-03 01:40,LTC,LTC,49.5475,1.009,0.505,0.706,0.706,54445,0.00125,13.51
2026-09-03 01:40,ADA,ADA,0.199505,1.504,0.752,0.752,1.253,136077,0.00125,14.0
2026-09-03 01:40,DOT,DOT,0.8636699999999999,1.389,0.695,0.695,0.695,16055,0.000129,10.75
2026-09-03 01:40,UNI,UNI,5.81115,0.172,0.086,0.258,0.258,33739,0.00125,12.67
2026-09-03 01:40,AAVE,AAVE,126.685,0.789,0.395,0.395,0.395,134059,0.00125,13.29
2026-09-03 01:40,ARB,ARB,0.12284,3.256,1.628,1.628,1.628,63176,0.00125,15.76
2026-09-03 01:40,POL,POL,0.09216099999999999,2.821,1.411,2.496,4.666,5561,0.00125,15.32
2026-09-03 01:40,RENDER,RENDER,1.4047,4.271,2.136,3.559,4.271,30661,0.00125,16.77
2026-09-03 01:40,DOGE,DOGE,0.0813435,0.123,0.061,0.061,0.061,184800,0.00125,12.62
2026-09-03 01:40,SHIB,kSHIB,0.005154499999999999,1.94,2.91,2.91,4.85,162337,0.00125,18.32
2026-09-03 01:40,PEPE,kPEPE,0.0034155,2.928,1.464,1.464,1.464,950088,0.00125,15.43
2026-09-03 01:40,WIF,WIF,0.19832,2.017,1.008,1.008,3.53,24008,0.00125,14.52
2026-09-03 01:40,BONK,kBONK,0.0028985,3.45,1.725,1.725,1.725,167837,0.00125,15.95
2026-09-03 01:40,TRUMP,TRUMP,2.1925499999999998,1.368,0.684,0.684,0.684,77285,-0.000874,10.37
2026-09-03 01:45,BTC,BTC,77148.5,0.13,0.065,0.065,0.065,6126061,0.00125,12.63
2026-09-03 01:45,ETH,ETH,2384.75,0.419,0.21,0.21,0.21,6998218,0.00125,12.92
2026-09-03 01:45,SOL,SOL,99.97149999999999,0.1,0.05,0.05,0.05,494630,0.00125,12.6
2026-09-03 01:45,XRP,XRP,1.3474499999999998,0.742,0.371,0.371,0.371,2012288,0.00125,13.24
2026-09-03 01:45,AVAX,AVAX,7.1664,1.116,0.558,1.535,1.535,46871,0.000365,11.14
2026-09-03 01:45,LINK,LINK,11.0795,0.903,0.451,0.451,1.354,286238,0.00125,13.4
2026-09-03 01:45,LTC,LTC,49.536,0.404,0.202,0.404,0.404,53492,0.00125,12.9
2026-09-03 01:45,ADA,ADA,0.199955,0.5,0.25,0.25,0.75,106840,0.00125,13.0
2026-09-03 01:45,DOT,DOT,0.865675,1.502,0.751,0.866,1.097,24226,5.4e-05,10.65
2026-09-03 01:45,UNI,UNI,5.8149999999999995,1.032,0.516,0.516,0.516,30564,0.00125,13.53
2026-09-03 01:45,AAVE,AAVE,126.745,0.789,0.394,1.183,1.972,155345,0.00125,13.29
2026-09-03 01:45,ARB,ARB,0.12342,3.241,1.62,1.62,1.62,46488,0.00125,15.74
2026-09-03 01:45,POL,POL,0.09228800000000001,1.95,0.975,1.95,2.059,9171,0.00125,14.45
2026-09-03 01:45,RENDER,RENDER,1.40455,6.408,3.204,3.916,4.628,20801,0.00125,18.91
2026-09-03 01:45,DOGE,DOGE,0.081377,0.737,0.369,0.369,0.369,174866,0.00125,13.24
2026-09-03 01:45,SHIB,kSHIB,0.0051565,1.939,2.909,2.909,4.848,161461,0.00125,18.32
2026-09-03 01:45,PEPE,kPEPE,0.0034155,2.928,1.464,4.392,4.392,847237,0.00125,15.43
2026-09-03 01:45,WIF,WIF,0.19855,1.007,0.504,1.511,3.526,24545,0.00125,13.51
2026-09-03 01:45,BONK,kBONK,0.002903,6.889,3.445,3.445,3.445,181920,0.00125,19.39
2026-09-03 01:45,TRUMP,TRUMP,2.1961500000000003,0.455,1.594,2.049,2.504,48553,-0.00123,12.19
2026-09-03 01:50,BTC,BTC,77238.5,0.129,0.065,0.065,0.065,3449429,0.00125,12.63
2026-09-03 01:50,ETH,ETH,2388.75,0.419,0.209,0.209,0.209,7870545,0.00125,12.92
2026-09-03 01:50,SOL,SOL,100.255,0.997,0.499,0.499,0.499,4937906,0.00125,13.5
2026-09-03 01:50,XRP,XRP,1.34965,0.741,0.37,0.37,0.37,1593310,0.00125,13.24
2026-09-03 01:50,AVAX,AVAX,7.1808499999999995,0.975,0.487,0.627,1.184,49479,0.000392,11.07
2026-09-03 01:50,LINK,LINK,11.1005,0.901,0.45,1.351,1.351,530898,0.00125,13.4
2026-09-03 01:50,LTC,LTC,49.592,0.403,0.202,0.403,1.21,67748,0.00125,12.9
2026-09-03 01:50,ADA,ADA,0.200705,0.498,0.249,0.249,1.246,150950,0.00125,13.0
2026-09-03 01:50,DOT,DOT,0.8670249999999999,1.73,0.865,0.865,0.865,29556,8.7e-05,10.97
2026-09-03 01:50,UNI,UNI,5.8464,1.026,0.513,0.513,0.513,48217,0.00125,13.53
2026-09-03 01:50,AAVE,AAVE,126.995,2.362,1.181,1.181,1.181,143694,0.00125,14.86
2026-09-03 01:50,ARB,ARB,0.12365999999999999,1.617,0.809,0.809,0.809,111062,0.00125,14.12
2026-09-03 01:50,POL,POL,0.092584,2.376,1.188,1.188,1.944,11429,0.00125,14.88
2026-09-03 01:50,RENDER,RENDER,1.4090500000000001,4.968,2.484,3.194,3.194,29144,0.00125,17.47
2026-09-03 01:50,DOGE,DOGE,0.081508,0.491,0.245,0.368,0.368,151556,0.00125,12.99
2026-09-03 01:50,SHIB,kSHIB,0.005164500000000001,1.936,0.968,2.904,4.841,142553,0.00125,14.44
2026-09-03 01:50,PEPE,kPEPE,0.0034245,2.92,1.46,4.38,4.38,853496,0.00125,15.42
2026-09-03 01:50,WIF,WIF,0.199115,0.502,0.251,1.758,4.771,16567,0.00125,13.0
2026-09-03 01:50,BONK,kBONK,0.0029059999999999997,6.882,3.441,3.441,3.441,178112,0.00125,19.38
2026-09-03 01:50,TRUMP,TRUMP,2.2127499999999998,0.452,3.389,4.293,4.293,84080,-0.001373,15.78
2026-09-03 01:55,BTC,BTC,77280.5,0.129,0.065,0.065,0.065,4861733,0.00125,12.63
2026-09-03 01:55,ETH,ETH,2390.6499999999996,0.418,0.209,0.209,0.209,6953150,0.00125,12.92
2026-09-03 01:55,SOL,SOL,100.405,0.996,0.498,0.498,0.498,4953049,0.00125,13.5
2026-09-03 01:55,XRP,XRP,1.3499500000000002,0.741,0.37,0.37,0.37,1654845,0.00125,13.24
2026-09-03 01:55,AVAX,AVAX,7.1874,0.278,0.696,0.696,0.974,46470,0.000385,11.47
2026-09-03 01:55,LINK,LINK,11.1085,0.9,0.45,0.45,0.45,546234,0.00125,13.4
2026-09-03 01:55,LTC,LTC,49.6255,0.605,0.302,1.108,1.713,64238,0.00125,13.1
2026-09-03 01:55,ADA,ADA,0.200725,1.495,0.747,0.747,0.747,178426,0.00125,13.99
2026-09-03 01:55,DOT,DOT,0.866335,1.501,0.866,0.866,0.981,26423,0.000122,11.07
2026-09-03 01:55,UNI,UNI,5.8471,1.368,0.684,0.684,0.684,47851,0.00125,13.87
2026-09-03 01:55,AAVE,AAVE,127.05000000000001,1.574,0.787,0.787,0.787,117219,0.00125,14.07
2026-09-03 01:55,ARB,ARB,0.12384500000000001,0.807,2.019,2.019,2.019,47598,0.00125,16.54
2026-09-03 01:55,POL,POL,0.092535,3.242,1.621,1.729,2.918,13238,0.00125,15.74
2026-09-03 01:55,RENDER,RENDER,1.4097,4.256,2.128,4.256,5.675,13948,0.00125,16.76
2026-09-03 01:55,DOGE,DOGE,0.0816425,0.122,0.061,0.061,0.061,141318,0.00125,12.62
2026-09-03 01:55,SHIB,kSHIB,0.0051745,1.933,0.966,2.899,4.831,137849,0.00125,14.43
2026-09-03 01:55,PEPE,kPEPE,0.0034295000000000003,2.916,1.458,1.458,1.458,893738,0.00125,15.42
2026-09-03 01:55,WIF,WIF,0.19899,2.01,1.005,2.513,4.02,20522,0.00125,14.51
2026-09-03 01:55,BONK,kBONK,0.002908,6.878,3.439,3.439,6.878,180574,0.00125,19.38
2026-09-03 01:55,TRUMP,TRUMP,2.21785,1.353,0.676,0.676,1.127,89518,-0.001305,10.35
