time,variant,equity,return_pct,trades,positions,wins,win_rate
2026-06-17 23:20,A_baseline,5027.66,0.55,32,4,19,59
2026-06-17 23:20,B_nospikes,5017.62,0.35,28,3,17,61
2026-06-17 23:20,C_conservative,5018.17,0.36,23,3,14,61
2026-06-17 23:20,D_contrarian,5000.0,0.0,0,0,0,0
2026-06-17 23:30,A_baseline,5027.56,0.55,32,4,19,59
2026-06-17 23:30,B_nospikes,5017.62,0.35,28,3,17,61
2026-06-17 23:30,C_conservative,5018.07,0.36,23,3,14,61
2026-06-17 23:30,D_contrarian,5000.0,0.0,0,0,0,0
2026-06-18 00:00,A_baseline,5027.4,0.55,32,4,19,59
2026-06-18 00:00,B_nospikes,5017.62,0.35,28,3,17,61
2026-06-18 00:00,C_conservative,5017.91,0.36,23,3,14,61
2026-06-18 00:00,D_contrarian,5000.0,0.0,0,0,0,0
2026-06-18 00:30,A_baseline,5028.52,0.57,32,5,19,59
2026-06-18 00:30,B_nospikes,5017.21,0.34,28,3,17,61
2026-06-18 00:30,C_conservative,5018.08,0.36,23,3,14,61
2026-06-18 00:30,D_contrarian,5000.0,0.0,0,0,0,0
2026-06-18 01:00,A_baseline,5029.97,0.6,32,5,19,59
2026-06-18 01:00,B_nospikes,5017.7,0.35,28,3,17,61
2026-06-18 01:00,C_conservative,5018.69,0.37,23,3,14,61
2026-06-18 01:00,D_contrarian,5000.0,0.0,0,0,0,0
2026-06-18 01:00,E_moonshot,4999.53,-0.01,0,1,0,0
2026-06-18 01:30,A_baseline,5030.24,0.6,32,5,19,59
2026-06-18 01:30,B_nospikes,5017.7,0.35,28,3,17,61
2026-06-18 01:30,C_conservative,5019.07,0.38,23,3,14,61
2026-06-18 01:30,D_contrarian,5000.0,0.0,0,0,0,0
2026-06-18 01:30,E_moonshot,4999.53,-0.01,0,1,0,0
2026-06-18 02:00,A_baseline,5031.0,0.62,32,5,19,59
2026-06-18 02:00,B_nospikes,5018.24,0.36,28,3,17,61
2026-06-18 02:00,C_conservative,5019.23,0.38,23,3,14,61
2026-06-18 02:00,D_contrarian,5000.0,0.0,0,0,0,0
2026-06-18 02:00,E_moonshot,4999.53,-0.01,0,1,0,0
2026-06-18 02:30,A_baseline,5031.97,0.64,32,8,19,59
2026-06-18 02:30,B_nospikes,5018.23,0.36,28,6,17,61
2026-06-18 02:30,C_conservative,5019.91,0.4,23,6,14,61
2026-06-18 02:30,D_contrarian,5000.0,0.0,0,0,0,0
2026-06-18 02:30,E_moonshot,4998.11,-0.04,0,5,0,0
2026-06-18 03:00,A_baseline,5032.21,0.64,32,8,19,59
2026-06-18 03:00,B_nospikes,5018.16,0.36,28,6,17,61
2026-06-18 03:00,C_conservative,5019.4,0.39,23,6,14,61
2026-06-18 03:00,D_contrarian,5000.0,0.0,0,0,0,0
2026-06-18 03:00,E_moonshot,4998.13,-0.04,0,5,0,0
2026-06-18 03:30,A_baseline,5033.07,0.66,32,8,19,59
2026-06-18 03:30,B_nospikes,5018.22,0.36,28,6,17,61
2026-06-18 03:30,C_conservative,5020.29,0.41,23,6,14,61
2026-06-18 03:30,D_contrarian,5000.0,0.0,0,0,0,0
2026-06-18 03:30,E_moonshot,4998.71,-0.03,0,5,0,0
2026-06-18 04:00,A_baseline,5031.93,0.64,32,8,19,59
2026-06-18 04:00,B_nospikes,5017.49,0.35,28,7,17,61
2026-06-18 04:00,C_conservative,5019.03,0.38,23,7,14,61
2026-06-18 04:00,D_contrarian,5000.0,0.0,0,0,0,0
2026-06-18 04:00,E_moonshot,4999.34,-0.01,0,5,0,0
2026-06-18 04:30,A_baseline,5032.5,0.65,32,8,19,59
2026-06-18 04:30,B_nospikes,5016.54,0.33,28,8,17,61
2026-06-18 04:30,C_conservative,5018.67,0.37,23,8,14,61
2026-06-18 04:30,D_contrarian,5000.0,0.0,0,0,0,0
2026-06-18 04:30,E_moonshot,4999.57,-0.01,0,5,0,0
2026-06-18 05:00,A_baseline,5035.13,0.7,32,8,19,59
2026-06-18 05:00,B_nospikes,5018.93,0.38,28,8,17,61
2026-06-18 05:00,C_conservative,5020.83,0.42,23,8,14,61
2026-06-18 05:00,D_contrarian,5000.0,0.0,0,0,0,0
2026-06-18 05:00,E_moonshot,5006.15,0.12,0,5,0,0
2026-06-18 05:30,A_baseline,5028.5,0.57,32,8,19,59
2026-06-18 05:30,B_nospikes,5015.56,0.31,28,8,17,61
2026-06-18 05:30,C_conservative,5016.25,0.32,23,8,14,61
2026-06-18 05:30,D_contrarian,5000.0,0.0,0,0,0,0
2026-06-18 05:30,E_moonshot,4997.59,-0.05,0,5,0,0
2026-06-18 06:00,A_baseline,5026.96,0.54,32,8,19,59
2026-06-18 06:00,B_nospikes,5013.68,0.27,28,8,17,61
2026-06-18 06:00,C_conservative,5014.08,0.28,23,8,14,61
2026-06-18 06:00,D_contrarian,5000.0,0.0,0,0,0,0
2026-06-18 06:00,E_moonshot,4997.53,-0.05,0,5,0,0
2026-06-18 06:30,A_baseline,5013.98,0.28,36,7,19,53
2026-06-18 06:30,B_nospikes,5005.41,0.11,30,8,17,57
2026-06-18 06:30,C_conservative,5008.89,0.18,26,6,14,54
2026-06-18 06:30,D_contrarian,5000.0,0.0,0,0,0,0
2026-06-18 06:30,E_moonshot,4993.38,-0.13,0,5,0,0
2026-06-18 07:00,A_baseline,5007.53,0.15,37,7,19,51
2026-06-18 07:00,B_nospikes,4999.64,-0.01,32,6,17,53
2026-06-18 07:00,C_conservative,5003.19,0.06,28,4,14,50
2026-06-18 07:00,D_contrarian,5000.0,0.0,0,0,0,0
2026-06-18 07:00,E_moonshot,4993.17,-0.14,0,5,0,0
2026-06-18 07:30,A_baseline,5006.58,0.13,37,8,19,51
2026-06-18 07:30,B_nospikes,4997.92,-0.04,32,6,17,53
2026-06-18 07:30,C_conservative,5001.5,0.03,28,4,14,50
2026-06-18 07:30,D_contrarian,5000.0,0.0,0,0,0,0
2026-06-18 07:30,E_moonshot,4985.83,-0.28,0,5,0,0
2026-06-18 08:00,A_baseline,5005.68,0.11,37,8,19,51
2026-06-18 08:00,B_nospikes,4996.66,-0.07,32,7,17,53
2026-06-18 08:00,C_conservative,5000.76,0.02,28,5,14,50
2026-06-18 08:00,D_contrarian,5000.0,0.0,0,0,0,0
2026-06-18 08:00,E_moonshot,4984.91,-0.3,0,5,0,0
2026-06-18 08:30,A_baseline,5005.95,0.12,37,8,19,51
2026-06-18 08:30,B_nospikes,4996.23,-0.08,32,8,17,53
2026-06-18 08:30,C_conservative,5000.44,0.01,28,6,14,50
2026-06-18 08:30,D_contrarian,5000.0,0.0,0,0,0,0
2026-06-18 08:30,E_moonshot,4985.08,-0.3,0,5,0,0
2026-06-18 09:00,A_baseline,5007.98,0.16,37,8,19,51
2026-06-18 09:00,B_nospikes,4997.91,-0.04,32,8,17,53
2026-06-18 09:00,C_conservative,5002.12,0.04,28,6,14,50
2026-06-18 09:00,D_contrarian,5000.0,0.0,0,0,0,0
2026-06-18 09:00,E_moonshot,4985.57,-0.29,0,5,0,0
2026-06-18 09:30,A_baseline,5011.29,0.23,37,8,19,51
2026-06-18 09:30,B_nospikes,5001.02,0.02,32,8,17,53
2026-06-18 09:30,C_conservative,5004.61,0.09,28,6,14,50
2026-06-18 09:30,D_contrarian,5000.0,0.0,0,0,0,0
2026-06-18 09:30,E_moonshot,4986.47,-0.27,0,5,0,0
2026-06-18 10:00,A_baseline,5012.1,0.24,37,8,19,51
2026-06-18 10:00,B_nospikes,5001.84,0.04,32,8,17,53
2026-06-18 10:00,C_conservative,5005.46,0.11,28,6,14,50
2026-06-18 10:00,D_contrarian,5000.0,0.0,0,0,0,0
2026-06-18 10:00,E_moonshot,4989.94,-0.2,0,5,0,0
2026-06-18 10:30,A_baseline,5012.1,0.24,37,8,19,51
2026-06-18 10:30,B_nospikes,5001.84,0.04,32,8,17,53
2026-06-18 10:30,C_conservative,5005.46,0.11,28,6,14,50
2026-06-18 10:30,D_contrarian,5000.0,0.0,0,0,0,0
2026-06-18 10:30,E_moonshot,4989.38,-0.21,0,5,0,0
2026-06-18 11:00,A_baseline,5015.3,0.31,37,8,19,51
2026-06-18 11:00,B_nospikes,5004.96,0.1,32,8,17,53
2026-06-18 11:00,C_conservative,5008.33,0.17,28,6,14,50
2026-06-18 11:00,D_contrarian,5000.0,0.0,0,0,0,0
2026-06-18 11:00,E_moonshot,4991.48,-0.17,0,5,0,0
2026-06-18 11:30,A_baseline,5014.17,0.28,37,8,19,51
2026-06-18 11:30,B_nospikes,5003.95,0.08,32,8,17,53
2026-06-18 11:30,C_conservative,5007.31,0.15,28,6,14,50
2026-06-18 11:30,D_contrarian,5000.0,0.0,0,0,0,0
2026-06-18 11:30,E_moonshot,4991.0,-0.18,0,5,0,0
2026-06-18 12:00,A_baseline,5014.76,0.3,37,8,19,51
2026-06-18 12:00,B_nospikes,5004.58,0.09,32,8,17,53
2026-06-18 12:00,C_conservative,5007.92,0.16,28,6,14,50
2026-06-18 12:00,D_contrarian,5000.0,0.0,0,0,0,0
2026-06-18 12:00,E_moonshot,4991.33,-0.17,0,5,0,0
2026-06-18 12:30,A_baseline,5012.96,0.26,37,8,19,51
2026-06-18 12:30,B_nospikes,5002.65,0.05,32,8,17,53
2026-06-18 12:30,C_conservative,5006.0,0.12,28,6,14,50
2026-06-18 12:30,D_contrarian,5000.0,0.0,0,0,0,0
2026-06-18 12:30,E_moonshot,4990.67,-0.19,0,5,0,0
2026-06-18 13:00,A_baseline,5013.32,0.27,37,8,19,51
2026-06-18 13:00,B_nospikes,5003.04,0.06,32,8,17,53
2026-06-18 13:00,C_conservative,5006.06,0.12,28,7,14,50
2026-06-18 13:00,D_contrarian,5000.0,0.0,0,0,0,0
2026-06-18 13:00,E_moonshot,4990.89,-0.18,0,5,0,0
2026-06-18 13:30,A_baseline,5010.17,0.2,37,8,19,51
2026-06-18 13:30,B_nospikes,5000.21,0.0,32,8,17,53
2026-06-18 13:30,C_conservative,5003.21,0.06,28,7,14,50
2026-06-18 13:30,D_contrarian,5000.0,0.0,0,0,0,0
2026-06-18 13:30,E_moonshot,4990.41,-0.19,0,5,0,0
2026-06-18 14:00,A_baseline,5010.51,0.21,37,8,19,51
2026-06-18 14:00,B_nospikes,5000.58,0.01,32,8,17,53
2026-06-18 14:00,C_conservative,5003.57,0.07,28,7,14,50
2026-06-18 14:00,D_contrarian,5000.0,0.0,0,0,0,0
2026-06-18 14:00,E_moonshot,4989.18,-0.22,0,5,0,0
2026-06-18 14:30,A_baseline,5010.7,0.21,37,8,19,51
2026-06-18 14:30,B_nospikes,5000.8,0.02,32,8,17,53
2026-06-18 14:30,C_conservative,5003.75,0.07,28,7,14,50
2026-06-18 14:30,D_contrarian,5000.0,0.0,0,0,0,0
2026-06-18 14:30,E_moonshot,4992.02,-0.16,0,5,0,0
2026-06-18 15:00,A_baseline,5011.75,0.24,37,8,19,51
2026-06-18 15:00,B_nospikes,5001.67,0.03,32,8,17,53
2026-06-18 15:00,C_conservative,5004.63,0.09,28,7,14,50
2026-06-18 15:00,D_contrarian,5000.0,0.0,0,0,0,0
2026-06-18 15:00,E_moonshot,4990.8,-0.18,0,5,0,0
2026-06-18 15:30,A_baseline,5010.82,0.22,37,8,19,51
2026-06-18 15:30,B_nospikes,5000.72,0.01,32,8,17,53
2026-06-18 15:30,C_conservative,5003.63,0.07,28,7,14,50
2026-06-18 15:30,D_contrarian,5000.0,0.0,0,0,0,0
2026-06-18 15:30,E_moonshot,4989.62,-0.21,0,5,0,0
2026-06-18 16:00,A_baseline,5008.11,0.16,37,8,19,51
2026-06-18 16:00,B_nospikes,4998.66,-0.03,32,8,17,53
2026-06-18 16:00,C_conservative,5001.64,0.03,28,7,14,50
2026-06-18 16:00,D_contrarian,5000.0,0.0,0,0,0,0
2026-06-18 16:00,E_moonshot,4985.56,-0.29,0,5,0,0
2026-06-18 16:30,A_baseline,5009.14,0.18,37,8,19,51
2026-06-18 16:30,B_nospikes,4999.1,-0.02,32,8,17,53
2026-06-18 16:30,C_conservative,5002.08,0.04,28,7,14,50
2026-06-18 16:30,D_contrarian,5000.0,0.0,0,0,0,0
2026-06-18 16:30,E_moonshot,4986.8,-0.26,0,5,0,0
2026-06-18 17:00,A_baseline,5006.97,0.14,38,8,19,50
2026-06-18 17:00,B_nospikes,4996.78,-0.06,33,8,17,52
2026-06-18 17:00,C_conservative,5000.13,0.0,29,6,14,48
2026-06-18 17:00,D_contrarian,5000.0,0.0,0,0,0,0
2026-06-18 17:00,E_moonshot,4985.99,-0.28,0,5,0,0
2026-06-18 17:30,A_baseline,5000.9,0.02,39,8,19,49
2026-06-18 17:30,B_nospikes,4991.71,-0.17,34,7,17,50
2026-06-18 17:30,C_conservative,4994.92,-0.1,30,5,14,47
2026-06-18 17:30,D_contrarian,5000.0,0.0,0,0,0,0
2026-06-18 17:30,E_moonshot,4982.4,-0.35,0,5,0,0
2026-06-18 18:00,A_baseline,4989.15,-0.22,44,3,19,43
2026-06-18 18:00,B_nospikes,4981.08,-0.38,37,4,17,46
2026-06-18 18:00,C_conservative,4986.85,-0.26,32,3,14,44
2026-06-18 18:00,D_contrarian,5000.0,0.0,0,0,0,0
2026-06-18 18:00,E_moonshot,4969.37,-0.61,0,5,0,0
2026-06-18 18:30,A_baseline,4989.04,-0.22,44,4,19,43
2026-06-18 18:30,B_nospikes,4981.05,-0.38,37,5,17,46
2026-06-18 18:30,C_conservative,4986.82,-0.26,32,4,14,44
2026-06-18 18:30,D_contrarian,5000.0,0.0,0,0,0,0
2026-06-18 18:30,E_moonshot,4969.45,-0.61,0,5,0,0
2026-06-18 19:00,A_baseline,4988.56,-0.23,44,4,19,43
2026-06-18 19:00,B_nospikes,4980.5,-0.39,37,5,17,46
2026-06-18 19:00,C_conservative,4986.25,-0.28,32,4,14,44
2026-06-18 19:00,D_contrarian,5000.0,0.0,0,0,0,0
2026-06-18 19:00,E_moonshot,4970.42,-0.59,0,5,0,0
2026-06-18 19:30,A_baseline,4985.81,-0.28,44,7,19,43
2026-06-18 19:30,B_nospikes,4978.25,-0.44,37,7,17,46
2026-06-18 19:30,C_conservative,4983.58,-0.33,32,6,14,44
2026-06-18 19:30,D_contrarian,5000.0,0.0,0,0,0,0
2026-06-18 19:30,E_moonshot,4966.46,-0.67,0,5,0,0
2026-06-18 20:00,A_baseline,4986.92,-0.26,44,7,19,43
2026-06-18 20:00,B_nospikes,4979.34,-0.41,37,7,17,46
2026-06-18 20:00,C_conservative,4985.05,-0.3,32,6,14,44
2026-06-18 20:00,D_contrarian,5000.0,0.0,0,0,0,0
2026-06-18 20:00,E_moonshot,4966.8,-0.66,0,5,0,0
2026-06-18 20:30,A_baseline,4987.45,-0.25,44,7,19,43
2026-06-18 20:30,B_nospikes,4979.88,-0.4,37,7,17,46
2026-06-18 20:30,C_conservative,4985.61,-0.29,32,6,14,44
2026-06-18 20:30,D_contrarian,5000.0,0.0,0,0,0,0
2026-06-18 20:30,E_moonshot,4967.58,-0.65,0,5,0,0
2026-06-18 21:00,A_baseline,4990.77,-0.18,44,8,19,43
2026-06-18 21:00,B_nospikes,4983.44,-0.33,37,8,17,46
2026-06-18 21:00,C_conservative,4989.43,-0.21,32,6,14,44
2026-06-18 21:00,D_contrarian,5000.0,0.0,0,0,0,0
2026-06-18 21:00,E_moonshot,4973.58,-0.53,0,5,0,0
2026-06-18 21:30,A_baseline,4989.11,-0.22,44,8,19,43
2026-06-18 21:30,B_nospikes,4981.77,-0.36,37,8,17,46
2026-06-18 21:30,C_conservative,4987.77,-0.24,32,6,14,44
2026-06-18 21:30,D_contrarian,5000.0,0.0,0,0,0,0
2026-06-18 21:30,E_moonshot,4972.39,-0.55,0,5,0,0
2026-06-18 22:00,A_baseline,4993.0,-0.14,44,8,19,43
2026-06-18 22:00,B_nospikes,4985.71,-0.29,37,8,17,46
2026-06-18 22:00,C_conservative,4991.59,-0.17,32,6,14,44
2026-06-18 22:00,D_contrarian,5000.0,0.0,0,0,0,0
2026-06-18 22:00,E_moonshot,4977.18,-0.46,0,5,0,0
2026-06-18 22:30,A_baseline,4998.01,-0.04,44,8,19,43
2026-06-18 22:30,B_nospikes,4990.69,-0.19,37,8,17,46
2026-06-18 22:30,C_conservative,4996.71,-0.07,32,6,14,44
2026-06-18 22:30,D_contrarian,5000.0,0.0,0,0,0,0
2026-06-18 22:30,E_moonshot,4980.55,-0.39,0,5,0,0
2026-06-18 23:00,A_baseline,4999.8,-0.0,44,8,19,43
2026-06-18 23:00,B_nospikes,4994.16,-0.12,37,8,17,46
2026-06-18 23:00,C_conservative,5000.31,0.01,32,6,14,44
2026-06-18 23:00,D_contrarian,5000.0,0.0,0,0,0,0
2026-06-18 23:00,E_moonshot,4985.52,-0.29,0,5,0,0
2026-06-18 23:30,A_baseline,4999.42,-0.01,44,8,19,43
2026-06-18 23:30,B_nospikes,4993.76,-0.12,37,8,17,46
2026-06-18 23:30,C_conservative,4999.95,-0.0,32,6,14,44
2026-06-18 23:30,D_contrarian,5000.0,0.0,0,0,0,0
2026-06-18 23:30,E_moonshot,4983.83,-0.32,0,5,0,0
2026-06-19 00:00,A_baseline,4998.34,-0.03,44,8,19,43
2026-06-19 00:00,B_nospikes,4993.38,-0.13,37,8,17,46
2026-06-19 00:00,C_conservative,4999.1,-0.02,32,6,14,44
2026-06-19 00:00,D_contrarian,5000.0,0.0,0,0,0,0
2026-06-19 00:00,E_moonshot,4987.27,-0.25,0,5,0,0
2026-06-19 00:30,A_baseline,4996.95,-0.06,44,8,19,43
2026-06-19 00:30,B_nospikes,4991.54,-0.17,37,8,17,46
2026-06-19 00:30,C_conservative,4997.66,-0.05,32,6,14,44
2026-06-19 00:30,D_contrarian,5000.0,0.0,0,0,0,0
2026-06-19 00:30,E_moonshot,4986.05,-0.28,0,5,0,0
2026-06-19 01:00,A_baseline,4998.57,-0.03,44,8,19,43
2026-06-19 01:00,B_nospikes,4993.17,-0.14,37,8,17,46
2026-06-19 01:00,C_conservative,4998.84,-0.02,32,6,14,44
2026-06-19 01:00,D_contrarian,5000.0,0.0,0,0,0,0
2026-06-19 01:00,E_moonshot,4987.85,-0.24,0,5,0,0
2026-06-19 01:30,A_baseline,4997.89,-0.04,44,8,19,43
2026-06-19 01:30,B_nospikes,4992.5,-0.15,37,8,17,46
2026-06-19 01:30,C_conservative,4998.15,-0.04,32,6,14,44
2026-06-19 01:30,D_contrarian,5000.0,0.0,0,0,0,0
2026-06-19 01:30,E_moonshot,4990.06,-0.2,0,5,0,0
2026-06-19 02:00,A_baseline,4998.87,-0.02,44,8,19,43
2026-06-19 02:00,B_nospikes,4993.64,-0.13,37,8,17,46
2026-06-19 02:00,C_conservative,4999.33,-0.01,32,6,14,44
2026-06-19 02:00,D_contrarian,5000.0,0.0,0,0,0,0
2026-06-19 02:00,E_moonshot,4995.58,-0.09,0,5,0,0
2026-06-19 02:30,A_baseline,5001.26,0.03,44,8,19,43
2026-06-19 02:30,B_nospikes,4994.29,-0.11,37,8,17,46
2026-06-19 02:30,C_conservative,4998.84,-0.02,32,8,14,44
2026-06-19 02:30,D_contrarian,5000.0,0.0,0,0,0,0
2026-06-19 02:30,E_moonshot,4993.8,-0.12,0,8,0,0
2026-06-19 03:00,A_baseline,5004.79,0.1,44,8,19,43
2026-06-19 03:00,B_nospikes,4997.91,-0.04,37,8,17,46
2026-06-19 03:00,C_conservative,5003.17,0.06,32,8,14,44
2026-06-19 03:00,D_contrarian,5000.0,0.0,0,0,0,0
2026-06-19 03:00,E_moonshot,4996.39,-0.07,0,8,0,0
2026-06-19 03:30,A_baseline,5005.73,0.11,44,8,19,43
2026-06-19 03:30,B_nospikes,4998.84,-0.02,37,8,17,46
2026-06-19 03:30,C_conservative,5003.26,0.07,32,8,14,44
2026-06-19 03:30,D_contrarian,5000.0,0.0,0,0,0,0
2026-06-19 03:30,E_moonshot,4995.28,-0.09,0,8,0,0
2026-06-19 04:00,A_baseline,5005.79,0.12,44,8,19,43
2026-06-19 04:00,B_nospikes,4998.9,-0.02,37,8,17,46
2026-06-19 04:00,C_conservative,5003.3,0.07,32,8,14,44
2026-06-19 04:00,D_contrarian,5000.0,0.0,0,0,0,0
2026-06-19 04:00,E_moonshot,4995.31,-0.09,0,8,0,0
2026-06-19 04:30,A_baseline,5001.48,0.03,45,8,20,44
2026-06-19 04:30,B_nospikes,4994.84,-0.1,38,8,18,47
2026-06-19 04:30,C_conservative,4999.71,-0.01,33,8,15,45
2026-06-19 04:30,D_contrarian,5000.0,0.0,0,0,0,0
2026-06-19 04:30,E_moonshot,4992.56,-0.15,0,8,0,0
2026-06-19 05:00,A_baseline,4999.87,-0.0,45,8,20,44
2026-06-19 05:00,B_nospikes,4992.39,-0.15,38,8,18,47
2026-06-19 05:00,C_conservative,4997.16,-0.06,33,8,15,45
2026-06-19 05:00,D_contrarian,5000.0,0.0,0,0,0,0
2026-06-19 05:00,E_moonshot,4990.25,-0.2,0,8,0,0
2026-06-19 05:30,A_baseline,4996.97,-0.06,46,8,21,46
2026-06-19 05:30,B_nospikes,4990.94,-0.18,38,8,18,47
2026-06-19 05:30,C_conservative,4994.75,-0.1,33,8,15,45
2026-06-19 05:30,D_contrarian,5000.0,0.0,0,0,0,0
2026-06-19 05:30,E_moonshot,4988.01,-0.24,0,8,0,0
2026-06-19 06:00,A_baseline,4995.4,-0.09,46,8,21,46
2026-06-19 06:00,B_nospikes,4989.39,-0.21,38,8,18,47
2026-06-19 06:00,C_conservative,4993.13,-0.14,33,8,15,45
2026-06-19 06:00,D_contrarian,5000.0,0.0,0,0,0,0
2026-06-19 06:00,E_moonshot,4987.75,-0.24,0,8,0,0
2026-06-19 06:30,A_baseline,4993.21,-0.14,46,8,21,46
2026-06-19 06:30,B_nospikes,4987.19,-0.26,38,8,18,47
2026-06-19 06:30,C_conservative,4992.54,-0.15,33,8,15,45
2026-06-19 06:30,D_contrarian,5000.0,0.0,0,0,0,0
2026-06-19 06:30,E_moonshot,4984.27,-0.31,0,8,0,0
2026-06-19 07:00,A_baseline,4986.66,-0.27,48,8,21,44
2026-06-19 07:00,B_nospikes,4979.14,-0.42,39,8,18,46
2026-06-19 07:00,C_conservative,4984.66,-0.31,34,8,15,44
2026-06-19 07:00,D_contrarian,5000.0,0.0,0,0,0,0
2026-06-19 07:00,E_moonshot,4976.96,-0.46,0,8,0,0
2026-06-19 07:30,A_baseline,4987.15,-0.26,48,8,21,44
2026-06-19 07:30,B_nospikes,4980.86,-0.38,39,8,18,46
2026-06-19 07:30,C_conservative,4984.54,-0.31,34,8,15,44
2026-06-19 07:30,D_contrarian,5000.0,0.0,0,0,0,0
2026-06-19 07:30,E_moonshot,4977.85,-0.44,0,8,0,0
2026-06-19 08:00,A_baseline,4987.36,-0.25,48,8,21,44
2026-06-19 08:00,B_nospikes,4981.06,-0.38,39,8,18,46
2026-06-19 08:00,C_conservative,4984.79,-0.3,34,8,15,44
2026-06-19 08:00,D_contrarian,5000.0,0.0,0,0,0,0
2026-06-19 08:00,E_moonshot,4978.03,-0.44,0,8,0,0
2026-06-19 08:30,A_baseline,4988.43,-0.23,48,8,21,44
2026-06-19 08:30,B_nospikes,4982.66,-0.35,39,8,18,46
2026-06-19 08:30,C_conservative,4987.8,-0.24,34,8,15,44
2026-06-19 08:30,D_contrarian,5000.0,0.0,0,0,0,0
2026-06-19 08:30,E_moonshot,4982.09,-0.36,0,8,0,0
2026-06-19 09:00,A_baseline,4990.85,-0.18,48,8,21,44
2026-06-19 09:00,B_nospikes,4982.79,-0.34,39,8,18,46
2026-06-19 09:00,C_conservative,4989.45,-0.21,34,8,15,44
2026-06-19 09:00,D_contrarian,5000.0,0.0,0,0,0,0
2026-06-19 09:00,E_moonshot,4983.03,-0.34,0,8,0,0
2026-06-19 09:30,A_baseline,4990.69,-0.19,48,8,21,44
2026-06-19 09:30,B_nospikes,4982.63,-0.35,39,8,18,46
2026-06-19 09:30,C_conservative,4988.87,-0.22,34,8,15,44
2026-06-19 09:30,D_contrarian,5000.0,0.0,0,0,0,0
2026-06-19 09:30,E_moonshot,4982.32,-0.35,0,8,0,0
2026-06-19 10:00,A_baseline,4989.82,-0.2,48,8,21,44
2026-06-19 10:00,B_nospikes,4981.67,-0.37,39,8,18,46
2026-06-19 10:00,C_conservative,4985.74,-0.29,35,8,15,43
2026-06-19 10:00,D_contrarian,5000.0,0.0,0,0,0,0
2026-06-19 10:00,E_moonshot,4980.72,-0.39,0,8,0,0
2026-06-19 10:30,A_baseline,4988.89,-0.22,48,8,21,44
2026-06-19 10:30,B_nospikes,4981.81,-0.36,39,8,18,46
2026-06-19 10:30,C_conservative,4984.83,-0.3,35,8,15,43
2026-06-19 10:30,D_contrarian,5000.0,0.0,0,0,0,0
2026-06-19 10:30,E_moonshot,4981.3,-0.37,0,8,0,0
2026-06-19 11:00,A_baseline,4987.5,-0.25,48,8,21,44
2026-06-19 11:00,B_nospikes,4982.12,-0.36,39,8,18,46
2026-06-19 11:00,C_conservative,4983.46,-0.33,35,8,15,43
2026-06-19 11:00,D_contrarian,5000.0,0.0,0,0,0,0
2026-06-19 11:00,E_moonshot,4982.03,-0.36,0,8,0,0
2026-06-19 11:30,A_baseline,4986.53,-0.27,48,8,21,44
2026-06-19 11:30,B_nospikes,4979.98,-0.4,39,8,18,46
2026-06-19 11:30,C_conservative,4981.23,-0.38,35,8,15,43
2026-06-19 11:30,D_contrarian,5000.0,0.0,0,0,0,0
2026-06-19 11:30,E_moonshot,4977.67,-0.45,0,8,0,0
2026-06-19 12:00,A_baseline,4985.17,-0.3,48,8,21,44
2026-06-19 12:00,B_nospikes,4977.93,-0.44,39,8,18,46
2026-06-19 12:00,C_conservative,4981.54,-0.37,35,8,15,43
2026-06-19 12:00,D_contrarian,5000.0,0.0,0,0,0,0
2026-06-19 12:00,E_moonshot,4977.53,-0.45,0,8,0,0
2026-06-19 12:30,A_baseline,4985.11,-0.3,48,8,21,44
2026-06-19 12:30,B_nospikes,4977.87,-0.44,39,8,18,46
2026-06-19 12:30,C_conservative,4981.29,-0.37,35,8,15,43
2026-06-19 12:30,D_contrarian,5000.0,0.0,0,0,0,0
2026-06-19 12:30,E_moonshot,4976.79,-0.46,0,8,0,0
2026-06-19 13:00,A_baseline,4985.05,-0.3,48,8,21,44
2026-06-19 13:00,B_nospikes,4977.82,-0.44,39,8,18,46
2026-06-19 13:00,C_conservative,4981.24,-0.38,35,8,15,43
2026-06-19 13:00,D_contrarian,5000.0,0.0,0,0,0,0
2026-06-19 13:00,E_moonshot,4976.01,-0.48,0,8,0,0
2026-06-19 13:30,A_baseline,4984.23,-0.32,48,8,21,44
2026-06-19 13:30,B_nospikes,4977.47,-0.45,39,8,18,46
2026-06-19 13:30,C_conservative,4980.77,-0.38,35,8,15,43
2026-06-19 13:30,D_contrarian,5000.0,0.0,0,0,0,0
2026-06-19 13:30,E_moonshot,4974.77,-0.5,0,8,0,0
2026-06-19 14:00,A_baseline,4984.42,-0.31,48,8,21,44
2026-06-19 14:00,B_nospikes,4977.66,-0.45,39,8,18,46
2026-06-19 14:00,C_conservative,4980.97,-0.38,35,8,15,43
2026-06-19 14:00,D_contrarian,5000.0,0.0,0,0,0,0
2026-06-19 14:00,E_moonshot,4974.62,-0.51,0,8,0,0
2026-06-19 14:30,A_baseline,4984.17,-0.32,48,8,21,44
2026-06-19 14:30,B_nospikes,4976.97,-0.46,39,8,18,46
2026-06-19 14:30,C_conservative,4980.01,-0.4,35,8,15,43
2026-06-19 14:30,D_contrarian,5000.0,0.0,0,0,0,0
2026-06-19 14:30,E_moonshot,4973.7,-0.53,0,8,0,0
2026-06-19 15:00,A_baseline,4983.28,-0.33,48,8,21,44
2026-06-19 15:00,B_nospikes,4976.09,-0.48,39,8,18,46
2026-06-19 15:00,C_conservative,4979.11,-0.42,35,8,15,43
2026-06-19 15:00,D_contrarian,5000.0,0.0,0,0,0,0
2026-06-19 15:00,E_moonshot,4973.0,-0.54,0,8,0,0
2026-06-19 15:30,A_baseline,4985.33,-0.29,48,8,21,44
2026-06-19 15:30,B_nospikes,4977.29,-0.45,39,8,18,46
2026-06-19 15:30,C_conservative,4981.16,-0.38,35,8,15,43
2026-06-19 15:30,D_contrarian,5000.0,0.0,0,0,0,0
2026-06-19 15:30,E_moonshot,4976.63,-0.47,0,8,0,0
2026-06-19 16:00,A_baseline,4989.23,-0.22,48,8,21,44
2026-06-19 16:00,B_nospikes,4982.34,-0.35,39,8,18,46
2026-06-19 16:00,C_conservative,4985.15,-0.3,35,8,15,43
2026-06-19 16:00,D_contrarian,5000.0,0.0,0,0,0,0
2026-06-19 16:00,E_moonshot,4983.34,-0.33,0,8,0,0
2026-06-19 16:30,A_baseline,4992.6,-0.15,48,8,21,44
2026-06-19 16:30,B_nospikes,4981.75,-0.36,39,8,18,46
2026-06-19 16:30,C_conservative,4988.3,-0.23,35,8,15,43
2026-06-19 16:30,D_contrarian,5000.0,0.0,0,0,0,0
2026-06-19 16:30,E_moonshot,4984.49,-0.31,0,8,0,0
2026-06-19 17:00,A_baseline,4993.35,-0.13,48,8,21,44
2026-06-19 17:00,B_nospikes,4984.16,-0.32,39,8,18,46
2026-06-19 17:00,C_conservative,4990.89,-0.18,35,8,15,43
2026-06-19 17:00,D_contrarian,5000.0,0.0,0,0,0,0
2026-06-19 17:00,E_moonshot,4986.0,-0.28,0,8,0,0
2026-06-19 17:30,A_baseline,4991.4,-0.17,48,8,21,44
2026-06-19 17:30,B_nospikes,4981.17,-0.38,39,8,18,46
2026-06-19 17:30,C_conservative,4987.76,-0.24,35,8,15,43
2026-06-19 17:30,D_contrarian,5000.0,0.0,0,0,0,0
2026-06-19 17:30,E_moonshot,4983.44,-0.33,0,8,0,0
2026-06-19 18:00,A_baseline,4994.93,-0.1,48,8,21,44
2026-06-19 18:00,B_nospikes,4983.52,-0.33,39,8,18,46
2026-06-19 18:00,C_conservative,4991.96,-0.16,35,8,15,43
2026-06-19 18:00,D_contrarian,5000.0,0.0,0,0,0,0
2026-06-19 18:00,E_moonshot,4981.26,-0.37,0,8,0,0
2026-06-19 18:30,A_baseline,4995.24,-0.1,48,8,21,44
2026-06-19 18:30,B_nospikes,4983.83,-0.32,39,8,18,46
2026-06-19 18:30,C_conservative,4992.28,-0.15,35,8,15,43
2026-06-19 18:30,D_contrarian,5000.0,0.0,0,0,0,0
2026-06-19 18:30,E_moonshot,4981.37,-0.37,0,8,0,0
2026-06-19 19:00,A_baseline,4993.02,-0.14,48,8,21,44
2026-06-19 19:00,B_nospikes,4980.24,-0.4,39,8,18,46
2026-06-19 19:00,C_conservative,4988.31,-0.23,35,8,15,43
2026-06-19 19:00,D_contrarian,5000.0,0.0,0,0,0,0
2026-06-19 19:00,E_moonshot,4977.77,-0.44,0,8,0,0
2026-06-19 19:30,A_baseline,4993.82,-0.12,48,8,21,44
2026-06-19 19:30,B_nospikes,4981.18,-0.38,39,8,18,46
2026-06-19 19:30,C_conservative,4990.18,-0.2,35,8,15,43
2026-06-19 19:30,D_contrarian,5000.0,0.0,0,0,0,0
2026-06-19 19:30,E_moonshot,4979.71,-0.41,0,8,0,0
2026-06-19 20:00,A_baseline,4996.05,-0.08,48,8,21,44
2026-06-19 20:00,B_nospikes,4984.18,-0.32,39,8,18,46
2026-06-19 20:00,C_conservative,4992.36,-0.15,35,8,15,43
2026-06-19 20:00,D_contrarian,5000.0,0.0,0,0,0,0
2026-06-19 20:00,E_moonshot,4982.0,-0.36,0,8,0,0
2026-06-19 20:30,A_baseline,5009.29,0.19,48,8,21,44
2026-06-19 20:30,B_nospikes,4997.33,-0.05,39,8,18,46
2026-06-19 20:30,C_conservative,5005.31,0.11,35,8,15,43
2026-06-19 20:30,D_contrarian,5000.0,0.0,0,0,0,0
2026-06-19 20:30,E_moonshot,4981.04,-0.38,0,8,0,0
2026-06-19 21:00,A_baseline,5008.48,0.17,48,8,21,44
2026-06-19 21:00,B_nospikes,4996.32,-0.07,39,8,18,46
2026-06-19 21:00,C_conservative,5003.85,0.08,35,8,15,43
2026-06-19 21:00,D_contrarian,5000.0,0.0,0,0,0,0
2026-06-19 21:00,E_moonshot,4979.52,-0.41,0,8,0,0
2026-06-19 21:30,A_baseline,5005.29,0.11,48,8,21,44
2026-06-19 21:30,B_nospikes,4992.69,-0.15,39,8,18,46
2026-06-19 21:30,C_conservative,5000.22,0.0,35,8,15,43
2026-06-19 21:30,D_contrarian,5000.0,0.0,0,0,0,0
2026-06-19 21:30,E_moonshot,4978.81,-0.42,0,8,0,0
2026-06-19 22:00,A_baseline,5005.18,0.1,48,8,21,44
2026-06-19 22:00,B_nospikes,4992.57,-0.15,39,8,18,46
2026-06-19 22:00,C_conservative,5000.1,0.0,35,8,15,43
2026-06-19 22:00,D_contrarian,5000.0,0.0,0,0,0,0
2026-06-19 22:00,E_moonshot,4977.52,-0.45,0,8,0,0
2026-06-19 22:30,A_baseline,5005.34,0.11,48,8,21,44
2026-06-19 22:30,B_nospikes,4993.02,-0.14,39,8,18,46
2026-06-19 22:30,C_conservative,5000.59,0.01,35,8,15,43
2026-06-19 22:30,D_contrarian,5000.0,0.0,0,0,0,0
2026-06-19 22:30,E_moonshot,4977.51,-0.45,0,8,0,0
2026-06-19 23:00,A_baseline,5005.63,0.11,48,8,21,44
2026-06-19 23:00,B_nospikes,4993.91,-0.12,39,8,18,46
2026-06-19 23:00,C_conservative,5001.52,0.03,35,8,15,43
2026-06-19 23:00,D_contrarian,5000.0,0.0,0,0,0,0
2026-06-19 23:00,E_moonshot,4979.23,-0.42,0,8,0,0
2026-06-19 23:30,A_baseline,5004.23,0.08,48,8,21,44
2026-06-19 23:30,B_nospikes,4994.74,-0.11,39,8,18,46
2026-06-19 23:30,C_conservative,5000.15,0.0,35,8,15,43
2026-06-19 23:30,D_contrarian,5000.0,0.0,0,0,0,0
2026-06-19 23:30,E_moonshot,4981.46,-0.37,0,8,0,0
2026-06-20 00:00,A_baseline,5003.43,0.07,48,8,21,44
2026-06-20 00:00,B_nospikes,4993.1,-0.14,39,8,18,46
2026-06-20 00:00,C_conservative,4998.44,-0.03,35,8,15,43
2026-06-20 00:00,D_contrarian,5000.0,0.0,0,0,0,0
2026-06-20 00:00,E_moonshot,4979.92,-0.4,0,8,0,0
2026-06-20 00:30,A_baseline,5004.52,0.09,48,8,21,44
2026-06-20 00:30,B_nospikes,4994.55,-0.11,39,8,18,46
2026-06-20 00:30,C_conservative,5000.85,0.02,35,8,15,43
2026-06-20 00:30,D_contrarian,5000.0,0.0,0,0,0,0
2026-06-20 00:30,E_moonshot,4980.27,-0.39,0,8,0,0
2026-06-20 01:00,A_baseline,5004.52,0.09,48,8,21,44
2026-06-20 01:00,B_nospikes,4994.56,-0.11,39,8,18,46
2026-06-20 01:00,C_conservative,5000.85,0.02,35,8,15,43
2026-06-20 01:00,D_contrarian,5000.0,0.0,0,0,0,0
2026-06-20 01:00,E_moonshot,4980.27,-0.39,0,8,0,0
2026-06-20 01:30,A_baseline,5004.09,0.08,48,8,21,44
2026-06-20 01:30,B_nospikes,4994.17,-0.12,39,8,18,46
2026-06-20 01:30,C_conservative,5000.2,0.0,35,8,15,43
2026-06-20 01:30,D_contrarian,5000.0,0.0,0,0,0,0
2026-06-20 01:30,E_moonshot,4979.97,-0.4,0,8,0,0
2026-06-20 02:00,A_baseline,5009.36,0.19,48,8,21,44
2026-06-20 02:00,B_nospikes,5001.45,0.03,39,8,18,46
2026-06-20 02:00,C_conservative,5007.13,0.14,35,8,15,43
2026-06-20 02:00,D_contrarian,5000.0,0.0,0,0,0,0
2026-06-20 02:00,E_moonshot,4982.91,-0.34,0,8,0,0
2026-06-20 02:30,A_baseline,5012.15,0.24,49,8,22,45
2026-06-20 02:30,B_nospikes,5002.28,0.05,40,8,19,48
2026-06-20 02:30,C_conservative,5009.34,0.19,36,7,16,44
2026-06-20 02:30,D_contrarian,4998.08,-0.04,0,1,0,0
2026-06-20 02:30,E_moonshot,4986.3,-0.27,0,8,0,0
2026-06-20 03:00,A_baseline,5010.29,0.21,49,8,22,45
2026-06-20 03:00,B_nospikes,4999.21,-0.02,40,8,19,48
2026-06-20 03:00,C_conservative,5006.44,0.13,36,7,16,44
2026-06-20 03:00,D_contrarian,5001.63,0.03,0,1,0,0
2026-06-20 03:00,E_moonshot,4986.97,-0.26,0,8,0,0
2026-06-20 03:30,A_baseline,5010.46,0.21,49,8,22,45
2026-06-20 03:30,B_nospikes,4999.38,-0.01,40,8,19,48
2026-06-20 03:30,C_conservative,5006.62,0.13,36,7,16,44
2026-06-20 03:30,D_contrarian,5001.63,0.03,0,1,0,0
2026-06-20 03:30,E_moonshot,4986.31,-0.27,0,8,0,0
2026-06-20 04:00,A_baseline,5010.63,0.21,49,8,22,45
2026-06-20 04:00,B_nospikes,4999.68,-0.01,40,8,19,48
2026-06-20 04:00,C_conservative,5006.9,0.14,36,7,16,44
2026-06-20 04:00,D_contrarian,5002.99,0.06,0,1,0,0
2026-06-20 04:00,E_moonshot,4987.31,-0.25,0,8,0,0
2026-06-20 04:30,A_baseline,5008.78,0.18,49,8,22,45
2026-06-20 04:30,B_nospikes,4999.44,-0.01,40,8,19,48
2026-06-20 04:30,C_conservative,5005.75,0.11,36,7,16,44
2026-06-20 04:30,D_contrarian,5001.1,0.02,0,1,0,0
2026-06-20 04:30,E_moonshot,4985.7,-0.29,0,8,0,0
2026-06-20 05:00,A_baseline,5008.52,0.17,49,8,22,45
2026-06-20 05:00,B_nospikes,4999.19,-0.02,40,8,19,48
2026-06-20 05:00,C_conservative,5005.48,0.11,36,7,16,44
2026-06-20 05:00,D_contrarian,5001.1,0.02,0,1,0,0
2026-06-20 05:00,E_moonshot,4983.95,-0.32,0,8,0,0
2026-06-20 05:30,A_baseline,5009.54,0.19,49,8,22,45
2026-06-20 05:30,B_nospikes,5000.22,0.0,40,8,19,48
2026-06-20 05:30,C_conservative,5006.13,0.12,36,8,16,44
2026-06-20 05:30,D_contrarian,5001.1,0.02,0,1,0,0
2026-06-20 05:30,E_moonshot,4984.37,-0.31,0,8,0,0
2026-06-20 06:00,A_baseline,5010.44,0.21,49,8,22,45
2026-06-20 06:00,B_nospikes,5001.13,0.02,40,8,19,48
2026-06-20 06:00,C_conservative,5007.05,0.14,36,8,16,44
2026-06-20 06:00,D_contrarian,5001.1,0.02,0,1,0,0
2026-06-20 06:00,E_moonshot,4984.88,-0.3,0,8,0,0
2026-06-20 06:30,A_baseline,5010.38,0.21,49,8,22,45
2026-06-20 06:30,B_nospikes,5001.25,0.02,40,8,19,48
2026-06-20 06:30,C_conservative,5007.0,0.14,36,8,16,44
2026-06-20 06:30,D_contrarian,4997.82,-0.04,0,1,0,0
2026-06-20 06:30,E_moonshot,4985.97,-0.28,0,8,0,0
2026-06-20 07:00,A_baseline,5010.92,0.22,49,8,22,45
2026-06-20 07:00,B_nospikes,5002.1,0.04,40,8,19,48
2026-06-20 07:00,C_conservative,5007.88,0.16,36,8,16,44
2026-06-20 07:00,D_contrarian,5002.14,0.04,1,1,1,100
2026-06-20 07:00,E_moonshot,4985.68,-0.29,0,8,0,0
2026-06-20 07:30,A_baseline,5016.67,0.33,49,8,22,45
2026-06-20 07:30,B_nospikes,5007.77,0.16,40,8,19,48
2026-06-20 07:30,C_conservative,5014.42,0.29,36,8,16,44
2026-06-20 07:30,D_contrarian,5002.72,0.05,1,1,1,100
2026-06-20 07:30,E_moonshot,4990.85,-0.18,0,8,0,0
2026-06-20 08:00,A_baseline,5016.05,0.32,49,8,22,45
2026-06-20 08:00,B_nospikes,5007.23,0.14,40,8,19,48
2026-06-20 08:00,C_conservative,5014.02,0.28,36,8,16,44
2026-06-20 08:00,D_contrarian,5002.72,0.05,1,1,1,100
2026-06-20 08:00,E_moonshot,4991.51,-0.17,0,8,0,0
2026-06-20 08:30,A_baseline,5014.27,0.29,49,8,22,45
2026-06-20 08:30,B_nospikes,5005.79,0.12,40,8,19,48
2026-06-20 08:30,C_conservative,5012.56,0.25,36,8,16,44
2026-06-20 08:30,D_contrarian,5002.72,0.05,1,1,1,100
2026-06-20 08:30,E_moonshot,4992.89,-0.14,0,8,0,0
2026-06-20 09:00,A_baseline,5014.17,0.28,49,8,22,45
2026-06-20 09:00,B_nospikes,5005.68,0.11,40,8,19,48
2026-06-20 09:00,C_conservative,5012.35,0.25,36,8,16,44
2026-06-20 09:00,D_contrarian,5002.72,0.05,1,1,1,100
2026-06-20 09:00,E_moonshot,4992.17,-0.16,0,8,0,0
2026-06-20 09:30,A_baseline,5015.13,0.3,49,8,22,45
2026-06-20 09:30,B_nospikes,5006.15,0.12,40,8,19,48
2026-06-20 09:30,C_conservative,5012.83,0.26,36,8,16,44
2026-06-20 09:30,D_contrarian,5010.07,0.2,2,1,2,100
2026-06-20 09:30,E_moonshot,4991.89,-0.16,0,8,0,0
2026-06-20 10:00,A_baseline,5015.63,0.31,49,8,22,45
2026-06-20 10:00,B_nospikes,5006.53,0.13,40,8,19,48
2026-06-20 10:00,C_conservative,5013.22,0.26,36,8,16,44
2026-06-20 10:00,D_contrarian,5008.76,0.18,2,1,2,100
2026-06-20 10:00,E_moonshot,4990.81,-0.18,0,8,0,0
2026-06-20 10:30,A_baseline,5014.39,0.29,49,8,22,45
2026-06-20 10:30,B_nospikes,5005.3,0.11,40,8,19,48
2026-06-20 10:30,C_conservative,5012.23,0.24,36,8,16,44
2026-06-20 10:30,D_contrarian,5006.64,0.13,2,1,2,100
2026-06-20 10:30,E_moonshot,4989.87,-0.2,0,8,0,0
2026-06-20 11:00,A_baseline,5014.36,0.29,49,8,22,45
2026-06-20 11:00,B_nospikes,5005.71,0.11,40,8,19,48
2026-06-20 11:00,C_conservative,5012.18,0.24,36,8,16,44
2026-06-20 11:00,D_contrarian,5006.93,0.14,2,1,2,100
2026-06-20 11:00,E_moonshot,4987.78,-0.24,0,8,0,0
2026-06-20 11:30,A_baseline,5015.36,0.31,50,8,23,46
2026-06-20 11:30,B_nospikes,5007.63,0.15,40,8,19,48
2026-06-20 11:30,C_conservative,5012.23,0.24,37,8,17,46
2026-06-20 11:30,D_contrarian,5009.4,0.19,2,1,2,100
2026-06-20 11:30,E_moonshot,4987.84,-0.24,0,8,0,0
2026-06-20 12:00,A_baseline,5015.68,0.31,50,8,23,46
2026-06-20 12:00,B_nospikes,5007.95,0.16,40,8,19,48
2026-06-20 12:00,C_conservative,5012.29,0.25,37,8,17,46
2026-06-20 12:00,D_contrarian,5009.4,0.19,2,1,2,100
2026-06-20 12:00,E_moonshot,4988.64,-0.23,0,8,0,0
2026-06-20 12:30,A_baseline,5017.14,0.34,50,8,23,46
2026-06-20 12:30,B_nospikes,5008.13,0.16,40,8,19,48
2026-06-20 12:30,C_conservative,5013.31,0.27,37,8,17,46
2026-06-20 12:30,D_contrarian,5010.03,0.2,2,1,2,100
2026-06-20 12:30,E_moonshot,4992.14,-0.16,0,8,0,0
2026-06-20 13:00,A_baseline,5015.65,0.31,50,8,23,46
2026-06-20 13:00,B_nospikes,5007.9,0.16,40,8,19,48
2026-06-20 13:00,C_conservative,5013.06,0.26,37,8,17,46
2026-06-20 13:00,D_contrarian,5010.03,0.2,2,1,2,100
2026-06-20 13:00,E_moonshot,4991.99,-0.16,0,8,0,0
2026-06-20 13:30,A_baseline,5014.57,0.29,50,8,23,46
2026-06-20 13:30,B_nospikes,5007.1,0.14,40,8,19,48
2026-06-20 13:30,C_conservative,5012.17,0.24,37,8,17,46
2026-06-20 13:30,D_contrarian,5010.03,0.2,2,1,2,100
2026-06-20 13:30,E_moonshot,4991.31,-0.17,0,8,0,0
2026-06-20 14:00,A_baseline,5013.28,0.27,50,8,23,46
2026-06-20 14:00,B_nospikes,5005.75,0.11,40,8,19,48
2026-06-20 14:00,C_conservative,5010.82,0.22,37,8,17,46
2026-06-20 14:00,D_contrarian,5010.03,0.2,2,1,2,100
2026-06-20 14:00,E_moonshot,4991.74,-0.17,0,8,0,0
2026-06-20 14:30,A_baseline,5013.1,0.26,50,8,23,46
2026-06-20 14:30,B_nospikes,5005.47,0.11,40,8,19,48
2026-06-20 14:30,C_conservative,5010.6,0.21,37,8,17,46
2026-06-20 14:30,D_contrarian,5010.71,0.21,2,1,2,100
2026-06-20 14:30,E_moonshot,4992.07,-0.16,0,8,0,0
2026-06-20 15:00,A_baseline,5012.67,0.25,50,8,23,46
2026-06-20 15:00,B_nospikes,5004.78,0.1,40,8,19,48
2026-06-20 15:00,C_conservative,5010.73,0.21,37,8,17,46
2026-06-20 15:00,D_contrarian,5008.28,0.17,2,1,2,100
2026-06-20 15:00,E_moonshot,4991.31,-0.17,0,8,0,0
2026-06-20 15:30,A_baseline,5010.43,0.21,50,8,23,46
2026-06-20 15:30,B_nospikes,5003.99,0.08,40,8,19,48
2026-06-20 15:30,C_conservative,5009.1,0.18,37,8,17,46
2026-06-20 15:30,D_contrarian,5010.28,0.21,2,1,2,100
2026-06-20 15:30,E_moonshot,4985.27,-0.29,0,8,0,0
2026-06-20 16:00,A_baseline,5009.58,0.19,50,8,23,46
2026-06-20 16:00,B_nospikes,5001.77,0.04,40,8,19,48
2026-06-20 16:00,C_conservative,5006.78,0.14,37,8,17,46
2026-06-20 16:00,D_contrarian,5001.28,0.03,3,0,2,67
2026-06-20 16:00,E_moonshot,4983.58,-0.33,0,8,0,0
2026-06-20 16:30,A_baseline,5009.45,0.19,50,8,23,46
2026-06-20 16:30,B_nospikes,5001.64,0.03,40,8,19,48
2026-06-20 16:30,C_conservative,5006.65,0.13,37,8,17,46
2026-06-20 16:30,D_contrarian,5001.28,0.03,3,0,2,67
2026-06-20 16:30,E_moonshot,4981.29,-0.37,0,8,0,0
2026-06-20 17:00,A_baseline,5010.95,0.22,50,8,23,46
2026-06-20 17:00,B_nospikes,5001.88,0.04,40,8,19,48
2026-06-20 17:00,C_conservative,5008.61,0.17,37,8,17,46
2026-06-20 17:00,D_contrarian,5001.28,0.03,3,0,2,67
2026-06-20 17:00,E_moonshot,4988.58,-0.23,0,8,0,0
2026-06-20 17:30,A_baseline,5014.02,0.28,50,8,23,46
2026-06-20 17:30,B_nospikes,5005.6,0.11,40,8,19,48
2026-06-20 17:30,C_conservative,5012.46,0.25,37,8,17,46
2026-06-20 17:30,D_contrarian,5000.35,0.01,3,1,2,67
2026-06-20 17:30,E_moonshot,4993.08,-0.14,0,8,0,0
2026-06-20 18:00,A_baseline,5014.31,0.29,50,8,23,46
2026-06-20 18:00,B_nospikes,5006.37,0.13,40,8,19,48
2026-06-20 18:00,C_conservative,5012.97,0.26,37,8,17,46
2026-06-20 18:00,D_contrarian,5000.35,0.01,3,1,2,67
2026-06-20 18:00,E_moonshot,4991.87,-0.16,0,8,0,0
2026-06-20 18:30,A_baseline,5015.08,0.3,50,8,23,46
2026-06-20 18:30,B_nospikes,5007.19,0.14,40,8,19,48
2026-06-20 18:30,C_conservative,5013.46,0.27,37,8,17,46
2026-06-20 18:30,D_contrarian,5002.57,0.05,3,1,2,67
2026-06-20 18:30,E_moonshot,4991.2,-0.18,0,8,0,0
2026-06-20 19:00,A_baseline,5015.22,0.3,51,8,24,47
2026-06-20 19:00,B_nospikes,5007.63,0.15,40,8,19,48
2026-06-20 19:00,C_conservative,5013.32,0.27,37,8,17,46
2026-06-20 19:00,D_contrarian,5000.88,0.02,3,1,2,67
2026-06-20 19:00,E_moonshot,4988.56,-0.23,0,8,0,0
2026-06-20 19:30,A_baseline,5014.46,0.29,51,8,24,47
2026-06-20 19:30,B_nospikes,5006.86,0.14,40,8,19,48
2026-06-20 19:30,C_conservative,5012.31,0.25,37,8,17,46
2026-06-20 19:30,D_contrarian,5000.46,0.01,3,1,2,67
2026-06-20 19:30,E_moonshot,4986.57,-0.27,0,8,0,0
2026-06-20 20:00,A_baseline,5011.8,0.24,51,8,24,47
2026-06-20 20:00,B_nospikes,5005.59,0.11,40,8,19,48
2026-06-20 20:00,C_conservative,5010.99,0.22,37,8,17,46
2026-06-20 20:00,D_contrarian,5001.2,0.02,3,1,2,67
2026-06-20 20:00,E_moonshot,4987.05,-0.26,0,8,0,0
2026-06-20 20:30,A_baseline,5011.8,0.24,51,8,24,47
2026-06-20 20:30,B_nospikes,5005.59,0.11,40,8,19,48
2026-06-20 20:30,C_conservative,5010.99,0.22,37,8,17,46
2026-06-20 20:30,D_contrarian,5001.2,0.02,3,1,2,67
2026-06-20 20:30,E_moonshot,4986.78,-0.26,0,8,0,0
2026-06-20 21:00,A_baseline,5012.29,0.25,51,8,24,47
2026-06-20 21:00,B_nospikes,5006.08,0.12,40,8,19,48
2026-06-20 21:00,C_conservative,5010.31,0.21,38,7,17,45
2026-06-20 21:00,D_contrarian,5001.2,0.02,3,1,2,67
2026-06-20 21:00,E_moonshot,4984.73,-0.31,0,8,0,0
2026-06-20 21:30,A_baseline,5012.29,0.25,51,8,24,47
2026-06-20 21:30,B_nospikes,5005.03,0.1,40,8,19,48
2026-06-20 21:30,C_conservative,5009.21,0.18,38,7,17,45
2026-06-20 21:30,D_contrarian,5000.12,0.0,3,1,2,67
2026-06-20 21:30,E_moonshot,4982.79,-0.34,0,8,0,0
2026-06-20 22:00,A_baseline,5012.33,0.25,51,8,24,47
2026-06-20 22:00,B_nospikes,5005.08,0.1,40,8,19,48
2026-06-20 22:00,C_conservative,5009.25,0.19,38,7,17,45
2026-06-20 22:00,D_contrarian,5000.12,0.0,3,1,2,67
2026-06-20 22:00,E_moonshot,4983.49,-0.33,0,8,0,0
2026-06-20 22:30,A_baseline,5012.41,0.25,51,8,24,47
2026-06-20 22:30,B_nospikes,5005.15,0.1,40,8,19,48
2026-06-20 22:30,C_conservative,5009.33,0.19,38,7,17,45
2026-06-20 22:30,D_contrarian,5000.08,0.0,3,1,2,67
2026-06-20 22:30,E_moonshot,4985.95,-0.28,0,8,0,0
2026-06-20 23:00,A_baseline,5012.57,0.25,51,8,24,47
2026-06-20 23:00,B_nospikes,5005.31,0.11,40,8,19,48
2026-06-20 23:00,C_conservative,5009.5,0.19,38,7,17,45
2026-06-20 23:00,D_contrarian,5000.08,0.0,3,1,2,67
2026-06-20 23:00,E_moonshot,4986.11,-0.28,0,8,0,0
2026-06-20 23:30,A_baseline,5015.16,0.3,51,8,24,47
2026-06-20 23:30,B_nospikes,5006.71,0.13,40,8,19,48
2026-06-20 23:30,C_conservative,5010.42,0.21,38,8,17,45
2026-06-20 23:30,D_contrarian,5000.08,0.0,3,1,2,67
2026-06-20 23:30,E_moonshot,4986.99,-0.26,0,8,0,0
2026-06-21 00:00,A_baseline,5015.22,0.3,51,8,24,47
2026-06-21 00:00,B_nospikes,5006.77,0.14,40,8,19,48
2026-06-21 00:00,C_conservative,5010.97,0.22,38,8,17,45
2026-06-21 00:00,D_contrarian,5000.08,0.0,3,1,2,67
2026-06-21 00:00,E_moonshot,4987.57,-0.25,0,8,0,0
2026-06-21 00:30,A_baseline,5014.88,0.3,51,8,24,47
2026-06-21 00:30,B_nospikes,5007.45,0.15,40,8,19,48
2026-06-21 00:30,C_conservative,5011.66,0.23,38,8,17,45
2026-06-21 00:30,D_contrarian,5000.08,0.0,3,1,2,67
2026-06-21 00:30,E_moonshot,4993.53,-0.13,0,8,0,0
2026-06-21 01:00,A_baseline,5017.47,0.35,51,8,24,47
2026-06-21 01:00,B_nospikes,5010.05,0.2,40,8,19,48
2026-06-21 01:00,C_conservative,5013.28,0.27,38,8,17,45
2026-06-21 01:00,D_contrarian,5003.89,0.08,4,1,3,75
2026-06-21 01:00,E_moonshot,4996.55,-0.07,1,8,0,0
2026-06-21 01:30,A_baseline,5015.14,0.3,52,7,25,48
2026-06-21 01:30,B_nospikes,5006.08,0.12,42,7,21,50
2026-06-21 01:30,C_conservative,5011.19,0.22,39,7,18,46
2026-06-21 01:30,D_contrarian,5003.89,0.08,4,1,3,75
2026-06-21 01:30,E_moonshot,4994.75,-0.1,1,8,0,0
2026-06-21 02:00,A_baseline,5015.25,0.31,52,7,25,48
2026-06-21 02:00,B_nospikes,5006.2,0.12,42,7,21,50
2026-06-21 02:00,C_conservative,5011.22,0.22,39,7,18,46
2026-06-21 02:00,D_contrarian,5003.89,0.08,4,1,3,75
2026-06-21 02:00,E_moonshot,4993.84,-0.12,1,8,0,0
2026-06-21 02:30,A_baseline,5013.84,0.28,53,7,26,49
2026-06-21 02:30,B_nospikes,5004.44,0.09,43,7,22,51
2026-06-21 02:30,C_conservative,5009.26,0.19,40,7,19,48
2026-06-21 02:30,D_contrarian,5006.03,0.12,4,2,3,75
2026-06-21 02:30,E_moonshot,4989.41,-0.21,5,6,2,40
2026-06-21 03:00,A_baseline,5013.36,0.27,53,8,26,49
2026-06-21 03:00,B_nospikes,5003.6,0.07,43,7,22,51
2026-06-21 03:00,C_conservative,5008.46,0.17,40,7,19,48
2026-06-21 03:00,D_contrarian,5006.03,0.12,4,2,3,75
2026-06-21 03:00,E_moonshot,4986.83,-0.26,5,6,2,40
2026-06-21 03:30,A_baseline,5014.29,0.29,53,8,26,49
2026-06-21 03:30,B_nospikes,5004.39,0.09,43,7,22,51
2026-06-21 03:30,C_conservative,5009.15,0.18,40,7,19,48
2026-06-21 03:30,D_contrarian,5006.03,0.12,4,2,3,75
2026-06-21 03:30,E_moonshot,4987.12,-0.26,5,6,2,40
2026-06-21 04:00,A_baseline,5014.61,0.29,53,8,26,49
2026-06-21 04:00,B_nospikes,5004.38,0.09,43,7,22,51
2026-06-21 04:00,C_conservative,5009.48,0.19,40,7,19,48
2026-06-21 04:00,D_contrarian,5006.03,0.12,4,2,3,75
2026-06-21 04:00,E_moonshot,4987.54,-0.25,5,6,2,40
2026-06-21 04:30,A_baseline,5014.99,0.3,53,8,26,49
2026-06-21 04:30,B_nospikes,5004.76,0.1,43,7,22,51
2026-06-21 04:30,C_conservative,5009.44,0.19,40,7,19,48
2026-06-21 04:30,D_contrarian,5004.84,0.1,4,2,3,75
2026-06-21 04:30,E_moonshot,4987.5,-0.25,5,6,2,40
2026-06-21 05:00,A_baseline,5013.75,0.28,53,8,26,49
2026-06-21 05:00,B_nospikes,5004.57,0.09,43,7,22,51
2026-06-21 05:00,C_conservative,5009.52,0.19,40,7,19,48
2026-06-21 05:00,D_contrarian,5004.84,0.1,4,2,3,75
2026-06-21 05:00,E_moonshot,4986.25,-0.28,5,6,2,40
2026-06-21 05:30,A_baseline,5013.47,0.27,53,8,26,49
2026-06-21 05:30,B_nospikes,5004.32,0.09,43,7,22,51
2026-06-21 05:30,C_conservative,5009.45,0.19,40,7,19,48
2026-06-21 05:30,D_contrarian,5006.42,0.13,4,2,3,75
2026-06-21 05:30,E_moonshot,4987.44,-0.25,5,6,2,40
2026-06-21 06:00,A_baseline,5014.42,0.29,53,8,26,49
2026-06-21 06:00,B_nospikes,5004.32,0.09,43,7,22,51
2026-06-21 06:00,C_conservative,5009.56,0.19,40,7,19,48
2026-06-21 06:00,D_contrarian,5005.42,0.11,4,2,3,75
2026-06-21 06:00,E_moonshot,4987.78,-0.24,5,6,2,40
2026-06-21 06:30,A_baseline,5015.5,0.31,53,8,26,49
2026-06-21 06:30,B_nospikes,5005.11,0.1,43,7,22,51
2026-06-21 06:30,C_conservative,5009.47,0.19,40,7,19,48
2026-06-21 06:30,D_contrarian,5006.37,0.13,4,2,3,75
2026-06-21 06:30,E_moonshot,4988.73,-0.23,5,6,2,40
2026-06-21 07:00,A_baseline,5015.53,0.31,54,7,26,48
2026-06-21 07:00,B_nospikes,5005.0,0.1,43,7,22,51
2026-06-21 07:00,C_conservative,5008.73,0.17,40,7,19,48
2026-06-21 07:00,D_contrarian,5006.37,0.13,4,2,3,75
2026-06-21 07:00,E_moonshot,4988.38,-0.23,5,6,2,40
2026-06-21 07:30,A_baseline,5007.98,0.16,54,8,26,48
2026-06-21 07:30,B_nospikes,5000.18,0.0,43,7,22,51
2026-06-21 07:30,C_conservative,5004.66,0.09,40,7,19,48
2026-06-21 07:30,D_contrarian,5004.16,0.08,4,2,3,75
2026-06-21 07:30,E_moonshot,4984.76,-0.3,5,6,2,40
2026-06-21 08:00,A_baseline,5008.36,0.17,54,8,26,48
2026-06-21 08:00,B_nospikes,4999.46,-0.01,44,7,22,50
2026-06-21 08:00,C_conservative,5003.77,0.08,41,7,19,46
2026-06-21 08:00,D_contrarian,5003.71,0.07,4,2,3,75
2026-06-21 08:00,E_moonshot,4984.62,-0.31,5,6,2,40
2026-06-21 08:30,A_baseline,5009.24,0.18,54,8,26,48
2026-06-21 08:30,B_nospikes,4999.18,-0.02,45,6,22,49
2026-06-21 08:30,C_conservative,5003.62,0.07,42,6,19,45
2026-06-21 08:30,D_contrarian,5003.71,0.07,4,2,3,75
2026-06-21 08:30,E_moonshot,4986.1,-0.28,5,6,2,40
2026-06-21 09:00,A_baseline,5012.97,0.26,54,8,26,48
2026-06-21 09:00,B_nospikes,5002.86,0.06,45,6,22,49
2026-06-21 09:00,C_conservative,5007.36,0.15,42,6,19,45
2026-06-21 09:00,D_contrarian,5004.13,0.08,4,2,3,75
2026-06-21 09:00,E_moonshot,4986.29,-0.27,5,6,2,40
2026-06-21 09:30,A_baseline,5009.95,0.2,54,8,26,48
2026-06-21 09:30,B_nospikes,4999.99,-0.0,45,6,22,49
2026-06-21 09:30,C_conservative,5004.47,0.09,42,6,19,45
2026-06-21 09:30,D_contrarian,5004.13,0.08,4,2,3,75
2026-06-21 09:30,E_moonshot,4986.43,-0.27,5,6,2,40
2026-06-21 10:00,A_baseline,5012.86,0.26,55,7,27,49
2026-06-21 10:00,B_nospikes,5003.73,0.07,45,6,22,49
2026-06-21 10:00,C_conservative,5007.55,0.15,43,5,20,47
2026-06-21 10:00,D_contrarian,5006.7,0.13,4,2,3,75
2026-06-21 10:00,E_moonshot,4986.47,-0.27,5,6,2,40
2026-06-21 10:30,A_baseline,5010.27,0.21,55,7,27,49
2026-06-21 10:30,B_nospikes,5002.01,0.04,45,6,22,49
2026-06-21 10:30,C_conservative,5005.67,0.11,43,5,20,47
2026-06-21 10:30,D_contrarian,5006.7,0.13,4,2,3,75
2026-06-21 10:30,E_moonshot,4985.09,-0.3,5,6,2,40
2026-06-21 11:00,A_baseline,5008.46,0.17,55,7,27,49
2026-06-21 11:00,B_nospikes,5000.44,0.01,45,6,22,49
2026-06-21 11:00,C_conservative,5004.76,0.1,43,5,20,47
2026-06-21 11:00,D_contrarian,5004.63,0.09,4,2,3,75
2026-06-21 11:00,E_moonshot,4983.93,-0.32,5,6,2,40
2026-06-21 11:30,A_baseline,5008.53,0.17,55,7,27,49
2026-06-21 11:30,B_nospikes,4998.47,-0.03,45,6,22,49
2026-06-21 11:30,C_conservative,5004.76,0.1,43,5,20,47
2026-06-21 11:30,D_contrarian,5006.58,0.13,4,2,3,75
2026-06-21 11:30,E_moonshot,4985.75,-0.29,5,6,2,40
2026-06-21 12:00,A_baseline,5013.35,0.27,55,7,27,49
2026-06-21 12:00,B_nospikes,5001.35,0.03,45,6,22,49
2026-06-21 12:00,C_conservative,5007.98,0.16,43,5,20,47
2026-06-21 12:00,D_contrarian,5007.83,0.16,5,1,4,80
2026-06-21 12:00,E_moonshot,4987.64,-0.25,5,6,2,40
2026-06-21 12:30,A_baseline,5016.25,0.32,55,8,27,49
2026-06-21 12:30,B_nospikes,5006.17,0.12,45,6,22,49
2026-06-21 12:30,C_conservative,5010.01,0.2,43,5,20,47
2026-06-21 12:30,D_contrarian,5007.83,0.16,5,1,4,80
2026-06-21 12:30,E_moonshot,4990.1,-0.2,5,6,2,40
2026-06-21 13:00,A_baseline,5014.45,0.29,55,8,27,49
2026-06-21 13:00,B_nospikes,5005.63,0.11,45,6,22,49
2026-06-21 13:00,C_conservative,5009.16,0.18,43,5,20,47
2026-06-21 13:00,D_contrarian,5007.83,0.16,5,1,4,80
2026-06-21 13:00,E_moonshot,4989.01,-0.22,5,6,2,40
2026-06-21 13:30,A_baseline,5012.68,0.25,55,8,27,49
2026-06-21 13:30,B_nospikes,5005.25,0.11,45,6,22,49
2026-06-21 13:30,C_conservative,5008.12,0.16,43,5,20,47
2026-06-21 13:30,D_contrarian,5007.83,0.16,5,1,4,80
2026-06-21 13:30,E_moonshot,4987.1,-0.26,5,6,2,40
2026-06-21 14:00,A_baseline,5011.35,0.23,55,8,27,49
2026-06-21 14:00,B_nospikes,5005.25,0.11,45,6,22,49
2026-06-21 14:00,C_conservative,5007.87,0.16,43,5,20,47
2026-06-21 14:00,D_contrarian,5007.83,0.16,5,1,4,80
2026-06-21 14:00,E_moonshot,4985.89,-0.28,5,6,2,40
2026-06-21 14:30,A_baseline,5008.99,0.18,56,7,27,48
2026-06-21 14:30,B_nospikes,5003.76,0.08,45,6,22,49
2026-06-21 14:30,C_conservative,5006.64,0.13,43,5,20,47
2026-06-21 14:30,D_contrarian,5007.83,0.16,5,1,4,80
2026-06-21 14:30,E_moonshot,4984.52,-0.31,5,6,2,40
2026-06-21 15:00,A_baseline,5009.29,0.19,57,6,28,49
2026-06-21 15:00,B_nospikes,5004.26,0.09,45,6,22,49
2026-06-21 15:00,C_conservative,5007.67,0.15,43,5,20,47
2026-06-21 15:00,D_contrarian,5007.83,0.16,5,1,4,80
2026-06-21 15:00,E_moonshot,4986.47,-0.27,5,6,2,40
2026-06-21 15:30,A_baseline,5009.18,0.18,57,6,28,49
2026-06-21 15:30,B_nospikes,5003.43,0.07,45,6,22,49
2026-06-21 15:30,C_conservative,5007.82,0.16,43,5,20,47
2026-06-21 15:30,D_contrarian,5007.83,0.16,5,1,4,80
2026-06-21 15:30,E_moonshot,4986.67,-0.27,5,6,2,40
2026-06-21 16:00,A_baseline,5005.22,0.1,57,6,28,49
2026-06-21 16:00,B_nospikes,4999.71,-0.01,45,6,22,49
2026-06-21 16:00,C_conservative,5003.83,0.08,43,5,20,47
2026-06-21 16:00,D_contrarian,5007.83,0.16,5,1,4,80
2026-06-21 16:00,E_moonshot,4985.04,-0.3,5,6,2,40
2026-06-21 16:30,A_baseline,5005.04,0.1,57,6,28,49
2026-06-21 16:30,B_nospikes,4999.79,-0.0,45,6,22,49
2026-06-21 16:30,C_conservative,5003.78,0.08,43,5,20,47
2026-06-21 16:30,D_contrarian,5007.83,0.16,5,1,4,80
2026-06-21 16:30,E_moonshot,4985.24,-0.3,5,6,2,40
2026-06-21 17:00,A_baseline,5005.11,0.1,58,5,28,48
2026-06-21 17:00,B_nospikes,5001.28,0.03,47,4,23,49
2026-06-21 17:00,C_conservative,5004.28,0.09,43,5,20,47
2026-06-21 17:00,D_contrarian,5007.83,0.16,5,1,4,80
2026-06-21 17:00,E_moonshot,4986.7,-0.27,5,6,2,40
2026-06-21 17:30,A_baseline,5008.71,0.17,58,5,28,48
2026-06-21 17:30,B_nospikes,5004.02,0.08,47,4,23,49
2026-06-21 17:30,C_conservative,5007.12,0.14,43,5,20,47
2026-06-21 17:30,D_contrarian,5007.83,0.16,5,1,4,80
2026-06-21 17:30,E_moonshot,4989.38,-0.21,5,6,2,40
2026-06-21 18:00,A_baseline,5009.7,0.19,58,5,28,48
2026-06-21 18:00,B_nospikes,5004.99,0.1,47,4,23,49
2026-06-21 18:00,C_conservative,5007.89,0.16,43,5,20,47
2026-06-21 18:00,D_contrarian,5007.83,0.16,5,1,4,80
2026-06-21 18:00,E_moonshot,4992.71,-0.15,5,6,2,40
2026-06-21 18:30,A_baseline,5008.99,0.18,59,4,28,47
2026-06-21 18:30,B_nospikes,5004.64,0.09,48,3,23,48
2026-06-21 18:30,C_conservative,5007.26,0.15,44,4,20,45
2026-06-21 18:30,D_contrarian,5007.83,0.16,5,1,4,80
2026-06-21 18:30,E_moonshot,4990.55,-0.19,5,6,2,40
2026-06-21 19:00,A_baseline,5006.25,0.12,59,4,28,47
2026-06-21 19:00,B_nospikes,5002.59,0.05,48,3,23,48
2026-06-21 19:00,C_conservative,5005.56,0.11,44,4,20,45
2026-06-21 19:00,D_contrarian,5007.83,0.16,5,1,4,80
2026-06-21 19:00,E_moonshot,4989.11,-0.22,5,6,2,40
2026-06-21 19:30,A_baseline,5005.79,0.12,60,3,28,47
2026-06-21 19:30,B_nospikes,5002.63,0.05,48,3,23,48
2026-06-21 19:30,C_conservative,5006.01,0.12,44,4,20,45
2026-06-21 19:30,D_contrarian,5007.83,0.16,5,1,4,80
2026-06-21 19:30,E_moonshot,4989.53,-0.21,5,6,2,40
2026-06-21 20:00,A_baseline,5004.82,0.1,60,4,28,47
2026-06-21 20:00,B_nospikes,5001.65,0.03,48,4,23,48
2026-06-21 20:00,C_conservative,5005.27,0.11,44,5,20,45
2026-06-21 20:00,D_contrarian,5007.83,0.16,5,1,4,80
2026-06-21 20:00,E_moonshot,4989.82,-0.2,5,6,2,40
2026-06-21 20:30,A_baseline,5005.69,0.11,60,4,28,47
2026-06-21 20:30,B_nospikes,5002.53,0.05,48,4,23,48
2026-06-21 20:30,C_conservative,5005.91,0.12,44,5,20,45
2026-06-21 20:30,D_contrarian,5007.83,0.16,5,1,4,80
2026-06-21 20:30,E_moonshot,4988.96,-0.22,5,6,2,40
2026-06-21 21:00,A_baseline,5005.44,0.11,61,3,28,46
2026-06-21 21:00,B_nospikes,5002.28,0.05,49,3,23,47
2026-06-21 21:00,C_conservative,5007.22,0.14,44,5,20,45
2026-06-21 21:00,D_contrarian,5007.83,0.16,5,1,4,80
2026-06-21 21:00,E_moonshot,4989.53,-0.21,5,6,2,40
2026-06-21 21:30,A_baseline,5005.44,0.11,61,3,28,46
2026-06-21 21:30,B_nospikes,5002.28,0.05,49,3,23,47
2026-06-21 21:30,C_conservative,5007.02,0.14,44,5,20,45
2026-06-21 21:30,D_contrarian,5007.83,0.16,5,1,4,80
2026-06-21 21:30,E_moonshot,4988.01,-0.24,5,6,2,40
2026-06-21 22:00,A_baseline,5006.19,0.12,61,3,28,46
2026-06-21 22:00,B_nospikes,5003.04,0.06,49,3,23,47
2026-06-21 22:00,C_conservative,5007.83,0.16,44,5,20,45
2026-06-21 22:00,D_contrarian,5007.83,0.16,5,1,4,80
2026-06-21 22:00,E_moonshot,4988.32,-0.23,5,6,2,40
2026-06-21 22:30,A_baseline,5003.84,0.08,61,3,28,46
2026-06-21 22:30,B_nospikes,5000.66,0.01,49,3,23,47
2026-06-21 22:30,C_conservative,5004.98,0.1,44,5,20,45
2026-06-21 22:30,D_contrarian,5007.83,0.16,5,1,4,80
2026-06-21 22:30,E_moonshot,4987.56,-0.25,5,6,2,40
2026-06-21 23:00,A_baseline,5003.84,0.08,61,3,28,46
2026-06-21 23:00,B_nospikes,5000.66,0.01,49,3,23,47
2026-06-21 23:00,C_conservative,5004.71,0.09,44,5,20,45
2026-06-21 23:00,D_contrarian,5007.83,0.16,5,1,4,80
2026-06-21 23:00,E_moonshot,4983.62,-0.33,5,6,2,40
2026-06-21 23:30,A_baseline,5002.22,0.04,61,3,28,46
2026-06-21 23:30,B_nospikes,4999.02,-0.02,49,3,23,47
2026-06-21 23:30,C_conservative,5001.5,0.03,44,5,20,45
2026-06-21 23:30,D_contrarian,5007.83,0.16,5,1,4,80
2026-06-21 23:30,E_moonshot,4980.98,-0.38,5,6,2,40
2026-06-22 00:00,A_baseline,5001.7,0.03,61,3,28,46
2026-06-22 00:00,B_nospikes,4998.49,-0.03,49,3,23,47
2026-06-22 00:00,C_conservative,5001.73,0.03,44,5,20,45
2026-06-22 00:00,D_contrarian,5007.83,0.16,5,1,4,80
2026-06-22 00:00,E_moonshot,4981.86,-0.36,5,6,2,40
2026-06-22 00:30,A_baseline,5001.87,0.04,61,4,28,46
2026-06-22 00:30,B_nospikes,4999.02,-0.02,49,3,23,47
2026-06-22 00:30,C_conservative,5001.98,0.04,44,5,20,45
2026-06-22 00:30,D_contrarian,5011.75,0.23,6,1,5,83
2026-06-22 00:30,E_moonshot,4980.66,-0.39,5,6,2,40
2026-06-22 01:00,A_baseline,5001.84,0.04,61,5,28,46
2026-06-22 01:00,B_nospikes,4998.13,-0.04,49,3,23,47
2026-06-22 01:00,C_conservative,5001.42,0.03,44,5,20,45
2026-06-22 01:00,D_contrarian,5011.01,0.22,6,1,5,83
2026-06-22 01:00,E_moonshot,4981.64,-0.37,5,6,2,40
2026-06-22 01:30,A_baseline,4999.85,-0.0,61,5,28,46
2026-06-22 01:30,B_nospikes,4996.76,-0.06,49,3,23,47
2026-06-22 01:30,C_conservative,4999.34,-0.01,44,5,20,45
2026-06-22 01:30,D_contrarian,5010.65,0.21,6,1,5,83
2026-06-22 01:30,E_moonshot,4980.28,-0.39,5,6,2,40
2026-06-22 02:00,A_baseline,4998.67,-0.03,61,5,28,46
2026-06-22 02:00,B_nospikes,4996.57,-0.07,49,3,23,47
2026-06-22 02:00,C_conservative,4995.85,-0.08,45,4,20,44
2026-06-22 02:00,D_contrarian,5010.65,0.21,6,1,5,83
2026-06-22 02:00,E_moonshot,4977.61,-0.45,5,6,2,40
2026-06-22 02:30,A_baseline,4999.01,-0.02,61,7,28,46
2026-06-22 02:30,B_nospikes,4995.42,-0.09,49,5,23,47
2026-06-22 02:30,C_conservative,4995.52,-0.09,45,5,20,44
2026-06-22 02:30,D_contrarian,5012.73,0.25,6,1,5,83
2026-06-22 02:30,E_moonshot,4978.43,-0.43,8,3,3,38
2026-06-22 03:00,A_baseline,5003.38,0.07,61,8,28,46
2026-06-22 03:00,B_nospikes,4998.66,-0.03,49,5,23,47
2026-06-22 03:00,C_conservative,4998.54,-0.03,45,5,20,44
2026-06-22 03:00,D_contrarian,5012.73,0.25,6,1,5,83
2026-06-22 03:00,E_moonshot,4982.86,-0.34,8,3,3,38
2026-06-22 03:30,A_baseline,5013.69,0.27,61,8,28,46
2026-06-22 03:30,B_nospikes,5004.7,0.09,49,5,23,47
2026-06-22 03:30,C_conservative,5006.64,0.13,46,4,21,46
2026-06-22 03:30,D_contrarian,5012.73,0.25,6,1,5,83
2026-06-22 03:30,E_moonshot,4985.23,-0.3,8,3,3,38
2026-06-22 04:00,A_baseline,5012.42,0.25,61,8,28,46
2026-06-22 04:00,B_nospikes,5004.01,0.08,49,5,23,47
2026-06-22 04:00,C_conservative,5006.45,0.13,46,4,21,46
2026-06-22 04:00,D_contrarian,5012.73,0.25,6,1,5,83
2026-06-22 04:00,E_moonshot,4984.65,-0.31,8,3,3,38
2026-06-22 04:30,A_baseline,5013.31,0.27,61,8,28,46
2026-06-22 04:30,B_nospikes,5005.13,0.1,49,5,23,47
2026-06-22 04:30,C_conservative,5007.54,0.15,46,4,21,46
2026-06-22 04:30,D_contrarian,5012.73,0.25,6,1,5,83
2026-06-22 04:30,E_moonshot,4984.27,-0.31,8,3,3,38
2026-06-22 05:00,A_baseline,5009.46,0.19,61,8,28,46
2026-06-22 05:00,B_nospikes,5003.09,0.06,49,5,23,47
2026-06-22 05:00,C_conservative,5005.56,0.11,46,4,21,46
2026-06-22 05:00,D_contrarian,5012.73,0.25,6,1,5,83
2026-06-22 05:00,E_moonshot,4984.42,-0.31,8,3,3,38
2026-06-22 05:30,A_baseline,5009.83,0.2,61,8,28,46
2026-06-22 05:30,B_nospikes,5002.37,0.05,49,5,23,47
2026-06-22 05:30,C_conservative,5004.85,0.1,46,4,21,46
2026-06-22 05:30,D_contrarian,5012.73,0.25,6,1,5,83
2026-06-22 05:30,E_moonshot,4982.87,-0.34,8,3,3,38
2026-06-22 06:00,A_baseline,5007.82,0.16,61,8,28,46
2026-06-22 06:00,B_nospikes,5001.5,0.03,49,5,23,47
2026-06-22 06:00,C_conservative,5004.01,0.08,46,4,21,46
2026-06-22 06:00,D_contrarian,5012.73,0.25,6,1,5,83
2026-06-22 06:00,E_moonshot,4981.21,-0.38,8,3,3,38
2026-06-22 06:30,A_baseline,5000.31,0.01,61,8,28,46
2026-06-22 06:30,B_nospikes,4995.36,-0.09,49,5,23,47
2026-06-22 06:30,C_conservative,4997.88,-0.04,46,4,21,46
2026-06-22 06:30,D_contrarian,5012.73,0.25,6,1,5,83
2026-06-22 06:30,E_moonshot,4981.34,-0.37,8,3,3,38
2026-06-22 07:00,A_baseline,5001.97,0.04,61,8,28,46
2026-06-22 07:00,B_nospikes,4995.92,-0.08,49,5,23,47
2026-06-22 07:00,C_conservative,4998.42,-0.03,46,4,21,46
2026-06-22 07:00,D_contrarian,5012.73,0.25,6,1,5,83
2026-06-22 07:00,E_moonshot,4981.45,-0.37,8,3,3,38
2026-06-22 07:30,A_baseline,5004.6,0.09,61,8,28,46
2026-06-22 07:30,B_nospikes,4996.04,-0.08,49,5,23,47
2026-06-22 07:30,C_conservative,4998.54,-0.03,46,4,21,46
2026-06-22 07:30,D_contrarian,5012.73,0.25,6,1,5,83
2026-06-22 07:30,E_moonshot,4982.15,-0.36,8,3,3,38
2026-06-22 08:00,A_baseline,5005.33,0.11,61,8,28,46
2026-06-22 08:00,B_nospikes,4996.75,-0.06,49,5,23,47
2026-06-22 08:00,C_conservative,4999.24,-0.02,46,4,21,46
2026-06-22 08:00,D_contrarian,5012.73,0.25,6,1,5,83
2026-06-22 08:00,E_moonshot,4983.76,-0.32,8,3,3,38
2026-06-22 08:30,A_baseline,5003.05,0.06,61,8,28,46
2026-06-22 08:30,B_nospikes,4997.09,-0.06,49,5,23,47
2026-06-22 08:30,C_conservative,4999.61,-0.01,46,4,21,46
2026-06-22 08:30,D_contrarian,5012.73,0.25,6,1,5,83
2026-06-22 08:30,E_moonshot,4983.5,-0.33,8,3,3,38
2026-06-22 09:00,A_baseline,5002.99,0.06,61,8,28,46
2026-06-22 09:00,B_nospikes,4997.64,-0.05,49,5,23,47
2026-06-22 09:00,C_conservative,5000.15,0.0,46,4,21,46
2026-06-22 09:00,D_contrarian,5012.73,0.25,6,1,5,83
2026-06-22 09:00,E_moonshot,4982.08,-0.36,8,3,3,38
2026-06-22 09:30,A_baseline,5007.45,0.15,61,8,28,46
2026-06-22 09:30,B_nospikes,4998.84,-0.02,49,5,23,47
2026-06-22 09:30,C_conservative,5001.36,0.03,46,4,21,46
2026-06-22 09:30,D_contrarian,5012.73,0.25,6,1,5,83
2026-06-22 09:30,E_moonshot,4983.37,-0.33,8,3,3,38
2026-06-22 10:00,A_baseline,5008.63,0.17,61,8,28,46
2026-06-22 10:00,B_nospikes,5001.82,0.04,49,5,23,47
2026-06-22 10:00,C_conservative,5004.29,0.09,46,4,21,46
2026-06-22 10:00,D_contrarian,5012.73,0.25,6,1,5,83
2026-06-22 10:00,E_moonshot,4983.19,-0.34,8,3,3,38
2026-06-22 10:30,A_baseline,5008.85,0.18,61,8,28,46
2026-06-22 10:30,B_nospikes,5001.68,0.03,49,5,23,47
2026-06-22 10:30,C_conservative,5004.15,0.08,46,4,21,46
2026-06-22 10:30,D_contrarian,5012.73,0.25,6,1,5,83
2026-06-22 10:30,E_moonshot,4982.54,-0.35,8,3,3,38
2026-06-22 11:00,A_baseline,5005.74,0.11,61,8,28,46
2026-06-22 11:00,B_nospikes,4999.98,-0.0,49,5,23,47
2026-06-22 11:00,C_conservative,5002.5,0.05,46,4,21,46
2026-06-22 11:00,D_contrarian,5012.73,0.25,6,1,5,83
2026-06-22 11:00,E_moonshot,4982.39,-0.35,8,3,3,38
2026-06-22 11:30,A_baseline,5005.92,0.12,61,8,28,46
2026-06-22 11:30,B_nospikes,5000.6,0.01,49,5,23,47
2026-06-22 11:30,C_conservative,5003.32,0.07,46,4,21,46
2026-06-22 11:30,D_contrarian,5012.73,0.25,6,1,5,83
2026-06-22 11:30,E_moonshot,4981.67,-0.37,8,3,3,38
2026-06-22 12:00,A_baseline,5003.52,0.07,61,8,28,46
2026-06-22 12:00,B_nospikes,4997.57,-0.05,49,5,23,47
2026-06-22 12:00,C_conservative,5000.34,0.01,46,4,21,46
2026-06-22 12:00,D_contrarian,5012.73,0.25,6,1,5,83
2026-06-22 12:00,E_moonshot,4981.66,-0.37,8,3,3,38
2026-06-22 12:30,A_baseline,5004.98,0.1,62,7,29,47
2026-06-22 12:30,B_nospikes,4998.73,-0.03,49,5,23,47
2026-06-22 12:30,C_conservative,5001.13,0.02,46,4,21,46
2026-06-22 12:30,D_contrarian,5012.73,0.25,6,1,5,83
2026-06-22 12:30,E_moonshot,4981.99,-0.36,8,3,3,38
2026-06-22 13:00,A_baseline,5004.57,0.09,63,6,30,48
2026-06-22 13:00,B_nospikes,4998.51,-0.03,49,5,23,47
2026-06-22 13:00,C_conservative,5001.47,0.03,46,4,21,46
2026-06-22 13:00,D_contrarian,5012.73,0.25,6,1,5,83
2026-06-22 13:00,E_moonshot,4981.17,-0.38,8,3,3,38
2026-06-22 13:30,A_baseline,5008.9,0.18,63,6,30,48
2026-06-22 13:30,B_nospikes,5002.66,0.05,49,5,23,47
2026-06-22 13:30,C_conservative,5004.59,0.09,46,4,21,46
2026-06-22 13:30,D_contrarian,5012.73,0.25,6,1,5,83
2026-06-22 13:30,E_moonshot,4984.39,-0.31,8,3,3,38
2026-06-22 14:00,A_baseline,5009.96,0.2,63,6,30,48
2026-06-22 14:00,B_nospikes,5002.98,0.06,49,5,23,47
2026-06-22 14:00,C_conservative,5004.65,0.09,46,4,21,46
2026-06-22 14:00,D_contrarian,5012.73,0.25,6,1,5,83
2026-06-22 14:00,E_moonshot,4985.35,-0.29,8,3,3,38
2026-06-22 14:30,A_baseline,5011.15,0.22,63,6,30,48
2026-06-22 14:30,B_nospikes,5003.81,0.08,49,5,23,47
2026-06-22 14:30,C_conservative,5005.47,0.11,46,4,21,46
2026-06-22 14:30,D_contrarian,5012.73,0.25,6,1,5,83
2026-06-22 14:30,E_moonshot,4985.93,-0.28,8,3,3,38
2026-06-22 15:00,A_baseline,5012.07,0.24,64,5,31,48
2026-06-22 15:00,B_nospikes,5005.18,0.1,49,5,23,47
2026-06-22 15:00,C_conservative,5006.8,0.14,46,4,21,46
2026-06-22 15:00,D_contrarian,5012.73,0.25,6,1,5,83
2026-06-22 15:00,E_moonshot,4986.27,-0.27,8,3,3,38
2026-06-22 15:30,A_baseline,5017.59,0.35,65,4,32,49
2026-06-22 15:30,B_nospikes,5010.73,0.21,50,4,24,48
2026-06-22 15:30,C_conservative,5012.25,0.24,47,3,22,47
2026-06-22 15:30,D_contrarian,5012.73,0.25,6,1,5,83
2026-06-22 15:30,E_moonshot,4986.17,-0.28,8,3,3,38
2026-06-22 16:00,A_baseline,5017.63,0.35,65,4,32,49
2026-06-22 16:00,B_nospikes,5010.88,0.22,50,4,24,48
2026-06-22 16:00,C_conservative,5012.52,0.25,47,3,22,47
2026-06-22 16:00,D_contrarian,5012.73,0.25,6,1,5,83
2026-06-22 16:00,E_moonshot,4990.3,-0.19,8,3,3,38
2026-06-22 16:30,A_baseline,5016.72,0.33,65,4,32,49
2026-06-22 16:30,B_nospikes,5010.37,0.21,50,4,24,48
2026-06-22 16:30,C_conservative,5012.5,0.25,47,3,22,47
2026-06-22 16:30,D_contrarian,5012.73,0.25,6,1,5,83
2026-06-22 16:30,E_moonshot,4987.58,-0.25,8,3,3,38
2026-06-22 17:00,A_baseline,5012.34,0.25,65,4,32,49
2026-06-22 17:00,B_nospikes,5007.12,0.14,50,4,24,48
2026-06-22 17:00,C_conservative,5010.69,0.21,47,3,22,47
2026-06-22 17:00,D_contrarian,5012.73,0.25,6,1,5,83
2026-06-22 17:00,E_moonshot,4985.32,-0.29,8,3,3,38
2026-06-22 17:30,A_baseline,5016.74,0.33,65,4,32,49
2026-06-22 17:30,B_nospikes,5010.87,0.22,50,4,24,48
2026-06-22 17:30,C_conservative,5013.4,0.27,47,3,22,47
2026-06-22 17:30,D_contrarian,5012.73,0.25,6,1,5,83
2026-06-22 17:30,E_moonshot,4987.04,-0.26,8,3,3,38
2026-06-22 18:00,A_baseline,5016.74,0.33,65,4,32,49
2026-06-22 18:00,B_nospikes,5010.87,0.22,50,4,24,48
2026-06-22 18:00,C_conservative,5013.4,0.27,47,3,22,47
2026-06-22 18:00,D_contrarian,5012.73,0.25,6,1,5,83
2026-06-22 18:00,E_moonshot,4985.15,-0.3,8,3,3,38
2026-06-22 18:30,A_baseline,5011.0,0.22,65,4,32,49
2026-06-22 18:30,B_nospikes,5005.07,0.1,50,4,24,48
2026-06-22 18:30,C_conservative,5007.66,0.15,47,3,22,47
2026-06-22 18:30,D_contrarian,5012.73,0.25,6,1,5,83
2026-06-22 18:30,E_moonshot,4985.56,-0.29,8,3,3,38
2026-06-22 19:00,A_baseline,5009.36,0.19,65,4,32,49
2026-06-22 19:00,B_nospikes,5002.63,0.05,50,4,24,48
2026-06-22 19:00,C_conservative,5005.45,0.11,47,3,22,47
2026-06-22 19:00,D_contrarian,5012.73,0.25,6,1,5,83
2026-06-22 19:00,E_moonshot,4985.0,-0.3,8,3,3,38
2026-06-22 19:30,A_baseline,5008.82,0.18,65,5,32,49
2026-06-22 19:30,B_nospikes,5002.9,0.06,50,5,24,48
2026-06-22 19:30,C_conservative,5006.27,0.13,47,3,22,47
2026-06-22 19:30,D_contrarian,5012.73,0.25,6,1,5,83
2026-06-22 19:30,E_moonshot,4983.1,-0.34,8,3,3,38
2026-06-22 20:00,A_baseline,5007.11,0.14,65,5,32,49
2026-06-22 20:00,B_nospikes,5001.18,0.02,50,5,24,48
2026-06-22 20:00,C_conservative,5006.27,0.13,47,3,22,47
2026-06-22 20:00,D_contrarian,5012.73,0.25,6,1,5,83
2026-06-22 20:00,E_moonshot,4983.27,-0.33,8,3,3,38
2026-06-22 20:30,A_baseline,5009.26,0.19,65,5,32,49
2026-06-22 20:30,B_nospikes,5002.78,0.06,50,5,24,48
2026-06-22 20:30,C_conservative,5007.16,0.14,47,3,22,47
2026-06-22 20:30,D_contrarian,5012.73,0.25,6,1,5,83
2026-06-22 20:30,E_moonshot,4984.15,-0.32,8,3,3,38
2026-06-22 21:00,A_baseline,5006.58,0.13,65,6,32,49
2026-06-22 21:00,B_nospikes,5000.43,0.01,50,6,24,48
2026-06-22 21:00,C_conservative,5005.44,0.11,47,3,22,47
2026-06-22 21:00,D_contrarian,5012.73,0.25,6,1,5,83
2026-06-22 21:00,E_moonshot,4982.24,-0.36,8,3,3,38
2026-06-22 21:30,A_baseline,5005.21,0.1,65,6,32,49
2026-06-22 21:30,B_nospikes,4999.41,-0.01,50,6,24,48
2026-06-22 21:30,C_conservative,5004.88,0.1,47,3,22,47
2026-06-22 21:30,D_contrarian,5012.73,0.25,6,1,5,83
2026-06-22 21:30,E_moonshot,4981.12,-0.38,8,3,3,38
2026-06-22 22:00,A_baseline,5006.05,0.12,65,6,32,49
2026-06-22 22:00,B_nospikes,5000.03,0.0,50,6,24,48
2026-06-22 22:00,C_conservative,5005.22,0.1,47,3,22,47
2026-06-22 22:00,D_contrarian,5012.73,0.25,6,1,5,83
2026-06-22 22:00,E_moonshot,4981.77,-0.36,8,3,3,38
2026-06-22 22:30,A_baseline,5006.05,0.12,65,6,32,49
2026-06-22 22:30,B_nospikes,5000.03,0.0,50,6,24,48
2026-06-22 22:30,C_conservative,5004.65,0.09,47,4,22,47
2026-06-22 22:30,D_contrarian,5012.73,0.25,6,1,5,83
2026-06-22 22:30,E_moonshot,4981.41,-0.37,8,3,3,38
2026-06-22 23:00,A_baseline,5000.46,0.01,65,6,32,49
2026-06-22 23:00,B_nospikes,4994.2,-0.12,50,6,24,48
2026-06-22 23:00,C_conservative,4998.87,-0.02,47,4,22,47
2026-06-22 23:00,D_contrarian,5012.73,0.25,6,1,5,83
2026-06-22 23:00,E_moonshot,4981.72,-0.37,8,3,3,38
2026-06-22 23:30,A_baseline,5000.46,0.01,65,6,32,49
2026-06-22 23:30,B_nospikes,4994.2,-0.12,50,6,24,48
2026-06-22 23:30,C_conservative,4998.87,-0.02,47,4,22,47
2026-06-22 23:30,D_contrarian,5012.73,0.25,6,1,5,83
2026-06-22 23:30,E_moonshot,4981.49,-0.37,8,3,3,38
2026-06-23 00:00,A_baseline,5000.46,0.01,65,6,32,49
2026-06-23 00:00,B_nospikes,4994.2,-0.12,50,6,24,48
2026-06-23 00:00,C_conservative,4998.87,-0.02,47,4,22,47
2026-06-23 00:00,D_contrarian,5012.73,0.25,6,1,5,83
2026-06-23 00:00,E_moonshot,4980.94,-0.38,8,3,3,38
2026-06-23 00:30,A_baseline,4994.0,-0.12,66,5,32,48
2026-06-23 00:30,B_nospikes,4988.3,-0.23,51,5,24,47
2026-06-23 00:30,C_conservative,4993.75,-0.12,48,3,22,46
2026-06-23 00:30,D_contrarian,5012.73,0.25,6,1,5,83
2026-06-23 00:30,E_moonshot,4979.11,-0.42,8,3,3,38
2026-06-23 01:00,A_baseline,4994.0,-0.12,66,5,32,48
2026-06-23 01:00,B_nospikes,4988.3,-0.23,51,5,24,47
2026-06-23 01:00,C_conservative,4993.75,-0.12,48,3,22,46
2026-06-23 01:00,D_contrarian,5012.73,0.25,6,1,5,83
2026-06-23 01:00,E_moonshot,4979.07,-0.42,8,3,3,38
2026-06-23 01:30,A_baseline,4993.92,-0.12,66,5,32,48
2026-06-23 01:30,B_nospikes,4987.84,-0.24,51,5,24,47
2026-06-23 01:30,C_conservative,4992.72,-0.15,48,3,22,46
2026-06-23 01:30,D_contrarian,5012.73,0.25,6,1,5,83
2026-06-23 01:30,E_moonshot,4979.92,-0.4,8,3,3,38
2026-06-23 02:00,A_baseline,4993.92,-0.12,66,5,32,48
2026-06-23 02:00,B_nospikes,4987.84,-0.24,51,5,24,47
2026-06-23 02:00,C_conservative,4992.72,-0.15,48,3,22,46
2026-06-23 02:00,D_contrarian,5012.73,0.25,6,1,5,83
2026-06-23 02:00,E_moonshot,4978.89,-0.42,8,3,3,38
2026-06-23 02:30,A_baseline,4984.57,-0.31,67,5,32,48
2026-06-23 02:30,B_nospikes,4978.27,-0.43,52,5,24,46
2026-06-23 02:30,C_conservative,4983.93,-0.32,49,3,22,45
2026-06-23 02:30,D_contrarian,5011.82,0.24,6,2,5,83
2026-06-23 02:30,E_moonshot,4978.01,-0.44,8,4,3,38
2026-06-23 03:00,A_baseline,4985.23,-0.3,67,5,32,48
2026-06-23 03:00,B_nospikes,4978.9,-0.42,52,5,24,46
2026-06-23 03:00,C_conservative,4984.61,-0.31,49,3,22,45
2026-06-23 03:00,D_contrarian,5011.0,0.22,6,2,5,83
2026-06-23 03:00,E_moonshot,4978.35,-0.43,8,4,3,38
2026-06-23 03:30,A_baseline,4985.93,-0.28,67,5,32,48
2026-06-23 03:30,B_nospikes,4979.61,-0.41,52,5,24,46
2026-06-23 03:30,C_conservative,4985.36,-0.29,49,3,22,45
2026-06-23 03:30,D_contrarian,5012.03,0.24,6,2,5,83
2026-06-23 03:30,E_moonshot,4978.53,-0.43,8,4,3,38
2026-06-23 04:00,A_baseline,4986.18,-0.28,67,6,32,48
2026-06-23 04:00,B_nospikes,4979.67,-0.41,52,6,24,46
2026-06-23 04:00,C_conservative,4985.15,-0.3,49,4,22,45
2026-06-23 04:00,D_contrarian,5012.03,0.24,6,2,5,83
2026-06-23 04:00,E_moonshot,4978.86,-0.42,8,4,3,38
2026-06-23 04:30,A_baseline,4986.6,-0.27,67,6,32,48
2026-06-23 04:30,B_nospikes,4980.06,-0.4,52,6,24,46
2026-06-23 04:30,C_conservative,4985.57,-0.29,49,4,22,45
2026-06-23 04:30,D_contrarian,5011.0,0.22,6,2,5,83
2026-06-23 04:30,E_moonshot,4979.58,-0.41,8,4,3,38
2026-06-23 05:00,A_baseline,4986.52,-0.27,67,6,32,48
2026-06-23 05:00,B_nospikes,4979.98,-0.4,52,6,24,46
2026-06-23 05:00,C_conservative,4985.49,-0.29,49,4,22,45
2026-06-23 05:00,D_contrarian,5011.07,0.22,6,2,5,83
2026-06-23 05:00,E_moonshot,4979.89,-0.4,8,4,3,38
2026-06-23 05:30,A_baseline,4985.98,-0.28,67,8,32,48
2026-06-23 05:30,B_nospikes,4980.53,-0.39,52,6,24,46
2026-06-23 05:30,C_conservative,4984.93,-0.3,49,4,22,45
2026-06-23 05:30,D_contrarian,5011.06,0.22,6,2,5,83
2026-06-23 05:30,E_moonshot,4979.57,-0.41,8,4,3,38
2026-06-23 06:00,A_baseline,4985.45,-0.29,67,8,32,48
2026-06-23 06:00,B_nospikes,4980.63,-0.39,52,6,24,46
2026-06-23 06:00,C_conservative,4985.04,-0.3,49,4,22,45
2026-06-23 06:00,D_contrarian,5009.89,0.2,6,2,5,83
2026-06-23 06:00,E_moonshot,4979.48,-0.41,8,4,3,38
2026-06-23 06:30,A_baseline,4985.93,-0.28,67,8,32,48
2026-06-23 06:30,B_nospikes,4980.65,-0.39,52,6,24,46
2026-06-23 06:30,C_conservative,4985.06,-0.3,49,4,22,45
2026-06-23 06:30,D_contrarian,5010.74,0.21,6,2,5,83
2026-06-23 06:30,E_moonshot,4979.36,-0.41,8,4,3,38
2026-06-23 07:00,A_baseline,4981.34,-0.37,67,8,32,48
2026-06-23 07:00,B_nospikes,4979.07,-0.42,52,6,24,46
2026-06-23 07:00,C_conservative,4983.37,-0.33,49,4,22,45
2026-06-23 07:00,D_contrarian,5008.42,0.17,6,2,5,83
2026-06-23 07:00,E_moonshot,4978.78,-0.42,8,4,3,38
2026-06-23 07:30,A_baseline,4981.85,-0.36,67,8,32,48
2026-06-23 07:30,B_nospikes,4978.57,-0.43,52,6,24,46
2026-06-23 07:30,C_conservative,4982.83,-0.34,49,4,22,45
2026-06-23 07:30,D_contrarian,5008.0,0.16,6,2,5,83
2026-06-23 07:30,E_moonshot,4978.35,-0.43,8,4,3,38
2026-06-23 08:00,A_baseline,4978.84,-0.42,67,8,32,48
2026-06-23 08:00,B_nospikes,4977.24,-0.46,52,6,24,46
2026-06-23 08:00,C_conservative,4982.49,-0.35,49,4,22,45
2026-06-23 08:00,D_contrarian,5006.87,0.14,6,2,5,83
2026-06-23 08:00,E_moonshot,4978.19,-0.44,8,4,3,38
2026-06-23 08:30,A_baseline,4959.05,-0.82,71,5,32,45
2026-06-23 08:30,B_nospikes,4963.38,-0.73,55,3,24,44
2026-06-23 08:30,C_conservative,4971.26,-0.57,52,1,22,42
2026-06-23 08:30,D_contrarian,5007.18,0.14,6,2,5,83
2026-06-23 08:30,E_moonshot,4966.62,-0.67,8,4,3,38
2026-06-23 09:00,A_baseline,4958.79,-0.82,72,4,32,44
2026-06-23 09:00,B_nospikes,4963.38,-0.73,55,3,24,44
2026-06-23 09:00,C_conservative,4971.26,-0.57,52,1,22,42
2026-06-23 09:00,D_contrarian,5006.61,0.13,6,2,5,83
2026-06-23 09:00,E_moonshot,4966.83,-0.66,8,4,3,38
2026-06-23 09:30,A_baseline,4958.84,-0.82,72,4,32,44
2026-06-23 09:30,B_nospikes,4963.38,-0.73,55,3,24,44
2026-06-23 09:30,C_conservative,4971.26,-0.57,52,1,22,42
2026-06-23 09:30,D_contrarian,5007.13,0.14,6,2,5,83
2026-06-23 09:30,E_moonshot,4968.25,-0.63,8,4,3,38
2026-06-23 10:00,A_baseline,4957.18,-0.86,72,6,32,44
2026-06-23 10:00,B_nospikes,4961.87,-0.76,55,5,24,44
2026-06-23 10:00,C_conservative,4969.67,-0.61,52,3,22,42
2026-06-23 10:00,D_contrarian,5007.8,0.16,6,2,5,83
2026-06-23 10:00,E_moonshot,4968.05,-0.64,8,4,3,38
2026-06-23 10:30,A_baseline,4949.62,-1.01,75,3,32,43
2026-06-23 10:30,B_nospikes,4957.0,-0.86,57,3,24,42
2026-06-23 10:30,C_conservative,4965.83,-0.68,53,2,22,42
2026-06-23 10:30,D_contrarian,4989.44,-0.21,8,0,5,62
2026-06-23 10:30,E_moonshot,4963.72,-0.73,8,4,3,38
2026-06-23 11:00,A_baseline,4949.62,-1.01,75,3,32,43
2026-06-23 11:00,B_nospikes,4957.0,-0.86,57,3,24,42
2026-06-23 11:00,C_conservative,4965.83,-0.68,53,2,22,42
2026-06-23 11:00,D_contrarian,4989.44,-0.21,8,0,5,62
2026-06-23 11:00,E_moonshot,4964.32,-0.71,8,4,3,38
2026-06-23 11:30,A_baseline,4947.84,-1.04,75,3,32,43
2026-06-23 11:30,B_nospikes,4955.15,-0.9,57,3,24,42
2026-06-23 11:30,C_conservative,4963.91,-0.72,53,2,22,42
2026-06-23 11:30,D_contrarian,4989.44,-0.21,8,0,5,62
2026-06-23 11:30,E_moonshot,4964.12,-0.72,8,4,3,38
2026-06-23 12:00,A_baseline,4947.45,-1.05,75,4,32,43
2026-06-23 12:00,B_nospikes,4954.76,-0.9,57,4,24,42
2026-06-23 12:00,C_conservative,4963.5,-0.73,53,3,22,42
2026-06-23 12:00,D_contrarian,4988.51,-0.23,8,1,5,62
2026-06-23 12:00,E_moonshot,4963.78,-0.72,8,4,3,38
2026-06-23 12:30,A_baseline,4947.97,-1.04,75,4,32,43
2026-06-23 12:30,B_nospikes,4955.31,-0.89,57,4,24,42
2026-06-23 12:30,C_conservative,4964.07,-0.72,53,3,22,42
2026-06-23 12:30,D_contrarian,4990.49,-0.19,8,1,5,62
2026-06-23 12:30,E_moonshot,4963.98,-0.72,8,4,3,38
2026-06-23 13:00,A_baseline,4948.19,-1.04,75,4,32,43
2026-06-23 13:00,B_nospikes,4955.53,-0.89,57,4,24,42
2026-06-23 13:00,C_conservative,4964.29,-0.71,53,3,22,42
2026-06-23 13:00,D_contrarian,4989.9,-0.2,8,1,5,62
2026-06-23 13:00,E_moonshot,4964.28,-0.71,8,4,3,38
2026-06-23 13:30,A_baseline,4948.16,-1.04,75,4,32,43
2026-06-23 13:30,B_nospikes,4955.5,-0.89,57,4,24,42
2026-06-23 13:30,C_conservative,4964.26,-0.71,53,3,22,42
2026-06-23 13:30,D_contrarian,4990.09,-0.2,8,1,5,62
2026-06-23 13:30,E_moonshot,4965.66,-0.69,8,4,3,38
2026-06-23 14:00,A_baseline,4948.84,-1.02,75,4,32,43
2026-06-23 14:00,B_nospikes,4956.17,-0.88,57,4,24,42
2026-06-23 14:00,C_conservative,4964.96,-0.7,53,3,22,42
2026-06-23 14:00,D_contrarian,4991.23,-0.18,8,1,5,62
2026-06-23 14:00,E_moonshot,4966.13,-0.68,8,4,3,38
2026-06-23 14:30,A_baseline,4951.52,-0.97,75,4,32,43
2026-06-23 14:30,B_nospikes,4958.96,-0.82,57,4,24,42
2026-06-23 14:30,C_conservative,4967.85,-0.64,53,3,22,42
2026-06-23 14:30,D_contrarian,4989.6,-0.21,8,1,5,62
2026-06-23 14:30,E_moonshot,4967.3,-0.65,8,4,3,38
2026-06-23 15:00,A_baseline,4950.71,-0.99,75,4,32,43
2026-06-23 15:00,B_nospikes,4958.15,-0.84,57,4,24,42
2026-06-23 15:00,C_conservative,4967.02,-0.66,53,3,22,42
2026-06-23 15:00,D_contrarian,4989.27,-0.21,8,1,5,62
2026-06-23 15:00,E_moonshot,4967.05,-0.66,8,4,3,38
2026-06-23 15:30,A_baseline,4950.88,-0.98,75,4,32,43
2026-06-23 15:30,B_nospikes,4958.32,-0.83,57,4,24,42
2026-06-23 15:30,C_conservative,4967.2,-0.66,53,3,22,42
2026-06-23 15:30,D_contrarian,4988.9,-0.22,8,1,5,62
2026-06-23 15:30,E_moonshot,4961.9,-0.76,8,4,3,38
2026-06-23 16:00,A_baseline,4950.94,-0.98,75,4,32,43
2026-06-23 16:00,B_nospikes,4958.38,-0.83,57,4,24,42
2026-06-23 16:00,C_conservative,4967.25,-0.65,53,3,22,42
2026-06-23 16:00,D_contrarian,4989.05,-0.22,8,1,5,62
2026-06-23 16:00,E_moonshot,4962.61,-0.75,8,4,3,38
2026-06-23 16:30,A_baseline,4952.31,-0.95,75,4,32,43
2026-06-23 16:30,B_nospikes,4959.75,-0.81,57,4,24,42
2026-06-23 16:30,C_conservative,4968.66,-0.63,53,3,22,42
2026-06-23 16:30,D_contrarian,4990.02,-0.2,8,1,5,62
2026-06-23 16:30,E_moonshot,4962.61,-0.75,8,4,3,38
2026-06-23 17:00,A_baseline,4951.91,-0.96,75,4,32,43
2026-06-23 17:00,B_nospikes,4958.57,-0.83,57,4,24,42
2026-06-23 17:00,C_conservative,4967.45,-0.65,53,3,22,42
2026-06-23 17:00,D_contrarian,4989.87,-0.2,8,1,5,62
2026-06-23 17:00,E_moonshot,4962.63,-0.75,8,4,3,38
2026-06-23 17:30,A_baseline,4950.48,-0.99,75,4,32,43
2026-06-23 17:30,B_nospikes,4957.92,-0.84,57,4,24,42
2026-06-23 17:30,C_conservative,4966.78,-0.66,53,3,22,42
2026-06-23 17:30,D_contrarian,4987.42,-0.25,8,1,5,62
2026-06-23 17:30,E_moonshot,4962.24,-0.76,8,4,3,38
2026-06-23 18:00,A_baseline,4949.9,-1.0,75,4,32,43
2026-06-23 18:00,B_nospikes,4957.35,-0.85,57,4,24,42
2026-06-23 18:00,C_conservative,4966.19,-0.68,53,3,22,42
2026-06-23 18:00,D_contrarian,4988.38,-0.23,8,1,5,62
2026-06-23 18:00,E_moonshot,4962.62,-0.75,8,4,3,38
2026-06-23 18:30,A_baseline,4951.38,-0.97,75,4,32,43
2026-06-23 18:30,B_nospikes,4958.82,-0.82,57,4,24,42
2026-06-23 18:30,C_conservative,4967.71,-0.65,53,3,22,42
2026-06-23 18:30,D_contrarian,4988.7,-0.23,8,1,5,62
2026-06-23 18:30,E_moonshot,4963.81,-0.72,8,4,3,38
2026-06-23 19:00,A_baseline,4951.39,-0.97,75,4,32,43
2026-06-23 19:00,B_nospikes,4958.83,-0.82,57,4,24,42
2026-06-23 19:00,C_conservative,4967.71,-0.65,53,3,22,42
2026-06-23 19:00,D_contrarian,4989.0,-0.22,8,1,5,62
2026-06-23 19:00,E_moonshot,4963.68,-0.73,8,4,3,38
2026-06-23 19:30,A_baseline,4950.28,-0.99,75,4,32,43
2026-06-23 19:30,B_nospikes,4957.72,-0.85,57,4,24,42
2026-06-23 19:30,C_conservative,4966.57,-0.67,53,3,22,42
2026-06-23 19:30,D_contrarian,4989.87,-0.2,8,1,5,62
2026-06-23 19:30,E_moonshot,4963.69,-0.73,8,4,3,38
2026-06-23 20:00,A_baseline,4950.68,-0.99,75,4,32,43
2026-06-23 20:00,B_nospikes,4958.12,-0.84,57,4,24,42
2026-06-23 20:00,C_conservative,4966.99,-0.66,53,3,22,42
2026-06-23 20:00,D_contrarian,4988.64,-0.23,8,1,5,62
2026-06-23 20:00,E_moonshot,4963.34,-0.73,8,4,3,38
2026-06-23 20:30,A_baseline,4950.59,-0.99,75,4,32,43
2026-06-23 20:30,B_nospikes,4958.04,-0.84,57,4,24,42
2026-06-23 20:30,C_conservative,4966.9,-0.66,53,3,22,42
2026-06-23 20:30,D_contrarian,4988.76,-0.22,8,1,5,62
2026-06-23 20:30,E_moonshot,4963.28,-0.73,8,4,3,38
2026-06-23 21:00,A_baseline,4944.75,-1.11,76,3,32,42
2026-06-23 21:00,B_nospikes,4952.1,-0.96,58,3,24,41
2026-06-23 21:00,C_conservative,4960.61,-0.79,54,2,22,41
2026-06-23 21:00,D_contrarian,4986.87,-0.26,8,1,5,62
2026-06-23 21:00,E_moonshot,4960.99,-0.78,8,4,3,38
2026-06-23 21:30,A_baseline,4942.05,-1.16,76,4,32,42
2026-06-23 21:30,B_nospikes,4949.32,-1.01,58,4,24,41
2026-06-23 21:30,C_conservative,4958.13,-0.84,54,2,22,41
2026-06-23 21:30,D_contrarian,4986.87,-0.26,8,1,5,62
2026-06-23 21:30,E_moonshot,4960.55,-0.79,8,4,3,38
2026-06-23 22:00,A_baseline,4942.93,-1.14,76,4,32,42
2026-06-23 22:00,B_nospikes,4950.2,-1.0,58,4,24,41
2026-06-23 22:00,C_conservative,4959.04,-0.82,54,2,22,41
2026-06-23 22:00,D_contrarian,4989.73,-0.21,8,1,5,62
2026-06-23 22:00,E_moonshot,4960.58,-0.79,8,4,3,38
2026-06-23 22:30,A_baseline,4942.55,-1.15,76,5,32,42
2026-06-23 22:30,B_nospikes,4949.82,-1.0,58,5,24,41
2026-06-23 22:30,C_conservative,4958.64,-0.83,54,3,22,41
2026-06-23 22:30,D_contrarian,4989.19,-0.22,8,1,5,62
2026-06-23 22:30,E_moonshot,4960.97,-0.78,8,4,3,38
2026-06-23 23:00,A_baseline,4942.58,-1.15,76,5,32,42
2026-06-23 23:00,B_nospikes,4949.85,-1.0,58,5,24,41
2026-06-23 23:00,C_conservative,4958.68,-0.83,54,3,22,41
2026-06-23 23:00,D_contrarian,4990.39,-0.19,8,1,5,62
2026-06-23 23:00,E_moonshot,4960.75,-0.79,8,4,3,38
2026-06-23 23:30,A_baseline,4942.58,-1.15,76,5,32,42
2026-06-23 23:30,B_nospikes,4949.85,-1.0,58,5,24,41
2026-06-23 23:30,C_conservative,4958.29,-0.83,54,4,22,41
2026-06-23 23:30,D_contrarian,4990.39,-0.19,8,1,5,62
2026-06-23 23:30,E_moonshot,4960.99,-0.78,8,4,3,38
2026-06-24 00:00,A_baseline,4942.15,-1.16,76,5,32,42
2026-06-24 00:00,B_nospikes,4949.12,-1.02,58,5,24,41
2026-06-24 00:00,C_conservative,4960.93,-0.78,54,4,22,41
2026-06-24 00:00,D_contrarian,4989.05,-0.22,8,1,5,62
2026-06-24 00:00,E_moonshot,4960.0,-0.8,11,1,3,27
2026-06-24 00:30,A_baseline,4941.43,-1.17,76,6,32,42
2026-06-24 00:30,B_nospikes,4948.92,-1.02,58,5,24,41
2026-06-24 00:30,C_conservative,4960.73,-0.79,54,4,22,41
2026-06-24 00:30,D_contrarian,4991.48,-0.17,8,1,5,62
2026-06-24 00:30,E_moonshot,4959.98,-0.8,11,1,3,27
2026-06-24 01:00,A_baseline,4943.17,-1.14,77,6,33,43
2026-06-24 01:00,B_nospikes,4950.06,-1.0,59,5,25,42
2026-06-24 01:00,C_conservative,4961.91,-0.76,55,4,23,42
2026-06-24 01:00,D_contrarian,4991.5,-0.17,8,1,5,62
2026-06-24 01:00,E_moonshot,4959.44,-0.81,12,0,3,25
2026-06-24 01:30,A_baseline,4943.8,-1.12,77,6,33,43
2026-06-24 01:30,B_nospikes,4950.06,-1.0,59,5,25,42
2026-06-24 01:30,C_conservative,4961.91,-0.76,55,4,23,42
2026-06-24 01:30,D_contrarian,4991.26,-0.17,8,1,5,62
2026-06-24 01:30,E_moonshot,4959.44,-0.81,12,0,3,25
2026-06-24 02:00,A_baseline,4943.21,-1.14,77,6,33,43
2026-06-24 02:00,B_nospikes,4950.4,-0.99,59,5,25,42
2026-06-24 02:00,C_conservative,4962.26,-0.75,55,4,23,42
2026-06-24 02:00,D_contrarian,4991.72,-0.17,8,1,5,62
2026-06-24 02:00,E_moonshot,4959.44,-0.81,12,0,3,25
2026-06-24 02:30,A_baseline,4945.63,-1.09,77,8,33,43
2026-06-24 02:30,B_nospikes,4950.88,-0.98,59,8,25,42
2026-06-24 02:30,C_conservative,4963.2,-0.74,55,5,23,42
2026-06-24 02:30,D_contrarian,4983.35,-0.33,8,3,5,62
2026-06-24 02:30,E_moonshot,4959.44,-0.81,12,0,3,25
2026-06-24 03:00,A_baseline,4944.75,-1.11,77,8,33,43
2026-06-24 03:00,B_nospikes,4950.89,-0.98,59,8,25,42
2026-06-24 03:00,C_conservative,4962.85,-0.74,55,6,23,42
2026-06-24 03:00,D_contrarian,4984.19,-0.32,8,3,5,62
2026-06-24 03:00,E_moonshot,4959.44,-0.81,12,0,3,25
2026-06-24 03:30,A_baseline,4944.2,-1.12,78,8,34,44
2026-06-24 03:30,B_nospikes,4950.68,-0.99,60,7,26,43
2026-06-24 03:30,C_conservative,4962.62,-0.75,56,5,24,43
2026-06-24 03:30,D_contrarian,4984.17,-0.32,8,3,5,62
2026-06-24 03:30,E_moonshot,4959.44,-0.81,12,0,3,25
2026-06-24 04:00,A_baseline,4945.83,-1.08,78,8,34,44
2026-06-24 04:00,B_nospikes,4951.68,-0.97,60,7,26,43
2026-06-24 04:00,C_conservative,4963.79,-0.72,56,5,24,43
2026-06-24 04:00,D_contrarian,4984.79,-0.3,8,3,5,62
2026-06-24 04:00,E_moonshot,4959.44,-0.81,12,0,3,25
2026-06-24 04:30,A_baseline,4942.41,-1.15,78,8,34,44
2026-06-24 04:30,B_nospikes,4950.58,-0.99,60,7,26,43
2026-06-24 04:30,C_conservative,4962.5,-0.75,56,5,24,43
2026-06-24 04:30,D_contrarian,4982.46,-0.35,8,3,5,62
2026-06-24 04:30,E_moonshot,4959.44,-0.81,12,0,3,25
2026-06-24 05:00,A_baseline,4943.63,-1.13,78,8,34,44
2026-06-24 05:00,B_nospikes,4950.79,-0.98,60,7,26,43
2026-06-24 05:00,C_conservative,4962.72,-0.75,56,5,24,43
2026-06-24 05:00,D_contrarian,4980.9,-0.38,8,3,5,62
2026-06-24 05:00,E_moonshot,4959.44,-0.81,12,0,3,25
2026-06-24 05:30,A_baseline,4939.25,-1.22,78,8,34,44
2026-06-24 05:30,B_nospikes,4947.3,-1.05,60,7,26,43
2026-06-24 05:30,C_conservative,4959.09,-0.82,56,5,24,43
2026-06-24 05:30,D_contrarian,4979.84,-0.4,8,3,5,62
2026-06-24 05:30,E_moonshot,4959.44,-0.81,12,0,3,25
2026-06-24 06:00,A_baseline,4939.77,-1.2,78,8,34,44
2026-06-24 06:00,B_nospikes,4947.84,-1.04,60,7,26,43
2026-06-24 06:00,C_conservative,4959.66,-0.81,56,5,24,43
2026-06-24 06:00,D_contrarian,4981.14,-0.38,9,2,5,56
2026-06-24 06:00,E_moonshot,4959.44,-0.81,12,0,3,25
2026-06-24 06:30,A_baseline,4936.86,-1.26,78,8,34,44
2026-06-24 06:30,B_nospikes,4946.21,-1.08,60,7,26,43
2026-06-24 06:30,C_conservative,4957.42,-0.85,56,5,24,43
2026-06-24 06:30,D_contrarian,4979.83,-0.4,9,2,5,56
2026-06-24 06:30,E_moonshot,4959.44,-0.81,12,0,3,25
2026-06-24 07:00,A_baseline,4936.81,-1.26,78,8,34,44
2026-06-24 07:00,B_nospikes,4946.17,-1.08,60,7,26,43
2026-06-24 07:00,C_conservative,4957.37,-0.85,56,5,24,43
2026-06-24 07:00,D_contrarian,4979.67,-0.41,9,2,5,56
2026-06-24 07:00,E_moonshot,4959.44,-0.81,12,0,3,25
2026-06-24 07:30,A_baseline,4937.39,-1.25,78,8,34,44
2026-06-24 07:30,B_nospikes,4946.76,-1.06,60,7,26,43
2026-06-24 07:30,C_conservative,4957.99,-0.84,56,5,24,43
2026-06-24 07:30,D_contrarian,4980.66,-0.39,9,3,5,56
2026-06-24 07:30,E_moonshot,4959.44,-0.81,12,0,3,25
2026-06-24 08:00,A_baseline,4939.08,-1.22,78,8,34,44
2026-06-24 08:00,B_nospikes,4948.46,-1.03,60,7,26,43
2026-06-24 08:00,C_conservative,4959.76,-0.8,56,5,24,43
2026-06-24 08:00,D_contrarian,4980.69,-0.39,9,3,5,56
2026-06-24 08:00,E_moonshot,4959.44,-0.81,12,0,3,25
2026-06-24 08:30,A_baseline,4939.26,-1.21,78,8,34,44
2026-06-24 08:30,B_nospikes,4948.64,-1.03,60,7,26,43
2026-06-24 08:30,C_conservative,4959.95,-0.8,56,5,24,43
2026-06-24 08:30,D_contrarian,4981.59,-0.37,9,3,5,56
2026-06-24 08:30,E_moonshot,4959.44,-0.81,12,0,3,25
2026-06-24 09:00,A_baseline,4941.8,-1.16,78,8,34,44
2026-06-24 09:00,B_nospikes,4949.95,-1.0,60,7,26,43
2026-06-24 09:00,C_conservative,4961.85,-0.76,56,5,24,43
2026-06-24 09:00,D_contrarian,4981.27,-0.37,9,3,5,56
2026-06-24 09:00,E_moonshot,4959.44,-0.81,12,0,3,25
2026-06-24 09:30,A_baseline,4939.54,-1.21,78,8,34,44
2026-06-24 09:30,B_nospikes,4947.61,-1.05,60,7,26,43
2026-06-24 09:30,C_conservative,4959.42,-0.81,56,5,24,43
2026-06-24 09:30,D_contrarian,4980.58,-0.39,9,3,5,56
2026-06-24 09:30,E_moonshot,4959.44,-0.81,12,0,3,25
2026-06-24 10:00,A_baseline,4938.19,-1.24,78,8,34,44
2026-06-24 10:00,B_nospikes,4947.05,-1.06,60,7,26,43
2026-06-24 10:00,C_conservative,4958.77,-0.82,56,5,24,43
2026-06-24 10:00,D_contrarian,4979.64,-0.41,9,3,5,56
2026-06-24 10:00,E_moonshot,4959.44,-0.81,12,0,3,25
2026-06-24 10:30,A_baseline,4938.1,-1.24,78,8,34,44
2026-06-24 10:30,B_nospikes,4947.03,-1.06,60,7,26,43
2026-06-24 10:30,C_conservative,4958.75,-0.82,56,5,24,43
2026-06-24 10:30,D_contrarian,4978.98,-0.42,9,3,5,56
2026-06-24 10:30,E_moonshot,4959.44,-0.81,12,0,3,25
2026-06-24 11:00,A_baseline,4938.5,-1.23,78,8,34,44
2026-06-24 11:00,B_nospikes,4947.44,-1.05,60,7,26,43
2026-06-24 11:00,C_conservative,4959.18,-0.82,56,5,24,43
2026-06-24 11:00,D_contrarian,4978.24,-0.44,9,3,5,56
2026-06-24 11:00,E_moonshot,4959.44,-0.81,12,0,3,25
2026-06-24 11:30,A_baseline,4937.45,-1.25,78,8,34,44
2026-06-24 11:30,B_nospikes,4946.96,-1.06,60,7,26,43
2026-06-24 11:30,C_conservative,4958.68,-0.83,56,5,24,43
2026-06-24 11:30,D_contrarian,4978.58,-0.43,9,3,5,56
2026-06-24 11:30,E_moonshot,4959.44,-0.81,12,0,3,25
2026-06-24 12:00,A_baseline,4933.63,-1.33,79,7,34,43
2026-06-24 12:00,B_nospikes,4942.82,-1.14,61,6,26,43
2026-06-24 12:00,C_conservative,4958.39,-0.83,56,5,24,43
2026-06-24 12:00,D_contrarian,4977.65,-0.45,9,3,5,56
2026-06-24 12:00,E_moonshot,4959.44,-0.81,12,0,3,25
2026-06-24 12:30,A_baseline,4934.88,-1.3,80,8,34,42
2026-06-24 12:30,B_nospikes,4946.52,-1.07,61,6,26,43
2026-06-24 12:30,C_conservative,4961.99,-0.76,56,5,24,43
2026-06-24 12:30,D_contrarian,4972.43,-0.55,9,3,5,56
2026-06-24 12:30,E_moonshot,4959.44,-0.81,12,0,3,25
2026-06-24 13:00,A_baseline,4934.3,-1.31,80,8,34,42
2026-06-24 13:00,B_nospikes,4946.08,-1.08,61,6,26,43
2026-06-24 13:00,C_conservative,4961.53,-0.77,56,5,24,43
2026-06-24 13:00,D_contrarian,4972.45,-0.55,9,3,5,56
2026-06-24 13:00,E_moonshot,4959.44,-0.81,12,0,3,25
2026-06-24 13:30,A_baseline,4933.3,-1.33,80,8,34,42
2026-06-24 13:30,B_nospikes,4945.22,-1.1,61,6,26,43
2026-06-24 13:30,C_conservative,4960.64,-0.79,56,5,24,43
2026-06-24 13:30,D_contrarian,4972.82,-0.54,9,3,5,56
2026-06-24 13:30,E_moonshot,4959.44,-0.81,12,0,3,25
2026-06-24 14:00,A_baseline,4950.9,-0.98,81,7,35,43
2026-06-24 14:00,B_nospikes,4962.23,-0.76,62,5,27,44
2026-06-24 14:00,C_conservative,4978.32,-0.43,57,4,25,44
2026-06-24 14:00,D_contrarian,4974.51,-0.51,9,3,5,56
2026-06-24 14:00,E_moonshot,4958.98,-0.82,12,1,3,25
2026-06-24 14:30,A_baseline,4951.58,-0.97,81,7,35,43
2026-06-24 14:30,B_nospikes,4963.06,-0.74,62,5,27,44
2026-06-24 14:30,C_conservative,4978.9,-0.42,57,4,25,44
2026-06-24 14:30,D_contrarian,4975.29,-0.49,9,3,5,56
2026-06-24 14:30,E_moonshot,4956.36,-0.87,12,1,3,25
2026-06-24 15:00,A_baseline,4952.1,-0.96,81,7,35,43
2026-06-24 15:00,B_nospikes,4962.65,-0.75,62,5,27,44
2026-06-24 15:00,C_conservative,4978.48,-0.43,57,4,25,44
2026-06-24 15:00,D_contrarian,4974.72,-0.51,9,3,5,56
2026-06-24 15:00,E_moonshot,4955.91,-0.88,12,1,3,25
2026-06-24 15:30,A_baseline,4944.42,-1.11,82,6,35,43
2026-06-24 15:30,B_nospikes,4960.54,-0.79,62,5,27,44
2026-06-24 15:30,C_conservative,4976.26,-0.47,57,4,25,44
2026-06-24 15:30,D_contrarian,4970.52,-0.59,9,3,5,56
2026-06-24 15:30,E_moonshot,4952.98,-0.94,12,1,3,25
2026-06-24 16:00,A_baseline,4942.48,-1.15,83,5,35,42
2026-06-24 16:00,B_nospikes,4959.76,-0.8,62,5,27,44
2026-06-24 16:00,C_conservative,4975.37,-0.49,57,4,25,44
2026-06-24 16:00,D_contrarian,4965.94,-0.68,9,3,5,56
2026-06-24 16:00,E_moonshot,4952.71,-0.95,12,1,3,25
2026-06-24 16:30,A_baseline,4941.11,-1.18,83,5,35,42
2026-06-24 16:30,B_nospikes,4958.63,-0.83,62,5,27,44
2026-06-24 16:30,C_conservative,4973.92,-0.52,57,4,25,44
2026-06-24 16:30,D_contrarian,4965.68,-0.69,9,3,5,56
2026-06-24 16:30,E_moonshot,4952.71,-0.95,12,1,3,25
2026-06-24 17:00,A_baseline,4942.35,-1.15,83,5,35,42
2026-06-24 17:00,B_nospikes,4959.58,-0.81,62,5,27,44
2026-06-24 17:00,C_conservative,4975.23,-0.5,57,4,25,44
2026-06-24 17:00,D_contrarian,4966.14,-0.68,9,3,5,56
2026-06-24 17:00,E_moonshot,4955.7,-0.89,12,1,3,25
2026-06-24 17:30,A_baseline,4940.74,-1.19,83,5,35,42
2026-06-24 17:30,B_nospikes,4958.35,-0.83,62,5,27,44
2026-06-24 17:30,C_conservative,4973.53,-0.53,57,4,25,44
2026-06-24 17:30,D_contrarian,4963.17,-0.74,10,2,5,50
2026-06-24 17:30,E_moonshot,4956.62,-0.87,12,1,3,25
2026-06-24 18:00,A_baseline,4936.73,-1.27,84,4,35,42
2026-06-24 18:00,B_nospikes,4954.2,-0.92,63,4,27,43
2026-06-24 18:00,C_conservative,4971.43,-0.57,58,3,25,43
2026-06-24 18:00,D_contrarian,4957.79,-0.84,12,0,5,42
2026-06-24 18:00,E_moonshot,4955.01,-0.9,12,1,3,25
2026-06-24 18:30,A_baseline,4935.91,-1.28,85,3,35,41
2026-06-24 18:30,B_nospikes,4953.35,-0.93,64,3,27,42
2026-06-24 18:30,C_conservative,4971.43,-0.57,58,3,25,43
2026-06-24 18:30,D_contrarian,4957.79,-0.84,12,0,5,42
2026-06-24 18:30,E_moonshot,4956.14,-0.88,12,1,3,25
2026-06-24 19:00,A_baseline,4933.54,-1.33,86,2,35,41
2026-06-24 19:00,B_nospikes,4951.66,-0.97,65,2,27,42
2026-06-24 19:00,C_conservative,4968.94,-0.62,59,2,25,42
2026-06-24 19:00,D_contrarian,4953.82,-0.92,12,1,5,42
2026-06-24 19:00,E_moonshot,4952.89,-0.94,12,1,3,25
2026-06-24 19:30,A_baseline,4931.86,-1.36,86,3,35,41
2026-06-24 19:30,B_nospikes,4949.98,-1.0,65,3,27,42
2026-06-24 19:30,C_conservative,4967.25,-0.66,59,3,25,42
2026-06-24 19:30,D_contrarian,4949.78,-1.0,12,3,5,42
2026-06-24 19:30,E_moonshot,4952.85,-0.94,12,1,3,25
2026-06-24 20:00,A_baseline,4929.9,-1.4,86,4,35,41
2026-06-24 20:00,B_nospikes,4948.01,-1.04,65,4,27,42
2026-06-24 20:00,C_conservative,4965.45,-0.69,59,3,25,42
2026-06-24 20:00,D_contrarian,4945.8,-1.08,12,3,5,42
2026-06-24 20:00,E_moonshot,4949.13,-1.02,12,1,3,25
2026-06-24 20:30,A_baseline,4931.25,-1.38,86,5,35,41
2026-06-24 20:30,B_nospikes,4949.37,-1.01,65,5,27,42
2026-06-24 20:30,C_conservative,4966.8,-0.66,59,4,25,42
2026-06-24 20:30,D_contrarian,4944.84,-1.1,13,3,5,38
2026-06-24 20:30,E_moonshot,4955.7,-0.89,12,1,3,25
2026-06-24 21:00,A_baseline,4930.41,-1.39,86,5,35,41
2026-06-24 21:00,B_nospikes,4948.53,-1.03,65,5,27,42
2026-06-24 21:00,C_conservative,4965.95,-0.68,59,4,25,42
2026-06-24 21:00,D_contrarian,4948.57,-1.03,13,3,5,38
2026-06-24 21:00,E_moonshot,4952.77,-0.94,12,1,3,25
2026-06-24 21:30,A_baseline,4925.25,-1.49,87,4,35,40
2026-06-24 21:30,B_nospikes,4943.17,-1.14,66,4,27,41
2026-06-24 21:30,C_conservative,4960.43,-0.79,60,3,25,42
2026-06-24 21:30,D_contrarian,4946.62,-1.07,13,3,5,38
2026-06-24 21:30,E_moonshot,4952.77,-0.94,12,1,3,25
2026-06-24 22:00,A_baseline,4928.38,-1.43,88,4,36,41
2026-06-24 22:00,B_nospikes,4946.31,-1.07,67,4,28,42
2026-06-24 22:00,C_conservative,4963.6,-0.73,61,3,26,43
2026-06-24 22:00,D_contrarian,4949.06,-1.02,13,4,5,38
2026-06-24 22:00,E_moonshot,4954.17,-0.92,12,1,3,25
2026-06-24 22:30,A_baseline,4931.36,-1.37,89,3,37,42
2026-06-24 22:30,B_nospikes,4949.31,-1.01,68,3,29,43
2026-06-24 22:30,C_conservative,4966.61,-0.67,62,2,27,44
2026-06-24 22:30,D_contrarian,4959.92,-0.8,16,3,8,50
2026-06-24 22:30,E_moonshot,4956.0,-0.88,12,1,3,25
2026-06-24 23:00,A_baseline,4931.36,-1.37,89,3,37,42
2026-06-24 23:00,B_nospikes,4949.31,-1.01,68,3,29,43
2026-06-24 23:00,C_conservative,4966.61,-0.67,62,2,27,44
2026-06-24 23:00,D_contrarian,4963.58,-0.73,17,3,9,53
2026-06-24 23:00,E_moonshot,4956.0,-0.88,12,1,3,25
2026-06-24 23:30,A_baseline,4932.88,-1.34,90,3,38,42
2026-06-24 23:30,B_nospikes,4950.82,-0.98,69,3,30,43
2026-06-24 23:30,C_conservative,4968.15,-0.64,63,2,28,44
2026-06-24 23:30,D_contrarian,4963.12,-0.74,17,3,9,53
2026-06-24 23:30,E_moonshot,4958.97,-0.82,12,1,3,25
2026-06-25 00:00,A_baseline,4932.88,-1.34,90,3,38,42
2026-06-25 00:00,B_nospikes,4950.82,-0.98,69,3,30,43
2026-06-25 00:00,C_conservative,4968.15,-0.64,63,2,28,44
2026-06-25 00:00,D_contrarian,4965.63,-0.69,17,3,9,53
2026-06-25 00:00,E_moonshot,4959.93,-0.8,12,1,3,25
2026-06-25 00:30,A_baseline,4930.58,-1.39,90,6,38,42
2026-06-25 00:30,B_nospikes,4950.82,-0.98,69,3,30,43
2026-06-25 00:30,C_conservative,4968.15,-0.64,63,2,28,44
2026-06-25 00:30,D_contrarian,4968.11,-0.64,17,3,9,53
2026-06-25 00:30,E_moonshot,4959.93,-0.8,12,1,3,25
2026-06-25 01:00,A_baseline,4929.31,-1.41,90,6,38,42
2026-06-25 01:00,B_nospikes,4950.82,-0.98,69,3,30,43
2026-06-25 01:00,C_conservative,4968.15,-0.64,63,2,28,44
2026-06-25 01:00,D_contrarian,4965.69,-0.69,17,3,9,53
2026-06-25 01:00,E_moonshot,4959.93,-0.8,12,1,3,25
2026-06-25 01:30,A_baseline,4930.16,-1.4,90,6,38,42
2026-06-25 01:30,B_nospikes,4950.82,-0.98,69,3,30,43
2026-06-25 01:30,C_conservative,4968.15,-0.64,63,2,28,44
2026-06-25 01:30,D_contrarian,4967.57,-0.65,17,3,9,53
2026-06-25 01:30,E_moonshot,4962.12,-0.76,12,1,3,25
2026-06-25 02:00,A_baseline,4931.82,-1.36,91,6,39,43
2026-06-25 02:00,B_nospikes,4951.75,-0.96,70,3,31,44
2026-06-25 02:00,C_conservative,4968.57,-0.63,63,2,28,44
2026-06-25 02:00,D_contrarian,4968.07,-0.64,17,3,9,53
2026-06-25 02:00,E_moonshot,4962.38,-0.75,12,1,3,25
2026-06-25 02:30,A_baseline,4925.44,-1.49,92,6,39,42
2026-06-25 02:30,B_nospikes,4944.26,-1.11,71,4,31,44
2026-06-25 02:30,C_conservative,4960.89,-0.78,64,3,28,44
2026-06-25 02:30,D_contrarian,4959.8,-0.8,18,3,9,50
2026-06-25 02:30,E_moonshot,4962.67,-0.75,12,1,3,25
2026-06-25 03:00,A_baseline,4922.88,-1.54,92,6,39,42
2026-06-25 03:00,B_nospikes,4942.06,-1.16,71,5,31,44
2026-06-25 03:00,C_conservative,4958.65,-0.83,64,4,28,44
2026-06-25 03:00,D_contrarian,4955.78,-0.88,18,3,9,50
2026-06-25 03:00,E_moonshot,4962.38,-0.75,12,1,3,25
2026-06-25 03:30,A_baseline,4923.61,-1.53,92,6,39,42
2026-06-25 03:30,B_nospikes,4942.44,-1.15,71,5,31,44
2026-06-25 03:30,C_conservative,4959.2,-0.82,64,4,28,44
2026-06-25 03:30,D_contrarian,4956.7,-0.87,18,3,9,50
2026-06-25 03:30,E_moonshot,4960.72,-0.79,12,1,3,25
2026-06-25 04:00,A_baseline,4923.86,-1.52,92,6,39,42
2026-06-25 04:00,B_nospikes,4942.62,-1.15,71,5,31,44
2026-06-25 04:00,C_conservative,4959.39,-0.81,64,4,28,44
2026-06-25 04:00,D_contrarian,4956.75,-0.86,18,4,9,50
2026-06-25 04:00,E_moonshot,4964.95,-0.7,12,1,3,25
2026-06-25 04:30,A_baseline,4924.11,-1.52,92,6,39,42
2026-06-25 04:30,B_nospikes,4943.09,-1.14,71,5,31,44
2026-06-25 04:30,C_conservative,4959.86,-0.8,64,4,28,44
2026-06-25 04:30,D_contrarian,4957.24,-0.86,18,4,9,50
2026-06-25 04:30,E_moonshot,4966.49,-0.67,12,1,3,25
2026-06-25 05:00,A_baseline,4922.84,-1.54,92,6,39,42
2026-06-25 05:00,B_nospikes,4942.34,-1.15,71,5,31,44
2026-06-25 05:00,C_conservative,4959.1,-0.82,64,4,28,44
2026-06-25 05:00,D_contrarian,4956.21,-0.88,18,4,9,50
2026-06-25 05:00,E_moonshot,4967.78,-0.64,12,1,3,25
2026-06-25 05:30,A_baseline,4921.58,-1.57,92,6,39,42
2026-06-25 05:30,B_nospikes,4940.29,-1.19,71,5,31,44
2026-06-25 05:30,C_conservative,4957.02,-0.86,64,4,28,44
2026-06-25 05:30,D_contrarian,4955.74,-0.89,18,4,9,50
2026-06-25 05:30,E_moonshot,4968.19,-0.64,12,1,3,25
2026-06-25 06:00,A_baseline,4920.81,-1.58,92,7,39,42
2026-06-25 06:00,B_nospikes,4939.47,-1.21,71,6,31,44
2026-06-25 06:00,C_conservative,4956.18,-0.88,64,5,28,44
2026-06-25 06:00,D_contrarian,4953.05,-0.94,18,4,9,50
2026-06-25 06:00,E_moonshot,4969.84,-0.6,12,1,3,25
2026-06-25 06:30,A_baseline,4922.88,-1.54,92,7,39,42
2026-06-25 06:30,B_nospikes,4941.5,-1.17,71,6,31,44
2026-06-25 06:30,C_conservative,4958.24,-0.84,64,5,28,44
2026-06-25 06:30,D_contrarian,4953.94,-0.92,18,4,9,50
2026-06-25 06:30,E_moonshot,4966.65,-0.67,12,1,3,25
2026-06-25 07:00,A_baseline,4924.93,-1.5,92,7,39,42
2026-06-25 07:00,B_nospikes,4943.16,-1.14,71,6,31,44
2026-06-25 07:00,C_conservative,4959.94,-0.8,64,5,28,44
2026-06-25 07:00,D_contrarian,4954.77,-0.9,18,4,9,50
2026-06-25 07:00,E_moonshot,4969.73,-0.61,12,1,3,25
2026-06-25 07:30,A_baseline,4931.74,-1.37,92,7,39,42
2026-06-25 07:30,B_nospikes,4946.32,-1.07,72,6,32,44
2026-06-25 07:30,C_conservative,4964.39,-0.71,65,5,29,45
2026-06-25 07:30,D_contrarian,4960.37,-0.79,20,2,11,55
2026-06-25 07:30,E_moonshot,4970.83,-0.58,12,1,3,25
2026-06-25 08:00,A_baseline,4933.72,-1.33,92,7,39,42
2026-06-25 08:00,B_nospikes,4948.01,-1.04,72,6,32,44
2026-06-25 08:00,C_conservative,4966.11,-0.68,65,5,29,45
2026-06-25 08:00,D_contrarian,4960.37,-0.79,20,2,11,55
2026-06-25 08:00,E_moonshot,4968.58,-0.63,12,1,3,25
2026-06-25 08:30,A_baseline,4933.7,-1.33,92,7,39,42
2026-06-25 08:30,B_nospikes,4947.77,-1.04,73,5,33,45
2026-06-25 08:30,C_conservative,4965.86,-0.68,66,4,30,45
2026-06-25 08:30,D_contrarian,4960.37,-0.79,20,2,11,55
2026-06-25 08:30,E_moonshot,4969.55,-0.61,12,1,3,25
2026-06-25 09:00,A_baseline,4934.51,-1.31,92,7,39,42
2026-06-25 09:00,B_nospikes,4948.17,-1.04,73,5,33,45
2026-06-25 09:00,C_conservative,4966.27,-0.67,66,4,30,45
2026-06-25 09:00,D_contrarian,4960.37,-0.79,20,2,11,55
2026-06-25 09:00,E_moonshot,4966.55,-0.67,12,1,3,25
2026-06-25 09:30,A_baseline,4934.78,-1.3,92,7,39,42
2026-06-25 09:30,B_nospikes,4948.17,-1.04,73,5,33,45
2026-06-25 09:30,C_conservative,4966.27,-0.67,66,4,30,45
2026-06-25 09:30,D_contrarian,4963.44,-0.73,20,2,11,55
2026-06-25 09:30,E_moonshot,4967.47,-0.65,12,1,3,25
2026-06-25 10:00,A_baseline,4936.84,-1.26,92,7,39,42
2026-06-25 10:00,B_nospikes,4950.59,-0.99,73,5,33,45
2026-06-25 10:00,C_conservative,4968.74,-0.63,66,4,30,45
2026-06-25 10:00,D_contrarian,4963.33,-0.73,20,2,11,55
2026-06-25 10:00,E_moonshot,4966.22,-0.68,12,1,3,25
2026-06-25 10:30,A_baseline,4936.48,-1.27,92,7,39,42
2026-06-25 10:30,B_nospikes,4950.36,-0.99,73,6,33,45
2026-06-25 10:30,C_conservative,4968.51,-0.63,66,5,30,45
2026-06-25 10:30,D_contrarian,4963.19,-0.74,20,2,11,55
2026-06-25 10:30,E_moonshot,4966.6,-0.67,12,1,3,25
2026-06-25 11:00,A_baseline,4934.99,-1.3,92,7,39,42
2026-06-25 11:00,B_nospikes,4948.85,-1.02,73,6,33,45
2026-06-25 11:00,C_conservative,4966.97,-0.66,66,5,30,45
2026-06-25 11:00,D_contrarian,4963.19,-0.74,20,2,11,55
2026-06-25 11:00,E_moonshot,4966.59,-0.67,12,1,3,25
2026-06-25 11:30,A_baseline,4934.13,-1.32,92,7,39,42
2026-06-25 11:30,B_nospikes,4948.55,-1.03,73,6,33,45
2026-06-25 11:30,C_conservative,4966.66,-0.67,66,5,30,45
2026-06-25 11:30,D_contrarian,4962.65,-0.75,20,2,11,55
2026-06-25 11:30,E_moonshot,4966.5,-0.67,12,1,3,25
2026-06-25 12:00,A_baseline,4934.61,-1.31,93,6,40,43
2026-06-25 12:00,B_nospikes,4949.11,-1.02,74,5,34,46
2026-06-25 12:00,C_conservative,4967.21,-0.66,67,4,31,46
2026-06-25 12:00,D_contrarian,4962.96,-0.74,20,2,11,55
2026-06-25 12:00,E_moonshot,4968.23,-0.64,12,1,3,25
2026-06-25 12:30,A_baseline,4931.54,-1.37,96,4,43,45
2026-06-25 12:30,B_nospikes,4947.85,-1.04,74,5,34,46
2026-06-25 12:30,C_conservative,4965.93,-0.68,67,4,31,46
2026-06-25 12:30,D_contrarian,4962.96,-0.74,20,2,11,55
2026-06-25 12:30,E_moonshot,4967.52,-0.65,12,1,3,25
2026-06-25 13:00,A_baseline,4930.59,-1.39,96,5,43,45
2026-06-25 13:00,B_nospikes,4947.34,-1.05,74,5,34,46
2026-06-25 13:00,C_conservative,4965.41,-0.69,67,4,31,46
2026-06-25 13:00,D_contrarian,4960.4,-0.79,20,2,11,55
2026-06-25 13:00,E_moonshot,4965.12,-0.7,12,1,3,25
2026-06-25 13:30,A_baseline,4929.2,-1.42,96,6,43,45
2026-06-25 13:30,B_nospikes,4945.92,-1.08,74,6,34,46
2026-06-25 13:30,C_conservative,4964.13,-0.72,67,4,31,46
2026-06-25 13:30,D_contrarian,4960.03,-0.8,20,2,11,55
2026-06-25 13:30,E_moonshot,4965.12,-0.7,12,1,3,25
2026-06-25 14:00,A_baseline,4929.92,-1.4,96,6,43,45
2026-06-25 14:00,B_nospikes,4946.65,-1.07,74,6,34,46
2026-06-25 14:00,C_conservative,4964.88,-0.7,67,4,31,46
2026-06-25 14:00,D_contrarian,4960.03,-0.8,20,2,11,55
2026-06-25 14:00,E_moonshot,4966.54,-0.67,12,1,3,25
2026-06-25 14:30,A_baseline,4928.69,-1.43,96,6,43,45
2026-06-25 14:30,B_nospikes,4945.43,-1.09,74,6,34,46
2026-06-25 14:30,C_conservative,4963.95,-0.72,67,5,31,46
2026-06-25 14:30,D_contrarian,4960.03,-0.8,20,2,11,55
2026-06-25 14:30,E_moonshot,4966.36,-0.67,12,1,3,25
2026-06-25 15:00,A_baseline,4929.58,-1.41,96,6,43,45
2026-06-25 15:00,B_nospikes,4946.3,-1.07,74,6,34,46
2026-06-25 15:00,C_conservative,4964.84,-0.7,67,5,31,46
2026-06-25 15:00,D_contrarian,4960.03,-0.8,20,2,11,55
2026-06-25 15:00,E_moonshot,4967.7,-0.65,12,1,3,25
2026-06-25 15:30,A_baseline,4930.15,-1.4,96,6,43,45
2026-06-25 15:30,B_nospikes,4946.87,-1.06,74,6,34,46
2026-06-25 15:30,C_conservative,4965.41,-0.69,67,5,31,46
2026-06-25 15:30,D_contrarian,4960.03,-0.8,20,2,11,55
2026-06-25 15:30,E_moonshot,4970.84,-0.58,12,1,3,25
2026-06-25 16:00,A_baseline,4896.88,-2.06,102,0,43,42
2026-06-25 16:00,B_nospikes,4913.48,-1.73,80,0,34,42
2026-06-25 16:00,C_conservative,4933.09,-1.34,72,0,31,43
2026-06-25 16:00,D_contrarian,4951.93,-0.96,21,1,11,52
2026-06-25 16:00,E_moonshot,4961.36,-0.77,12,1,3,25
2026-06-25 16:30,A_baseline,4896.88,-2.06,102,0,43,42
2026-06-25 16:30,B_nospikes,4913.48,-1.73,80,0,34,42
2026-06-25 16:30,C_conservative,4933.09,-1.34,72,0,31,43
2026-06-25 16:30,D_contrarian,4951.93,-0.96,21,1,11,52
2026-06-25 16:30,E_moonshot,4963.88,-0.72,12,1,3,25
2026-06-25 17:00,A_baseline,4896.88,-2.06,102,0,43,42
2026-06-25 17:00,B_nospikes,4913.48,-1.73,80,0,34,42
2026-06-25 17:00,C_conservative,4933.09,-1.34,72,0,31,43
2026-06-25 17:00,D_contrarian,4951.93,-0.96,21,1,11,52
2026-06-25 17:00,E_moonshot,4965.26,-0.69,12,1,3,25
2026-06-25 17:30,A_baseline,4896.32,-2.07,102,3,43,42
2026-06-25 17:30,B_nospikes,4912.06,-1.76,80,3,34,42
2026-06-25 17:30,C_conservative,4931.36,-1.37,72,3,31,43
2026-06-25 17:30,D_contrarian,4951.93,-0.96,21,1,11,52
2026-06-25 17:30,E_moonshot,4964.39,-0.71,12,1,3,25
2026-06-25 18:00,A_baseline,4897.98,-2.04,102,3,43,42
2026-06-25 18:00,B_nospikes,4913.71,-1.73,80,3,34,42
2026-06-25 18:00,C_conservative,4933.01,-1.34,72,3,31,43
2026-06-25 18:00,D_contrarian,4951.93,-0.96,21,1,11,52
2026-06-25 18:00,E_moonshot,4964.95,-0.7,12,1,3,25
2026-06-25 18:30,A_baseline,4897.83,-2.04,103,4,44,43
2026-06-25 18:30,B_nospikes,4914.85,-1.7,80,4,34,42
2026-06-25 18:30,C_conservative,4934.15,-1.32,72,4,31,43
2026-06-25 18:30,D_contrarian,4951.93,-0.96,21,1,11,52
2026-06-25 18:30,E_moonshot,4966.57,-0.67,12,1,3,25
2026-06-25 19:00,A_baseline,4895.81,-2.08,104,4,45,43
2026-06-25 19:00,B_nospikes,4912.59,-1.75,81,4,35,43
2026-06-25 19:00,C_conservative,4931.89,-1.36,73,4,32,44
2026-06-25 19:00,D_contrarian,4951.93,-0.96,21,1,11,52
2026-06-25 19:00,E_moonshot,4966.57,-0.67,12,1,3,25
2026-06-25 19:30,A_baseline,4901.92,-1.96,104,4,45,43
2026-06-25 19:30,B_nospikes,4918.22,-1.64,82,4,36,44
2026-06-25 19:30,C_conservative,4937.15,-1.26,74,4,33,45
2026-06-25 19:30,D_contrarian,4951.93,-0.96,21,1,11,52
2026-06-25 19:30,E_moonshot,4971.2,-0.58,12,1,3,25
2026-06-25 20:00,A_baseline,4900.26,-1.99,104,4,45,43
2026-06-25 20:00,B_nospikes,4916.59,-1.67,82,4,36,44
2026-06-25 20:00,C_conservative,4935.52,-1.29,74,4,33,45
2026-06-25 20:00,D_contrarian,4951.93,-0.96,21,1,11,52
2026-06-25 20:00,E_moonshot,4969.72,-0.61,12,1,3,25
2026-06-25 20:30,A_baseline,4898.81,-2.02,104,4,45,43
2026-06-25 20:30,B_nospikes,4915.18,-1.7,82,4,36,44
2026-06-25 20:30,C_conservative,4934.1,-1.32,74,4,33,45
2026-06-25 20:30,D_contrarian,4951.93,-0.96,21,1,11,52
2026-06-25 20:30,E_moonshot,4970.46,-0.59,12,1,3,25
2026-06-25 21:00,A_baseline,4898.71,-2.03,104,4,45,43
2026-06-25 21:00,B_nospikes,4914.26,-1.71,82,4,36,44
2026-06-25 21:00,C_conservative,4933.18,-1.34,74,4,33,45
2026-06-25 21:00,D_contrarian,4951.93,-0.96,21,1,11,52
2026-06-25 21:00,E_moonshot,4966.3,-0.67,12,1,3,25
2026-06-25 21:30,A_baseline,4897.27,-2.05,104,4,45,43
2026-06-25 21:30,B_nospikes,4913.65,-1.73,82,4,36,44
2026-06-25 21:30,C_conservative,4932.57,-1.35,74,4,33,45
2026-06-25 21:30,D_contrarian,4951.93,-0.96,21,1,11,52
2026-06-25 21:30,E_moonshot,4966.3,-0.67,12,1,3,25
2026-06-25 22:00,A_baseline,4898.08,-2.04,104,4,45,43
2026-06-25 22:00,B_nospikes,4914.45,-1.71,82,4,36,44
2026-06-25 22:00,C_conservative,4933.37,-1.33,74,4,33,45
2026-06-25 22:00,D_contrarian,4951.93,-0.96,21,1,11,52
2026-06-25 22:00,E_moonshot,4966.3,-0.67,12,1,3,25
2026-06-25 22:30,A_baseline,4900.4,-1.99,104,4,45,43
2026-06-25 22:30,B_nospikes,4916.71,-1.67,82,4,36,44
2026-06-25 22:30,C_conservative,4935.64,-1.29,74,4,33,45
2026-06-25 22:30,D_contrarian,4951.93,-0.96,21,1,11,52
2026-06-25 22:30,E_moonshot,4965.99,-0.68,12,1,3,25
2026-06-25 23:00,A_baseline,4898.34,-2.03,104,4,45,43
2026-06-25 23:00,B_nospikes,4914.68,-1.71,82,4,36,44
2026-06-25 23:00,C_conservative,4933.6,-1.33,74,4,33,45
2026-06-25 23:00,D_contrarian,4951.93,-0.96,21,1,11,52
2026-06-25 23:00,E_moonshot,4966.11,-0.68,12,1,3,25
2026-06-25 23:30,A_baseline,4899.23,-2.02,104,4,45,43
2026-06-25 23:30,B_nospikes,4915.57,-1.69,82,4,36,44
2026-06-25 23:30,C_conservative,4934.5,-1.31,74,4,33,45
2026-06-25 23:30,D_contrarian,4951.93,-0.96,21,1,11,52
2026-06-25 23:30,E_moonshot,4965.9,-0.68,12,1,3,25
2026-06-26 00:00,A_baseline,4902.56,-1.95,104,4,45,43
2026-06-26 00:00,B_nospikes,4918.83,-1.62,82,4,36,44
2026-06-26 00:00,C_conservative,4937.76,-1.24,74,4,33,45
2026-06-26 00:00,D_contrarian,4951.93,-0.96,21,1,11,52
2026-06-26 00:00,E_moonshot,4966.96,-0.66,12,1,3,25
2026-06-26 00:30,A_baseline,4899.97,-2.0,104,5,45,43
2026-06-26 00:30,B_nospikes,4917.66,-1.65,82,4,36,44
2026-06-26 00:30,C_conservative,4936.59,-1.27,74,4,33,45
2026-06-26 00:30,D_contrarian,4951.93,-0.96,21,1,11,52
2026-06-26 00:30,E_moonshot,4964.67,-0.71,12,1,3,25
2026-06-26 01:00,A_baseline,4900.29,-1.99,104,6,45,43
2026-06-26 01:00,B_nospikes,4918.66,-1.63,82,4,36,44
2026-06-26 01:00,C_conservative,4937.6,-1.25,74,4,33,45
2026-06-26 01:00,D_contrarian,4951.93,-0.96,21,1,11,52
2026-06-26 01:00,E_moonshot,4966.28,-0.67,12,1,3,25
2026-06-26 01:30,A_baseline,4904.36,-1.91,105,6,46,44
2026-06-26 01:30,B_nospikes,4920.48,-1.59,83,4,37,45
2026-06-26 01:30,C_conservative,4940.68,-1.19,74,4,33,45
2026-06-26 01:30,D_contrarian,4951.93,-0.96,21,1,11,52
2026-06-26 01:30,E_moonshot,4968.92,-0.62,12,1,3,25
2026-06-26 02:00,A_baseline,4900.98,-1.98,105,6,46,44
2026-06-26 02:00,B_nospikes,4918.2,-1.64,83,4,37,45
2026-06-26 02:00,C_conservative,4938.1,-1.24,75,4,34,45
2026-06-26 02:00,D_contrarian,4951.93,-0.96,21,1,11,52
2026-06-26 02:00,E_moonshot,4967.76,-0.64,12,1,3,25
2026-06-26 02:30,A_baseline,4901.33,-1.97,105,7,46,44
2026-06-26 02:30,B_nospikes,4918.22,-1.64,83,5,37,45
2026-06-26 02:30,C_conservative,4938.12,-1.24,75,5,34,45
2026-06-26 02:30,D_contrarian,4951.27,-0.97,21,3,11,52
2026-06-26 02:30,E_moonshot,4966.78,-0.66,12,1,3,25
2026-06-26 03:00,A_baseline,4899.93,-2.0,105,7,46,44
2026-06-26 03:00,B_nospikes,4918.21,-1.64,83,5,37,45
2026-06-26 03:00,C_conservative,4938.11,-1.24,75,5,34,45
2026-06-26 03:00,D_contrarian,4951.34,-0.97,21,3,11,52
2026-06-26 03:00,E_moonshot,4967.09,-0.66,12,1,3,25
2026-06-26 03:30,A_baseline,4894.98,-2.1,105,7,46,44
2026-06-26 03:30,B_nospikes,4915.9,-1.68,83,5,37,45
2026-06-26 03:30,C_conservative,4935.79,-1.28,75,5,34,45
2026-06-26 03:30,D_contrarian,4948.6,-1.03,21,3,11,52
2026-06-26 03:30,E_moonshot,4967.96,-0.64,12,1,3,25
2026-06-26 04:00,A_baseline,4894.01,-2.12,105,7,46,44
2026-06-26 04:00,B_nospikes,4915.48,-1.69,83,5,37,45
2026-06-26 04:00,C_conservative,4935.37,-1.29,75,5,34,45
2026-06-26 04:00,D_contrarian,4946.53,-1.07,21,3,11,52
2026-06-26 04:00,E_moonshot,4966.79,-0.66,12,1,3,25
2026-06-26 04:30,A_baseline,4881.99,-2.36,109,3,46,42
2026-06-26 04:30,B_nospikes,4905.16,-1.9,85,3,37,44
2026-06-26 04:30,C_conservative,4926.09,-1.48,77,3,34,44
2026-06-26 04:30,D_contrarian,4939.83,-1.2,22,2,11,50
2026-06-26 04:30,E_moonshot,4966.06,-0.68,12,1,3,25
2026-06-26 05:00,A_baseline,4881.27,-2.37,109,3,46,42
2026-06-26 05:00,B_nospikes,4904.44,-1.91,85,3,37,44
2026-06-26 05:00,C_conservative,4925.37,-1.49,77,3,34,44
2026-06-26 05:00,D_contrarian,4939.83,-1.2,22,2,11,50
2026-06-26 05:00,E_moonshot,4966.18,-0.68,12,1,3,25
2026-06-26 05:30,A_baseline,4883.21,-2.34,109,3,46,42
2026-06-26 05:30,B_nospikes,4906.54,-1.87,85,3,37,44
2026-06-26 05:30,C_conservative,4927.47,-1.45,77,3,34,44
2026-06-26 05:30,D_contrarian,4939.83,-1.2,22,2,11,50
2026-06-26 05:30,E_moonshot,4968.61,-0.63,12,1,3,25
2026-06-26 06:00,A_baseline,4889.17,-2.22,109,4,46,42
2026-06-26 06:00,B_nospikes,4913.45,-1.73,86,4,38,44
2026-06-26 06:00,C_conservative,4933.51,-1.33,77,4,34,44
2026-06-26 06:00,D_contrarian,4946.63,-1.07,22,3,11,50
2026-06-26 06:00,E_moonshot,4969.36,-0.61,12,1,3,25
2026-06-26 06:30,A_baseline,4889.77,-2.2,109,4,46,42
2026-06-26 06:30,B_nospikes,4914.15,-1.72,86,4,38,44
2026-06-26 06:30,C_conservative,4934.2,-1.32,77,4,34,44
2026-06-26 06:30,D_contrarian,4946.77,-1.06,23,3,12,52
2026-06-26 06:30,E_moonshot,4971.0,-0.58,12,1,3,25
2026-06-26 07:00,A_baseline,4888.11,-2.24,109,4,46,42
2026-06-26 07:00,B_nospikes,4913.62,-1.73,86,4,38,44
2026-06-26 07:00,C_conservative,4932.53,-1.35,77,4,34,44
2026-06-26 07:00,D_contrarian,4945.48,-1.09,23,3,12,52
2026-06-26 07:00,E_moonshot,4970.75,-0.58,12,1,3,25
2026-06-26 07:30,A_baseline,4888.74,-2.23,109,4,46,42
2026-06-26 07:30,B_nospikes,4912.99,-1.74,86,4,38,44
2026-06-26 07:30,C_conservative,4933.05,-1.34,77,4,34,44
2026-06-26 07:30,D_contrarian,4947.8,-1.04,23,3,12,52
2026-06-26 07:30,E_moonshot,4968.83,-0.62,12,1,3,25
2026-06-26 08:00,A_baseline,4888.75,-2.23,109,4,46,42
2026-06-26 08:00,B_nospikes,4913.0,-1.74,86,4,38,44
2026-06-26 08:00,C_conservative,4933.06,-1.34,77,4,34,44
2026-06-26 08:00,D_contrarian,4948.12,-1.04,23,3,12,52
2026-06-26 08:00,E_moonshot,4968.83,-0.62,12,1,3,25
2026-06-26 08:30,A_baseline,4890.98,-2.18,110,4,47,43
2026-06-26 08:30,B_nospikes,4916.04,-1.68,87,4,39,45
2026-06-26 08:30,C_conservative,4935.42,-1.29,78,4,35,45
2026-06-26 08:30,D_contrarian,4946.22,-1.08,23,3,12,52
2026-06-26 08:30,E_moonshot,4970.87,-0.58,12,1,3,25
2026-06-26 09:00,A_baseline,4896.19,-2.08,111,4,48,43
2026-06-26 09:00,B_nospikes,4921.97,-1.56,87,4,39,45
2026-06-26 09:00,C_conservative,4942.23,-1.16,79,4,36,46
2026-06-26 09:00,D_contrarian,4949.94,-1.0,25,3,14,56
2026-06-26 09:00,E_moonshot,4974.56,-0.51,12,1,3,25
2026-06-26 09:30,A_baseline,4904.19,-1.92,112,4,49,44
2026-06-26 09:30,B_nospikes,4927.46,-1.45,88,4,40,45
2026-06-26 09:30,C_conservative,4949.03,-1.02,80,4,37,46
2026-06-26 09:30,D_contrarian,4951.81,-0.96,25,3,14,56
2026-06-26 09:30,E_moonshot,4976.22,-0.48,12,1,3,25
2026-06-26 10:00,A_baseline,4901.86,-1.96,113,4,50,44
2026-06-26 10:00,B_nospikes,4924.99,-1.5,89,4,41,46
2026-06-26 10:00,C_conservative,4946.54,-1.07,81,4,38,47
2026-06-26 10:00,D_contrarian,4951.0,-0.98,25,3,14,56
2026-06-26 10:00,E_moonshot,4973.7,-0.53,12,2,3,25
2026-06-26 10:30,A_baseline,4898.66,-2.03,113,4,50,44
2026-06-26 10:30,B_nospikes,4921.79,-1.56,89,4,41,46
2026-06-26 10:30,C_conservative,4943.32,-1.13,81,4,38,47
2026-06-26 10:30,D_contrarian,4949.62,-1.01,25,3,14,56
2026-06-26 10:30,E_moonshot,4971.98,-0.56,12,2,3,25
2026-06-26 11:00,A_baseline,4896.29,-2.07,113,4,50,44
2026-06-26 11:00,B_nospikes,4919.42,-1.61,89,4,41,46
2026-06-26 11:00,C_conservative,4940.93,-1.18,81,4,38,47
2026-06-26 11:00,D_contrarian,4945.62,-1.09,25,3,14,56
2026-06-26 11:00,E_moonshot,4970.22,-0.6,12,2,3,25
2026-06-26 11:30,A_baseline,4896.44,-2.07,113,4,50,44
2026-06-26 11:30,B_nospikes,4919.57,-1.61,89,4,41,46
2026-06-26 11:30,C_conservative,4941.09,-1.18,81,4,38,47
2026-06-26 11:30,D_contrarian,4946.73,-1.07,25,3,14,56
2026-06-26 11:30,E_moonshot,4969.54,-0.61,12,2,3,25
2026-06-26 12:00,A_baseline,4892.42,-2.15,113,4,50,44
2026-06-26 12:00,B_nospikes,4914.57,-1.71,90,3,41,46
2026-06-26 12:00,C_conservative,4937.04,-1.26,81,4,38,47
2026-06-26 12:00,D_contrarian,4945.84,-1.08,25,3,14,56
2026-06-26 12:00,E_moonshot,4971.59,-0.57,12,2,3,25
2026-06-26 12:30,A_baseline,4891.06,-2.18,113,4,50,44
2026-06-26 12:30,B_nospikes,4911.96,-1.76,90,3,41,46
2026-06-26 12:30,C_conservative,4935.67,-1.29,81,4,38,47
2026-06-26 12:30,D_contrarian,4945.4,-1.09,25,3,14,56
2026-06-26 12:30,E_moonshot,4967.1,-0.66,12,2,3,25
2026-06-26 13:00,A_baseline,4889.15,-2.22,113,4,50,44
2026-06-26 13:00,B_nospikes,4911.3,-1.77,90,3,41,46
2026-06-26 13:00,C_conservative,4933.74,-1.33,81,4,38,47
2026-06-26 13:00,D_contrarian,4944.49,-1.11,25,3,14,56
2026-06-26 13:00,E_moonshot,4966.84,-0.66,12,2,3,25
2026-06-26 13:30,A_baseline,4889.6,-2.21,113,4,50,44
2026-06-26 13:30,B_nospikes,4912.01,-1.76,90,3,41,46
2026-06-26 13:30,C_conservative,4934.2,-1.32,81,4,38,47
2026-06-26 13:30,D_contrarian,4942.06,-1.16,25,3,14,56
2026-06-26 13:30,E_moonshot,4968.27,-0.63,12,2,3,25
2026-06-26 14:00,A_baseline,4894.15,-2.12,114,3,51,45
2026-06-26 14:00,B_nospikes,4915.53,-1.69,91,3,42,46
2026-06-26 14:00,C_conservative,4938.76,-1.22,82,3,39,48
2026-06-26 14:00,D_contrarian,4939.26,-1.21,25,3,14,56
2026-06-26 14:00,E_moonshot,4970.29,-0.59,12,2,3,25
2026-06-26 14:30,A_baseline,4900.03,-2.0,114,3,51,45
2026-06-26 14:30,B_nospikes,4921.5,-1.57,91,3,42,46
2026-06-26 14:30,C_conservative,4944.69,-1.11,82,3,39,48
2026-06-26 14:30,D_contrarian,4940.36,-1.19,25,3,14,56
2026-06-26 14:30,E_moonshot,4972.79,-0.54,12,2,3,25
2026-06-26 15:00,A_baseline,4897.63,-2.05,114,3,51,45
2026-06-26 15:00,B_nospikes,4919.06,-1.62,91,3,42,46
2026-06-26 15:00,C_conservative,4942.27,-1.15,82,3,39,48
2026-06-26 15:00,D_contrarian,4938.03,-1.24,25,3,14,56
2026-06-26 15:00,E_moonshot,4970.75,-0.58,12,2,3,25
2026-06-26 15:30,A_baseline,4894.43,-2.11,115,2,51,44
2026-06-26 15:30,B_nospikes,4915.84,-1.68,92,2,42,46
2026-06-26 15:30,C_conservative,4939.06,-1.22,83,2,39,47
2026-06-26 15:30,D_contrarian,4937.27,-1.25,25,3,14,56
2026-06-26 15:30,E_moonshot,4969.11,-0.62,12,2,3,25
2026-06-26 16:00,A_baseline,4893.79,-2.12,116,1,51,44
2026-06-26 16:00,B_nospikes,4924.92,-1.5,93,2,43,46
2026-06-26 16:00,C_conservative,4938.4,-1.23,84,1,39,46
2026-06-26 16:00,D_contrarian,4941.08,-1.18,26,2,14,54
2026-06-26 16:00,E_moonshot,4973.37,-0.53,12,2,3,25
2026-06-26 16:30,A_baseline,4895.4,-2.09,116,1,51,44
2026-06-26 16:30,B_nospikes,4928.96,-1.42,94,2,44,47
2026-06-26 16:30,C_conservative,4940.02,-1.2,84,1,39,46
2026-06-26 16:30,D_contrarian,4941.42,-1.17,26,2,14,54
2026-06-26 16:30,E_moonshot,4976.39,-0.47,12,2,3,25
2026-06-26 17:00,A_baseline,4894.64,-2.11,116,1,51,44
2026-06-26 17:00,B_nospikes,4921.79,-1.56,94,2,44,47
2026-06-26 17:00,C_conservative,4939.25,-1.21,84,1,39,46
2026-06-26 17:00,D_contrarian,4939.93,-1.2,26,2,14,54
2026-06-26 17:00,E_moonshot,4975.8,-0.48,12,2,3,25
2026-06-26 17:30,A_baseline,4897.72,-2.05,117,2,52,44
2026-06-26 17:30,B_nospikes,4927.0,-1.46,94,2,44,47
2026-06-26 17:30,C_conservative,4939.18,-1.22,85,2,40,47
2026-06-26 17:30,D_contrarian,4945.57,-1.09,26,3,14,54
2026-06-26 17:30,E_moonshot,4982.39,-0.35,12,2,3,25
2026-06-26 18:00,A_baseline,4900.87,-1.98,117,2,52,44
2026-06-26 18:00,B_nospikes,4930.16,-1.4,94,2,44,47
2026-06-26 18:00,C_conservative,4942.33,-1.15,85,2,40,47
2026-06-26 18:00,D_contrarian,4940.78,-1.18,28,3,16,57
2026-06-26 18:00,E_moonshot,4987.07,-0.26,12,2,3,25
2026-06-26 18:30,A_baseline,4898.2,-2.04,118,2,53,45
2026-06-26 18:30,B_nospikes,4928.94,-1.42,95,2,45,47
2026-06-26 18:30,C_conservative,4943.22,-1.14,85,2,40,47
2026-06-26 18:30,D_contrarian,4942.49,-1.15,28,3,16,57
2026-06-26 18:30,E_moonshot,4991.32,-0.17,12,2,3,25
2026-06-26 19:00,A_baseline,4899.76,-2.0,118,2,53,45
2026-06-26 19:00,B_nospikes,4930.5,-1.39,95,2,45,47
2026-06-26 19:00,C_conservative,4944.8,-1.1,85,2,40,47
2026-06-26 19:00,D_contrarian,4943.55,-1.13,28,3,16,57
2026-06-26 19:00,E_moonshot,4993.9,-0.12,12,2,3,25
2026-06-26 19:30,A_baseline,4900.16,-2.0,118,2,53,45
2026-06-26 19:30,B_nospikes,4930.91,-1.38,95,2,45,47
2026-06-26 19:30,C_conservative,4945.21,-1.1,85,2,40,47
2026-06-26 19:30,D_contrarian,4946.77,-1.06,28,3,16,57
2026-06-26 19:30,E_moonshot,4997.25,-0.06,12,2,3,25
2026-06-26 20:00,A_baseline,4900.93,-1.98,119,1,54,45
2026-06-26 20:00,B_nospikes,4931.69,-1.37,96,1,46,48
2026-06-26 20:00,C_conservative,4946.02,-1.08,86,1,41,48
2026-06-26 20:00,D_contrarian,4944.51,-1.11,28,3,16,57
2026-06-26 20:00,E_moonshot,4995.24,-0.1,12,2,3,25
2026-06-26 20:30,A_baseline,4898.5,-2.03,119,2,54,45
2026-06-26 20:30,B_nospikes,4929.25,-1.42,96,2,46,48
2026-06-26 20:30,C_conservative,4943.54,-1.13,86,2,41,48
2026-06-26 20:30,D_contrarian,4943.73,-1.13,28,3,16,57
2026-06-26 20:30,E_moonshot,4995.34,-0.09,12,2,3,25
2026-06-26 21:00,A_baseline,4899.96,-2.0,119,2,54,45
2026-06-26 21:00,B_nospikes,4930.72,-1.39,96,2,46,48
2026-06-26 21:00,C_conservative,4945.04,-1.1,86,2,41,48
2026-06-26 21:00,D_contrarian,4943.37,-1.13,28,3,16,57
2026-06-26 21:00,E_moonshot,4994.94,-0.1,12,2,3,25
2026-06-26 21:30,A_baseline,4901.29,-1.97,119,2,54,45
2026-06-26 21:30,B_nospikes,4932.07,-1.36,96,2,46,48
2026-06-26 21:30,C_conservative,4946.41,-1.07,86,2,41,48
2026-06-26 21:30,D_contrarian,4944.27,-1.11,28,3,16,57
2026-06-26 21:30,E_moonshot,4994.58,-0.11,12,2,3,25
2026-06-26 22:00,A_baseline,4902.07,-1.96,119,2,54,45
2026-06-26 22:00,B_nospikes,4932.85,-1.34,96,2,46,48
2026-06-26 22:00,C_conservative,4947.19,-1.06,86,2,41,48
2026-06-26 22:00,D_contrarian,4945.2,-1.1,28,3,16,57
2026-06-26 22:00,E_moonshot,4992.55,-0.15,12,3,3,25
2026-06-26 22:30,A_baseline,4900.63,-1.99,119,2,54,45
2026-06-26 22:30,B_nospikes,4931.4,-1.37,96,2,46,48
2026-06-26 22:30,C_conservative,4945.72,-1.09,86,2,41,48
2026-06-26 22:30,D_contrarian,4945.76,-1.08,28,3,16,57
2026-06-26 22:30,E_moonshot,4989.32,-0.21,12,3,3,25
2026-06-26 23:00,A_baseline,4898.78,-2.02,119,2,54,45
2026-06-26 23:00,B_nospikes,4929.53,-1.41,96,2,46,48
2026-06-26 23:00,C_conservative,4943.83,-1.12,86,2,41,48
2026-06-26 23:00,D_contrarian,4942.43,-1.15,28,3,16,57
2026-06-26 23:00,E_moonshot,4986.5,-0.27,12,3,3,25
2026-06-26 23:30,A_baseline,4896.31,-2.07,119,3,54,45
2026-06-26 23:30,B_nospikes,4927.02,-1.46,96,3,46,48
2026-06-26 23:30,C_conservative,4939.55,-1.21,87,2,41,47
2026-06-26 23:30,D_contrarian,4944.06,-1.12,28,3,16,57
2026-06-26 23:30,E_moonshot,4985.6,-0.29,12,3,3,25
2026-06-27 00:00,A_baseline,4897.87,-2.04,119,3,54,45
2026-06-27 00:00,B_nospikes,4926.93,-1.46,96,3,46,48
2026-06-27 00:00,C_conservative,4939.06,-1.22,87,3,41,47
2026-06-27 00:00,D_contrarian,4945.68,-1.09,28,3,16,57
2026-06-27 00:00,E_moonshot,4985.61,-0.29,12,3,3,25
2026-06-27 00:30,A_baseline,4893.25,-2.14,119,4,54,45
2026-06-27 00:30,B_nospikes,4924.91,-1.5,96,3,46,48
2026-06-27 00:30,C_conservative,4937.01,-1.26,87,3,41,47
2026-06-27 00:30,D_contrarian,4941.98,-1.16,28,3,16,57
2026-06-27 00:30,E_moonshot,4984.25,-0.31,12,3,3,25
2026-06-27 01:00,A_baseline,4900.61,-1.99,119,4,54,45
2026-06-27 01:00,B_nospikes,4930.63,-1.39,96,3,46,48
2026-06-27 01:00,C_conservative,4942.77,-1.14,87,3,41,47
2026-06-27 01:00,D_contrarian,4945.0,-1.1,28,3,16,57
2026-06-27 01:00,E_moonshot,4994.14,-0.12,12,3,3,25
2026-06-27 01:30,A_baseline,4898.03,-2.04,119,4,54,45
2026-06-27 01:30,B_nospikes,4928.79,-1.42,96,3,46,48
2026-06-27 01:30,C_conservative,4940.92,-1.18,87,3,41,47
2026-06-27 01:30,D_contrarian,4944.0,-1.12,28,3,16,57
2026-06-27 01:30,E_moonshot,4993.81,-0.12,12,3,3,25
2026-06-27 02:00,A_baseline,4899.42,-2.01,119,5,54,45
2026-06-27 02:00,B_nospikes,4929.7,-1.41,96,3,46,48
2026-06-27 02:00,C_conservative,4941.85,-1.16,87,3,41,47
2026-06-27 02:00,D_contrarian,4945.74,-1.09,28,3,16,57
2026-06-27 02:00,E_moonshot,4993.47,-0.13,12,3,3,25
2026-06-27 02:30,A_baseline,4899.61,-2.01,119,7,54,45
2026-06-27 02:30,B_nospikes,4930.62,-1.39,96,5,46,48
2026-06-27 02:30,C_conservative,4942.97,-1.14,87,4,41,47
2026-06-27 02:30,D_contrarian,4943.72,-1.13,28,4,16,57
2026-06-27 02:30,E_moonshot,4995.24,-0.1,12,3,3,25
2026-06-27 03:00,A_baseline,4897.64,-2.05,119,7,54,45
2026-06-27 03:00,B_nospikes,4928.23,-1.44,96,5,46,48
2026-06-27 03:00,C_conservative,4940.55,-1.19,87,4,41,47
2026-06-27 03:00,D_contrarian,4944.2,-1.12,28,4,16,57
2026-06-27 03:00,E_moonshot,4992.88,-0.14,12,3,3,25
2026-06-27 03:30,A_baseline,4894.82,-2.1,119,7,54,45
2026-06-27 03:30,B_nospikes,4926.38,-1.47,96,5,46,48
2026-06-27 03:30,C_conservative,4938.7,-1.23,87,4,41,47
2026-06-27 03:30,D_contrarian,4943.21,-1.14,28,4,16,57
2026-06-27 03:30,E_moonshot,4989.35,-0.21,12,3,3,25
2026-06-27 04:00,A_baseline,4894.24,-2.12,119,7,54,45
2026-06-27 04:00,B_nospikes,4925.32,-1.49,96,5,46,48
2026-06-27 04:00,C_conservative,4937.6,-1.25,87,4,41,47
2026-06-27 04:00,D_contrarian,4944.1,-1.12,28,4,16,57
2026-06-27 04:00,E_moonshot,4989.26,-0.21,12,3,3,25
2026-06-27 04:30,A_baseline,4904.85,-1.9,120,6,55,46
2026-06-27 04:30,B_nospikes,4934.29,-1.31,97,4,47,48
2026-06-27 04:30,C_conservative,4946.63,-1.07,88,3,42,48
2026-06-27 04:30,D_contrarian,4947.53,-1.05,30,3,18,60
2026-06-27 04:30,E_moonshot,4998.3,-0.03,12,3,3,25
2026-06-27 05:00,A_baseline,4905.95,-1.88,120,6,55,46
2026-06-27 05:00,B_nospikes,4934.96,-1.3,97,4,47,48
2026-06-27 05:00,C_conservative,4947.31,-1.05,88,3,42,48
2026-06-27 05:00,D_contrarian,4949.43,-1.01,30,3,18,60
2026-06-27 05:00,E_moonshot,4999.28,-0.01,12,3,3,25
2026-06-27 05:30,A_baseline,4900.03,-2.0,121,7,55,45
2026-06-27 05:30,B_nospikes,4928.34,-1.43,98,4,47,48
2026-06-27 05:30,C_conservative,4940.66,-1.19,89,3,42,47
2026-06-27 05:30,D_contrarian,4949.81,-1.0,30,3,18,60
2026-06-27 05:30,E_moonshot,4991.48,-0.17,12,3,3,25
2026-06-27 06:00,A_baseline,4900.02,-2.0,121,7,55,45
2026-06-27 06:00,B_nospikes,4928.46,-1.43,98,4,47,48
2026-06-27 06:00,C_conservative,4940.78,-1.18,89,3,42,47
2026-06-27 06:00,D_contrarian,4948.99,-1.02,30,3,18,60
2026-06-27 06:00,E_moonshot,4988.02,-0.24,12,3,3,25
2026-06-27 06:30,A_baseline,4904.93,-1.9,121,8,55,45
2026-06-27 06:30,B_nospikes,4932.25,-1.35,98,5,47,48
2026-06-27 06:30,C_conservative,4944.63,-1.11,89,4,42,47
2026-06-27 06:30,D_contrarian,4949.96,-1.0,30,3,18,60
2026-06-27 06:30,E_moonshot,4991.07,-0.18,12,3,3,25
2026-06-27 07:00,A_baseline,4898.61,-2.03,121,8,55,45
2026-06-27 07:00,B_nospikes,4928.68,-1.43,98,5,47,48
2026-06-27 07:00,C_conservative,4941.01,-1.18,89,4,42,47
2026-06-27 07:00,D_contrarian,4948.98,-1.02,30,3,18,60
2026-06-27 07:00,E_moonshot,4989.94,-0.2,12,3,3,25
2026-06-27 07:30,A_baseline,4901.86,-1.96,121,8,55,45
2026-06-27 07:30,B_nospikes,4931.15,-1.38,98,5,47,48
2026-06-27 07:30,C_conservative,4943.52,-1.13,89,4,42,47
2026-06-27 07:30,D_contrarian,4947.23,-1.06,30,3,18,60
2026-06-27 07:30,E_moonshot,4991.84,-0.16,12,3,3,25
2026-06-27 08:00,A_baseline,4898.1,-2.04,121,8,55,45
2026-06-27 08:00,B_nospikes,4928.21,-1.44,98,5,47,48
2026-06-27 08:00,C_conservative,4940.53,-1.19,89,4,42,47
2026-06-27 08:00,D_contrarian,4947.76,-1.04,30,3,18,60
2026-06-27 08:00,E_moonshot,4990.37,-0.19,12,3,3,25
2026-06-27 08:30,A_baseline,4898.78,-2.02,121,8,55,45
2026-06-27 08:30,B_nospikes,4929.38,-1.41,98,5,47,48
2026-06-27 08:30,C_conservative,4941.72,-1.17,89,4,42,47
2026-06-27 08:30,D_contrarian,4946.64,-1.07,30,3,18,60
2026-06-27 08:30,E_moonshot,4990.32,-0.19,12,3,3,25
2026-06-27 09:00,A_baseline,4904.02,-1.92,121,8,55,45
2026-06-27 09:00,B_nospikes,4932.97,-1.34,98,5,47,48
2026-06-27 09:00,C_conservative,4945.36,-1.09,89,4,42,47
2026-06-27 09:00,D_contrarian,4949.55,-1.01,30,3,18,60
2026-06-27 09:00,E_moonshot,4994.7,-0.11,12,3,3,25
2026-06-27 09:30,A_baseline,4904.15,-1.92,121,8,55,45
2026-06-27 09:30,B_nospikes,4934.35,-1.31,98,5,47,48
2026-06-27 09:30,C_conservative,4946.76,-1.06,89,4,42,47
2026-06-27 09:30,D_contrarian,4949.22,-1.02,30,3,18,60
2026-06-27 09:30,E_moonshot,4994.08,-0.12,12,3,3,25
2026-06-27 10:00,A_baseline,4907.54,-1.85,121,8,55,45
2026-06-27 10:00,B_nospikes,4934.76,-1.3,98,5,47,48
2026-06-27 10:00,C_conservative,4947.18,-1.06,89,4,42,47
2026-06-27 10:00,D_contrarian,4949.9,-1.0,30,3,18,60
2026-06-27 10:00,E_moonshot,4994.38,-0.11,12,3,3,25
2026-06-27 10:30,A_baseline,4906.62,-1.87,121,8,55,45
2026-06-27 10:30,B_nospikes,4933.88,-1.32,98,5,47,48
2026-06-27 10:30,C_conservative,4946.28,-1.07,89,4,42,47
2026-06-27 10:30,D_contrarian,4948.98,-1.02,30,3,18,60
2026-06-27 10:30,E_moonshot,4993.49,-0.13,12,3,3,25
2026-06-27 11:00,A_baseline,4905.24,-1.9,121,8,55,45
2026-06-27 11:00,B_nospikes,4932.87,-1.34,98,5,47,48
2026-06-27 11:00,C_conservative,4945.26,-1.09,89,4,42,47
2026-06-27 11:00,D_contrarian,4947.7,-1.05,30,3,18,60
2026-06-27 11:00,E_moonshot,4993.99,-0.12,12,3,3,25
2026-06-27 11:30,A_baseline,4904.77,-1.9,121,8,55,45
2026-06-27 11:30,B_nospikes,4932.19,-1.36,98,5,47,48
2026-06-27 11:30,C_conservative,4944.57,-1.11,89,4,42,47
2026-06-27 11:30,D_contrarian,4947.89,-1.04,30,3,18,60
2026-06-27 11:30,E_moonshot,4992.8,-0.14,12,3,3,25
2026-06-27 12:00,A_baseline,4904.25,-1.91,121,8,55,45
2026-06-27 12:00,B_nospikes,4931.81,-1.36,98,5,47,48
2026-06-27 12:00,C_conservative,4944.19,-1.12,89,4,42,47
2026-06-27 12:00,D_contrarian,4948.19,-1.04,30,3,18,60
2026-06-27 12:00,E_moonshot,4991.68,-0.17,12,3,3,25
2026-06-27 12:30,A_baseline,4904.75,-1.91,122,7,56,46
2026-06-27 12:30,B_nospikes,4932.48,-1.35,98,5,47,48
2026-06-27 12:30,C_conservative,4944.86,-1.1,89,4,42,47
2026-06-27 12:30,D_contrarian,4948.42,-1.03,30,3,18,60
2026-06-27 12:30,E_moonshot,4991.95,-0.16,12,3,3,25
2026-06-27 13:00,A_baseline,4905.75,-1.88,122,7,56,46
2026-06-27 13:00,B_nospikes,4933.97,-1.32,98,5,47,48
2026-06-27 13:00,C_conservative,4946.38,-1.07,89,4,42,47
2026-06-27 13:00,D_contrarian,4948.07,-1.04,30,3,18,60
2026-06-27 13:00,E_moonshot,4993.1,-0.14,12,3,3,25
2026-06-27 13:30,A_baseline,4905.07,-1.9,123,7,57,46
2026-06-27 13:30,B_nospikes,4933.79,-1.32,99,5,48,48
2026-06-27 13:30,C_conservative,4944.94,-1.1,89,4,42,47
2026-06-27 13:30,D_contrarian,4947.67,-1.05,30,3,18,60
2026-06-27 13:30,E_moonshot,4991.01,-0.18,12,3,3,25
2026-06-27 14:00,A_baseline,4907.45,-1.85,124,6,57,46
2026-06-27 14:00,B_nospikes,4936.86,-1.26,99,5,48,48
2026-06-27 14:00,C_conservative,4948.05,-1.04,89,4,42,47
2026-06-27 14:00,D_contrarian,4947.91,-1.04,30,3,18,60
2026-06-27 14:00,E_moonshot,4994.12,-0.12,13,3,4,31
2026-06-27 14:30,A_baseline,4906.08,-1.88,124,6,57,46
2026-06-27 14:30,B_nospikes,4935.38,-1.29,99,5,48,48
2026-06-27 14:30,C_conservative,4946.55,-1.07,89,4,42,47
2026-06-27 14:30,D_contrarian,4947.93,-1.04,30,3,18,60
2026-06-27 14:30,E_moonshot,4993.08,-0.14,13,3,4,31
2026-06-27 15:00,A_baseline,4907.31,-1.85,124,6,57,46
2026-06-27 15:00,B_nospikes,4936.62,-1.27,99,5,48,48
2026-06-27 15:00,C_conservative,4947.81,-1.04,89,4,42,47
2026-06-27 15:00,D_contrarian,4949.21,-1.02,30,3,18,60
2026-06-27 15:00,E_moonshot,4993.57,-0.13,13,3,4,31
2026-06-27 15:30,A_baseline,4909.06,-1.82,124,6,57,46
2026-06-27 15:30,B_nospikes,4937.94,-1.24,99,5,48,48
2026-06-27 15:30,C_conservative,4949.15,-1.02,89,4,42,47
2026-06-27 15:30,D_contrarian,4950.61,-0.99,30,3,18,60
2026-06-27 15:30,E_moonshot,4995.08,-0.1,13,3,4,31
2026-06-27 16:00,A_baseline,4913.21,-1.74,124,6,57,46
2026-06-27 16:00,B_nospikes,4942.16,-1.16,99,5,48,48
2026-06-27 16:00,C_conservative,4953.43,-0.93,89,4,42,47
2026-06-27 16:00,D_contrarian,4950.64,-0.99,30,3,18,60
2026-06-27 16:00,E_moonshot,4998.95,-0.02,13,3,4,31
2026-06-27 16:30,A_baseline,4913.7,-1.73,124,6,57,46
2026-06-27 16:30,B_nospikes,4942.49,-1.15,99,5,48,48
2026-06-27 16:30,C_conservative,4953.77,-0.92,89,4,42,47
2026-06-27 16:30,D_contrarian,4952.72,-0.95,30,3,18,60
2026-06-27 16:30,E_moonshot,4999.86,-0.0,13,3,4,31
2026-06-27 17:00,A_baseline,4911.83,-1.76,124,6,57,46
2026-06-27 17:00,B_nospikes,4940.39,-1.19,99,5,48,48
2026-06-27 17:00,C_conservative,4951.63,-0.97,89,4,42,47
2026-06-27 17:00,D_contrarian,4953.32,-0.93,30,3,18,60
2026-06-27 17:00,E_moonshot,4997.46,-0.05,13,3,4,31
2026-06-27 17:30,A_baseline,4911.14,-1.78,126,5,59,47
2026-06-27 17:30,B_nospikes,4939.54,-1.21,100,5,49,49
2026-06-27 17:30,C_conservative,4951.13,-0.98,90,3,43,48
2026-06-27 17:30,D_contrarian,4956.06,-0.88,30,3,18,60
2026-06-27 17:30,E_moonshot,4998.77,-0.02,13,3,4,31
2026-06-27 18:00,A_baseline,4913.9,-1.72,126,5,59,47
2026-06-27 18:00,B_nospikes,4942.36,-1.15,100,5,49,49
2026-06-27 18:00,C_conservative,4952.95,-0.94,90,3,43,48
2026-06-27 18:00,D_contrarian,4956.65,-0.87,30,3,18,60
2026-06-27 18:00,E_moonshot,4998.9,-0.02,13,3,4,31
2026-06-27 18:30,A_baseline,4911.55,-1.77,126,5,59,47
2026-06-27 18:30,B_nospikes,4939.98,-1.2,100,5,49,49
2026-06-27 18:30,C_conservative,4949.97,-1.0,90,4,43,48
2026-06-27 18:30,D_contrarian,4956.74,-0.87,30,3,18,60
2026-06-27 18:30,E_moonshot,4997.95,-0.04,13,3,4,31
2026-06-27 19:00,A_baseline,4907.97,-1.84,126,5,59,47
2026-06-27 19:00,B_nospikes,4936.25,-1.28,100,5,49,49
2026-06-27 19:00,C_conservative,4946.2,-1.08,90,4,43,48
2026-06-27 19:00,D_contrarian,4956.64,-0.87,30,3,18,60
2026-06-27 19:00,E_moonshot,4994.96,-0.1,13,3,4,31
2026-06-27 19:30,A_baseline,4904.0,-1.92,127,4,59,46
2026-06-27 19:30,B_nospikes,4932.19,-1.36,101,4,49,49
2026-06-27 19:30,C_conservative,4942.1,-1.16,91,3,43,47
2026-06-27 19:30,D_contrarian,4952.64,-0.95,30,3,18,60
2026-06-27 19:30,E_moonshot,4993.03,-0.14,13,3,4,31
2026-06-27 20:00,A_baseline,4902.35,-1.95,127,4,59,46
2026-06-27 20:00,B_nospikes,4930.52,-1.39,101,4,49,49
2026-06-27 20:00,C_conservative,4940.4,-1.19,91,3,43,47
2026-06-27 20:00,D_contrarian,4949.72,-1.01,30,3,18,60
2026-06-27 20:00,E_moonshot,4993.03,-0.14,13,3,4,31
2026-06-27 20:30,A_baseline,4900.4,-1.99,127,4,59,46
2026-06-27 20:30,B_nospikes,4928.55,-1.43,101,4,49,49
2026-06-27 20:30,C_conservative,4937.33,-1.25,92,2,43,47
2026-06-27 20:30,D_contrarian,4949.51,-1.01,30,3,18,60
2026-06-27 20:30,E_moonshot,4990.73,-0.19,13,3,4,31
2026-06-27 21:00,A_baseline,4901.83,-1.96,127,5,59,46
2026-06-27 21:00,B_nospikes,4929.99,-1.4,101,5,49,49
2026-06-27 21:00,C_conservative,4936.7,-1.27,92,3,43,47
2026-06-27 21:00,D_contrarian,4949.04,-1.02,30,3,18,60
2026-06-27 21:00,E_moonshot,4990.7,-0.19,13,3,4,31
2026-06-27 21:30,A_baseline,4898.39,-2.03,127,5,59,46
2026-06-27 21:30,B_nospikes,4926.52,-1.47,101,5,49,49
2026-06-27 21:30,C_conservative,4936.7,-1.27,92,3,43,47
2026-06-27 21:30,D_contrarian,4946.8,-1.06,30,3,18,60
2026-06-27 21:30,E_moonshot,4988.47,-0.23,13,3,4,31
2026-06-27 22:00,A_baseline,4893.22,-2.14,128,4,59,46
2026-06-27 22:00,B_nospikes,4922.48,-1.55,101,5,49,49
2026-06-27 22:00,C_conservative,4934.58,-1.31,92,3,43,47
2026-06-27 22:00,D_contrarian,4945.58,-1.09,30,3,18,60
2026-06-27 22:00,E_moonshot,4985.96,-0.28,13,3,4,31
2026-06-27 22:30,A_baseline,4891.86,-2.16,128,4,59,46
2026-06-27 22:30,B_nospikes,4923.53,-1.53,101,5,49,49
2026-06-27 22:30,C_conservative,4933.09,-1.34,92,3,43,47
2026-06-27 22:30,D_contrarian,4944.79,-1.1,30,3,18,60
2026-06-27 22:30,E_moonshot,4985.08,-0.3,13,3,4,31
2026-06-27 23:00,A_baseline,4892.91,-2.14,128,4,59,46
2026-06-27 23:00,B_nospikes,4924.58,-1.51,101,5,49,49
2026-06-27 23:00,C_conservative,4934.24,-1.32,92,3,43,47
2026-06-27 23:00,D_contrarian,4944.81,-1.1,30,3,18,60
2026-06-27 23:00,E_moonshot,4985.88,-0.28,13,3,4,31
2026-06-27 23:30,A_baseline,4892.91,-2.14,128,4,59,46
2026-06-27 23:30,B_nospikes,4925.45,-1.49,101,5,49,49
2026-06-27 23:30,C_conservative,4934.24,-1.32,92,3,43,47
2026-06-27 23:30,D_contrarian,4946.41,-1.07,30,3,18,60
2026-06-27 23:30,E_moonshot,4986.38,-0.27,13,3,4,31
2026-06-28 00:00,A_baseline,4892.23,-2.16,128,4,59,46
2026-06-28 00:00,B_nospikes,4920.1,-1.6,102,4,49,48
2026-06-28 00:00,C_conservative,4933.49,-1.33,92,3,43,47
2026-06-28 00:00,D_contrarian,4945.54,-1.09,30,3,18,60
2026-06-28 00:00,E_moonshot,4984.31,-0.31,13,3,4,31
2026-06-28 00:30,A_baseline,4890.92,-2.18,128,5,59,46
2026-06-28 00:30,B_nospikes,4919.17,-1.62,102,4,49,48
2026-06-28 00:30,C_conservative,4932.47,-1.35,92,3,43,47
2026-06-28 00:30,D_contrarian,4938.1,-1.24,31,2,18,58
2026-06-28 00:30,E_moonshot,4982.91,-0.34,13,3,4,31
2026-06-28 01:00,A_baseline,4896.64,-2.07,128,5,59,46
2026-06-28 01:00,B_nospikes,4924.17,-1.52,102,4,49,48
2026-06-28 01:00,C_conservative,4937.95,-1.24,92,3,43,47
2026-06-28 01:00,D_contrarian,4941.03,-1.18,31,2,18,58
2026-06-28 01:00,E_moonshot,4988.0,-0.24,13,3,4,31
2026-06-28 01:30,A_baseline,4894.71,-2.11,128,5,59,46
2026-06-28 01:30,B_nospikes,4922.4,-1.55,102,4,49,48
2026-06-28 01:30,C_conservative,4937.25,-1.26,92,3,43,47
2026-06-28 01:30,D_contrarian,4940.65,-1.19,31,2,18,58
2026-06-28 01:30,E_moonshot,4987.12,-0.26,13,3,4,31
2026-06-28 02:00,A_baseline,4892.32,-2.15,128,5,59,46
2026-06-28 02:00,B_nospikes,4919.87,-1.6,102,4,49,48
2026-06-28 02:00,C_conservative,4934.48,-1.31,92,3,43,47
2026-06-28 02:00,D_contrarian,4938.75,-1.23,31,2,18,58
2026-06-28 02:00,E_moonshot,4984.84,-0.3,13,3,4,31
2026-06-28 02:30,A_baseline,4891.14,-2.18,128,8,59,46
2026-06-28 02:30,B_nospikes,4918.92,-1.62,102,6,49,48
2026-06-28 02:30,C_conservative,4933.51,-1.33,92,5,43,47
2026-06-28 02:30,D_contrarian,4938.48,-1.23,31,4,18,58
2026-06-28 02:30,E_moonshot,4985.55,-0.29,13,3,4,31
2026-06-28 03:00,A_baseline,4890.37,-2.19,128,8,59,46
2026-06-28 03:00,B_nospikes,4918.4,-1.63,102,6,49,48
2026-06-28 03:00,C_conservative,4933.02,-1.34,92,5,43,47
2026-06-28 03:00,D_contrarian,4937.81,-1.24,31,4,18,58
2026-06-28 03:00,E_moonshot,4984.68,-0.31,13,3,4,31
2026-06-28 03:30,A_baseline,4888.73,-2.23,128,8,59,46
2026-06-28 03:30,B_nospikes,4916.75,-1.66,102,6,49,48
2026-06-28 03:30,C_conservative,4931.21,-1.38,92,5,43,47
2026-06-28 03:30,D_contrarian,4937.64,-1.25,31,4,18,58
2026-06-28 03:30,E_moonshot,4982.65,-0.35,13,3,4,31
2026-06-28 04:00,A_baseline,4889.96,-2.2,128,8,59,46
2026-06-28 04:00,B_nospikes,4917.68,-1.65,102,6,49,48
2026-06-28 04:00,C_conservative,4932.23,-1.36,92,5,43,47
2026-06-28 04:00,D_contrarian,4937.98,-1.24,31,4,18,58
2026-06-28 04:00,E_moonshot,4984.3,-0.31,13,3,4,31
2026-06-28 04:30,A_baseline,4890.51,-2.19,128,8,59,46
2026-06-28 04:30,B_nospikes,4918.93,-1.62,102,6,49,48
2026-06-28 04:30,C_conservative,4933.6,-1.33,92,5,43,47
2026-06-28 04:30,D_contrarian,4935.65,-1.29,31,4,18,58
2026-06-28 04:30,E_moonshot,4985.53,-0.29,13,3,4,31
2026-06-28 05:00,A_baseline,4890.52,-2.19,128,8,59,46
2026-06-28 05:00,B_nospikes,4918.71,-1.63,102,6,49,48
2026-06-28 05:00,C_conservative,4933.35,-1.33,92,5,43,47
2026-06-28 05:00,D_contrarian,4935.88,-1.28,31,4,18,58
2026-06-28 05:00,E_moonshot,4985.52,-0.29,13,3,4,31
2026-06-28 05:30,A_baseline,4889.92,-2.2,128,8,59,46
2026-06-28 05:30,B_nospikes,4917.75,-1.64,102,6,49,48
2026-06-28 05:30,C_conservative,4932.4,-1.35,92,5,43,47
2026-06-28 05:30,D_contrarian,4936.59,-1.27,31,4,18,58
2026-06-28 05:30,E_moonshot,4984.4,-0.31,13,3,4,31
2026-06-28 06:00,A_baseline,4890.23,-2.2,128,8,59,46
2026-06-28 06:00,B_nospikes,4918.07,-1.64,102,6,49,48
2026-06-28 06:00,C_conservative,4932.75,-1.35,92,5,43,47
2026-06-28 06:00,D_contrarian,4936.7,-1.27,31,4,18,58
2026-06-28 06:00,E_moonshot,4983.88,-0.32,13,3,4,31
2026-06-28 06:30,A_baseline,4890.86,-2.18,128,8,59,46
2026-06-28 06:30,B_nospikes,4918.69,-1.63,102,6,49,48
2026-06-28 06:30,C_conservative,4933.43,-1.33,92,5,43,47
2026-06-28 06:30,D_contrarian,4935.38,-1.29,31,4,18,58
2026-06-28 06:30,E_moonshot,4984.71,-0.31,13,3,4,31
2026-06-28 07:00,A_baseline,4889.92,-2.2,128,8,59,46
2026-06-28 07:00,B_nospikes,4917.81,-1.64,102,6,49,48
2026-06-28 07:00,C_conservative,4932.49,-1.35,92,5,43,47
2026-06-28 07:00,D_contrarian,4938.26,-1.23,31,4,18,58
2026-06-28 07:00,E_moonshot,4984.94,-0.3,13,3,4,31
2026-06-28 07:30,A_baseline,4885.16,-2.3,128,8,59,46
2026-06-28 07:30,B_nospikes,4914.75,-1.71,102,6,49,48
2026-06-28 07:30,C_conservative,4929.27,-1.41,92,5,43,47
2026-06-28 07:30,D_contrarian,4935.69,-1.29,31,4,18,58
2026-06-28 07:30,E_moonshot,4982.93,-0.34,13,3,4,31
2026-06-28 08:00,A_baseline,4885.92,-2.28,128,8,59,46
2026-06-28 08:00,B_nospikes,4914.75,-1.71,102,6,49,48
2026-06-28 08:00,C_conservative,4929.27,-1.41,92,5,43,47
2026-06-28 08:00,D_contrarian,4933.27,-1.33,31,4,18,58
2026-06-28 08:00,E_moonshot,4982.77,-0.34,13,3,4,31
2026-06-28 08:30,A_baseline,4884.74,-2.31,128,8,59,46
2026-06-28 08:30,B_nospikes,4914.75,-1.71,102,6,49,48
2026-06-28 08:30,C_conservative,4929.27,-1.41,92,5,43,47
2026-06-28 08:30,D_contrarian,4931.85,-1.36,31,4,18,58
2026-06-28 08:30,E_moonshot,4982.0,-0.36,13,3,4,31
2026-06-28 09:00,A_baseline,4885.06,-2.3,128,8,59,46
2026-06-28 09:00,B_nospikes,4914.75,-1.71,102,6,49,48
2026-06-28 09:00,C_conservative,4929.27,-1.41,92,5,43,47
2026-06-28 09:00,D_contrarian,4931.91,-1.36,31,4,18,58
2026-06-28 09:00,E_moonshot,4981.64,-0.37,13,3,4,31
2026-06-28 09:30,A_baseline,4882.38,-2.35,129,7,59,46
2026-06-28 09:30,B_nospikes,4910.63,-1.79,103,5,49,48
2026-06-28 09:30,C_conservative,4924.76,-1.5,93,4,43,46
2026-06-28 09:30,D_contrarian,4933.27,-1.33,31,4,18,58
2026-06-28 09:30,E_moonshot,4979.41,-0.41,13,3,4,31
2026-06-28 10:00,A_baseline,4883.01,-2.34,129,7,59,46
2026-06-28 10:00,B_nospikes,4910.63,-1.79,103,5,49,48
2026-06-28 10:00,C_conservative,4924.76,-1.5,93,4,43,46
2026-06-28 10:00,D_contrarian,4933.78,-1.32,31,4,18,58
2026-06-28 10:00,E_moonshot,4978.71,-0.43,13,3,4,31
2026-06-28 10:30,A_baseline,4882.98,-2.34,129,7,59,46
2026-06-28 10:30,B_nospikes,4910.63,-1.79,103,5,49,48
2026-06-28 10:30,C_conservative,4924.76,-1.5,93,4,43,46
2026-06-28 10:30,D_contrarian,4935.76,-1.28,31,4,18,58
2026-06-28 10:30,E_moonshot,4979.88,-0.4,13,3,4,31
2026-06-28 11:00,A_baseline,4884.93,-2.3,129,8,59,46
2026-06-28 11:00,B_nospikes,4911.35,-1.77,103,6,49,48
2026-06-28 11:00,C_conservative,4925.48,-1.49,93,5,43,46
2026-06-28 11:00,D_contrarian,4942.26,-1.15,31,4,18,58
2026-06-28 11:00,E_moonshot,4981.99,-0.36,13,3,4,31
2026-06-28 11:30,A_baseline,4885.9,-2.28,129,8,59,46
2026-06-28 11:30,B_nospikes,4912.37,-1.75,103,6,49,48
2026-06-28 11:30,C_conservative,4926.52,-1.47,93,5,43,46
2026-06-28 11:30,D_contrarian,4941.27,-1.17,31,4,18,58
2026-06-28 11:30,E_moonshot,4981.2,-0.38,13,3,4,31
2026-06-28 12:00,A_baseline,4883.0,-2.34,129,8,59,46
2026-06-28 12:00,B_nospikes,4909.63,-1.81,103,6,49,48
2026-06-28 12:00,C_conservative,4923.74,-1.53,93,5,43,46
2026-06-28 12:00,D_contrarian,4940.36,-1.19,31,4,18,58
2026-06-28 12:00,E_moonshot,4979.15,-0.42,13,3,4,31
2026-06-28 12:30,A_baseline,4882.26,-2.35,130,7,60,46
2026-06-28 12:30,B_nospikes,4910.27,-1.79,103,6,49,48
2026-06-28 12:30,C_conservative,4924.39,-1.51,93,5,43,46
2026-06-28 12:30,D_contrarian,4938.39,-1.23,31,4,18,58
2026-06-28 12:30,E_moonshot,4978.82,-0.42,13,3,4,31
2026-06-28 13:00,A_baseline,4881.37,-2.37,131,6,60,46
2026-06-28 13:00,B_nospikes,4908.93,-1.82,104,5,49,47
2026-06-28 13:00,C_conservative,4923.03,-1.54,94,4,43,46
2026-06-28 13:00,D_contrarian,4937.67,-1.25,31,4,18,58
2026-06-28 13:00,E_moonshot,4976.29,-0.47,13,3,4,31
2026-06-28 13:30,A_baseline,4881.82,-2.36,131,6,60,46
2026-06-28 13:30,B_nospikes,4908.93,-1.82,104,5,49,47
2026-06-28 13:30,C_conservative,4923.03,-1.54,94,4,43,46
2026-06-28 13:30,D_contrarian,4936.89,-1.26,31,4,18,58
2026-06-28 13:30,E_moonshot,4977.91,-0.44,13,3,4,31
2026-06-28 14:00,A_baseline,4881.61,-2.37,131,6,60,46
2026-06-28 14:00,B_nospikes,4908.93,-1.82,104,5,49,47
2026-06-28 14:00,C_conservative,4923.03,-1.54,94,4,43,46
2026-06-28 14:00,D_contrarian,4936.94,-1.26,31,4,18,58
2026-06-28 14:00,E_moonshot,4977.76,-0.44,13,3,4,31
2026-06-28 14:30,A_baseline,4882.11,-2.36,132,6,60,45
2026-06-28 14:30,B_nospikes,4909.76,-1.8,104,6,49,47
2026-06-28 14:30,C_conservative,4923.86,-1.52,94,5,43,46
2026-06-28 14:30,D_contrarian,4937.53,-1.25,31,4,18,58
2026-06-28 14:30,E_moonshot,4978.67,-0.43,13,3,4,31
2026-06-28 15:00,A_baseline,4880.51,-2.39,132,6,60,45
2026-06-28 15:00,B_nospikes,4908.09,-1.84,104,6,49,47
2026-06-28 15:00,C_conservative,4922.18,-1.56,94,5,43,46
2026-06-28 15:00,D_contrarian,4938.55,-1.23,31,4,18,58
2026-06-28 15:00,E_moonshot,4978.6,-0.43,13,3,4,31
2026-06-28 15:30,A_baseline,4880.15,-2.4,132,6,60,45
2026-06-28 15:30,B_nospikes,4907.72,-1.85,104,6,49,47
2026-06-28 15:30,C_conservative,4921.8,-1.56,94,5,43,46
2026-06-28 15:30,D_contrarian,4936.85,-1.26,31,4,18,58
2026-06-28 15:30,E_moonshot,4975.83,-0.48,13,3,4,31
2026-06-28 16:00,A_baseline,4880.15,-2.4,132,6,60,45
2026-06-28 16:00,B_nospikes,4907.72,-1.85,104,6,49,47
2026-06-28 16:00,C_conservative,4921.8,-1.56,94,5,43,46
2026-06-28 16:00,D_contrarian,4936.53,-1.27,31,4,18,58
2026-06-28 16:00,E_moonshot,4975.83,-0.48,13,3,4,31
2026-06-28 16:30,A_baseline,4879.35,-2.41,132,6,60,45
2026-06-28 16:30,B_nospikes,4906.89,-1.86,104,6,49,47
2026-06-28 16:30,C_conservative,4920.95,-1.58,94,5,43,46
2026-06-28 16:30,D_contrarian,4937.86,-1.24,31,4,18,58
2026-06-28 16:30,E_moonshot,4975.53,-0.49,13,3,4,31
2026-06-28 17:00,A_baseline,4879.86,-2.4,132,7,60,45
2026-06-28 17:00,B_nospikes,4906.76,-1.86,104,6,49,47
2026-06-28 17:00,C_conservative,4920.83,-1.58,94,5,43,46
2026-06-28 17:00,D_contrarian,4939.63,-1.21,31,4,18,58
2026-06-28 17:00,E_moonshot,4975.99,-0.48,13,3,4,31
2026-06-28 17:30,A_baseline,4878.98,-2.42,132,7,60,45
2026-06-28 17:30,B_nospikes,4907.81,-1.84,104,6,49,47
2026-06-28 17:30,C_conservative,4921.89,-1.56,94,5,43,46
2026-06-28 17:30,D_contrarian,4940.11,-1.2,31,4,18,58
2026-06-28 17:30,E_moonshot,4977.08,-0.46,13,3,4,31
2026-06-28 18:00,A_baseline,4879.49,-2.41,132,7,60,45
2026-06-28 18:00,B_nospikes,4906.87,-1.86,104,6,49,47
2026-06-28 18:00,C_conservative,4920.94,-1.58,94,5,43,46
2026-06-28 18:00,D_contrarian,4939.12,-1.22,31,4,18,58
2026-06-28 18:00,E_moonshot,4976.4,-0.47,13,3,4,31
2026-06-28 18:30,A_baseline,4880.05,-2.4,132,8,60,45
2026-06-28 18:30,B_nospikes,4907.44,-1.85,104,7,49,47
2026-06-28 18:30,C_conservative,4921.52,-1.57,94,6,43,46
2026-06-28 18:30,D_contrarian,4938.72,-1.23,31,4,18,58
2026-06-28 18:30,E_moonshot,4976.87,-0.46,13,3,4,31
2026-06-28 19:00,A_baseline,4876.67,-2.47,132,8,60,45
2026-06-28 19:00,B_nospikes,4906.22,-1.88,104,7,49,47
2026-06-28 19:00,C_conservative,4920.28,-1.59,94,6,43,46
2026-06-28 19:00,D_contrarian,4934.55,-1.31,31,4,18,58
2026-06-28 19:00,E_moonshot,4976.96,-0.46,13,3,4,31
2026-06-28 19:30,A_baseline,4876.05,-2.48,132,8,60,45
2026-06-28 19:30,B_nospikes,4905.04,-1.9,104,7,49,47
2026-06-28 19:30,C_conservative,4919.09,-1.62,94,6,43,46
2026-06-28 19:30,D_contrarian,4933.88,-1.32,31,4,18,58
2026-06-28 19:30,E_moonshot,4976.16,-0.48,13,3,4,31
2026-06-28 20:00,A_baseline,4876.05,-2.48,132,8,60,45
2026-06-28 20:00,B_nospikes,4905.04,-1.9,104,7,49,47
2026-06-28 20:00,C_conservative,4919.09,-1.62,94,6,43,46
2026-06-28 20:00,D_contrarian,4933.22,-1.34,31,4,18,58
2026-06-28 20:00,E_moonshot,4976.16,-0.48,13,3,4,31
2026-06-28 20:30,A_baseline,4877.66,-2.45,132,8,60,45
2026-06-28 20:30,B_nospikes,4905.04,-1.9,104,7,49,47
2026-06-28 20:30,C_conservative,4919.09,-1.62,94,6,43,46
2026-06-28 20:30,D_contrarian,4934.32,-1.31,31,4,18,58
2026-06-28 20:30,E_moonshot,4975.31,-0.49,13,3,4,31
2026-06-28 21:00,A_baseline,4877.17,-2.46,132,8,60,45
2026-06-28 21:00,B_nospikes,4904.54,-1.91,104,7,49,47
2026-06-28 21:00,C_conservative,4918.58,-1.63,94,6,43,46
2026-06-28 21:00,D_contrarian,4935.03,-1.3,31,4,18,58
2026-06-28 21:00,E_moonshot,4974.71,-0.51,13,3,4,31
2026-06-28 21:30,A_baseline,4876.43,-2.47,132,8,60,45
2026-06-28 21:30,B_nospikes,4903.77,-1.92,104,7,49,47
2026-06-28 21:30,C_conservative,4917.8,-1.64,94,6,43,46
2026-06-28 21:30,D_contrarian,4934.21,-1.32,31,4,18,58
2026-06-28 21:30,E_moonshot,4974.48,-0.51,13,3,4,31
2026-06-28 22:00,A_baseline,4879.25,-2.41,132,8,60,45
2026-06-28 22:00,B_nospikes,4906.69,-1.87,104,7,49,47
2026-06-28 22:00,C_conservative,4920.77,-1.58,94,6,43,46
2026-06-28 22:00,D_contrarian,4932.65,-1.35,31,4,18,58
2026-06-28 22:00,E_moonshot,4976.32,-0.47,13,3,4,31
2026-06-28 22:30,A_baseline,4879.84,-2.4,132,8,60,45
2026-06-28 22:30,B_nospikes,4907.3,-1.85,104,7,49,47
2026-06-28 22:30,C_conservative,4921.39,-1.57,94,6,43,46
2026-06-28 22:30,D_contrarian,4935.22,-1.3,31,4,18,58
2026-06-28 22:30,E_moonshot,4978.22,-0.44,13,3,4,31
2026-06-28 23:00,A_baseline,4883.32,-2.33,132,8,60,45
2026-06-28 23:00,B_nospikes,4910.92,-1.78,104,7,49,47
2026-06-28 23:00,C_conservative,4925.05,-1.5,94,6,43,46
2026-06-28 23:00,D_contrarian,4934.36,-1.31,31,4,18,58
2026-06-28 23:00,E_moonshot,4981.0,-0.38,13,3,4,31
2026-06-28 23:30,A_baseline,4882.34,-2.35,132,8,60,45
2026-06-28 23:30,B_nospikes,4909.89,-1.8,104,7,49,47
2026-06-28 23:30,C_conservative,4924.01,-1.52,94,6,43,46
2026-06-28 23:30,D_contrarian,4932.65,-1.35,31,4,18,58
2026-06-28 23:30,E_moonshot,4979.63,-0.41,13,3,4,31
2026-06-29 00:00,A_baseline,4882.34,-2.35,132,8,60,45
2026-06-29 00:00,B_nospikes,4909.89,-1.8,104,7,49,47
2026-06-29 00:00,C_conservative,4924.01,-1.52,94,6,43,46
2026-06-29 00:00,D_contrarian,4930.94,-1.38,31,4,18,58
2026-06-29 00:00,E_moonshot,4979.63,-0.41,13,3,4,31
2026-06-29 00:30,A_baseline,4882.34,-2.35,132,8,60,45
2026-06-29 00:30,B_nospikes,4909.89,-1.8,104,7,49,47
2026-06-29 00:30,C_conservative,4924.01,-1.52,94,6,43,46
2026-06-29 00:30,D_contrarian,4931.84,-1.36,31,4,18,58
2026-06-29 00:30,E_moonshot,4979.81,-0.4,13,3,4,31
2026-06-29 01:00,A_baseline,4882.34,-2.35,132,8,60,45
2026-06-29 01:00,B_nospikes,4909.89,-1.8,104,7,49,47
2026-06-29 01:00,C_conservative,4924.01,-1.52,94,6,43,46
2026-06-29 01:00,D_contrarian,4925.44,-1.49,32,3,18,56
2026-06-29 01:00,E_moonshot,4978.38,-0.43,13,3,4,31
2026-06-29 01:30,A_baseline,4879.86,-2.4,132,8,60,45
2026-06-29 01:30,B_nospikes,4910.35,-1.79,104,7,49,47
2026-06-29 01:30,C_conservative,4924.48,-1.51,94,6,43,46
2026-06-29 01:30,D_contrarian,4927.76,-1.44,32,3,18,56
2026-06-29 01:30,E_moonshot,4980.04,-0.4,13,3,4,31
2026-06-29 02:00,A_baseline,4880.81,-2.38,132,8,60,45
2026-06-29 02:00,B_nospikes,4911.34,-1.77,104,7,49,47
2026-06-29 02:00,C_conservative,4925.49,-1.49,94,6,43,46
2026-06-29 02:00,D_contrarian,4929.08,-1.42,32,3,18,56
2026-06-29 02:00,E_moonshot,4981.98,-0.36,13,3,4,31
2026-06-29 02:30,A_baseline,4879.35,-2.41,132,8,60,45
2026-06-29 02:30,B_nospikes,4909.46,-1.81,104,8,49,47
2026-06-29 02:30,C_conservative,4923.58,-1.53,94,7,43,46
2026-06-29 02:30,D_contrarian,4927.07,-1.46,32,5,18,56
2026-06-29 02:30,E_moonshot,4980.83,-0.38,13,3,4,31
2026-06-29 03:00,A_baseline,4881.75,-2.37,132,8,60,45
2026-06-29 03:00,B_nospikes,4911.06,-1.78,104,8,49,47
2026-06-29 03:00,C_conservative,4925.2,-1.5,94,7,43,46
2026-06-29 03:00,D_contrarian,4925.64,-1.49,32,5,18,56
2026-06-29 03:00,E_moonshot,4983.62,-0.33,13,3,4,31
2026-06-29 03:30,A_baseline,4883.22,-2.34,132,8,60,45
2026-06-29 03:30,B_nospikes,4913.18,-1.74,104,8,49,47
2026-06-29 03:30,C_conservative,4927.35,-1.45,94,7,43,46
2026-06-29 03:30,D_contrarian,4926.39,-1.47,32,5,18,56
2026-06-29 03:30,E_moonshot,4982.61,-0.35,13,3,4,31
2026-06-29 04:00,A_baseline,4883.78,-2.32,132,8,60,45
2026-06-29 04:00,B_nospikes,4913.77,-1.72,104,8,49,47
2026-06-29 04:00,C_conservative,4927.95,-1.44,94,7,43,46
2026-06-29 04:00,D_contrarian,4926.39,-1.47,32,5,18,56
2026-06-29 04:00,E_moonshot,4984.24,-0.32,13,3,4,31
2026-06-29 04:30,A_baseline,4883.86,-2.32,132,8,60,45
2026-06-29 04:30,B_nospikes,4913.85,-1.72,104,8,49,47
2026-06-29 04:30,C_conservative,4928.03,-1.44,94,7,43,46
2026-06-29 04:30,D_contrarian,4927.57,-1.45,32,5,18,56
2026-06-29 04:30,E_moonshot,4984.7,-0.31,13,3,4,31
2026-06-29 05:00,A_baseline,4883.32,-2.33,133,8,60,45
2026-06-29 05:00,B_nospikes,4914.2,-1.72,104,8,49,47
2026-06-29 05:00,C_conservative,4928.38,-1.43,94,7,43,46
2026-06-29 05:00,D_contrarian,4931.31,-1.37,32,5,18,56
2026-06-29 05:00,E_moonshot,4985.69,-0.29,13,3,4,31
2026-06-29 05:30,A_baseline,4888.61,-2.23,133,8,60,45
2026-06-29 05:30,B_nospikes,4919.68,-1.61,104,8,49,47
2026-06-29 05:30,C_conservative,4933.95,-1.32,94,7,43,46
2026-06-29 05:30,D_contrarian,4932.01,-1.36,32,5,18,56
2026-06-29 05:30,E_moonshot,4992.39,-0.15,13,3,4,31
2026-06-29 06:00,A_baseline,4889.54,-2.21,133,8,60,45
2026-06-29 06:00,B_nospikes,4920.65,-1.59,104,8,49,47
2026-06-29 06:00,C_conservative,4934.93,-1.3,94,7,43,46
2026-06-29 06:00,D_contrarian,4932.42,-1.35,32,5,18,56
2026-06-29 06:00,E_moonshot,4993.03,-0.14,13,3,4,31
2026-06-29 06:30,A_baseline,4889.31,-2.21,133,8,60,45
2026-06-29 06:30,B_nospikes,4920.41,-1.59,104,8,49,47
2026-06-29 06:30,C_conservative,4934.69,-1.31,94,7,43,46
2026-06-29 06:30,D_contrarian,4932.79,-1.34,33,5,19,58
2026-06-29 06:30,E_moonshot,4991.54,-0.17,13,3,4,31
2026-06-29 07:00,A_baseline,4887.53,-2.25,133,8,60,45
2026-06-29 07:00,B_nospikes,4918.57,-1.63,104,8,49,47
2026-06-29 07:00,C_conservative,4932.82,-1.34,94,7,43,46
2026-06-29 07:00,D_contrarian,4931.73,-1.37,33,5,19,58
2026-06-29 07:00,E_moonshot,4989.82,-0.2,13,3,4,31
2026-06-29 07:30,A_baseline,4884.02,-2.32,134,8,61,46
2026-06-29 07:30,B_nospikes,4914.93,-1.7,105,8,50,48
2026-06-29 07:30,C_conservative,4929.23,-1.42,95,6,44,46
2026-06-29 07:30,D_contrarian,4929.86,-1.4,33,5,19,58
2026-06-29 07:30,E_moonshot,4986.21,-0.28,13,3,4,31
2026-06-29 08:00,A_baseline,4887.3,-2.25,134,8,61,46
2026-06-29 08:00,B_nospikes,4918.28,-1.63,105,8,50,48
2026-06-29 08:00,C_conservative,4931.46,-1.37,95,6,44,46
2026-06-29 08:00,D_contrarian,4932.15,-1.36,33,5,19,58
2026-06-29 08:00,E_moonshot,4989.94,-0.2,13,3,4,31
2026-06-29 08:30,A_baseline,4889.67,-2.21,134,8,61,46
2026-06-29 08:30,B_nospikes,4920.72,-1.59,105,8,50,48
2026-06-29 08:30,C_conservative,4933.59,-1.33,95,6,44,46
2026-06-29 08:30,D_contrarian,4935.11,-1.3,33,5,19,58
2026-06-29 08:30,E_moonshot,4993.28,-0.13,13,3,4,31
2026-06-29 09:00,A_baseline,4887.64,-2.25,134,8,61,46
2026-06-29 09:00,B_nospikes,4918.68,-1.63,105,8,50,48
2026-06-29 09:00,C_conservative,4933.16,-1.34,95,6,44,46
2026-06-29 09:00,D_contrarian,4934.7,-1.31,33,5,19,58
2026-06-29 09:00,E_moonshot,4990.71,-0.19,13,3,4,31
2026-06-29 09:30,A_baseline,4887.02,-2.26,134,8,61,46
2026-06-29 09:30,B_nospikes,4918.06,-1.64,105,8,50,48
2026-06-29 09:30,C_conservative,4933.16,-1.34,95,6,44,46
2026-06-29 09:30,D_contrarian,4932.78,-1.34,33,5,19,58
2026-06-29 09:30,E_moonshot,4990.27,-0.19,13,3,4,31
2026-06-29 10:00,A_baseline,4886.86,-2.26,134,8,61,46
2026-06-29 10:00,B_nospikes,4917.89,-1.64,105,8,50,48
2026-06-29 10:00,C_conservative,4932.62,-1.35,95,7,44,46
2026-06-29 10:00,D_contrarian,4933.24,-1.34,33,5,19,58
2026-06-29 10:00,E_moonshot,4989.7,-0.21,14,2,5,36
2026-06-29 10:30,A_baseline,4886.47,-2.27,134,8,61,46
2026-06-29 10:30,B_nospikes,4917.52,-1.65,105,8,50,48
2026-06-29 10:30,C_conservative,4931.23,-1.38,95,7,44,46
2026-06-29 10:30,D_contrarian,4932.96,-1.34,33,5,19,58
2026-06-29 10:30,E_moonshot,4990.29,-0.19,14,2,5,36
2026-06-29 11:00,A_baseline,4886.64,-2.27,134,8,61,46
2026-06-29 11:00,B_nospikes,4917.7,-1.65,105,8,50,48
2026-06-29 11:00,C_conservative,4931.42,-1.37,95,7,44,46
2026-06-29 11:00,D_contrarian,4931.21,-1.38,33,5,19,58
2026-06-29 11:00,E_moonshot,4990.18,-0.2,14,2,5,36
2026-06-29 11:30,A_baseline,4887.22,-2.26,134,8,61,46
2026-06-29 11:30,B_nospikes,4918.3,-1.63,105,8,50,48
2026-06-29 11:30,C_conservative,4932.03,-1.36,95,7,44,46
2026-06-29 11:30,D_contrarian,4931.8,-1.36,33,5,19,58
2026-06-29 11:30,E_moonshot,4990.19,-0.2,14,3,5,36
2026-06-29 12:00,A_baseline,4886.22,-2.28,134,8,61,46
2026-06-29 12:00,B_nospikes,4917.3,-1.65,105,8,50,48
2026-06-29 12:00,C_conservative,4931.0,-1.38,95,7,44,46
2026-06-29 12:00,D_contrarian,4931.71,-1.37,33,5,19,58
2026-06-29 12:00,E_moonshot,4988.39,-0.23,14,3,5,36
2026-06-29 12:30,A_baseline,4887.83,-2.24,134,8,61,46
2026-06-29 12:30,B_nospikes,4918.94,-1.62,105,8,50,48
2026-06-29 12:30,C_conservative,4932.67,-1.35,95,7,44,46
2026-06-29 12:30,D_contrarian,4935.42,-1.29,33,5,19,58
2026-06-29 12:30,E_moonshot,4990.44,-0.19,14,3,5,36
2026-06-29 13:00,A_baseline,4888.49,-2.23,134,8,61,46
2026-06-29 13:00,B_nospikes,4919.65,-1.61,105,8,50,48
2026-06-29 13:00,C_conservative,4932.67,-1.35,95,7,44,46
2026-06-29 13:00,D_contrarian,4935.02,-1.3,33,5,19,58
2026-06-29 13:00,E_moonshot,4990.3,-0.19,14,3,5,36
2026-06-29 13:30,A_baseline,4885.9,-2.28,134,8,61,46
2026-06-29 13:30,B_nospikes,4917.02,-1.66,105,8,50,48
2026-06-29 13:30,C_conservative,4930.0,-1.4,95,7,44,46
2026-06-29 13:30,D_contrarian,4933.73,-1.33,33,5,19,58
2026-06-29 13:30,E_moonshot,4989.57,-0.21,14,3,5,36
2026-06-29 14:00,A_baseline,4886.28,-2.27,134,8,61,46
2026-06-29 14:00,B_nospikes,4917.4,-1.65,105,8,50,48
2026-06-29 14:00,C_conservative,4930.39,-1.39,95,7,44,46
2026-06-29 14:00,D_contrarian,4934.05,-1.32,33,5,19,58
2026-06-29 14:00,E_moonshot,4989.4,-0.21,14,3,5,36
2026-06-29 14:30,A_baseline,4891.46,-2.17,134,8,61,46
2026-06-29 14:30,B_nospikes,4922.68,-1.55,105,8,50,48
2026-06-29 14:30,C_conservative,4935.75,-1.28,95,7,44,46
2026-06-29 14:30,D_contrarian,4939.75,-1.2,33,5,19,58
2026-06-29 14:30,E_moonshot,4993.9,-0.12,14,3,5,36
2026-06-29 15:00,A_baseline,4888.81,-2.22,134,8,61,46
2026-06-29 15:00,B_nospikes,4919.93,-1.6,105,8,50,48
2026-06-29 15:00,C_conservative,4932.97,-1.34,95,7,44,46
2026-06-29 15:00,D_contrarian,4935.2,-1.3,33,5,19,58
2026-06-29 15:00,E_moonshot,4992.62,-0.15,14,3,5,36
2026-06-29 15:30,A_baseline,4889.03,-2.22,134,8,61,46
2026-06-29 15:30,B_nospikes,4920.17,-1.6,105,8,50,48
2026-06-29 15:30,C_conservative,4933.21,-1.34,95,7,44,46
2026-06-29 15:30,D_contrarian,4935.09,-1.3,33,5,19,58
2026-06-29 15:30,E_moonshot,4993.12,-0.14,14,3,5,36
2026-06-29 16:00,A_baseline,4886.94,-2.26,135,8,62,46
2026-06-29 16:00,B_nospikes,4918.0,-1.64,106,8,51,48
2026-06-29 16:00,C_conservative,4931.01,-1.38,96,7,45,47
2026-06-29 16:00,D_contrarian,4931.44,-1.37,33,5,19,58
2026-06-29 16:00,E_moonshot,4992.69,-0.15,14,3,5,36
2026-06-29 16:30,A_baseline,4878.39,-2.43,137,7,62,45
2026-06-29 16:30,B_nospikes,4911.74,-1.77,107,7,51,48
2026-06-29 16:30,C_conservative,4924.99,-1.5,96,7,45,47
2026-06-29 16:30,D_contrarian,4927.39,-1.45,33,5,19,58
2026-06-29 16:30,E_moonshot,4986.5,-0.27,14,3,5,36
2026-06-29 17:00,A_baseline,4877.05,-2.46,137,8,62,45
2026-06-29 17:00,B_nospikes,4914.39,-1.71,107,7,51,48
2026-06-29 17:00,C_conservative,4927.69,-1.45,96,7,45,47
2026-06-29 17:00,D_contrarian,4929.06,-1.42,33,5,19,58
2026-06-29 17:00,E_moonshot,4988.21,-0.24,14,3,5,36
2026-06-29 17:30,A_baseline,4875.58,-2.49,137,8,62,45
2026-06-29 17:30,B_nospikes,4913.26,-1.73,107,7,51,48
2026-06-29 17:30,C_conservative,4926.4,-1.47,96,7,45,47
2026-06-29 17:30,D_contrarian,4929.46,-1.41,33,5,19,58
2026-06-29 17:30,E_moonshot,4988.0,-0.24,14,3,5,36
2026-06-29 18:00,A_baseline,4885.06,-2.3,138,8,63,46
2026-06-29 18:00,B_nospikes,4920.48,-1.59,108,7,52,48
2026-06-29 18:00,C_conservative,4934.23,-1.32,97,6,46,47
2026-06-29 18:00,D_contrarian,4934.66,-1.31,34,4,19,56
2026-06-29 18:00,E_moonshot,4989.27,-0.21,14,3,5,36
2026-06-29 18:30,A_baseline,4882.71,-2.35,138,8,63,46
2026-06-29 18:30,B_nospikes,4921.05,-1.58,108,7,52,48
2026-06-29 18:30,C_conservative,4934.76,-1.3,97,6,46,47
2026-06-29 18:30,D_contrarian,4934.91,-1.3,34,4,19,56
2026-06-29 18:30,E_moonshot,4988.48,-0.23,14,3,5,36
2026-06-29 19:00,A_baseline,4884.54,-2.31,138,8,63,46
2026-06-29 19:00,B_nospikes,4921.31,-1.57,108,7,52,48
2026-06-29 19:00,C_conservative,4935.04,-1.3,97,6,46,47
2026-06-29 19:00,D_contrarian,4934.91,-1.3,34,4,19,56
2026-06-29 19:00,E_moonshot,4989.12,-0.22,14,3,5,36
2026-06-29 19:30,A_baseline,4890.09,-2.2,138,8,63,46
2026-06-29 19:30,B_nospikes,4928.39,-1.43,108,7,52,48
2026-06-29 19:30,C_conservative,4942.07,-1.16,97,6,46,47
2026-06-29 19:30,D_contrarian,4937.85,-1.24,35,4,20,57
2026-06-29 19:30,E_moonshot,4996.39,-0.07,14,3,5,36
2026-06-29 20:00,A_baseline,4893.91,-2.12,138,8,63,46
2026-06-29 20:00,B_nospikes,4929.03,-1.42,108,7,52,48
2026-06-29 20:00,C_conservative,4942.72,-1.15,97,6,46,47
2026-06-29 20:00,D_contrarian,4938.9,-1.22,35,4,20,57
2026-06-29 20:00,E_moonshot,4995.68,-0.09,14,3,5,36
2026-06-29 20:30,A_baseline,4893.71,-2.13,139,8,64,46
2026-06-29 20:30,B_nospikes,4930.29,-1.39,109,6,53,49
2026-06-29 20:30,C_conservative,4943.99,-1.12,98,5,47,48
2026-06-29 20:30,D_contrarian,4939.96,-1.2,36,4,21,58
2026-06-29 20:30,E_moonshot,4995.89,-0.08,14,3,5,36
2026-06-29 21:00,A_baseline,4892.07,-2.16,139,8,64,46
2026-06-29 21:00,B_nospikes,4928.28,-1.43,109,6,53,49
2026-06-29 21:00,C_conservative,4941.99,-1.16,98,5,47,48
2026-06-29 21:00,D_contrarian,4939.28,-1.21,36,4,21,58
2026-06-29 21:00,E_moonshot,4995.5,-0.09,14,3,5,36
2026-06-29 21:30,A_baseline,4892.86,-2.14,139,8,64,46
2026-06-29 21:30,B_nospikes,4928.47,-1.43,109,6,53,49
2026-06-29 21:30,C_conservative,4942.18,-1.16,98,5,47,48
2026-06-29 21:30,D_contrarian,4939.28,-1.21,36,4,21,58
2026-06-29 21:30,E_moonshot,4995.91,-0.08,14,3,5,36
2026-06-29 22:00,A_baseline,4893.14,-2.14,139,8,64,46
2026-06-29 22:00,B_nospikes,4928.74,-1.43,109,6,53,49
2026-06-29 22:00,C_conservative,4942.46,-1.15,98,5,47,48
2026-06-29 22:00,D_contrarian,4941.38,-1.17,37,4,22,59
2026-06-29 22:00,E_moonshot,4995.46,-0.09,15,2,6,40
2026-06-29 22:30,A_baseline,4893.85,-2.12,139,8,64,46
2026-06-29 22:30,B_nospikes,4929.56,-1.41,109,6,53,49
2026-06-29 22:30,C_conservative,4943.28,-1.13,98,5,47,48
2026-06-29 22:30,D_contrarian,4941.38,-1.17,37,4,22,59
2026-06-29 22:30,E_moonshot,4995.46,-0.09,15,2,6,40
2026-06-29 23:00,A_baseline,4892.24,-2.16,139,8,64,46
2026-06-29 23:00,B_nospikes,4928.18,-1.44,109,6,53,49
2026-06-29 23:00,C_conservative,4941.9,-1.16,98,5,47,48
2026-06-29 23:00,D_contrarian,4941.38,-1.17,37,4,22,59
2026-06-29 23:00,E_moonshot,4995.46,-0.09,15,2,6,40
2026-06-29 23:30,A_baseline,4891.97,-2.16,139,8,64,46
2026-06-29 23:30,B_nospikes,4928.18,-1.44,109,6,53,49
2026-06-29 23:30,C_conservative,4941.9,-1.16,98,5,47,48
2026-06-29 23:30,D_contrarian,4941.38,-1.17,37,4,22,59
2026-06-29 23:30,E_moonshot,4995.46,-0.09,15,2,6,40
2026-06-30 00:00,A_baseline,4892.11,-2.16,139,8,64,46
2026-06-30 00:00,B_nospikes,4927.77,-1.44,109,6,53,49
2026-06-30 00:00,C_conservative,4941.19,-1.18,98,5,47,48
2026-06-30 00:00,D_contrarian,4941.38,-1.17,37,4,22,59
2026-06-30 00:00,E_moonshot,4995.46,-0.09,15,2,6,40
2026-06-30 00:30,A_baseline,4890.99,-2.18,139,8,64,46
2026-06-30 00:30,B_nospikes,4927.77,-1.44,109,6,53,49
2026-06-30 00:30,C_conservative,4941.19,-1.18,98,5,47,48
2026-06-30 00:30,D_contrarian,4938.09,-1.24,37,4,22,59
2026-06-30 00:30,E_moonshot,4995.46,-0.09,15,2,6,40
2026-06-30 01:00,A_baseline,4889.13,-2.22,139,8,64,46
2026-06-30 01:00,B_nospikes,4926.35,-1.47,109,6,53,49
2026-06-30 01:00,C_conservative,4939.75,-1.2,98,5,47,48
2026-06-30 01:00,D_contrarian,4938.09,-1.24,37,4,22,59
2026-06-30 01:00,E_moonshot,4995.46,-0.09,15,2,6,40
2026-06-30 01:30,A_baseline,4887.94,-2.24,139,8,64,46
2026-06-30 01:30,B_nospikes,4926.35,-1.47,109,6,53,49
2026-06-30 01:30,C_conservative,4939.75,-1.2,98,5,47,48
2026-06-30 01:30,D_contrarian,4934.04,-1.32,37,4,22,59
2026-06-30 01:30,E_moonshot,4995.46,-0.09,15,2,6,40
2026-06-30 02:00,A_baseline,4886.0,-2.28,139,8,64,46
2026-06-30 02:00,B_nospikes,4923.85,-1.52,109,6,53,49
2026-06-30 02:00,C_conservative,4937.21,-1.26,98,5,47,48
2026-06-30 02:00,D_contrarian,4931.63,-1.37,37,4,22,59
2026-06-30 02:00,E_moonshot,4995.46,-0.09,15,2,6,40
2026-06-30 02:30,A_baseline,4883.83,-2.32,139,8,64,46
2026-06-30 02:30,B_nospikes,4921.03,-1.58,109,7,53,49
2026-06-30 02:30,C_conservative,4934.41,-1.31,98,6,47,48
2026-06-30 02:30,D_contrarian,4930.17,-1.4,37,4,22,59
2026-06-30 02:30,E_moonshot,4993.89,-0.12,15,3,6,40
2026-06-30 03:00,A_baseline,4879.9,-2.4,140,8,64,46
2026-06-30 03:00,B_nospikes,4918.56,-1.63,110,6,53,48
2026-06-30 03:00,C_conservative,4931.91,-1.36,99,5,47,47
2026-06-30 03:00,D_contrarian,4927.82,-1.44,37,4,22,59
2026-06-30 03:00,E_moonshot,4994.05,-0.12,15,3,6,40
2026-06-30 03:30,A_baseline,4880.97,-2.38,140,8,64,46
2026-06-30 03:30,B_nospikes,4919.28,-1.61,110,6,53,48
2026-06-30 03:30,C_conservative,4932.64,-1.35,99,5,47,47
2026-06-30 03:30,D_contrarian,4927.31,-1.45,37,4,22,59
2026-06-30 03:30,E_moonshot,4994.05,-0.12,15,3,6,40
2026-06-30 04:00,A_baseline,4880.4,-2.39,140,8,64,46
2026-06-30 04:00,B_nospikes,4918.66,-1.63,110,6,53,48
2026-06-30 04:00,C_conservative,4932.03,-1.36,99,5,47,47
2026-06-30 04:00,D_contrarian,4927.6,-1.45,37,4,22,59
2026-06-30 04:00,E_moonshot,4993.87,-0.12,15,3,6,40
2026-06-30 04:30,A_baseline,4876.56,-2.47,142,7,64,45
2026-06-30 04:30,B_nospikes,4917.46,-1.65,110,6,53,48
2026-06-30 04:30,C_conservative,4930.85,-1.38,99,5,47,47
2026-06-30 04:30,D_contrarian,4927.6,-1.45,37,4,22,59
2026-06-30 04:30,E_moonshot,4993.05,-0.14,15,3,6,40
2026-06-30 05:00,A_baseline,4875.5,-2.49,143,7,65,45
2026-06-30 05:00,B_nospikes,4917.16,-1.66,110,6,53,48
2026-06-30 05:00,C_conservative,4930.53,-1.39,99,5,47,47
2026-06-30 05:00,D_contrarian,4927.94,-1.44,37,4,22,59
2026-06-30 05:00,E_moonshot,4992.38,-0.15,15,3,6,40
2026-06-30 05:30,A_baseline,4875.4,-2.49,144,6,65,45
2026-06-30 05:30,B_nospikes,4916.52,-1.67,111,5,53,48
2026-06-30 05:30,C_conservative,4929.87,-1.4,100,4,47,47
2026-06-30 05:30,D_contrarian,4927.31,-1.45,37,4,22,59
2026-06-30 05:30,E_moonshot,4992.4,-0.15,15,3,6,40
2026-06-30 06:00,A_baseline,4874.44,-2.51,145,5,65,45
2026-06-30 06:00,B_nospikes,4914.48,-1.71,112,5,53,47
2026-06-30 06:00,C_conservative,4927.81,-1.44,101,4,47,47
2026-06-30 06:00,D_contrarian,4927.31,-1.45,37,4,22,59
2026-06-30 06:00,E_moonshot,4992.23,-0.16,15,3,6,40
2026-06-30 06:30,A_baseline,4871.87,-2.56,145,6,65,45
2026-06-30 06:30,B_nospikes,4913.12,-1.74,113,4,53,47
2026-06-30 06:30,C_conservative,4926.85,-1.46,101,4,47,47
2026-06-30 06:30,D_contrarian,4926.17,-1.48,37,4,22,59
2026-06-30 06:30,E_moonshot,4991.24,-0.18,15,3,6,40
2026-06-30 07:00,A_baseline,4872.46,-2.55,145,6,65,45
2026-06-30 07:00,B_nospikes,4913.06,-1.74,113,4,53,47
2026-06-30 07:00,C_conservative,4926.79,-1.46,101,4,47,47
2026-06-30 07:00,D_contrarian,4926.92,-1.46,37,4,22,59
2026-06-30 07:00,E_moonshot,4991.24,-0.18,15,3,6,40
2026-06-30 07:30,A_baseline,4872.83,-2.54,145,6,65,45
2026-06-30 07:30,B_nospikes,4913.14,-1.74,113,4,53,47
2026-06-30 07:30,C_conservative,4926.87,-1.46,101,4,47,47
2026-06-30 07:30,D_contrarian,4925.81,-1.48,37,4,22,59
2026-06-30 07:30,E_moonshot,4991.66,-0.17,15,3,6,40
2026-06-30 08:00,A_baseline,4872.59,-2.55,145,6,65,45
2026-06-30 08:00,B_nospikes,4913.57,-1.73,113,4,53,47
2026-06-30 08:00,C_conservative,4927.14,-1.46,101,4,47,47
2026-06-30 08:00,D_contrarian,4925.81,-1.48,37,4,22,59
2026-06-30 08:00,E_moonshot,4991.47,-0.17,15,3,6,40
2026-06-30 08:30,A_baseline,4872.27,-2.55,145,6,65,45
2026-06-30 08:30,B_nospikes,4913.46,-1.73,113,4,53,47
2026-06-30 08:30,C_conservative,4927.02,-1.46,101,4,47,47
2026-06-30 08:30,D_contrarian,4925.04,-1.5,37,4,22,59
2026-06-30 08:30,E_moonshot,4986.2,-0.28,15,3,6,40
2026-06-30 09:00,A_baseline,4874.62,-2.51,145,6,65,45
2026-06-30 09:00,B_nospikes,4913.16,-1.74,113,4,53,47
2026-06-30 09:00,C_conservative,4928.39,-1.43,101,4,47,47
2026-06-30 09:00,D_contrarian,4925.04,-1.5,37,4,22,59
2026-06-30 09:00,E_moonshot,4988.07,-0.24,15,3,6,40
2026-06-30 09:30,A_baseline,4875.21,-2.5,145,6,65,45
2026-06-30 09:30,B_nospikes,4913.71,-1.73,113,4,53,47
2026-06-30 09:30,C_conservative,4928.95,-1.42,101,4,47,47
2026-06-30 09:30,D_contrarian,4925.04,-1.5,37,4,22,59
2026-06-30 09:30,E_moonshot,4987.93,-0.24,15,3,6,40
2026-06-30 10:00,A_baseline,4875.21,-2.5,145,6,65,45
2026-06-30 10:00,B_nospikes,4913.8,-1.72,113,4,53,47
2026-06-30 10:00,C_conservative,4929.03,-1.42,101,4,47,47
2026-06-30 10:00,D_contrarian,4925.04,-1.5,37,4,22,59
2026-06-30 10:00,E_moonshot,4987.93,-0.24,15,3,6,40
2026-06-30 10:30,A_baseline,4870.86,-2.58,145,6,65,45
2026-06-30 10:30,B_nospikes,4913.22,-1.74,113,4,53,47
2026-06-30 10:30,C_conservative,4926.23,-1.48,102,3,47,46
2026-06-30 10:30,D_contrarian,4922.12,-1.56,38,3,22,58
2026-06-30 10:30,E_moonshot,4984.85,-0.3,15,3,6,40
2026-06-30 11:00,A_baseline,4868.89,-2.62,145,6,65,45
2026-06-30 11:00,B_nospikes,4912.09,-1.76,113,4,53,47
2026-06-30 11:00,C_conservative,4925.8,-1.48,102,3,47,46
2026-06-30 11:00,D_contrarian,4919.02,-1.62,39,2,22,56
2026-06-30 11:00,E_moonshot,4984.62,-0.31,15,3,6,40
2026-06-30 11:30,A_baseline,4869.49,-2.61,145,6,65,45
2026-06-30 11:30,B_nospikes,4912.71,-1.75,113,4,53,47
2026-06-30 11:30,C_conservative,4926.42,-1.47,102,3,47,46
2026-06-30 11:30,D_contrarian,4918.83,-1.62,39,2,22,56
2026-06-30 11:30,E_moonshot,4985.32,-0.29,15,3,6,40
2026-06-30 12:00,A_baseline,4869.39,-2.61,145,7,65,45
2026-06-30 12:00,B_nospikes,4912.88,-1.74,113,4,53,47
2026-06-30 12:00,C_conservative,4926.59,-1.47,102,3,47,46
2026-06-30 12:00,D_contrarian,4918.83,-1.62,39,2,22,56
2026-06-30 12:00,E_moonshot,4985.32,-0.29,15,3,6,40
2026-06-30 12:30,A_baseline,4868.42,-2.63,145,7,65,45
2026-06-30 12:30,B_nospikes,4912.72,-1.75,113,4,53,47
2026-06-30 12:30,C_conservative,4926.44,-1.47,102,3,47,46
2026-06-30 12:30,D_contrarian,4918.83,-1.62,39,2,22,56
2026-06-30 12:30,E_moonshot,4985.32,-0.29,15,3,6,40
2026-06-30 13:00,A_baseline,4869.35,-2.61,145,7,65,45
2026-06-30 13:00,B_nospikes,4912.66,-1.75,113,4,53,47
2026-06-30 13:00,C_conservative,4926.37,-1.47,102,3,47,46
2026-06-30 13:00,D_contrarian,4918.83,-1.62,39,2,22,56
2026-06-30 13:00,E_moonshot,4985.45,-0.29,15,3,6,40
2026-06-30 13:30,A_baseline,4867.27,-2.65,147,5,65,44
2026-06-30 13:30,B_nospikes,4912.33,-1.75,114,3,53,46
2026-06-30 13:30,C_conservative,4926.23,-1.48,102,3,47,46
2026-06-30 13:30,D_contrarian,4918.83,-1.62,39,2,22,56
2026-06-30 13:30,E_moonshot,4982.52,-0.35,15,3,6,40
2026-06-30 14:00,A_baseline,4864.9,-2.7,147,5,65,44
2026-06-30 14:00,B_nospikes,4909.63,-1.81,115,2,53,46
2026-06-30 14:00,C_conservative,4923.48,-1.53,103,2,47,46
2026-06-30 14:00,D_contrarian,4919.36,-1.61,39,2,22,56
2026-06-30 14:00,E_moonshot,4978.41,-0.43,16,2,6,38
2026-06-30 14:30,A_baseline,4861.08,-2.78,148,4,65,44
2026-06-30 14:30,B_nospikes,4908.84,-1.82,115,2,53,46
2026-06-30 14:30,C_conservative,4922.67,-1.55,103,2,47,46
2026-06-30 14:30,D_contrarian,4919.36,-1.61,39,2,22,56
2026-06-30 14:30,E_moonshot,4976.63,-0.47,16,2,6,38
2026-06-30 15:00,A_baseline,4854.38,-2.91,150,2,65,43
2026-06-30 15:00,B_nospikes,4906.4,-1.87,116,1,53,46
2026-06-30 15:00,C_conservative,4920.21,-1.6,104,1,47,45
2026-06-30 15:00,D_contrarian,4915.53,-1.69,40,1,22,55
2026-06-30 15:00,E_moonshot,4975.65,-0.49,16,2,6,38
2026-06-30 15:30,A_baseline,4854.57,-2.91,150,2,65,43
2026-06-30 15:30,B_nospikes,4906.4,-1.87,116,1,53,46
2026-06-30 15:30,C_conservative,4920.21,-1.6,104,1,47,45
2026-06-30 15:30,D_contrarian,4915.53,-1.69,40,1,22,55
2026-06-30 15:30,E_moonshot,4974.67,-0.51,16,2,6,38
2026-06-30 16:00,A_baseline,4855.1,-2.9,150,2,65,43
2026-06-30 16:00,B_nospikes,4906.58,-1.87,116,1,53,46
2026-06-30 16:00,C_conservative,4920.4,-1.59,104,1,47,45
2026-06-30 16:00,D_contrarian,4915.53,-1.69,40,1,22,55
2026-06-30 16:00,E_moonshot,4975.24,-0.5,16,2,6,38
2026-06-30 16:30,A_baseline,4856.53,-2.87,150,2,65,43
2026-06-30 16:30,B_nospikes,4907.01,-1.86,116,2,53,46
2026-06-30 16:30,C_conservative,4920.83,-1.58,104,2,47,45
2026-06-30 16:30,D_contrarian,4915.53,-1.69,40,1,22,55
2026-06-30 16:30,E_moonshot,4976.13,-0.48,16,2,6,38
2026-06-30 17:00,A_baseline,4854.22,-2.92,150,2,65,43
2026-06-30 17:00,B_nospikes,4904.89,-1.9,116,2,53,46
2026-06-30 17:00,C_conservative,4918.69,-1.63,104,2,47,45
2026-06-30 17:00,D_contrarian,4905.75,-1.88,41,0,22,54
2026-06-30 17:00,E_moonshot,4975.47,-0.49,16,2,6,38
2026-06-30 17:30,A_baseline,4853.99,-2.92,150,2,65,43
2026-06-30 17:30,B_nospikes,4904.28,-1.91,116,3,53,46
2026-06-30 17:30,C_conservative,4918.05,-1.64,104,3,47,45
2026-06-30 17:30,D_contrarian,4905.75,-1.88,41,0,22,54
2026-06-30 17:30,E_moonshot,4975.47,-0.49,16,2,6,38
2026-06-30 18:00,A_baseline,4853.89,-2.92,150,2,65,43
2026-06-30 18:00,B_nospikes,4905.17,-1.9,116,3,53,46
2026-06-30 18:00,C_conservative,4918.94,-1.62,104,3,47,45
2026-06-30 18:00,D_contrarian,4905.75,-1.88,41,0,22,54
2026-06-30 18:00,E_moonshot,4976.12,-0.48,16,2,6,38
2026-06-30 18:30,A_baseline,4853.65,-2.93,150,2,65,43
2026-06-30 18:30,B_nospikes,4905.11,-1.9,116,3,53,46
2026-06-30 18:30,C_conservative,4918.88,-1.62,104,3,47,45
2026-06-30 18:30,D_contrarian,4905.75,-1.88,41,0,22,54
2026-06-30 18:30,E_moonshot,4976.84,-0.46,16,2,6,38
2026-06-30 19:00,A_baseline,4854.07,-2.92,150,2,65,43
2026-06-30 19:00,B_nospikes,4905.59,-1.89,116,3,53,46
2026-06-30 19:00,C_conservative,4919.37,-1.61,104,3,47,45
2026-06-30 19:00,D_contrarian,4905.75,-1.88,41,0,22,54
2026-06-30 19:00,E_moonshot,4976.84,-0.46,16,2,6,38
2026-06-30 19:30,A_baseline,4853.9,-2.92,150,2,65,43
2026-06-30 19:30,B_nospikes,4906.19,-1.88,116,3,53,46
2026-06-30 19:30,C_conservative,4919.96,-1.6,104,3,47,45
2026-06-30 19:30,D_contrarian,4905.75,-1.88,41,0,22,54
2026-06-30 19:30,E_moonshot,4977.64,-0.45,16,2,6,38
2026-06-30 20:00,A_baseline,4854.38,-2.91,150,2,65,43
2026-06-30 20:00,B_nospikes,4906.33,-1.87,116,3,53,46
2026-06-30 20:00,C_conservative,4920.1,-1.6,104,3,47,45
2026-06-30 20:00,D_contrarian,4905.75,-1.88,41,0,22,54
2026-06-30 20:00,E_moonshot,4977.24,-0.46,16,2,6,38
2026-06-30 20:30,A_baseline,4854.43,-2.91,150,2,65,43
2026-06-30 20:30,B_nospikes,4906.39,-1.87,116,3,53,46
2026-06-30 20:30,C_conservative,4920.17,-1.6,104,3,47,45
2026-06-30 20:30,D_contrarian,4905.75,-1.88,41,0,22,54
2026-06-30 20:30,E_moonshot,4976.02,-0.48,16,2,6,38
2026-06-30 21:00,A_baseline,4854.78,-2.9,150,2,65,43
2026-06-30 21:00,B_nospikes,4906.8,-1.86,116,3,53,46
2026-06-30 21:00,C_conservative,4920.58,-1.59,104,3,47,45
2026-06-30 21:00,D_contrarian,4905.75,-1.88,41,0,22,54
2026-06-30 21:00,E_moonshot,4976.02,-0.48,16,2,6,38
2026-06-30 21:30,A_baseline,4854.67,-2.91,150,2,65,43
2026-06-30 21:30,B_nospikes,4907.48,-1.85,116,3,53,46
2026-06-30 21:30,C_conservative,4921.26,-1.57,104,3,47,45
2026-06-30 21:30,D_contrarian,4905.75,-1.88,41,0,22,54
2026-06-30 21:30,E_moonshot,4976.84,-0.46,16,2,6,38
2026-06-30 22:00,A_baseline,4855.02,-2.9,150,2,65,43
2026-06-30 22:00,B_nospikes,4907.69,-1.85,116,3,53,46
2026-06-30 22:00,C_conservative,4921.47,-1.57,104,3,47,45
2026-06-30 22:00,D_contrarian,4905.75,-1.88,41,0,22,54
2026-06-30 22:00,E_moonshot,4976.64,-0.47,16,2,6,38
2026-06-30 22:30,A_baseline,4854.84,-2.9,150,2,65,43
2026-06-30 22:30,B_nospikes,4907.49,-1.85,116,3,53,46
2026-06-30 22:30,C_conservative,4921.26,-1.57,104,3,47,45
2026-06-30 22:30,D_contrarian,4905.75,-1.88,41,0,22,54
2026-06-30 22:30,E_moonshot,4976.64,-0.47,16,2,6,38
2026-06-30 23:00,A_baseline,4854.88,-2.9,150,2,65,43
2026-06-30 23:00,B_nospikes,4907.53,-1.85,116,3,53,46
2026-06-30 23:00,C_conservative,4921.31,-1.57,104,3,47,45
2026-06-30 23:00,D_contrarian,4905.75,-1.88,41,0,22,54
2026-06-30 23:00,E_moonshot,4976.64,-0.47,16,2,6,38
2026-06-30 23:30,A_baseline,4854.43,-2.91,150,2,65,43
2026-06-30 23:30,B_nospikes,4907.01,-1.86,116,3,53,46
2026-06-30 23:30,C_conservative,4920.79,-1.58,104,3,47,45
2026-06-30 23:30,D_contrarian,4905.75,-1.88,41,0,22,54
2026-06-30 23:30,E_moonshot,4976.64,-0.47,16,2,6,38
2026-07-01 00:00,A_baseline,4854.77,-2.9,150,2,65,43
2026-07-01 00:00,B_nospikes,4907.4,-1.85,116,3,53,46
2026-07-01 00:00,C_conservative,4921.18,-1.58,104,3,47,45
2026-07-01 00:00,D_contrarian,4905.75,-1.88,41,0,22,54
2026-07-01 00:00,E_moonshot,4976.64,-0.47,16,2,6,38
2026-07-01 00:30,A_baseline,4854.85,-2.9,150,2,65,43
2026-07-01 00:30,B_nospikes,4907.49,-1.85,116,3,53,46
2026-07-01 00:30,C_conservative,4921.27,-1.57,104,3,47,45
2026-07-01 00:30,D_contrarian,4905.75,-1.88,41,0,22,54
2026-07-01 00:30,E_moonshot,4976.98,-0.46,16,2,6,38
2026-07-01 01:00,A_baseline,4854.76,-2.9,150,2,65,43
2026-07-01 01:00,B_nospikes,4906.66,-1.87,116,3,53,46
2026-07-01 01:00,C_conservative,4920.44,-1.59,104,3,47,45
2026-07-01 01:00,D_contrarian,4905.75,-1.88,41,0,22,54
2026-07-01 01:00,E_moonshot,4976.25,-0.47,16,2,6,38
2026-07-01 01:30,A_baseline,4854.23,-2.92,150,3,65,43
2026-07-01 01:30,B_nospikes,4906.7,-1.87,116,3,53,46
2026-07-01 01:30,C_conservative,4920.48,-1.59,104,3,47,45
2026-07-01 01:30,D_contrarian,4905.75,-1.88,41,0,22,54
2026-07-01 01:30,E_moonshot,4976.25,-0.47,16,2,6,38
2026-07-01 02:00,A_baseline,4854.3,-2.91,150,3,65,43
2026-07-01 02:00,B_nospikes,4906.79,-1.86,116,3,53,46
2026-07-01 02:00,C_conservative,4920.57,-1.59,104,3,47,45
2026-07-01 02:00,D_contrarian,4905.75,-1.88,41,0,22,54
2026-07-01 02:00,E_moonshot,4976.25,-0.47,16,2,6,38
2026-07-01 02:30,A_baseline,4851.85,-2.96,150,6,65,43
2026-07-01 02:30,B_nospikes,4904.16,-1.92,116,7,53,46
2026-07-01 02:30,C_conservative,4917.93,-1.64,104,7,47,45
2026-07-01 02:30,D_contrarian,4905.75,-1.88,41,0,22,54
2026-07-01 02:30,E_moonshot,4976.19,-0.48,16,3,6,38
2026-07-01 03:00,A_baseline,4852.27,-2.95,150,6,65,43
2026-07-01 03:00,B_nospikes,4904.62,-1.91,116,7,53,46
2026-07-01 03:00,C_conservative,4918.39,-1.63,104,7,47,45
2026-07-01 03:00,D_contrarian,4905.75,-1.88,41,0,22,54
2026-07-01 03:00,E_moonshot,4976.19,-0.48,16,3,6,38
2026-07-01 03:30,A_baseline,4850.9,-2.98,150,8,65,43
2026-07-01 03:30,B_nospikes,4902.57,-1.95,116,7,53,46
2026-07-01 03:30,C_conservative,4916.33,-1.67,104,7,47,45
2026-07-01 03:30,D_contrarian,4905.75,-1.88,41,0,22,54
2026-07-01 03:30,E_moonshot,4972.58,-0.55,16,3,6,38
2026-07-01 04:00,A_baseline,4858.37,-2.83,150,8,65,43
2026-07-01 04:00,B_nospikes,4909.16,-1.82,116,7,53,46
2026-07-01 04:00,C_conservative,4922.95,-1.54,104,7,47,45
2026-07-01 04:00,D_contrarian,4905.75,-1.88,41,0,22,54
2026-07-01 04:00,E_moonshot,4974.46,-0.51,16,3,6,38
2026-07-01 04:30,A_baseline,4863.68,-2.73,150,8,65,43
2026-07-01 04:30,B_nospikes,4912.47,-1.75,116,7,53,46
2026-07-01 04:30,C_conservative,4926.27,-1.47,104,7,47,45
2026-07-01 04:30,D_contrarian,4905.75,-1.88,41,0,22,54
2026-07-01 04:30,E_moonshot,4975.07,-0.5,16,3,6,38
2026-07-01 05:00,A_baseline,4865.43,-2.69,150,8,65,43
2026-07-01 05:00,B_nospikes,4914.2,-1.72,116,7,53,46
2026-07-01 05:00,C_conservative,4928.02,-1.44,104,7,47,45
2026-07-01 05:00,D_contrarian,4905.75,-1.88,41,0,22,54
2026-07-01 05:00,E_moonshot,4975.78,-0.48,16,3,6,38
2026-07-01 05:30,A_baseline,4867.02,-2.66,150,8,65,43
2026-07-01 05:30,B_nospikes,4916.84,-1.66,116,7,53,46
2026-07-01 05:30,C_conservative,4930.67,-1.39,104,7,47,45
2026-07-01 05:30,D_contrarian,4905.75,-1.88,41,0,22,54
2026-07-01 05:30,E_moonshot,4976.72,-0.47,16,3,6,38
2026-07-01 06:00,A_baseline,4874.01,-2.52,150,8,65,43
2026-07-01 06:00,B_nospikes,4922.58,-1.55,116,7,53,46
2026-07-01 06:00,C_conservative,4936.43,-1.27,104,7,47,45
2026-07-01 06:00,D_contrarian,4905.75,-1.88,41,0,22,54
2026-07-01 06:00,E_moonshot,4978.87,-0.42,16,3,6,38
2026-07-01 06:30,A_baseline,4876.43,-2.47,150,8,65,43
2026-07-01 06:30,B_nospikes,4922.49,-1.55,116,7,53,46
2026-07-01 06:30,C_conservative,4936.25,-1.28,104,7,47,45
2026-07-01 06:30,D_contrarian,4905.75,-1.88,41,0,22,54
2026-07-01 06:30,E_moonshot,4983.14,-0.34,16,3,6,38
2026-07-01 07:00,A_baseline,4877.42,-2.45,150,8,65,43
2026-07-01 07:00,B_nospikes,4924.03,-1.52,117,6,54,46
2026-07-01 07:00,C_conservative,4937.92,-1.24,105,6,48,46
2026-07-01 07:00,D_contrarian,4905.75,-1.88,41,0,22,54
2026-07-01 07:00,E_moonshot,4983.92,-0.32,16,3,6,38
2026-07-01 07:30,A_baseline,4875.25,-2.5,150,8,65,43
2026-07-01 07:30,B_nospikes,4923.33,-1.53,117,6,54,46
2026-07-01 07:30,C_conservative,4937.22,-1.26,105,6,48,46
2026-07-01 07:30,D_contrarian,4905.75,-1.88,41,0,22,54
2026-07-01 07:30,E_moonshot,4983.92,-0.32,16,3,6,38
2026-07-01 08:00,A_baseline,4872.94,-2.54,150,8,65,43
2026-07-01 08:00,B_nospikes,4921.43,-1.57,117,6,54,46
2026-07-01 08:00,C_conservative,4935.32,-1.29,105,6,48,46
2026-07-01 08:00,D_contrarian,4905.75,-1.88,41,0,22,54
2026-07-01 08:00,E_moonshot,4980.45,-0.39,16,3,6,38
2026-07-01 08:30,A_baseline,4868.06,-2.64,151,7,66,44
2026-07-01 08:30,B_nospikes,4917.04,-1.66,118,5,55,47
2026-07-01 08:30,C_conservative,4930.9,-1.38,106,5,49,46
2026-07-01 08:30,D_contrarian,4905.75,-1.88,41,0,22,54
2026-07-01 08:30,E_moonshot,4979.58,-0.41,16,3,6,38
2026-07-01 09:00,A_baseline,4864.45,-2.71,151,7,66,44
2026-07-01 09:00,B_nospikes,4913.21,-1.74,118,5,55,47
2026-07-01 09:00,C_conservative,4927.04,-1.46,106,5,49,46
2026-07-01 09:00,D_contrarian,4905.75,-1.88,41,0,22,54
2026-07-01 09:00,E_moonshot,4977.78,-0.44,16,3,6,38
2026-07-01 09:30,A_baseline,4864.54,-2.71,151,7,66,44
2026-07-01 09:30,B_nospikes,4912.72,-1.75,118,5,55,47
2026-07-01 09:30,C_conservative,4926.56,-1.47,106,5,49,46
2026-07-01 09:30,D_contrarian,4905.75,-1.88,41,0,22,54
2026-07-01 09:30,E_moonshot,4977.78,-0.44,16,3,6,38
2026-07-01 10:00,A_baseline,4865.22,-2.7,151,7,66,44
2026-07-01 10:00,B_nospikes,4913.51,-1.73,118,5,55,47
2026-07-01 10:00,C_conservative,4927.35,-1.45,106,5,49,46
2026-07-01 10:00,D_contrarian,4905.75,-1.88,41,0,22,54
2026-07-01 10:00,E_moonshot,4978.14,-0.44,16,3,6,38
2026-07-01 10:30,A_baseline,4859.55,-2.81,151,7,66,44
2026-07-01 10:30,B_nospikes,4908.88,-1.82,118,5,55,47
2026-07-01 10:30,C_conservative,4922.71,-1.55,106,5,49,46
2026-07-01 10:30,D_contrarian,4905.75,-1.88,41,0,22,54
2026-07-01 10:30,E_moonshot,4977.91,-0.44,16,3,6,38
2026-07-01 11:00,A_baseline,4860.8,-2.78,151,7,66,44
2026-07-01 11:00,B_nospikes,4909.63,-1.81,118,5,55,47
2026-07-01 11:00,C_conservative,4923.46,-1.53,106,5,49,46
2026-07-01 11:00,D_contrarian,4905.75,-1.88,41,0,22,54
2026-07-01 11:00,E_moonshot,4978.34,-0.43,16,3,6,38
2026-07-01 11:30,A_baseline,4862.48,-2.75,151,7,66,44
2026-07-01 11:30,B_nospikes,4911.35,-1.77,118,5,55,47
2026-07-01 11:30,C_conservative,4925.19,-1.5,106,5,49,46
2026-07-01 11:30,D_contrarian,4905.75,-1.88,41,0,22,54
2026-07-01 11:30,E_moonshot,4978.64,-0.43,16,3,6,38
2026-07-01 12:00,A_baseline,4861.7,-2.77,151,7,66,44
2026-07-01 12:00,B_nospikes,4910.64,-1.79,118,5,55,47
2026-07-01 12:00,C_conservative,4924.47,-1.51,106,5,49,46
2026-07-01 12:00,D_contrarian,4905.75,-1.88,41,0,22,54
2026-07-01 12:00,E_moonshot,4978.75,-0.42,16,3,6,38
2026-07-01 12:30,A_baseline,4863.44,-2.73,151,7,66,44
2026-07-01 12:30,B_nospikes,4911.44,-1.77,118,5,55,47
2026-07-01 12:30,C_conservative,4925.27,-1.49,106,5,49,46
2026-07-01 12:30,D_contrarian,4905.75,-1.88,41,0,22,54
2026-07-01 12:30,E_moonshot,4980.55,-0.39,16,3,6,38
2026-07-01 13:00,A_baseline,4861.54,-2.77,151,7,66,44
2026-07-01 13:00,B_nospikes,4909.76,-1.8,118,5,55,47
2026-07-01 13:00,C_conservative,4923.58,-1.53,106,5,49,46
2026-07-01 13:00,D_contrarian,4905.75,-1.88,41,0,22,54
2026-07-01 13:00,E_moonshot,4980.55,-0.39,16,3,6,38
2026-07-01 13:30,A_baseline,4860.11,-2.8,152,7,66,43
2026-07-01 13:30,B_nospikes,4909.66,-1.81,118,5,55,47
2026-07-01 13:30,C_conservative,4923.48,-1.53,106,5,49,46
2026-07-01 13:30,D_contrarian,4905.75,-1.88,41,0,22,54
2026-07-01 13:30,E_moonshot,4980.55,-0.39,16,3,6,38
2026-07-01 14:00,A_baseline,4858.82,-2.82,152,7,66,43
2026-07-01 14:00,B_nospikes,4908.39,-1.83,118,5,55,47
2026-07-01 14:00,C_conservative,4922.2,-1.56,106,5,49,46
2026-07-01 14:00,D_contrarian,4905.75,-1.88,41,0,22,54
2026-07-01 14:00,E_moonshot,4979.6,-0.41,16,3,6,38
2026-07-01 14:30,A_baseline,4857.09,-2.86,152,7,66,43
2026-07-01 14:30,B_nospikes,4906.61,-1.87,118,5,55,47
2026-07-01 14:30,C_conservative,4920.42,-1.59,106,5,49,46
2026-07-01 14:30,D_contrarian,4905.75,-1.88,41,0,22,54
2026-07-01 14:30,E_moonshot,4979.6,-0.41,16,3,6,38
2026-07-01 15:00,A_baseline,4855.55,-2.89,153,6,66,43
2026-07-01 15:00,B_nospikes,4904.33,-1.91,119,4,55,46
2026-07-01 15:00,C_conservative,4918.11,-1.64,107,4,49,46
2026-07-01 15:00,D_contrarian,4905.75,-1.88,41,0,22,54
2026-07-01 15:00,E_moonshot,4979.14,-0.42,16,3,6,38
2026-07-01 15:30,A_baseline,4857.62,-2.85,154,5,67,44
2026-07-01 15:30,B_nospikes,4906.35,-1.87,119,4,55,46
2026-07-01 15:30,C_conservative,4920.13,-1.6,107,4,49,46
2026-07-01 15:30,D_contrarian,4905.75,-1.88,41,0,22,54
2026-07-01 15:30,E_moonshot,4979.09,-0.42,16,3,6,38
2026-07-01 16:00,A_baseline,4865.35,-2.69,154,5,67,44
2026-07-01 16:00,B_nospikes,4912.86,-1.74,119,4,55,46
2026-07-01 16:00,C_conservative,4926.65,-1.47,107,4,49,46
2026-07-01 16:00,D_contrarian,4905.75,-1.88,41,0,22,54
2026-07-01 16:00,E_moonshot,4980.01,-0.4,16,3,6,38
2026-07-01 16:30,A_baseline,4869.02,-2.62,154,5,67,44
2026-07-01 16:30,B_nospikes,4915.94,-1.68,119,4,55,46
2026-07-01 16:30,C_conservative,4929.74,-1.41,107,4,49,46
2026-07-01 16:30,D_contrarian,4905.75,-1.88,41,0,22,54
2026-07-01 16:30,E_moonshot,4984.77,-0.3,16,3,6,38
2026-07-01 17:00,A_baseline,4868.1,-2.64,154,5,67,44
2026-07-01 17:00,B_nospikes,4915.4,-1.69,119,4,55,46
2026-07-01 17:00,C_conservative,4929.2,-1.42,107,4,49,46
2026-07-01 17:00,D_contrarian,4905.75,-1.88,41,0,22,54
2026-07-01 17:00,E_moonshot,4983.92,-0.32,16,3,6,38
2026-07-01 17:30,A_baseline,4877.0,-2.46,155,4,68,44
2026-07-01 17:30,B_nospikes,4923.44,-1.53,119,4,55,46
2026-07-01 17:30,C_conservative,4937.26,-1.25,107,4,49,46
2026-07-01 17:30,D_contrarian,4905.75,-1.88,41,0,22,54
2026-07-01 17:30,E_moonshot,4986.16,-0.28,16,3,6,38
2026-07-01 18:00,A_baseline,4872.37,-2.55,155,4,68,44
2026-07-01 18:00,B_nospikes,4918.75,-1.62,119,4,55,46
2026-07-01 18:00,C_conservative,4932.56,-1.35,107,4,49,46
2026-07-01 18:00,D_contrarian,4905.75,-1.88,41,0,22,54
2026-07-01 18:00,E_moonshot,4986.32,-0.27,16,3,6,38
2026-07-01 18:30,A_baseline,4872.74,-2.55,155,4,68,44
2026-07-01 18:30,B_nospikes,4919.13,-1.62,119,4,55,46
2026-07-01 18:30,C_conservative,4933.56,-1.33,107,4,49,46
2026-07-01 18:30,D_contrarian,4905.75,-1.88,41,0,22,54
2026-07-01 18:30,E_moonshot,4986.4,-0.27,16,3,6,38
2026-07-01 19:00,A_baseline,4870.6,-2.59,155,4,68,44
2026-07-01 19:00,B_nospikes,4916.94,-1.66,119,4,55,46
2026-07-01 19:00,C_conservative,4930.75,-1.39,107,4,49,46
2026-07-01 19:00,D_contrarian,4905.75,-1.88,41,0,22,54
2026-07-01 19:00,E_moonshot,4984.9,-0.3,16,3,6,38
2026-07-01 19:30,A_baseline,4870.87,-2.58,155,4,68,44
2026-07-01 19:30,B_nospikes,4918.06,-1.64,119,4,55,46
2026-07-01 19:30,C_conservative,4931.86,-1.36,107,4,49,46
2026-07-01 19:30,D_contrarian,4905.75,-1.88,41,0,22,54
2026-07-01 19:30,E_moonshot,4985.71,-0.29,16,3,6,38
2026-07-01 20:00,A_baseline,4873.13,-2.54,155,4,68,44
2026-07-01 20:00,B_nospikes,4919.51,-1.61,119,4,55,46
2026-07-01 20:00,C_conservative,4933.32,-1.33,107,4,49,46
2026-07-01 20:00,D_contrarian,4905.75,-1.88,41,0,22,54
2026-07-01 20:00,E_moonshot,4985.59,-0.29,16,3,6,38
2026-07-01 20:30,A_baseline,4872.11,-2.56,155,4,68,44
2026-07-01 20:30,B_nospikes,4918.49,-1.63,119,4,55,46
2026-07-01 20:30,C_conservative,4932.3,-1.35,107,4,49,46
2026-07-01 20:30,D_contrarian,4905.75,-1.88,41,0,22,54
2026-07-01 20:30,E_moonshot,4985.59,-0.29,16,3,6,38
2026-07-01 21:00,A_baseline,4869.2,-2.62,155,4,68,44
2026-07-01 21:00,B_nospikes,4915.53,-1.69,119,4,55,46
2026-07-01 21:00,C_conservative,4929.33,-1.41,107,4,49,46
2026-07-01 21:00,D_contrarian,4905.75,-1.88,41,0,22,54
2026-07-01 21:00,E_moonshot,4982.7,-0.35,16,3,6,38
2026-07-01 21:30,A_baseline,4869.86,-2.6,155,4,68,44
2026-07-01 21:30,B_nospikes,4916.2,-1.68,119,4,55,46
2026-07-01 21:30,C_conservative,4930.0,-1.4,107,4,49,46
2026-07-01 21:30,D_contrarian,4905.75,-1.88,41,0,22,54
2026-07-01 21:30,E_moonshot,4982.01,-0.36,16,3,6,38
2026-07-01 22:00,A_baseline,4869.78,-2.6,155,4,68,44
2026-07-01 22:00,B_nospikes,4916.12,-1.68,119,4,55,46
2026-07-01 22:00,C_conservative,4929.93,-1.4,107,4,49,46
2026-07-01 22:00,D_contrarian,4905.75,-1.88,41,0,22,54
2026-07-01 22:00,E_moonshot,4982.01,-0.36,16,3,6,38
2026-07-01 22:30,A_baseline,4868.53,-2.63,155,4,68,44
2026-07-01 22:30,B_nospikes,4914.85,-1.7,119,4,55,46
2026-07-01 22:30,C_conservative,4928.64,-1.43,107,4,49,46
2026-07-01 22:30,D_contrarian,4905.75,-1.88,41,0,22,54
2026-07-01 22:30,E_moonshot,4982.01,-0.36,16,3,6,38
2026-07-01 23:00,A_baseline,4869.05,-2.62,155,4,68,44
2026-07-01 23:00,B_nospikes,4915.38,-1.69,119,4,55,46
2026-07-01 23:00,C_conservative,4929.18,-1.42,107,4,49,46
2026-07-01 23:00,D_contrarian,4905.75,-1.88,41,0,22,54
2026-07-01 23:00,E_moonshot,4982.01,-0.36,16,3,6,38
2026-07-01 23:30,A_baseline,4870.81,-2.58,155,4,68,44
2026-07-01 23:30,B_nospikes,4917.17,-1.66,119,4,55,46
2026-07-01 23:30,C_conservative,4930.97,-1.38,107,4,49,46
2026-07-01 23:30,D_contrarian,4905.75,-1.88,41,0,22,54
2026-07-01 23:30,E_moonshot,4982.51,-0.35,16,3,6,38
2026-07-02 00:00,A_baseline,4871.78,-2.56,155,4,68,44
2026-07-02 00:00,B_nospikes,4918.15,-1.64,119,4,55,46
2026-07-02 00:00,C_conservative,4931.96,-1.36,107,4,49,46
2026-07-02 00:00,D_contrarian,4905.75,-1.88,41,0,22,54
2026-07-02 00:00,E_moonshot,4982.09,-0.36,16,4,6,38
2026-07-02 00:30,A_baseline,4875.78,-2.48,155,5,68,44
2026-07-02 00:30,B_nospikes,4922.7,-1.55,119,4,55,46
2026-07-02 00:30,C_conservative,4936.51,-1.27,107,4,49,46
2026-07-02 00:30,D_contrarian,4905.75,-1.88,41,0,22,54
2026-07-02 00:30,E_moonshot,4983.28,-0.33,16,4,6,38
2026-07-02 01:00,A_baseline,4872.07,-2.56,155,5,68,44
2026-07-02 01:00,B_nospikes,4919.9,-1.6,119,4,55,46
2026-07-02 01:00,C_conservative,4933.71,-1.33,107,4,49,46
2026-07-02 01:00,D_contrarian,4905.75,-1.88,41,0,22,54
2026-07-02 01:00,E_moonshot,4982.45,-0.35,16,4,6,38
2026-07-02 01:30,A_baseline,4870.56,-2.59,155,5,68,44
2026-07-02 01:30,B_nospikes,4918.37,-1.63,119,4,55,46
2026-07-02 01:30,C_conservative,4932.18,-1.36,107,4,49,46
2026-07-02 01:30,D_contrarian,4905.75,-1.88,41,0,22,54
2026-07-02 01:30,E_moonshot,4982.45,-0.35,16,4,6,38
2026-07-02 02:00,A_baseline,4867.75,-2.65,155,5,68,44
2026-07-02 02:00,B_nospikes,4916.94,-1.66,119,4,55,46
2026-07-02 02:00,C_conservative,4930.75,-1.39,107,4,49,46
2026-07-02 02:00,D_contrarian,4905.75,-1.88,41,0,22,54
2026-07-02 02:00,E_moonshot,4981.23,-0.38,16,4,6,38
2026-07-02 02:30,A_baseline,4858.15,-2.84,157,6,68,43
2026-07-02 02:30,B_nospikes,4908.91,-1.82,120,6,55,46
2026-07-02 02:30,C_conservative,4922.7,-1.55,108,6,49,45
2026-07-02 02:30,D_contrarian,4905.75,-1.88,41,0,22,54
2026-07-02 02:30,E_moonshot,4972.61,-0.55,16,5,6,38
2026-07-02 03:00,A_baseline,4856.81,-2.86,157,6,68,43
2026-07-02 03:00,B_nospikes,4907.51,-1.85,120,6,55,46
2026-07-02 03:00,C_conservative,4921.29,-1.57,108,6,49,45
2026-07-02 03:00,D_contrarian,4905.75,-1.88,41,0,22,54
2026-07-02 03:00,E_moonshot,4971.45,-0.57,16,5,6,38
2026-07-02 03:30,A_baseline,4863.76,-2.72,157,6,68,43
2026-07-02 03:30,B_nospikes,4914.59,-1.71,120,6,55,46
2026-07-02 03:30,C_conservative,4928.4,-1.43,108,6,49,45
2026-07-02 03:30,D_contrarian,4905.75,-1.88,41,0,22,54
2026-07-02 03:30,E_moonshot,4974.39,-0.51,16,5,6,38
2026-07-02 04:00,A_baseline,4867.3,-2.65,158,5,69,44
2026-07-02 04:00,B_nospikes,4918.25,-1.63,121,5,56,46
2026-07-02 04:00,C_conservative,4932.06,-1.36,109,5,50,46
2026-07-02 04:00,D_contrarian,4905.75,-1.88,41,0,22,54
2026-07-02 04:00,E_moonshot,4975.66,-0.49,16,5,6,38
2026-07-02 04:30,A_baseline,4866.86,-2.66,158,6,69,44
2026-07-02 04:30,B_nospikes,4917.66,-1.65,121,5,56,46
2026-07-02 04:30,C_conservative,4931.46,-1.37,109,5,50,46
2026-07-02 04:30,D_contrarian,4905.75,-1.88,41,0,22,54
2026-07-02 04:30,E_moonshot,4976.01,-0.48,16,5,6,38
2026-07-02 05:00,A_baseline,4871.21,-2.58,158,6,69,44
2026-07-02 05:00,B_nospikes,4922.1,-1.56,121,5,56,46
2026-07-02 05:00,C_conservative,4935.91,-1.28,109,5,50,46
2026-07-02 05:00,D_contrarian,4905.75,-1.88,41,0,22,54
2026-07-02 05:00,E_moonshot,4979.86,-0.4,16,5,6,38
2026-07-02 05:30,A_baseline,4871.43,-2.57,158,6,69,44
2026-07-02 05:30,B_nospikes,4922.31,-1.55,121,5,56,46
2026-07-02 05:30,C_conservative,4936.13,-1.28,109,5,50,46
2026-07-02 05:30,D_contrarian,4905.75,-1.88,41,0,22,54
2026-07-02 05:30,E_moonshot,4980.33,-0.39,16,5,6,38
2026-07-02 06:00,A_baseline,4875.75,-2.48,158,7,69,44
2026-07-02 06:00,B_nospikes,4927.57,-1.45,121,5,56,46
2026-07-02 06:00,C_conservative,4941.4,-1.17,109,5,50,46
2026-07-02 06:00,D_contrarian,4905.75,-1.88,41,0,22,54
2026-07-02 06:00,E_moonshot,4982.43,-0.35,16,6,6,38
2026-07-02 06:30,A_baseline,4875.34,-2.49,158,7,69,44
2026-07-02 06:30,B_nospikes,4926.26,-1.47,121,5,56,46
2026-07-02 06:30,C_conservative,4940.08,-1.2,109,5,50,46
2026-07-02 06:30,D_contrarian,4905.75,-1.88,41,0,22,54
2026-07-02 06:30,E_moonshot,4982.68,-0.35,16,6,6,38
2026-07-02 07:00,A_baseline,4875.49,-2.49,158,7,69,44
2026-07-02 07:00,B_nospikes,4926.37,-1.47,121,5,56,46
2026-07-02 07:00,C_conservative,4940.19,-1.2,109,5,50,46
2026-07-02 07:00,D_contrarian,4905.75,-1.88,41,0,22,54
2026-07-02 07:00,E_moonshot,4980.87,-0.38,16,6,6,38
2026-07-02 07:30,A_baseline,4875.11,-2.5,158,7,69,44
2026-07-02 07:30,B_nospikes,4925.97,-1.48,121,5,56,46
2026-07-02 07:30,C_conservative,4939.79,-1.2,109,5,50,46
2026-07-02 07:30,D_contrarian,4905.75,-1.88,41,0,22,54
2026-07-02 07:30,E_moonshot,4983.62,-0.33,16,6,6,38
2026-07-02 08:00,A_baseline,4871.59,-2.57,158,7,69,44
2026-07-02 08:00,B_nospikes,4924.56,-1.51,121,5,56,46
2026-07-02 08:00,C_conservative,4938.39,-1.23,109,5,50,46
2026-07-02 08:00,D_contrarian,4905.75,-1.88,41,0,22,54
2026-07-02 08:00,E_moonshot,4979.84,-0.4,16,6,6,38
2026-07-02 08:30,A_baseline,4871.38,-2.57,158,7,69,44
2026-07-02 08:30,B_nospikes,4924.35,-1.51,121,5,56,46
2026-07-02 08:30,C_conservative,4938.17,-1.24,109,5,50,46
2026-07-02 08:30,D_contrarian,4905.75,-1.88,41,0,22,54
2026-07-02 08:30,E_moonshot,4980.08,-0.4,16,6,6,38
2026-07-02 09:00,A_baseline,4870.25,-2.59,158,7,69,44
2026-07-02 09:00,B_nospikes,4922.61,-1.55,121,5,56,46
2026-07-02 09:00,C_conservative,4936.42,-1.27,109,5,50,46
2026-07-02 09:00,D_contrarian,4905.75,-1.88,41,0,22,54
2026-07-02 09:00,E_moonshot,4979.35,-0.41,16,6,6,38
2026-07-02 09:30,A_baseline,4868.52,-2.63,158,7,69,44
2026-07-02 09:30,B_nospikes,4920.82,-1.58,121,5,56,46
2026-07-02 09:30,C_conservative,4934.63,-1.31,109,5,50,46
2026-07-02 09:30,D_contrarian,4905.75,-1.88,41,0,22,54
2026-07-02 09:30,E_moonshot,4978.13,-0.44,16,6,6,38
2026-07-02 10:00,A_baseline,4868.06,-2.64,158,7,69,44
2026-07-02 10:00,B_nospikes,4920.51,-1.59,121,5,56,46
2026-07-02 10:00,C_conservative,4934.32,-1.31,109,5,50,46
2026-07-02 10:00,D_contrarian,4905.75,-1.88,41,0,22,54
2026-07-02 10:00,E_moonshot,4977.96,-0.44,16,6,6,38
2026-07-02 10:30,A_baseline,4867.65,-2.65,158,7,69,44
2026-07-02 10:30,B_nospikes,4919.83,-1.6,121,5,56,46
2026-07-02 10:30,C_conservative,4933.64,-1.33,109,5,50,46
2026-07-02 10:30,D_contrarian,4905.75,-1.88,41,0,22,54
2026-07-02 10:30,E_moonshot,4977.91,-0.44,16,6,6,38
2026-07-02 11:00,A_baseline,4872.6,-2.55,158,7,69,44
2026-07-02 11:00,B_nospikes,4922.8,-1.54,121,5,56,46
2026-07-02 11:00,C_conservative,4936.62,-1.27,109,5,50,46
2026-07-02 11:00,D_contrarian,4905.75,-1.88,41,0,22,54
2026-07-02 11:00,E_moonshot,4980.52,-0.39,16,6,6,38
2026-07-02 11:30,A_baseline,4873.87,-2.52,158,7,69,44
2026-07-02 11:30,B_nospikes,4924.08,-1.52,121,5,56,46
2026-07-02 11:30,C_conservative,4937.91,-1.24,109,5,50,46
2026-07-02 11:30,D_contrarian,4905.75,-1.88,41,0,22,54
2026-07-02 11:30,E_moonshot,4980.31,-0.39,17,5,6,35
2026-07-02 12:00,A_baseline,4880.93,-2.38,158,7,69,44
2026-07-02 12:00,B_nospikes,4929.39,-1.41,121,5,56,46
2026-07-02 12:00,C_conservative,4943.22,-1.14,109,5,50,46
2026-07-02 12:00,D_contrarian,4905.75,-1.88,41,0,22,54
2026-07-02 12:00,E_moonshot,4982.68,-0.35,17,5,6,35
2026-07-02 12:30,A_baseline,4888.07,-2.24,158,7,69,44
2026-07-02 12:30,B_nospikes,4936.25,-1.28,121,5,56,46
2026-07-02 12:30,C_conservative,4950.1,-1.0,109,5,50,46
2026-07-02 12:30,D_contrarian,4905.75,-1.88,41,0,22,54
2026-07-02 12:30,E_moonshot,4989.39,-0.21,17,5,6,35
2026-07-02 13:00,A_baseline,4893.47,-2.13,158,7,69,44
2026-07-02 13:00,B_nospikes,4940.42,-1.19,121,5,56,46
2026-07-02 13:00,C_conservative,4954.26,-0.91,109,5,50,46
2026-07-02 13:00,D_contrarian,4905.75,-1.88,41,0,22,54
2026-07-02 13:00,E_moonshot,4993.53,-0.13,17,5,6,35
2026-07-02 13:30,A_baseline,4901.74,-1.97,158,7,69,44
2026-07-02 13:30,B_nospikes,4948.99,-1.02,121,5,56,46
2026-07-02 13:30,C_conservative,4962.51,-0.75,109,5,50,46
2026-07-02 13:30,D_contrarian,4905.75,-1.88,41,0,22,54
2026-07-02 13:30,E_moonshot,4994.92,-0.1,17,5,6,35
2026-07-02 14:00,A_baseline,4908.91,-1.82,158,7,69,44
2026-07-02 14:00,B_nospikes,4955.84,-0.88,121,5,56,46
2026-07-02 14:00,C_conservative,4970.43,-0.59,109,5,50,46
2026-07-02 14:00,D_contrarian,4905.75,-1.88,41,0,22,54
2026-07-02 14:00,E_moonshot,4996.9,-0.06,17,5,6,35
2026-07-02 14:30,A_baseline,4915.95,-1.68,158,7,69,44
2026-07-02 14:30,B_nospikes,4961.16,-0.78,121,5,56,46
2026-07-02 14:30,C_conservative,4975.08,-0.5,109,5,50,46
2026-07-02 14:30,D_contrarian,4905.75,-1.88,41,0,22,54
2026-07-02 14:30,E_moonshot,4996.35,-0.07,17,5,6,35
2026-07-02 15:00,A_baseline,4917.81,-1.64,159,7,70,44
2026-07-02 15:00,B_nospikes,4963.98,-0.72,122,5,57,47
2026-07-02 15:00,C_conservative,4979.09,-0.42,110,5,51,46
2026-07-02 15:00,D_contrarian,4905.75,-1.88,41,0,22,54
2026-07-02 15:00,E_moonshot,4996.16,-0.08,17,5,6,35
2026-07-02 15:30,A_baseline,4916.72,-1.67,160,6,71,44
2026-07-02 15:30,B_nospikes,4962.27,-0.75,123,4,58,47
2026-07-02 15:30,C_conservative,4976.18,-0.48,111,4,52,47
2026-07-02 15:30,D_contrarian,4905.75,-1.88,41,0,22,54
2026-07-02 15:30,E_moonshot,4996.57,-0.07,17,5,6,35
2026-07-02 16:00,A_baseline,4922.8,-1.54,160,6,71,44
2026-07-02 16:00,B_nospikes,4968.45,-0.63,123,4,58,47
2026-07-02 16:00,C_conservative,4982.39,-0.35,111,4,52,47
2026-07-02 16:00,D_contrarian,4905.75,-1.88,41,0,22,54
2026-07-02 16:00,E_moonshot,4998.37,-0.03,17,5,6,35
2026-07-02 16:30,A_baseline,4922.72,-1.55,161,5,72,45
2026-07-02 16:30,B_nospikes,4967.71,-0.65,123,4,58,47
2026-07-02 16:30,C_conservative,4981.64,-0.37,111,4,52,47
2026-07-02 16:30,D_contrarian,4905.75,-1.88,41,0,22,54
2026-07-02 16:30,E_moonshot,4998.03,-0.04,17,5,6,35
2026-07-02 17:00,A_baseline,4921.17,-1.58,161,5,72,45
2026-07-02 17:00,B_nospikes,4964.94,-0.7,123,4,58,47
2026-07-02 17:00,C_conservative,4978.86,-0.42,111,4,52,47
2026-07-02 17:00,D_contrarian,4905.75,-1.88,41,0,22,54
2026-07-02 17:00,E_moonshot,4995.99,-0.08,17,5,6,35
2026-07-02 17:30,A_baseline,4915.39,-1.69,162,5,73,45
2026-07-02 17:30,B_nospikes,4959.17,-0.82,124,4,59,48
2026-07-02 17:30,C_conservative,4973.09,-0.54,112,4,53,47
2026-07-02 17:30,D_contrarian,4905.75,-1.88,41,0,22,54
2026-07-02 17:30,E_moonshot,4994.21,-0.12,17,5,6,35
2026-07-02 18:00,A_baseline,4914.42,-1.71,163,4,74,45
2026-07-02 18:00,B_nospikes,4958.66,-0.83,124,4,59,48
2026-07-02 18:00,C_conservative,4972.58,-0.55,112,4,53,47
2026-07-02 18:00,D_contrarian,4905.75,-1.88,41,0,22,54
2026-07-02 18:00,E_moonshot,4994.64,-0.11,17,5,6,35
2026-07-02 18:30,A_baseline,4910.62,-1.79,165,4,76,46
2026-07-02 18:30,B_nospikes,4954.8,-0.9,126,4,61,48
2026-07-02 18:30,C_conservative,4968.7,-0.63,114,4,55,48
2026-07-02 18:30,D_contrarian,4905.75,-1.88,41,0,22,54
2026-07-02 18:30,E_moonshot,4993.15,-0.14,17,5,6,35
2026-07-02 19:00,A_baseline,4915.02,-1.7,165,4,76,46
2026-07-02 19:00,B_nospikes,4959.38,-0.81,126,4,61,48
2026-07-02 19:00,C_conservative,4973.09,-0.54,114,4,55,48
2026-07-02 19:00,D_contrarian,4905.75,-1.88,41,0,22,54
2026-07-02 19:00,E_moonshot,4994.84,-0.1,17,5,6,35
2026-07-02 19:30,A_baseline,4916.22,-1.68,165,4,76,46
2026-07-02 19:30,B_nospikes,4960.66,-0.79,126,4,61,48
2026-07-02 19:30,C_conservative,4974.57,-0.51,114,4,55,48
2026-07-02 19:30,D_contrarian,4905.75,-1.88,41,0,22,54
2026-07-02 19:30,E_moonshot,4996.48,-0.07,17,5,6,35
2026-07-02 20:00,A_baseline,4915.67,-1.69,165,4,76,46
2026-07-02 20:00,B_nospikes,4960.07,-0.8,126,4,61,48
2026-07-02 20:00,C_conservative,4973.98,-0.52,114,4,55,48
2026-07-02 20:00,D_contrarian,4905.75,-1.88,41,0,22,54
2026-07-02 20:00,E_moonshot,4994.66,-0.11,17,5,6,35
2026-07-02 20:30,A_baseline,4916.06,-1.68,165,4,76,46
2026-07-02 20:30,B_nospikes,4960.48,-0.79,126,4,61,48
2026-07-02 20:30,C_conservative,4974.39,-0.51,114,4,55,48
2026-07-02 20:30,D_contrarian,4905.75,-1.88,41,0,22,54
2026-07-02 20:30,E_moonshot,4996.2,-0.08,17,5,6,35
2026-07-02 21:00,A_baseline,4917.38,-1.65,165,5,76,46
2026-07-02 21:00,B_nospikes,4961.89,-0.76,126,5,61,48
2026-07-02 21:00,C_conservative,4975.81,-0.48,114,5,55,48
2026-07-02 21:00,D_contrarian,4905.75,-1.88,41,0,22,54
2026-07-02 21:00,E_moonshot,4997.5,-0.05,17,5,6,35
2026-07-02 21:30,A_baseline,4915.43,-1.69,165,5,76,46
2026-07-02 21:30,B_nospikes,4959.86,-0.8,126,5,61,48
2026-07-02 21:30,C_conservative,4973.77,-0.52,114,5,55,48
2026-07-02 21:30,D_contrarian,4905.75,-1.88,41,0,22,54
2026-07-02 21:30,E_moonshot,4995.3,-0.09,17,5,6,35
2026-07-02 22:00,A_baseline,4914.46,-1.71,165,5,76,46
2026-07-02 22:00,B_nospikes,4958.85,-0.82,126,5,61,48
2026-07-02 22:00,C_conservative,4972.76,-0.54,114,5,55,48
2026-07-02 22:00,D_contrarian,4905.75,-1.88,41,0,22,54
2026-07-02 22:00,E_moonshot,4994.85,-0.1,17,5,6,35
2026-07-02 22:30,A_baseline,4912.48,-1.75,165,5,76,46
2026-07-02 22:30,B_nospikes,4956.82,-0.86,126,5,61,48
2026-07-02 22:30,C_conservative,4970.72,-0.59,114,5,55,48
2026-07-02 22:30,D_contrarian,4905.75,-1.88,41,0,22,54
2026-07-02 22:30,E_moonshot,4993.05,-0.14,17,5,6,35
2026-07-02 23:00,A_baseline,4914.63,-1.71,165,5,76,46
2026-07-02 23:00,B_nospikes,4959.05,-0.82,126,5,61,48
2026-07-02 23:00,C_conservative,4972.96,-0.54,114,5,55,48
2026-07-02 23:00,D_contrarian,4905.75,-1.88,41,0,22,54
2026-07-02 23:00,E_moonshot,4994.36,-0.11,17,5,6,35
2026-07-02 23:30,A_baseline,4914.94,-1.7,165,5,76,46
2026-07-02 23:30,B_nospikes,4959.38,-0.81,126,5,61,48
2026-07-02 23:30,C_conservative,4973.28,-0.53,114,5,55,48
2026-07-02 23:30,D_contrarian,4905.75,-1.88,41,0,22,54
2026-07-02 23:30,E_moonshot,4995.42,-0.09,17,5,6,35
2026-07-03 00:00,A_baseline,4912.97,-1.74,165,5,76,46
2026-07-03 00:00,B_nospikes,4957.24,-0.86,126,5,61,48
2026-07-03 00:00,C_conservative,4971.14,-0.58,114,5,55,48
2026-07-03 00:00,D_contrarian,4905.75,-1.88,41,0,22,54
2026-07-03 00:00,E_moonshot,4994.55,-0.11,17,5,6,35
2026-07-03 00:30,A_baseline,4912.75,-1.75,165,5,76,46
2026-07-03 00:30,B_nospikes,4957.0,-0.86,126,5,61,48
2026-07-03 00:30,C_conservative,4970.9,-0.58,114,5,55,48
2026-07-03 00:30,D_contrarian,4905.75,-1.88,41,0,22,54
2026-07-03 00:30,E_moonshot,4994.55,-0.11,17,5,6,35
2026-07-03 01:00,A_baseline,4912.67,-1.75,165,5,76,46
2026-07-03 01:00,B_nospikes,4956.97,-0.86,126,5,61,48
2026-07-03 01:00,C_conservative,4970.87,-0.58,114,5,55,48
2026-07-03 01:00,D_contrarian,4905.75,-1.88,41,0,22,54
2026-07-03 01:00,E_moonshot,4994.47,-0.11,17,5,6,35
2026-07-03 01:30,A_baseline,4910.47,-1.79,165,5,76,46
2026-07-03 01:30,B_nospikes,4954.67,-0.91,126,5,61,48
2026-07-03 01:30,C_conservative,4968.57,-0.63,114,5,55,48
2026-07-03 01:30,D_contrarian,4905.75,-1.88,41,0,22,54
2026-07-03 01:30,E_moonshot,4993.54,-0.13,17,5,6,35
2026-07-03 02:00,A_baseline,4910.39,-1.79,165,6,76,46
2026-07-03 02:00,B_nospikes,4955.07,-0.9,126,5,61,48
2026-07-03 02:00,C_conservative,4969.09,-0.62,114,5,55,48
2026-07-03 02:00,D_contrarian,4905.75,-1.88,41,0,22,54
2026-07-03 02:00,E_moonshot,4993.29,-0.13,18,5,7,39
2026-07-03 02:30,A_baseline,4910.14,-1.8,165,8,76,46
2026-07-03 02:30,B_nospikes,4954.38,-0.91,126,8,61,48
2026-07-03 02:30,C_conservative,4968.28,-0.63,114,8,55,48
2026-07-03 02:30,D_contrarian,4905.75,-1.88,41,0,22,54
2026-07-03 02:30,E_moonshot,4992.26,-0.15,18,7,7,39
2026-07-03 03:00,A_baseline,4909.58,-1.81,165,8,76,46
2026-07-03 03:00,B_nospikes,4953.41,-0.93,126,8,61,48
2026-07-03 03:00,C_conservative,4967.31,-0.65,114,8,55,48
2026-07-03 03:00,D_contrarian,4905.75,-1.88,41,0,22,54
2026-07-03 03:00,E_moonshot,4992.35,-0.15,18,7,7,39
2026-07-03 03:30,A_baseline,4912.86,-1.74,165,8,76,46
2026-07-03 03:30,B_nospikes,4957.48,-0.85,126,8,61,48
2026-07-03 03:30,C_conservative,4971.36,-0.57,114,8,55,48
2026-07-03 03:30,D_contrarian,4905.75,-1.88,41,0,22,54
2026-07-03 03:30,E_moonshot,4994.1,-0.12,18,7,7,39
2026-07-03 04:00,A_baseline,4915.03,-1.7,165,8,76,46
2026-07-03 04:00,B_nospikes,4960.64,-0.79,126,8,61,48
2026-07-03 04:00,C_conservative,4974.66,-0.51,114,8,55,48
2026-07-03 04:00,D_contrarian,4905.75,-1.88,41,0,22,54
2026-07-03 04:00,E_moonshot,4997.66,-0.05,18,7,7,39
2026-07-03 04:30,A_baseline,4914.65,-1.71,165,8,76,46
2026-07-03 04:30,B_nospikes,4961.05,-0.78,126,8,61,48
2026-07-03 04:30,C_conservative,4974.97,-0.5,114,8,55,48
2026-07-03 04:30,D_contrarian,4905.75,-1.88,41,0,22,54
2026-07-03 04:30,E_moonshot,4998.29,-0.03,18,7,7,39
2026-07-03 05:00,A_baseline,4912.52,-1.75,165,8,76,46
2026-07-03 05:00,B_nospikes,4959.11,-0.82,126,8,61,48
2026-07-03 05:00,C_conservative,4973.02,-0.54,114,8,55,48
2026-07-03 05:00,D_contrarian,4905.75,-1.88,41,0,22,54
2026-07-03 05:00,E_moonshot,4997.76,-0.04,18,7,7,39
2026-07-03 05:30,A_baseline,4912.59,-1.75,165,8,76,46
2026-07-03 05:30,B_nospikes,4958.63,-0.83,126,8,61,48
2026-07-03 05:30,C_conservative,4972.54,-0.55,114,8,55,48
2026-07-03 05:30,D_contrarian,4905.75,-1.88,41,0,22,54
2026-07-03 05:30,E_moonshot,4995.01,-0.1,18,7,7,39
2026-07-03 06:00,A_baseline,4912.14,-1.76,165,8,76,46
2026-07-03 06:00,B_nospikes,4957.28,-0.85,126,8,61,48
2026-07-03 06:00,C_conservative,4971.19,-0.58,114,8,55,48
2026-07-03 06:00,D_contrarian,4905.75,-1.88,41,0,22,54
2026-07-03 06:00,E_moonshot,4993.66,-0.13,18,7,7,39
2026-07-03 06:30,A_baseline,4910.95,-1.78,165,8,76,46
2026-07-03 06:30,B_nospikes,4955.83,-0.88,126,8,61,48
2026-07-03 06:30,C_conservative,4969.73,-0.61,114,8,55,48
2026-07-03 06:30,D_contrarian,4905.75,-1.88,41,0,22,54
2026-07-03 06:30,E_moonshot,4991.76,-0.16,18,7,7,39
2026-07-03 07:00,A_baseline,4913.09,-1.74,165,8,76,46
2026-07-03 07:00,B_nospikes,4956.86,-0.86,126,8,61,48
2026-07-03 07:00,C_conservative,4970.76,-0.58,114,8,55,48
2026-07-03 07:00,D_contrarian,4905.75,-1.88,41,0,22,54
2026-07-03 07:00,E_moonshot,4992.56,-0.15,18,7,7,39
2026-07-03 07:30,A_baseline,4911.59,-1.77,165,8,76,46
2026-07-03 07:30,B_nospikes,4955.32,-0.89,126,8,61,48
2026-07-03 07:30,C_conservative,4969.22,-0.62,114,8,55,48
2026-07-03 07:30,D_contrarian,4905.75,-1.88,41,0,22,54
2026-07-03 07:30,E_moonshot,4991.94,-0.16,18,7,7,39
2026-07-03 08:00,A_baseline,4915.02,-1.7,165,8,76,46
2026-07-03 08:00,B_nospikes,4958.82,-0.82,126,8,61,48
2026-07-03 08:00,C_conservative,4972.73,-0.55,114,8,55,48
2026-07-03 08:00,D_contrarian,4905.75,-1.88,41,0,22,54
2026-07-03 08:00,E_moonshot,4995.37,-0.09,18,7,7,39
2026-07-03 08:30,A_baseline,4916.14,-1.68,165,8,76,46
2026-07-03 08:30,B_nospikes,4960.52,-0.79,126,8,61,48
2026-07-03 08:30,C_conservative,4974.43,-0.51,114,8,55,48
2026-07-03 08:30,D_contrarian,4905.75,-1.88,41,0,22,54
2026-07-03 08:30,E_moonshot,4995.9,-0.08,18,7,7,39
2026-07-03 09:00,A_baseline,4917.46,-1.65,165,8,76,46
2026-07-03 09:00,B_nospikes,4961.9,-0.76,126,8,61,48
2026-07-03 09:00,C_conservative,4975.82,-0.48,114,8,55,48
2026-07-03 09:00,D_contrarian,4905.75,-1.88,41,0,22,54
2026-07-03 09:00,E_moonshot,4996.18,-0.08,18,7,7,39
2026-07-03 09:30,A_baseline,4916.39,-1.67,165,8,76,46
2026-07-03 09:30,B_nospikes,4960.66,-0.79,126,8,61,48
2026-07-03 09:30,C_conservative,4974.58,-0.51,114,8,55,48
2026-07-03 09:30,D_contrarian,4905.75,-1.88,41,0,22,54
2026-07-03 09:30,E_moonshot,4995.48,-0.09,18,7,7,39
2026-07-03 10:00,A_baseline,4917.72,-1.65,165,8,76,46
2026-07-03 10:00,B_nospikes,4962.06,-0.76,126,8,61,48
2026-07-03 10:00,C_conservative,4975.98,-0.48,114,8,55,48
2026-07-03 10:00,D_contrarian,4905.75,-1.88,41,0,22,54
2026-07-03 10:00,E_moonshot,4995.87,-0.08,18,7,7,39
2026-07-03 10:30,A_baseline,4916.35,-1.67,165,8,76,46
2026-07-03 10:30,B_nospikes,4960.46,-0.79,126,8,61,48
2026-07-03 10:30,C_conservative,4974.38,-0.51,114,8,55,48
2026-07-03 10:30,D_contrarian,4905.75,-1.88,41,0,22,54
2026-07-03 10:30,E_moonshot,4995.4,-0.09,18,7,7,39
2026-07-03 11:00,A_baseline,4918.78,-1.62,165,8,76,46
2026-07-03 11:00,B_nospikes,4963.34,-0.73,126,8,61,48
2026-07-03 11:00,C_conservative,4977.26,-0.45,114,8,55,48
2026-07-03 11:00,D_contrarian,4905.75,-1.88,41,0,22,54
2026-07-03 11:00,E_moonshot,4997.1,-0.06,18,7,7,39
2026-07-03 11:30,A_baseline,4921.5,-1.57,165,8,76,46
2026-07-03 11:30,B_nospikes,4963.46,-0.73,126,8,61,48
2026-07-03 11:30,C_conservative,4977.39,-0.45,114,8,55,48
2026-07-03 11:30,D_contrarian,4905.75,-1.88,41,0,22,54
2026-07-03 11:30,E_moonshot,4997.63,-0.05,18,7,7,39
2026-07-03 12:00,A_baseline,4921.09,-1.58,165,8,76,46
2026-07-03 12:00,B_nospikes,4963.03,-0.74,126,8,61,48
2026-07-03 12:00,C_conservative,4976.95,-0.46,114,8,55,48
2026-07-03 12:00,D_contrarian,4905.75,-1.88,41,0,22,54
2026-07-03 12:00,E_moonshot,4997.03,-0.06,18,7,7,39
2026-07-03 12:30,A_baseline,4925.84,-1.48,165,8,76,46
2026-07-03 12:30,B_nospikes,4968.64,-0.63,126,8,61,48
2026-07-03 12:30,C_conservative,4982.58,-0.35,114,8,55,48
2026-07-03 12:30,D_contrarian,4905.75,-1.88,41,0,22,54
2026-07-03 12:30,E_moonshot,5000.37,0.01,18,7,7,39
2026-07-03 13:00,A_baseline,4928.12,-1.44,165,8,76,46
2026-07-03 13:00,B_nospikes,4972.01,-0.56,126,8,61,48
2026-07-03 13:00,C_conservative,4985.95,-0.28,114,8,55,48
2026-07-03 13:00,D_contrarian,4905.75,-1.88,41,0,22,54
2026-07-03 13:00,E_moonshot,5003.83,0.08,18,7,7,39
2026-07-03 13:30,A_baseline,4927.14,-1.46,165,8,76,46
2026-07-03 13:30,B_nospikes,4970.82,-0.58,126,8,61,48
2026-07-03 13:30,C_conservative,4984.77,-0.3,114,8,55,48
2026-07-03 13:30,D_contrarian,4905.75,-1.88,41,0,22,54
2026-07-03 13:30,E_moonshot,5001.61,0.03,18,7,7,39
2026-07-03 14:00,A_baseline,4926.04,-1.48,166,8,77,46
2026-07-03 14:00,B_nospikes,4971.1,-0.58,126,8,61,48
2026-07-03 14:00,C_conservative,4985.04,-0.3,114,8,55,48
2026-07-03 14:00,D_contrarian,4905.75,-1.88,41,0,22,54
2026-07-03 14:00,E_moonshot,5002.74,0.05,18,7,7,39
2026-07-03 14:30,A_baseline,4925.61,-1.49,166,8,77,46
2026-07-03 14:30,B_nospikes,4969.47,-0.61,126,8,61,48
2026-07-03 14:30,C_conservative,4983.42,-0.33,114,8,55,48
2026-07-03 14:30,D_contrarian,4905.75,-1.88,41,0,22,54
2026-07-03 14:30,E_moonshot,5002.17,0.04,18,7,7,39
2026-07-03 15:00,A_baseline,4923.11,-1.54,166,8,77,46
2026-07-03 15:00,B_nospikes,4969.0,-0.62,126,8,61,48
2026-07-03 15:00,C_conservative,4982.84,-0.34,114,8,55,48
2026-07-03 15:00,D_contrarian,4905.75,-1.88,41,0,22,54
2026-07-03 15:00,E_moonshot,5002.18,0.04,18,7,7,39
2026-07-03 15:30,A_baseline,4927.46,-1.45,167,8,78,47
2026-07-03 15:30,B_nospikes,4973.08,-0.54,127,8,62,49
2026-07-03 15:30,C_conservative,4987.04,-0.26,115,8,56,49
2026-07-03 15:30,D_contrarian,4905.75,-1.88,41,0,22,54
2026-07-03 15:30,E_moonshot,5004.12,0.08,18,7,7,39
2026-07-03 16:00,A_baseline,4929.15,-1.42,167,8,78,47
2026-07-03 16:00,B_nospikes,4974.66,-0.51,127,8,62,49
2026-07-03 16:00,C_conservative,4988.62,-0.23,115,8,56,49
2026-07-03 16:00,D_contrarian,4905.75,-1.88,41,0,22,54
2026-07-03 16:00,E_moonshot,5006.79,0.14,18,7,7,39
2026-07-03 16:30,A_baseline,4938.97,-1.22,167,8,78,47
2026-07-03 16:30,B_nospikes,4984.49,-0.31,127,8,62,49
2026-07-03 16:30,C_conservative,4998.48,-0.03,115,8,56,49
2026-07-03 16:30,D_contrarian,4905.75,-1.88,41,0,22,54
2026-07-03 16:30,E_moonshot,5007.69,0.15,18,7,7,39
2026-07-03 17:00,A_baseline,4939.07,-1.22,167,8,78,47
2026-07-03 17:00,B_nospikes,4984.89,-0.3,127,8,62,49
2026-07-03 17:00,C_conservative,4998.88,-0.02,115,8,56,49
2026-07-03 17:00,D_contrarian,4905.75,-1.88,41,0,22,54
2026-07-03 17:00,E_moonshot,5008.5,0.17,18,7,7,39
2026-07-03 17:30,A_baseline,4939.75,-1.2,167,8,78,47
2026-07-03 17:30,B_nospikes,4985.49,-0.29,127,8,62,49
2026-07-03 17:30,C_conservative,4999.48,-0.01,115,8,56,49
2026-07-03 17:30,D_contrarian,4905.75,-1.88,41,0,22,54
2026-07-03 17:30,E_moonshot,5009.52,0.19,18,7,7,39
2026-07-03 18:00,A_baseline,4939.47,-1.21,167,8,78,47
2026-07-03 18:00,B_nospikes,4985.0,-0.3,127,8,62,49
2026-07-03 18:00,C_conservative,4998.45,-0.03,115,8,56,49
2026-07-03 18:00,D_contrarian,4905.75,-1.88,41,0,22,54
2026-07-03 18:00,E_moonshot,5007.27,0.15,18,7,7,39
2026-07-03 18:30,A_baseline,4935.59,-1.29,167,8,78,47
2026-07-03 18:30,B_nospikes,4980.93,-0.38,127,8,62,49
2026-07-03 18:30,C_conservative,4994.91,-0.1,115,8,56,49
2026-07-03 18:30,D_contrarian,4905.75,-1.88,41,0,22,54
2026-07-03 18:30,E_moonshot,5006.41,0.13,18,7,7,39
2026-07-03 19:00,A_baseline,4934.2,-1.32,167,8,78,47
2026-07-03 19:00,B_nospikes,4979.56,-0.41,127,8,62,49
2026-07-03 19:00,C_conservative,4993.53,-0.13,115,8,56,49
2026-07-03 19:00,D_contrarian,4905.75,-1.88,41,0,22,54
2026-07-03 19:00,E_moonshot,5005.66,0.11,18,7,7,39
2026-07-03 19:30,A_baseline,4934.37,-1.31,167,8,78,47
2026-07-03 19:30,B_nospikes,4979.74,-0.41,127,8,62,49
2026-07-03 19:30,C_conservative,4993.71,-0.13,115,8,56,49
2026-07-03 19:30,D_contrarian,4905.75,-1.88,41,0,22,54
2026-07-03 19:30,E_moonshot,5006.34,0.13,18,7,7,39
2026-07-03 20:00,A_baseline,4932.98,-1.34,167,8,78,47
2026-07-03 20:00,B_nospikes,4980.92,-0.38,127,8,62,49
2026-07-03 20:00,C_conservative,4994.89,-0.1,115,8,56,49
2026-07-03 20:00,D_contrarian,4905.75,-1.88,41,0,22,54
2026-07-03 20:00,E_moonshot,5007.14,0.14,18,7,7,39
2026-07-03 20:30,A_baseline,4933.83,-1.32,167,8,78,47
2026-07-03 20:30,B_nospikes,4981.49,-0.37,127,8,62,49
2026-07-03 20:30,C_conservative,4995.47,-0.09,115,8,56,49
2026-07-03 20:30,D_contrarian,4905.75,-1.88,41,0,22,54
2026-07-03 20:30,E_moonshot,5007.47,0.15,18,7,7,39
2026-07-03 21:00,A_baseline,4931.7,-1.37,168,8,78,46
2026-07-03 21:00,B_nospikes,4979.28,-0.41,128,8,62,48
2026-07-03 21:00,C_conservative,4993.25,-0.14,116,8,56,48
2026-07-03 21:00,D_contrarian,4905.75,-1.88,41,0,22,54
2026-07-03 21:00,E_moonshot,5006.5,0.13,18,7,7,39
2026-07-03 21:30,A_baseline,4934.73,-1.31,168,8,78,46
2026-07-03 21:30,B_nospikes,4982.07,-0.36,128,8,62,48
2026-07-03 21:30,C_conservative,4996.05,-0.08,116,8,56,48
2026-07-03 21:30,D_contrarian,4905.75,-1.88,41,0,22,54
2026-07-03 21:30,E_moonshot,5007.14,0.14,18,7,7,39
2026-07-03 22:00,A_baseline,4934.2,-1.32,168,8,78,46
2026-07-03 22:00,B_nospikes,4981.38,-0.37,128,8,62,48
2026-07-03 22:00,C_conservative,4995.36,-0.09,116,8,56,48
2026-07-03 22:00,D_contrarian,4905.75,-1.88,41,0,22,54
2026-07-03 22:00,E_moonshot,5008.96,0.18,18,7,7,39
2026-07-03 22:30,A_baseline,4938.65,-1.23,168,8,78,46
2026-07-03 22:30,B_nospikes,4986.7,-0.27,128,8,62,48
2026-07-03 22:30,C_conservative,5000.69,0.01,116,8,56,48
2026-07-03 22:30,D_contrarian,4905.75,-1.88,41,0,22,54
2026-07-03 22:30,E_moonshot,5012.18,0.24,18,7,7,39
2026-07-03 23:00,A_baseline,4941.89,-1.16,168,8,78,46
2026-07-03 23:00,B_nospikes,4990.6,-0.19,128,8,62,48
2026-07-03 23:00,C_conservative,5004.61,0.09,116,8,56,48
2026-07-03 23:00,D_contrarian,4905.75,-1.88,41,0,22,54
2026-07-03 23:00,E_moonshot,5016.26,0.33,18,7,7,39
2026-07-03 23:30,A_baseline,4941.29,-1.17,168,8,78,46
2026-07-03 23:30,B_nospikes,4989.39,-0.21,128,8,62,48
2026-07-03 23:30,C_conservative,5003.39,0.07,116,8,56,48
2026-07-03 23:30,D_contrarian,4905.75,-1.88,41,0,22,54
2026-07-03 23:30,E_moonshot,5022.16,0.44,18,7,7,39
2026-07-04 00:00,A_baseline,4941.35,-1.17,168,8,78,46
2026-07-04 00:00,B_nospikes,4989.39,-0.21,128,8,62,48
2026-07-04 00:00,C_conservative,5003.39,0.07,116,8,56,48
2026-07-04 00:00,D_contrarian,4905.75,-1.88,41,0,22,54
2026-07-04 00:00,E_moonshot,5021.59,0.43,18,7,7,39
2026-07-04 00:30,A_baseline,4941.32,-1.17,168,8,78,46
2026-07-04 00:30,B_nospikes,4988.63,-0.23,128,8,62,48
2026-07-04 00:30,C_conservative,5002.63,0.05,116,8,56,48
2026-07-04 00:30,D_contrarian,4905.75,-1.88,41,0,22,54
2026-07-04 00:30,E_moonshot,5020.34,0.41,18,7,7,39
2026-07-04 01:00,A_baseline,4939.05,-1.22,168,8,78,46
2026-07-04 01:00,B_nospikes,4985.72,-0.29,128,8,62,48
2026-07-04 01:00,C_conservative,4999.71,-0.01,116,8,56,48
2026-07-04 01:00,D_contrarian,4905.75,-1.88,41,0,22,54
2026-07-04 01:00,E_moonshot,5018.68,0.37,18,7,7,39
2026-07-04 01:30,A_baseline,4938.09,-1.24,168,8,78,46
2026-07-04 01:30,B_nospikes,4984.79,-0.3,128,8,62,48
2026-07-04 01:30,C_conservative,4998.77,-0.02,116,8,56,48
2026-07-04 01:30,D_contrarian,4905.75,-1.88,41,0,22,54
2026-07-04 01:30,E_moonshot,5017.63,0.35,18,7,7,39
2026-07-04 02:00,A_baseline,4939.19,-1.22,168,8,78,46
2026-07-04 02:00,B_nospikes,4985.79,-0.28,128,8,62,48
2026-07-04 02:00,C_conservative,4999.78,-0.0,116,8,56,48
2026-07-04 02:00,D_contrarian,4905.75,-1.88,41,0,22,54
2026-07-04 02:00,E_moonshot,5018.1,0.36,18,7,7,39
2026-07-04 02:30,A_baseline,4939.92,-1.2,168,8,78,46
2026-07-04 02:30,B_nospikes,4986.54,-0.27,128,8,62,48
2026-07-04 02:30,C_conservative,5000.53,0.01,116,8,56,48
2026-07-04 02:30,D_contrarian,4905.75,-1.88,41,0,22,54
2026-07-04 02:30,E_moonshot,5016.79,0.34,19,8,8,42
2026-07-04 03:00,A_baseline,4941.19,-1.18,168,8,78,46
2026-07-04 03:00,B_nospikes,4988.25,-0.24,128,8,62,48
2026-07-04 03:00,C_conservative,5001.81,0.04,116,8,56,48
2026-07-04 03:00,D_contrarian,4905.75,-1.88,41,0,22,54
2026-07-04 03:00,E_moonshot,5016.38,0.33,19,8,8,42
2026-07-04 03:30,A_baseline,4937.48,-1.25,168,8,78,46
2026-07-04 03:30,B_nospikes,4982.73,-0.35,128,8,62,48
2026-07-04 03:30,C_conservative,4996.71,-0.07,116,8,56,48
2026-07-04 03:30,D_contrarian,4905.75,-1.88,41,0,22,54
2026-07-04 03:30,E_moonshot,5009.91,0.2,19,8,8,42
2026-07-04 04:00,A_baseline,4938.89,-1.22,169,7,79,47
2026-07-04 04:00,B_nospikes,4984.34,-0.31,129,7,63,49
2026-07-04 04:00,C_conservative,4998.32,-0.03,117,7,57,49
2026-07-04 04:00,D_contrarian,4905.75,-1.88,41,0,22,54
2026-07-04 04:00,E_moonshot,5010.15,0.2,19,8,8,42
2026-07-04 04:30,A_baseline,4938.04,-1.24,169,8,79,47
2026-07-04 04:30,B_nospikes,4984.07,-0.32,129,7,63,49
2026-07-04 04:30,C_conservative,4998.05,-0.04,117,7,57,49
2026-07-04 04:30,D_contrarian,4905.75,-1.88,41,0,22,54
2026-07-04 04:30,E_moonshot,5008.92,0.18,19,8,8,42
2026-07-04 05:00,A_baseline,4940.42,-1.19,169,8,79,47
2026-07-04 05:00,B_nospikes,4985.7,-0.29,129,7,63,49
2026-07-04 05:00,C_conservative,4999.69,-0.01,117,7,57,49
2026-07-04 05:00,D_contrarian,4905.75,-1.88,41,0,22,54
2026-07-04 05:00,E_moonshot,5009.92,0.2,19,8,8,42
2026-07-04 05:30,A_baseline,4940.85,-1.18,169,8,79,47
2026-07-04 05:30,B_nospikes,4985.7,-0.29,129,7,63,49
2026-07-04 05:30,C_conservative,4999.69,-0.01,117,7,57,49
2026-07-04 05:30,D_contrarian,4905.75,-1.88,41,0,22,54
2026-07-04 05:30,E_moonshot,5010.68,0.21,19,8,8,42
2026-07-04 06:00,A_baseline,4940.98,-1.18,169,8,79,47
2026-07-04 06:00,B_nospikes,4985.58,-0.29,129,7,63,49
2026-07-04 06:00,C_conservative,4999.57,-0.01,117,7,57,49
2026-07-04 06:00,D_contrarian,4905.75,-1.88,41,0,22,54
2026-07-04 06:00,E_moonshot,5011.19,0.22,19,8,8,42
2026-07-04 06:30,A_baseline,4943.73,-1.13,169,8,79,47
2026-07-04 06:30,B_nospikes,4987.62,-0.25,129,7,63,49
2026-07-04 06:30,C_conservative,5001.61,0.03,117,7,57,49
2026-07-04 06:30,D_contrarian,4905.75,-1.88,41,0,22,54
2026-07-04 06:30,E_moonshot,5013.07,0.26,19,8,8,42
2026-07-04 07:00,A_baseline,4944.35,-1.11,169,8,79,47
2026-07-04 07:00,B_nospikes,4989.04,-0.22,129,7,63,49
2026-07-04 07:00,C_conservative,5003.06,0.06,117,7,57,49
2026-07-04 07:00,D_contrarian,4905.75,-1.88,41,0,22,54
2026-07-04 07:00,E_moonshot,5013.82,0.28,19,8,8,42
2026-07-04 07:30,A_baseline,4943.62,-1.13,169,8,79,47
2026-07-04 07:30,B_nospikes,4988.25,-0.23,129,7,63,49
2026-07-04 07:30,C_conservative,5002.25,0.04,117,7,57,49
2026-07-04 07:30,D_contrarian,4905.75,-1.88,41,0,22,54
2026-07-04 07:30,E_moonshot,5013.08,0.26,19,8,8,42
2026-07-04 08:00,A_baseline,4942.86,-1.14,169,8,79,47
2026-07-04 08:00,B_nospikes,4987.95,-0.24,129,7,63,49
2026-07-04 08:00,C_conservative,5001.95,0.04,117,7,57,49
2026-07-04 08:00,D_contrarian,4905.75,-1.88,41,0,22,54
2026-07-04 08:00,E_moonshot,5013.63,0.27,19,8,8,42
2026-07-04 08:30,A_baseline,4940.55,-1.19,170,7,80,47
2026-07-04 08:30,B_nospikes,4984.66,-0.31,130,6,64,49
2026-07-04 08:30,C_conservative,4998.64,-0.03,118,6,58,49
2026-07-04 08:30,D_contrarian,4905.75,-1.88,41,0,22,54
2026-07-04 08:30,E_moonshot,5011.81,0.24,19,8,8,42
2026-07-04 09:00,A_baseline,4940.02,-1.2,170,7,80,47
2026-07-04 09:00,B_nospikes,4984.13,-0.32,130,6,64,49
2026-07-04 09:00,C_conservative,4998.11,-0.04,118,6,58,49
2026-07-04 09:00,D_contrarian,4905.75,-1.88,41,0,22,54
2026-07-04 09:00,E_moonshot,5011.18,0.22,19,8,8,42
2026-07-04 09:30,A_baseline,4939.77,-1.2,170,7,80,47
2026-07-04 09:30,B_nospikes,4983.78,-0.32,130,6,64,49
2026-07-04 09:30,C_conservative,4997.76,-0.04,118,6,58,49
2026-07-04 09:30,D_contrarian,4905.75,-1.88,41,0,22,54
2026-07-04 09:30,E_moonshot,5010.74,0.21,19,8,8,42
2026-07-04 10:00,A_baseline,4940.05,-1.2,170,7,80,47
2026-07-04 10:00,B_nospikes,4984.07,-0.32,130,6,64,49
2026-07-04 10:00,C_conservative,4998.05,-0.04,118,6,58,49
2026-07-04 10:00,D_contrarian,4905.75,-1.88,41,0,22,54
2026-07-04 10:00,E_moonshot,5011.01,0.22,19,8,8,42
2026-07-04 10:30,A_baseline,4938.37,-1.23,170,7,80,47
2026-07-04 10:30,B_nospikes,4984.2,-0.32,130,6,64,49
2026-07-04 10:30,C_conservative,4998.18,-0.04,118,6,58,49
2026-07-04 10:30,D_contrarian,4905.75,-1.88,41,0,22,54
2026-07-04 10:30,E_moonshot,5009.77,0.2,19,8,8,42
2026-07-04 11:00,A_baseline,4938.83,-1.22,170,7,80,47
2026-07-04 11:00,B_nospikes,4985.59,-0.29,130,6,64,49
2026-07-04 11:00,C_conservative,4999.58,-0.01,118,6,58,49
2026-07-04 11:00,D_contrarian,4905.75,-1.88,41,0,22,54
2026-07-04 11:00,E_moonshot,5011.32,0.23,19,8,8,42
2026-07-04 11:30,A_baseline,4937.75,-1.24,170,7,80,47
2026-07-04 11:30,B_nospikes,4984.25,-0.31,130,6,64,49
2026-07-04 11:30,C_conservative,4998.24,-0.04,118,6,58,49
2026-07-04 11:30,D_contrarian,4905.75,-1.88,41,0,22,54
2026-07-04 11:30,E_moonshot,5009.85,0.2,19,8,8,42
2026-07-04 12:00,A_baseline,4935.69,-1.29,170,8,80,47
2026-07-04 12:00,B_nospikes,4981.74,-0.37,130,6,64,49
2026-07-04 12:00,C_conservative,4995.72,-0.09,118,6,58,49
2026-07-04 12:00,D_contrarian,4905.75,-1.88,41,0,22,54
2026-07-04 12:00,E_moonshot,5007.55,0.15,19,8,8,42
2026-07-04 12:30,A_baseline,4935.13,-1.3,170,8,80,47
2026-07-04 12:30,B_nospikes,4981.81,-0.36,130,6,64,49
2026-07-04 12:30,C_conservative,4995.79,-0.08,118,6,58,49
2026-07-04 12:30,D_contrarian,4905.75,-1.88,41,0,22,54
2026-07-04 12:30,E_moonshot,5007.45,0.15,19,8,8,42
2026-07-04 13:00,A_baseline,4934.34,-1.31,170,8,80,47
2026-07-04 13:00,B_nospikes,4980.93,-0.38,130,6,64,49
2026-07-04 13:00,C_conservative,4994.9,-0.1,118,6,58,49
2026-07-04 13:00,D_contrarian,4905.75,-1.88,41,0,22,54
2026-07-04 13:00,E_moonshot,5008.03,0.16,19,8,8,42
2026-07-04 13:30,A_baseline,4935.2,-1.3,170,8,80,47
2026-07-04 13:30,B_nospikes,4981.2,-0.38,130,7,64,49
2026-07-04 13:30,C_conservative,4995.43,-0.09,118,6,58,49
2026-07-04 13:30,D_contrarian,4905.75,-1.88,41,0,22,54
2026-07-04 13:30,E_moonshot,5008.69,0.17,19,8,8,42
2026-07-04 14:00,A_baseline,4937.42,-1.25,170,8,80,47
2026-07-04 14:00,B_nospikes,4983.23,-0.34,130,7,64,49
2026-07-04 14:00,C_conservative,4997.44,-0.05,118,6,58,49
2026-07-04 14:00,D_contrarian,4905.75,-1.88,41,0,22,54
2026-07-04 14:00,E_moonshot,5010.2,0.2,19,8,8,42
2026-07-04 14:30,A_baseline,4938.99,-1.22,170,8,80,47
2026-07-04 14:30,B_nospikes,4983.74,-0.33,130,7,64,49
2026-07-04 14:30,C_conservative,4997.57,-0.05,118,7,58,49
2026-07-04 14:30,D_contrarian,4905.75,-1.88,41,0,22,54
2026-07-04 14:30,E_moonshot,5010.72,0.21,19,8,8,42
2026-07-04 15:00,A_baseline,4938.15,-1.24,170,8,80,47
2026-07-04 15:00,B_nospikes,4983.42,-0.33,130,7,64,49
2026-07-04 15:00,C_conservative,4997.25,-0.06,118,7,58,49
2026-07-04 15:00,D_contrarian,4905.75,-1.88,41,0,22,54
2026-07-04 15:00,E_moonshot,5010.44,0.21,19,8,8,42
2026-07-04 15:30,A_baseline,4939.56,-1.21,170,8,80,47
2026-07-04 15:30,B_nospikes,4983.76,-0.32,130,7,64,49
2026-07-04 15:30,C_conservative,4997.59,-0.05,118,7,58,49
2026-07-04 15:30,D_contrarian,4905.75,-1.88,41,0,22,54
2026-07-04 15:30,E_moonshot,5010.84,0.22,19,8,8,42
2026-07-04 16:00,A_baseline,4938.34,-1.23,170,8,80,47
2026-07-04 16:00,B_nospikes,4983.12,-0.34,130,7,64,49
2026-07-04 16:00,C_conservative,4996.95,-0.06,118,7,58,49
2026-07-04 16:00,D_contrarian,4905.75,-1.88,41,0,22,54
2026-07-04 16:00,E_moonshot,5010.11,0.2,19,8,8,42
2026-07-04 16:30,A_baseline,4943.27,-1.13,171,8,80,47
2026-07-04 16:30,B_nospikes,4986.75,-0.27,130,7,64,49
2026-07-04 16:30,C_conservative,5000.68,0.01,118,7,58,49
2026-07-04 16:30,D_contrarian,4905.75,-1.88,41,0,22,54
2026-07-04 16:30,E_moonshot,5013.13,0.26,19,8,8,42
2026-07-04 17:00,A_baseline,4944.96,-1.1,171,8,80,47
2026-07-04 17:00,B_nospikes,4987.81,-0.24,130,7,64,49
2026-07-04 17:00,C_conservative,5001.65,0.03,118,7,58,49
2026-07-04 17:00,D_contrarian,4905.75,-1.88,41,0,22,54
2026-07-04 17:00,E_moonshot,5014.75,0.3,19,8,8,42
2026-07-04 17:30,A_baseline,4947.97,-1.04,171,8,80,47
2026-07-04 17:30,B_nospikes,4992.37,-0.15,130,7,64,49
2026-07-04 17:30,C_conservative,5006.02,0.12,118,7,58,49
2026-07-04 17:30,D_contrarian,4905.75,-1.88,41,0,22,54
2026-07-04 17:30,E_moonshot,5020.35,0.41,19,8,8,42
2026-07-04 18:00,A_baseline,4951.44,-0.97,171,8,80,47
2026-07-04 18:00,B_nospikes,4995.49,-0.09,130,7,64,49
2026-07-04 18:00,C_conservative,5009.37,0.19,118,7,58,49
2026-07-04 18:00,D_contrarian,4905.75,-1.88,41,0,22,54
2026-07-04 18:00,E_moonshot,5026.29,0.53,19,8,8,42
2026-07-04 18:30,A_baseline,4950.58,-0.99,171,8,80,47
2026-07-04 18:30,B_nospikes,4994.73,-0.11,130,7,64,49
2026-07-04 18:30,C_conservative,5008.66,0.17,118,7,58,49
2026-07-04 18:30,D_contrarian,4905.75,-1.88,41,0,22,54
2026-07-04 18:30,E_moonshot,5025.5,0.51,19,8,8,42
2026-07-04 19:00,A_baseline,4949.71,-1.01,171,8,80,47
2026-07-04 19:00,B_nospikes,4993.7,-0.13,130,7,64,49
2026-07-04 19:00,C_conservative,5007.32,0.15,118,7,58,49
2026-07-04 19:00,D_contrarian,4905.75,-1.88,41,0,22,54
2026-07-04 19:00,E_moonshot,5024.78,0.5,19,8,8,42
2026-07-04 19:30,A_baseline,4950.44,-0.99,171,8,80,47
2026-07-04 19:30,B_nospikes,4994.4,-0.11,130,7,64,49
2026-07-04 19:30,C_conservative,5008.26,0.17,118,7,58,49
2026-07-04 19:30,D_contrarian,4905.75,-1.88,41,0,22,54
2026-07-04 19:30,E_moonshot,5025.2,0.5,19,8,8,42
2026-07-04 20:00,A_baseline,4954.55,-0.91,171,8,80,47
2026-07-04 20:00,B_nospikes,4998.86,-0.02,130,7,64,49
2026-07-04 20:00,C_conservative,5012.73,0.25,118,7,58,49
2026-07-04 20:00,D_contrarian,4905.75,-1.88,41,0,22,54
2026-07-04 20:00,E_moonshot,5031.22,0.62,19,8,8,42
2026-07-04 20:30,A_baseline,4957.54,-0.85,171,8,80,47
2026-07-04 20:30,B_nospikes,5001.91,0.04,130,7,64,49
2026-07-04 20:30,C_conservative,5015.78,0.32,118,7,58,49
2026-07-04 20:30,D_contrarian,4905.75,-1.88,41,0,22,54
2026-07-04 20:30,E_moonshot,5030.01,0.6,19,8,8,42
2026-07-04 21:00,A_baseline,4957.31,-0.85,171,8,80,47
2026-07-04 21:00,B_nospikes,5000.66,0.01,130,7,64,49
2026-07-04 21:00,C_conservative,5014.53,0.29,118,7,58,49
2026-07-04 21:00,D_contrarian,4905.75,-1.88,41,0,22,54
2026-07-04 21:00,E_moonshot,5029.63,0.59,19,8,8,42
2026-07-04 21:30,A_baseline,4954.46,-0.91,171,8,80,47
2026-07-04 21:30,B_nospikes,4998.03,-0.04,130,7,64,49
2026-07-04 21:30,C_conservative,5011.89,0.24,118,7,58,49
2026-07-04 21:30,D_contrarian,4905.75,-1.88,41,0,22,54
2026-07-04 21:30,E_moonshot,5024.64,0.49,19,8,8,42
2026-07-04 22:00,A_baseline,4955.88,-0.88,171,8,80,47
2026-07-04 22:00,B_nospikes,4999.84,-0.0,130,7,64,49
2026-07-04 22:00,C_conservative,5013.71,0.27,118,7,58,49
2026-07-04 22:00,D_contrarian,4905.75,-1.88,41,0,22,54
2026-07-04 22:00,E_moonshot,5027.34,0.55,19,8,8,42
2026-07-04 22:30,A_baseline,4955.27,-0.89,171,8,80,47
2026-07-04 22:30,B_nospikes,4998.72,-0.03,130,7,64,49
2026-07-04 22:30,C_conservative,5012.59,0.25,118,7,58,49
2026-07-04 22:30,D_contrarian,4905.75,-1.88,41,0,22,54
2026-07-04 22:30,E_moonshot,5023.26,0.47,19,8,8,42
2026-07-04 23:00,A_baseline,4950.09,-1.0,173,6,82,47
2026-07-04 23:00,B_nospikes,4995.57,-0.09,131,6,65,50
2026-07-04 23:00,C_conservative,5009.44,0.19,119,6,59,50
2026-07-04 23:00,D_contrarian,4905.75,-1.88,41,0,22,54
2026-07-04 23:00,E_moonshot,5020.85,0.42,19,8,8,42
2026-07-04 23:30,A_baseline,4951.63,-0.97,173,6,82,47
2026-07-04 23:30,B_nospikes,4997.5,-0.05,131,6,65,50
2026-07-04 23:30,C_conservative,5011.36,0.23,119,6,59,50
2026-07-04 23:30,D_contrarian,4905.75,-1.88,41,0,22,54
2026-07-04 23:30,E_moonshot,5023.67,0.47,19,8,8,42
2026-07-05 00:00,A_baseline,4951.21,-0.98,173,6,82,47
2026-07-05 00:00,B_nospikes,4996.94,-0.06,131,6,65,50
2026-07-05 00:00,C_conservative,5010.8,0.22,119,6,59,50
2026-07-05 00:00,D_contrarian,4905.75,-1.88,41,0,22,54
2026-07-05 00:00,E_moonshot,5022.76,0.46,20,7,9,45
2026-07-05 00:30,A_baseline,4950.89,-0.98,173,6,82,47
2026-07-05 00:30,B_nospikes,4996.08,-0.08,131,6,65,50
2026-07-05 00:30,C_conservative,5009.94,0.2,119,6,59,50
2026-07-05 00:30,D_contrarian,4905.75,-1.88,41,0,22,54
2026-07-05 00:30,E_moonshot,5020.58,0.41,20,8,9,45
2026-07-05 01:00,A_baseline,4948.59,-1.03,173,6,82,47
2026-07-05 01:00,B_nospikes,4993.34,-0.13,131,6,65,50
2026-07-05 01:00,C_conservative,5007.2,0.14,119,6,59,50
2026-07-05 01:00,D_contrarian,4905.75,-1.88,41,0,22,54
2026-07-05 01:00,E_moonshot,5015.22,0.3,20,8,9,45
2026-07-05 01:30,A_baseline,4944.6,-1.11,175,6,84,48
2026-07-05 01:30,B_nospikes,4989.19,-0.22,133,6,67,50
2026-07-05 01:30,C_conservative,5002.98,0.06,121,6,61,50
2026-07-05 01:30,D_contrarian,4905.75,-1.88,41,0,22,54
2026-07-05 01:30,E_moonshot,5012.52,0.25,20,8,9,45
2026-07-05 02:00,A_baseline,4946.19,-1.08,175,6,84,48
2026-07-05 02:00,B_nospikes,4990.66,-0.19,133,6,67,50
2026-07-05 02:00,C_conservative,5004.46,0.09,121,6,61,50
2026-07-05 02:00,D_contrarian,4905.75,-1.88,41,0,22,54
2026-07-05 02:00,E_moonshot,5013.31,0.27,20,8,9,45
2026-07-05 02:30,A_baseline,4943.4,-1.13,175,8,84,48
2026-07-05 02:30,B_nospikes,4987.78,-0.24,133,8,67,50
2026-07-05 02:30,C_conservative,5001.41,0.03,121,8,61,50
2026-07-05 02:30,D_contrarian,4905.75,-1.88,41,0,22,54
2026-07-05 02:30,E_moonshot,5010.8,0.22,21,8,10,48
2026-07-05 03:00,A_baseline,4942.56,-1.15,175,8,84,48
2026-07-05 03:00,B_nospikes,4986.83,-0.26,133,8,67,50
2026-07-05 03:00,C_conservative,5000.46,0.01,121,8,61,50
2026-07-05 03:00,D_contrarian,4905.75,-1.88,41,0,22,54
2026-07-05 03:00,E_moonshot,5008.37,0.17,21,8,10,48
2026-07-05 03:30,A_baseline,4939.64,-1.21,176,8,85,48
2026-07-05 03:30,B_nospikes,4983.81,-0.32,134,8,68,51
2026-07-05 03:30,C_conservative,4996.58,-0.07,122,8,62,51
2026-07-05 03:30,D_contrarian,4905.75,-1.88,41,0,22,54
2026-07-05 03:30,E_moonshot,5005.37,0.11,21,8,10,48
2026-07-05 04:00,A_baseline,4938.35,-1.23,176,8,85,48
2026-07-05 04:00,B_nospikes,4982.61,-0.35,134,8,68,51
2026-07-05 04:00,C_conservative,4995.39,-0.09,122,8,62,51
2026-07-05 04:00,D_contrarian,4905.75,-1.88,41,0,22,54
2026-07-05 04:00,E_moonshot,5003.45,0.07,21,8,10,48
2026-07-05 04:30,A_baseline,4936.54,-1.27,176,8,85,48
2026-07-05 04:30,B_nospikes,4980.06,-0.4,135,8,68,50
2026-07-05 04:30,C_conservative,4990.87,-0.18,123,8,62,50
2026-07-05 04:30,D_contrarian,4905.75,-1.88,41,0,22,54
2026-07-05 04:30,E_moonshot,5000.46,0.01,21,8,10,48
2026-07-05 05:00,A_baseline,4935.62,-1.29,176,8,85,48
2026-07-05 05:00,B_nospikes,4979.08,-0.42,135,8,68,50
2026-07-05 05:00,C_conservative,4988.45,-0.23,123,8,62,50
2026-07-05 05:00,D_contrarian,4905.75,-1.88,41,0,22,54
2026-07-05 05:00,E_moonshot,4998.4,-0.03,21,8,10,48
2026-07-05 05:30,A_baseline,4937.18,-1.26,176,8,85,48
2026-07-05 05:30,B_nospikes,4980.73,-0.39,135,8,68,50
2026-07-05 05:30,C_conservative,4989.26,-0.21,123,8,62,50
2026-07-05 05:30,D_contrarian,4905.75,-1.88,41,0,22,54
2026-07-05 05:30,E_moonshot,4998.81,-0.02,21,8,10,48
2026-07-05 06:00,A_baseline,4937.47,-1.25,176,8,85,48
2026-07-05 06:00,B_nospikes,4981.02,-0.38,135,8,68,50
2026-07-05 06:00,C_conservative,4987.34,-0.25,123,8,62,50
2026-07-05 06:00,D_contrarian,4905.75,-1.88,41,0,22,54
2026-07-05 06:00,E_moonshot,4997.46,-0.05,22,7,11,50
2026-07-05 06:30,A_baseline,4937.59,-1.25,176,8,85,48
2026-07-05 06:30,B_nospikes,4981.19,-0.38,135,8,68,50
2026-07-05 06:30,C_conservative,4988.86,-0.22,123,8,62,50
2026-07-05 06:30,D_contrarian,4905.75,-1.88,41,0,22,54
2026-07-05 06:30,E_moonshot,4998.19,-0.04,22,8,11,50
2026-07-05 07:00,A_baseline,4938.55,-1.23,176,8,85,48
2026-07-05 07:00,B_nospikes,4982.17,-0.36,135,8,68,50
2026-07-05 07:00,C_conservative,4989.91,-0.2,123,8,62,50
2026-07-05 07:00,D_contrarian,4905.75,-1.88,41,0,22,54
2026-07-05 07:00,E_moonshot,4998.36,-0.03,22,8,11,50
2026-07-05 07:30,A_baseline,4936.4,-1.27,176,8,85,48
2026-07-05 07:30,B_nospikes,4980.32,-0.39,135,8,68,50
2026-07-05 07:30,C_conservative,4986.29,-0.27,123,8,62,50
2026-07-05 07:30,D_contrarian,4905.75,-1.88,41,0,22,54
2026-07-05 07:30,E_moonshot,4995.72,-0.09,22,8,11,50
2026-07-05 08:00,A_baseline,4936.44,-1.27,176,8,85,48
2026-07-05 08:00,B_nospikes,4979.92,-0.4,135,8,68,50
2026-07-05 08:00,C_conservative,4986.47,-0.27,123,8,62,50
2026-07-05 08:00,D_contrarian,4905.75,-1.88,41,0,22,54
2026-07-05 08:00,E_moonshot,4993.7,-0.13,22,8,11,50
2026-07-05 08:30,A_baseline,4936.68,-1.27,176,8,85,48
2026-07-05 08:30,B_nospikes,4980.19,-0.4,135,8,68,50
2026-07-05 08:30,C_conservative,4986.74,-0.27,123,8,62,50
2026-07-05 08:30,D_contrarian,4905.75,-1.88,41,0,22,54
2026-07-05 08:30,E_moonshot,4995.12,-0.1,22,8,11,50
2026-07-05 09:00,A_baseline,4936.91,-1.26,176,8,85,48
2026-07-05 09:00,B_nospikes,4980.43,-0.39,135,8,68,50
2026-07-05 09:00,C_conservative,4986.98,-0.26,123,8,62,50
2026-07-05 09:00,D_contrarian,4905.75,-1.88,41,0,22,54
2026-07-05 09:00,E_moonshot,4995.11,-0.1,22,8,11,50
2026-07-05 09:30,A_baseline,4937.32,-1.25,176,8,85,48
2026-07-05 09:30,B_nospikes,4980.86,-0.38,135,8,68,50
2026-07-05 09:30,C_conservative,4987.39,-0.25,123,8,62,50
2026-07-05 09:30,D_contrarian,4905.75,-1.88,41,0,22,54
2026-07-05 09:30,E_moonshot,4996.66,-0.07,22,8,11,50
2026-07-05 10:00,A_baseline,4938.64,-1.23,176,8,85,48
2026-07-05 10:00,B_nospikes,4982.46,-0.35,135,8,68,50
2026-07-05 10:00,C_conservative,4988.98,-0.22,123,8,62,50
2026-07-05 10:00,D_contrarian,4905.75,-1.88,41,0,22,54
2026-07-05 10:00,E_moonshot,4997.56,-0.05,22,8,11,50
2026-07-05 10:30,A_baseline,4938.47,-1.23,176,8,85,48
2026-07-05 10:30,B_nospikes,4982.04,-0.36,135,8,68,50
2026-07-05 10:30,C_conservative,4989.21,-0.22,123,8,62,50
2026-07-05 10:30,D_contrarian,4905.75,-1.88,41,0,22,54
2026-07-05 10:30,E_moonshot,4998.07,-0.04,22,8,11,50
2026-07-05 11:00,A_baseline,4938.11,-1.24,176,8,85,48
2026-07-05 11:00,B_nospikes,4981.68,-0.37,135,8,68,50
2026-07-05 11:00,C_conservative,4988.84,-0.22,123,8,62,50
2026-07-05 11:00,D_contrarian,4905.75,-1.88,41,0,22,54
2026-07-05 11:00,E_moonshot,4998.6,-0.03,22,8,11,50
2026-07-05 11:30,A_baseline,4937.06,-1.26,176,8,85,48
2026-07-05 11:30,B_nospikes,4980.57,-0.39,135,8,68,50
2026-07-05 11:30,C_conservative,4987.74,-0.25,123,8,62,50
2026-07-05 11:30,D_contrarian,4905.75,-1.88,41,0,22,54
2026-07-05 11:30,E_moonshot,4998.11,-0.04,22,8,11,50
2026-07-05 12:00,A_baseline,4933.1,-1.34,177,8,85,48
2026-07-05 12:00,B_nospikes,4975.77,-0.48,136,8,68,50
2026-07-05 12:00,C_conservative,4983.78,-0.32,124,7,62,50
2026-07-05 12:00,D_contrarian,4905.75,-1.88,41,0,22,54
2026-07-05 12:00,E_moonshot,4992.87,-0.14,22,8,11,50
2026-07-05 12:30,A_baseline,4929.93,-1.4,179,8,85,47
2026-07-05 12:30,B_nospikes,4972.81,-0.54,137,8,68,50
2026-07-05 12:30,C_conservative,4982.06,-0.36,124,8,62,50
2026-07-05 12:30,D_contrarian,4905.75,-1.88,41,0,22,54
2026-07-05 12:30,E_moonshot,4990.79,-0.18,22,8,11,50
2026-07-05 13:00,A_baseline,4929.65,-1.41,180,8,85,47
2026-07-05 13:00,B_nospikes,4972.53,-0.55,138,8,68,49
2026-07-05 13:00,C_conservative,4981.46,-0.37,125,7,62,50
2026-07-05 13:00,D_contrarian,4905.75,-1.88,41,0,22,54
2026-07-05 13:00,E_moonshot,4990.98,-0.18,22,8,11,50
2026-07-05 13:30,A_baseline,4932.56,-1.35,180,8,85,47
2026-07-05 13:30,B_nospikes,4975.17,-0.5,138,8,68,49
2026-07-05 13:30,C_conservative,4984.15,-0.32,125,8,62,50
2026-07-05 13:30,D_contrarian,4905.75,-1.88,41,0,22,54
2026-07-05 13:30,E_moonshot,4993.37,-0.13,22,8,11,50
2026-07-05 14:00,A_baseline,4932.14,-1.36,180,8,85,47
2026-07-05 14:00,B_nospikes,4974.6,-0.51,138,8,68,49
2026-07-05 14:00,C_conservative,4983.44,-0.33,125,8,62,50
2026-07-05 14:00,D_contrarian,4905.75,-1.88,41,0,22,54
2026-07-05 14:00,E_moonshot,4992.59,-0.15,22,8,11,50
2026-07-05 14:30,A_baseline,4930.9,-1.38,180,8,85,47
2026-07-05 14:30,B_nospikes,4972.23,-0.56,138,8,68,49
2026-07-05 14:30,C_conservative,4982.01,-0.36,125,8,62,50
2026-07-05 14:30,D_contrarian,4905.75,-1.88,41,0,22,54
2026-07-05 14:30,E_moonshot,4991.04,-0.18,22,8,11,50
2026-07-05 15:00,A_baseline,4932.21,-1.36,180,8,85,47
2026-07-05 15:00,B_nospikes,4972.77,-0.54,138,8,68,49
2026-07-05 15:00,C_conservative,4983.03,-0.34,125,8,62,50
2026-07-05 15:00,D_contrarian,4905.75,-1.88,41,0,22,54
2026-07-05 15:00,E_moonshot,4992.12,-0.16,22,8,11,50
2026-07-05 15:30,A_baseline,4932.91,-1.34,180,8,85,47
2026-07-05 15:30,B_nospikes,4973.32,-0.53,138,8,68,49
2026-07-05 15:30,C_conservative,4983.65,-0.33,125,8,62,50
2026-07-05 15:30,D_contrarian,4905.75,-1.88,41,0,22,54
2026-07-05 15:30,E_moonshot,4993.01,-0.14,22,8,11,50
2026-07-05 16:00,A_baseline,4934.73,-1.31,180,8,85,47
2026-07-05 16:00,B_nospikes,4975.44,-0.49,138,8,68,49
2026-07-05 16:00,C_conservative,4985.87,-0.28,125,8,62,50
2026-07-05 16:00,D_contrarian,4905.75,-1.88,41,0,22,54
2026-07-05 16:00,E_moonshot,4994.97,-0.1,22,8,11,50
2026-07-05 16:30,A_baseline,4933.7,-1.33,180,8,85,47
2026-07-05 16:30,B_nospikes,4974.48,-0.51,138,8,68,49
2026-07-05 16:30,C_conservative,4984.8,-0.3,125,8,62,50
2026-07-05 16:30,D_contrarian,4905.75,-1.88,41,0,22,54
2026-07-05 16:30,E_moonshot,4994.41,-0.11,22,8,11,50
2026-07-05 17:00,A_baseline,4934.29,-1.31,180,8,85,47
2026-07-05 17:00,B_nospikes,4974.9,-0.5,138,8,68,49
2026-07-05 17:00,C_conservative,4985.33,-0.29,125,8,62,50
2026-07-05 17:00,D_contrarian,4905.75,-1.88,41,0,22,54
2026-07-05 17:00,E_moonshot,4994.87,-0.1,22,8,11,50
2026-07-05 17:30,A_baseline,4936.74,-1.27,180,8,85,47
2026-07-05 17:30,B_nospikes,4976.64,-0.47,138,8,68,49
2026-07-05 17:30,C_conservative,4987.49,-0.25,125,8,62,50
2026-07-05 17:30,D_contrarian,4905.75,-1.88,41,0,22,54
2026-07-05 17:30,E_moonshot,4996.75,-0.07,22,8,11,50
2026-07-05 18:00,A_baseline,4936.08,-1.28,180,8,85,47
2026-07-05 18:00,B_nospikes,4975.99,-0.48,138,8,68,49
2026-07-05 18:00,C_conservative,4986.82,-0.26,125,8,62,50
2026-07-05 18:00,D_contrarian,4905.75,-1.88,41,0,22,54
2026-07-05 18:00,E_moonshot,4997.85,-0.04,22,8,11,50
2026-07-05 18:30,A_baseline,4935.16,-1.3,180,8,85,47
2026-07-05 18:30,B_nospikes,4975.68,-0.49,138,8,68,49
2026-07-05 18:30,C_conservative,4986.15,-0.28,125,8,62,50
2026-07-05 18:30,D_contrarian,4905.75,-1.88,41,0,22,54
2026-07-05 18:30,E_moonshot,4997.15,-0.06,22,8,11,50
2026-07-05 19:00,A_baseline,4934.6,-1.31,180,8,85,47
2026-07-05 19:00,B_nospikes,4975.86,-0.48,138,8,68,49
2026-07-05 19:00,C_conservative,4985.88,-0.28,125,8,62,50
2026-07-05 19:00,D_contrarian,4905.75,-1.88,41,0,22,54
2026-07-05 19:00,E_moonshot,4996.94,-0.06,22,8,11,50
2026-07-05 19:30,A_baseline,4935.38,-1.29,180,8,85,47
2026-07-05 19:30,B_nospikes,4976.63,-0.47,138,8,68,49
2026-07-05 19:30,C_conservative,4986.54,-0.27,125,8,62,50
2026-07-05 19:30,D_contrarian,4905.75,-1.88,41,0,22,54
2026-07-05 19:30,E_moonshot,4997.53,-0.05,22,8,11,50
2026-07-05 20:00,A_baseline,4935.31,-1.29,180,8,85,47
2026-07-05 20:00,B_nospikes,4976.39,-0.47,138,8,68,49
2026-07-05 20:00,C_conservative,4986.53,-0.27,125,8,62,50
2026-07-05 20:00,D_contrarian,4905.75,-1.88,41,0,22,54
2026-07-05 20:00,E_moonshot,4997.51,-0.05,22,8,11,50
2026-07-05 20:30,A_baseline,4936.83,-1.26,180,8,85,47
2026-07-05 20:30,B_nospikes,4977.02,-0.46,138,8,68,49
2026-07-05 20:30,C_conservative,4987.68,-0.25,125,8,62,50
2026-07-05 20:30,D_contrarian,4905.75,-1.88,41,0,22,54
2026-07-05 20:30,E_moonshot,4998.6,-0.03,22,8,11,50
2026-07-05 21:00,A_baseline,4936.19,-1.28,180,8,85,47
2026-07-05 21:00,B_nospikes,4977.14,-0.46,138,8,68,49
2026-07-05 21:00,C_conservative,4987.37,-0.25,125,8,62,50
2026-07-05 21:00,D_contrarian,4905.75,-1.88,41,0,22,54
2026-07-05 21:00,E_moonshot,4997.89,-0.04,22,8,11,50
2026-07-05 21:30,A_baseline,4936.53,-1.27,180,8,85,47
2026-07-05 21:30,B_nospikes,4977.5,-0.45,138,8,68,49
2026-07-05 21:30,C_conservative,4987.72,-0.25,125,8,62,50
2026-07-05 21:30,D_contrarian,4905.75,-1.88,41,0,22,54
2026-07-05 21:30,E_moonshot,4998.33,-0.03,22,8,11,50
2026-07-05 22:00,A_baseline,4935.36,-1.29,180,8,85,47
2026-07-05 22:00,B_nospikes,4976.65,-0.47,138,8,68,49
2026-07-05 22:00,C_conservative,4986.69,-0.27,125,8,62,50
2026-07-05 22:00,D_contrarian,4905.75,-1.88,41,0,22,54
2026-07-05 22:00,E_moonshot,4997.72,-0.05,22,8,11,50
2026-07-05 22:30,A_baseline,4935.25,-1.3,180,8,85,47
2026-07-05 22:30,B_nospikes,4976.52,-0.47,138,8,68,49
2026-07-05 22:30,C_conservative,4986.56,-0.27,125,8,62,50
2026-07-05 22:30,D_contrarian,4905.75,-1.88,41,0,22,54
2026-07-05 22:30,E_moonshot,4997.58,-0.05,22,8,11,50
2026-07-05 23:00,A_baseline,4935.83,-1.28,180,8,85,47
2026-07-05 23:00,B_nospikes,4976.44,-0.47,138,8,68,49
2026-07-05 23:00,C_conservative,4986.87,-0.26,125,8,62,50
2026-07-05 23:00,D_contrarian,4905.75,-1.88,41,0,22,54
2026-07-05 23:00,E_moonshot,4998.06,-0.04,22,8,11,50
2026-07-05 23:30,A_baseline,4936.47,-1.27,180,8,85,47
2026-07-05 23:30,B_nospikes,4977.07,-0.46,138,8,68,49
2026-07-05 23:30,C_conservative,4987.51,-0.25,125,8,62,50
2026-07-05 23:30,D_contrarian,4905.75,-1.88,41,0,22,54
2026-07-05 23:30,E_moonshot,4998.42,-0.03,22,8,11,50
2026-07-06 00:00,A_baseline,4937.28,-1.25,181,8,86,48
2026-07-06 00:00,B_nospikes,4978.38,-0.43,138,8,68,49
2026-07-06 00:00,C_conservative,4988.97,-0.22,125,8,62,50
2026-07-06 00:00,D_contrarian,4905.75,-1.88,41,0,22,54
2026-07-06 00:00,E_moonshot,4999.18,-0.02,22,8,11,50
2026-07-06 00:30,A_baseline,4942.73,-1.15,181,8,86,48
2026-07-06 00:30,B_nospikes,4982.93,-0.34,138,8,68,49
2026-07-06 00:30,C_conservative,4994.63,-0.11,125,8,62,50
2026-07-06 00:30,D_contrarian,4905.75,-1.88,41,0,22,54
2026-07-06 00:30,E_moonshot,5004.16,0.08,22,8,11,50
2026-07-06 01:00,A_baseline,4939.38,-1.21,181,8,86,48
2026-07-06 01:00,B_nospikes,4980.32,-0.39,138,8,68,49
2026-07-06 01:00,C_conservative,4991.16,-0.18,125,8,62,50
2026-07-06 01:00,D_contrarian,4905.75,-1.88,41,0,22,54
2026-07-06 01:00,E_moonshot,5001.33,0.03,22,8,11,50
2026-07-06 01:30,A_baseline,4941.56,-1.17,181,8,86,48
2026-07-06 01:30,B_nospikes,4982.53,-0.35,138,8,68,49
2026-07-06 01:30,C_conservative,4993.48,-0.13,125,8,62,50
2026-07-06 01:30,D_contrarian,4905.75,-1.88,41,0,22,54
2026-07-06 01:30,E_moonshot,5003.09,0.06,22,8,11,50
2026-07-06 02:00,A_baseline,4940.96,-1.18,181,8,86,48
2026-07-06 02:00,B_nospikes,4983.44,-0.33,138,8,68,49
2026-07-06 02:00,C_conservative,4994.08,-0.12,125,8,62,50
2026-07-06 02:00,D_contrarian,4905.75,-1.88,41,0,22,54
2026-07-06 02:00,E_moonshot,5003.75,0.07,22,8,11,50
2026-07-06 02:30,A_baseline,4937.24,-1.26,181,8,86,48
2026-07-06 02:30,B_nospikes,4978.94,-0.42,138,8,68,49
2026-07-06 02:30,C_conservative,4989.63,-0.21,125,8,62,50
2026-07-06 02:30,D_contrarian,4905.75,-1.88,41,0,22,54
2026-07-06 02:30,E_moonshot,4997.59,-0.05,25,8,13,52
2026-07-06 03:00,A_baseline,4940.16,-1.2,181,8,86,48
2026-07-06 03:00,B_nospikes,4981.04,-0.38,138,8,68,49
2026-07-06 03:00,C_conservative,4991.14,-0.18,125,8,62,50
2026-07-06 03:00,D_contrarian,4905.75,-1.88,41,0,22,54
2026-07-06 03:00,E_moonshot,4999.98,-0.0,25,8,13,52
2026-07-06 03:30,A_baseline,4940.73,-1.19,181,8,86,48
2026-07-06 03:30,B_nospikes,4981.7,-0.37,138,8,68,49
2026-07-06 03:30,C_conservative,4991.73,-0.17,125,8,62,50
2026-07-06 03:30,D_contrarian,4905.75,-1.88,41,0,22,54
2026-07-06 03:30,E_moonshot,5000.2,0.0,25,8,13,52
2026-07-06 04:00,A_baseline,4940.73,-1.19,181,8,86,48
2026-07-06 04:00,B_nospikes,4981.7,-0.37,138,8,68,49
2026-07-06 04:00,C_conservative,4991.72,-0.17,125,8,62,50
2026-07-06 04:00,D_contrarian,4905.75,-1.88,41,0,22,54
2026-07-06 04:00,E_moonshot,4999.87,-0.0,25,8,13,52
2026-07-06 04:30,A_baseline,4939.9,-1.2,181,8,86,48
2026-07-06 04:30,B_nospikes,4981.48,-0.37,138,8,68,49
2026-07-06 04:30,C_conservative,4991.37,-0.17,125,8,62,50
2026-07-06 04:30,D_contrarian,4905.75,-1.88,41,0,22,54
2026-07-06 04:30,E_moonshot,4998.34,-0.03,25,8,13,52
2026-07-06 05:00,A_baseline,4938.66,-1.23,181,8,86,48
2026-07-06 05:00,B_nospikes,4981.56,-0.37,138,8,68,49
2026-07-06 05:00,C_conservative,4990.84,-0.18,125,8,62,50
2026-07-06 05:00,D_contrarian,4905.75,-1.88,41,0,22,54
2026-07-06 05:00,E_moonshot,4996.89,-0.06,25,8,13,52
2026-07-06 05:30,A_baseline,4937.64,-1.25,181,8,86,48
2026-07-06 05:30,B_nospikes,4981.06,-0.38,138,8,68,49
2026-07-06 05:30,C_conservative,4989.77,-0.2,125,8,62,50
2026-07-06 05:30,D_contrarian,4905.75,-1.88,41,0,22,54
2026-07-06 05:30,E_moonshot,4995.26,-0.09,25,8,13,52
2026-07-06 06:00,A_baseline,4937.56,-1.25,181,8,86,48
2026-07-06 06:00,B_nospikes,4980.04,-0.4,138,8,68,49
2026-07-06 06:00,C_conservative,4989.06,-0.22,125,8,62,50
2026-07-06 06:00,D_contrarian,4905.75,-1.88,41,0,22,54
2026-07-06 06:00,E_moonshot,4993.69,-0.13,25,8,13,52
2026-07-06 06:30,A_baseline,4940.07,-1.2,181,8,86,48
2026-07-06 06:30,B_nospikes,4982.65,-0.35,138,8,68,49
2026-07-06 06:30,C_conservative,4991.63,-0.17,125,8,62,50
2026-07-06 06:30,D_contrarian,4905.75,-1.88,41,0,22,54
2026-07-06 06:30,E_moonshot,4994.98,-0.1,25,8,13,52
2026-07-06 07:00,A_baseline,4937.77,-1.24,181,8,86,48
2026-07-06 07:00,B_nospikes,4980.36,-0.39,138,8,68,49
2026-07-06 07:00,C_conservative,4989.34,-0.21,125,8,62,50
2026-07-06 07:00,D_contrarian,4905.75,-1.88,41,0,22,54
2026-07-06 07:00,E_moonshot,4993.46,-0.13,25,8,13,52
2026-07-06 07:30,A_baseline,4934.93,-1.3,181,8,86,48
2026-07-06 07:30,B_nospikes,4977.14,-0.46,138,8,68,49
2026-07-06 07:30,C_conservative,4985.78,-0.28,126,8,62,49
2026-07-06 07:30,D_contrarian,4905.75,-1.88,41,0,22,54
2026-07-06 07:30,E_moonshot,4988.89,-0.22,25,8,13,52
2026-07-06 08:00,A_baseline,4933.86,-1.32,182,8,86,47
2026-07-06 08:00,B_nospikes,4976.57,-0.47,138,8,68,49
2026-07-06 08:00,C_conservative,4983.71,-0.33,127,8,62,49
2026-07-06 08:00,D_contrarian,4905.75,-1.88,41,0,22,54
2026-07-06 08:00,E_moonshot,4988.79,-0.22,25,8,13,52
2026-07-06 08:30,A_baseline,4935.62,-1.29,182,8,86,47
2026-07-06 08:30,B_nospikes,4976.06,-0.48,138,8,68,49
2026-07-06 08:30,C_conservative,4985.4,-0.29,127,8,62,49
2026-07-06 08:30,D_contrarian,4905.75,-1.88,41,0,22,54
2026-07-06 08:30,E_moonshot,4988.46,-0.23,25,8,13,52
2026-07-06 09:00,A_baseline,4935.26,-1.29,182,8,86,47
2026-07-06 09:00,B_nospikes,4975.28,-0.49,138,8,68,49
2026-07-06 09:00,C_conservative,4984.65,-0.31,127,8,62,49
2026-07-06 09:00,D_contrarian,4905.75,-1.88,41,0,22,54
2026-07-06 09:00,E_moonshot,4988.16,-0.24,25,8,13,52
2026-07-06 09:30,A_baseline,4935.3,-1.29,182,8,86,47
2026-07-06 09:30,B_nospikes,4975.32,-0.49,138,8,68,49
2026-07-06 09:30,C_conservative,4984.69,-0.31,127,8,62,49
2026-07-06 09:30,D_contrarian,4905.75,-1.88,41,0,22,54
2026-07-06 09:30,E_moonshot,4988.21,-0.24,25,8,13,52
2026-07-06 10:00,A_baseline,4938.57,-1.23,183,7,87,48
2026-07-06 10:00,B_nospikes,4976.92,-0.46,138,8,68,49
2026-07-06 10:00,C_conservative,4988.07,-0.24,128,7,63,49
2026-07-06 10:00,D_contrarian,4905.75,-1.88,41,0,22,54
2026-07-06 10:00,E_moonshot,4990.66,-0.19,25,8,13,52
2026-07-06 10:30,A_baseline,4936.29,-1.27,183,8,87,48
2026-07-06 10:30,B_nospikes,4976.66,-0.47,138,8,68,49
2026-07-06 10:30,C_conservative,4986.85,-0.26,128,8,63,49
2026-07-06 10:30,D_contrarian,4905.75,-1.88,41,0,22,54
2026-07-06 10:30,E_moonshot,4991.12,-0.18,25,8,13,52
2026-07-06 11:00,A_baseline,4931.1,-1.38,183,8,87,48
2026-07-06 11:00,B_nospikes,4973.57,-0.53,138,8,68,49
2026-07-06 11:00,C_conservative,4981.02,-0.38,128,8,63,49
2026-07-06 11:00,D_contrarian,4905.75,-1.88,41,0,22,54
2026-07-06 11:00,E_moonshot,4988.41,-0.23,25,8,13,52
2026-07-06 11:30,A_baseline,4929.91,-1.4,183,8,87,48
2026-07-06 11:30,B_nospikes,4972.07,-0.56,138,8,68,49
2026-07-06 11:30,C_conservative,4980.75,-0.38,128,8,63,49
2026-07-06 11:30,D_contrarian,4905.75,-1.88,41,0,22,54
2026-07-06 11:30,E_moonshot,4987.29,-0.25,25,8,13,52
2026-07-06 12:00,A_baseline,4927.31,-1.45,185,7,87,47
2026-07-06 12:00,B_nospikes,4965.65,-0.69,140,7,68,49
2026-07-06 12:00,C_conservative,4979.57,-0.41,128,8,63,49
2026-07-06 12:00,D_contrarian,4905.75,-1.88,41,0,22,54
2026-07-06 12:00,E_moonshot,4983.72,-0.33,25,8,13,52
2026-07-06 12:30,A_baseline,4928.46,-1.43,185,8,87,47
2026-07-06 12:30,B_nospikes,4966.73,-0.67,140,8,68,49
2026-07-06 12:30,C_conservative,4983.5,-0.33,128,8,63,49
2026-07-06 12:30,D_contrarian,4905.75,-1.88,41,0,22,54
2026-07-06 12:30,E_moonshot,4985.24,-0.3,25,8,13,52
2026-07-06 13:00,A_baseline,4930.4,-1.39,186,8,88,47
2026-07-06 13:00,B_nospikes,4968.03,-0.64,141,8,69,49
2026-07-06 13:00,C_conservative,4983.48,-0.33,129,8,64,50
2026-07-06 13:00,D_contrarian,4905.75,-1.88,41,0,22,54
2026-07-06 13:00,E_moonshot,4985.82,-0.28,25,8,13,52
2026-07-06 13:30,A_baseline,4929.71,-1.41,186,8,88,47
2026-07-06 13:30,B_nospikes,4968.29,-0.63,141,8,69,49
2026-07-06 13:30,C_conservative,4983.73,-0.33,129,8,64,50
2026-07-06 13:30,D_contrarian,4905.75,-1.88,41,0,22,54
2026-07-06 13:30,E_moonshot,4985.26,-0.29,25,8,13,52
2026-07-06 14:00,A_baseline,4929.26,-1.41,187,8,88,47
2026-07-06 14:00,B_nospikes,4968.14,-0.64,141,8,69,49
2026-07-06 14:00,C_conservative,4983.73,-0.33,129,8,64,50
2026-07-06 14:00,D_contrarian,4905.75,-1.88,41,0,22,54
2026-07-06 14:00,E_moonshot,4987.51,-0.25,25,8,13,52
2026-07-06 14:30,A_baseline,4919.41,-1.61,188,8,88,47
2026-07-06 14:30,B_nospikes,4955.48,-0.89,144,8,69,48
2026-07-06 14:30,C_conservative,4970.53,-0.59,132,7,64,48
2026-07-06 14:30,D_contrarian,4905.75,-1.88,41,0,22,54
2026-07-06 14:30,E_moonshot,4978.04,-0.44,25,8,13,52
2026-07-06 15:00,A_baseline,4916.0,-1.68,189,7,88,47
2026-07-06 15:00,B_nospikes,4953.65,-0.93,145,7,69,48
2026-07-06 15:00,C_conservative,4969.2,-0.62,133,6,64,48
2026-07-06 15:00,D_contrarian,4905.75,-1.88,41,0,22,54
2026-07-06 15:00,E_moonshot,4973.45,-0.53,25,8,13,52
2026-07-06 15:30,A_baseline,4908.95,-1.82,191,7,88,46
2026-07-06 15:30,B_nospikes,4948.48,-1.03,146,6,69,47
2026-07-06 15:30,C_conservative,4962.34,-0.75,135,4,64,47
2026-07-06 15:30,D_contrarian,4905.75,-1.88,41,0,22,54
2026-07-06 15:30,E_moonshot,4969.51,-0.61,25,8,13,52
2026-07-06 16:00,A_baseline,4911.15,-1.78,191,8,88,46
2026-07-06 16:00,B_nospikes,4951.45,-0.97,146,6,69,47
2026-07-06 16:00,C_conservative,4964.36,-0.71,135,4,64,47
2026-07-06 16:00,D_contrarian,4905.75,-1.88,41,0,22,54
2026-07-06 16:00,E_moonshot,4973.52,-0.53,25,8,13,52
2026-07-06 16:30,A_baseline,4916.28,-1.67,191,8,88,46
2026-07-06 16:30,B_nospikes,4954.13,-0.92,146,7,69,47
2026-07-06 16:30,C_conservative,4965.19,-0.7,135,5,64,47
2026-07-06 16:30,D_contrarian,4905.75,-1.88,41,0,22,54
2026-07-06 16:30,E_moonshot,4978.06,-0.44,25,8,13,52
2026-07-06 17:00,A_baseline,4915.27,-1.69,191,8,88,46
2026-07-06 17:00,B_nospikes,4955.96,-0.88,147,8,70,48
2026-07-06 17:00,C_conservative,4967.76,-0.64,136,6,65,48
2026-07-06 17:00,D_contrarian,4905.75,-1.88,41,0,22,54
2026-07-06 17:00,E_moonshot,4979.31,-0.41,25,8,13,52
2026-07-06 17:30,A_baseline,4918.38,-1.63,191,8,88,46
2026-07-06 17:30,B_nospikes,4957.78,-0.84,147,8,70,48
2026-07-06 17:30,C_conservative,4969.49,-0.61,136,6,65,48
2026-07-06 17:30,D_contrarian,4905.75,-1.88,41,0,22,54
2026-07-06 17:30,E_moonshot,4982.3,-0.35,25,8,13,52
2026-07-06 18:00,A_baseline,4930.08,-1.4,191,8,88,46
2026-07-06 18:00,B_nospikes,4969.02,-0.62,147,8,70,48
2026-07-06 18:00,C_conservative,4979.18,-0.42,136,6,65,48
2026-07-06 18:00,D_contrarian,4905.75,-1.88,41,0,22,54
2026-07-06 18:00,E_moonshot,4993.01,-0.14,25,8,13,52
2026-07-06 18:30,A_baseline,4931.05,-1.38,191,8,88,46
2026-07-06 18:30,B_nospikes,4972.02,-0.56,147,8,70,48
2026-07-06 18:30,C_conservative,4981.2,-0.38,136,6,65,48
2026-07-06 18:30,D_contrarian,4905.75,-1.88,41,0,22,54
2026-07-06 18:30,E_moonshot,4995.49,-0.09,25,8,13,52
2026-07-06 19:00,A_baseline,4932.95,-1.34,191,8,88,46
2026-07-06 19:00,B_nospikes,4971.99,-0.56,147,8,70,48
2026-07-06 19:00,C_conservative,4980.63,-0.39,136,7,65,48
2026-07-06 19:00,D_contrarian,4905.75,-1.88,41,0,22,54
2026-07-06 19:00,E_moonshot,4998.82,-0.02,25,8,13,52
2026-07-06 19:30,A_baseline,4933.84,-1.32,191,8,88,46
2026-07-06 19:30,B_nospikes,4972.81,-0.54,147,8,70,48
2026-07-06 19:30,C_conservative,4981.01,-0.38,136,8,65,48
2026-07-06 19:30,D_contrarian,4905.75,-1.88,41,0,22,54
2026-07-06 19:30,E_moonshot,4999.59,-0.01,25,8,13,52
2026-07-06 20:00,A_baseline,4931.54,-1.37,191,8,88,46
2026-07-06 20:00,B_nospikes,4971.66,-0.57,147,8,70,48
2026-07-06 20:00,C_conservative,4979.84,-0.4,136,8,65,48
2026-07-06 20:00,D_contrarian,4905.75,-1.88,41,0,22,54
2026-07-06 20:00,E_moonshot,4997.92,-0.04,25,8,13,52
2026-07-06 20:30,A_baseline,4933.6,-1.33,191,8,88,46
2026-07-06 20:30,B_nospikes,4971.71,-0.57,147,8,70,48
2026-07-06 20:30,C_conservative,4979.5,-0.41,136,8,65,48
2026-07-06 20:30,D_contrarian,4905.75,-1.88,41,0,22,54
2026-07-06 20:30,E_moonshot,4998.1,-0.04,25,8,13,52
2026-07-06 21:00,A_baseline,4932.29,-1.35,191,8,88,46
2026-07-06 21:00,B_nospikes,4971.15,-0.58,147,8,70,48
2026-07-06 21:00,C_conservative,4979.48,-0.41,136,8,65,48
2026-07-06 21:00,D_contrarian,4905.75,-1.88,41,0,22,54
2026-07-06 21:00,E_moonshot,4997.64,-0.05,25,8,13,52
2026-07-06 21:30,A_baseline,4933.48,-1.33,191,8,88,46
2026-07-06 21:30,B_nospikes,4971.9,-0.56,147,8,70,48
2026-07-06 21:30,C_conservative,4980.28,-0.39,136,8,65,48
2026-07-06 21:30,D_contrarian,4905.75,-1.88,41,0,22,54
2026-07-06 21:30,E_moonshot,4998.49,-0.03,25,8,13,52
2026-07-06 22:00,A_baseline,4933.83,-1.32,191,8,88,46
2026-07-06 22:00,B_nospikes,4973.44,-0.53,147,8,70,48
2026-07-06 22:00,C_conservative,4981.71,-0.37,136,8,65,48
2026-07-06 22:00,D_contrarian,4905.75,-1.88,41,0,22,54
2026-07-06 22:00,E_moonshot,4998.71,-0.03,25,8,13,52
2026-07-06 22:30,A_baseline,4931.92,-1.36,191,8,88,46
2026-07-06 22:30,B_nospikes,4970.51,-0.59,147,8,70,48
2026-07-06 22:30,C_conservative,4978.91,-0.42,136,8,65,48
2026-07-06 22:30,D_contrarian,4905.75,-1.88,41,0,22,54
2026-07-06 22:30,E_moonshot,4995.4,-0.09,25,8,13,52
2026-07-06 23:00,A_baseline,4928.26,-1.43,192,8,88,46
2026-07-06 23:00,B_nospikes,4966.71,-0.67,148,8,70,47
2026-07-06 23:00,C_conservative,4978.85,-0.42,136,8,65,48
2026-07-06 23:00,D_contrarian,4905.75,-1.88,41,0,22,54
2026-07-06 23:00,E_moonshot,4996.06,-0.08,25,8,13,52
2026-07-06 23:30,A_baseline,4935.09,-1.3,192,8,88,46
2026-07-06 23:30,B_nospikes,4972.58,-0.55,148,8,70,47
2026-07-06 23:30,C_conservative,4984.57,-0.31,136,8,65,48
2026-07-06 23:30,D_contrarian,4905.75,-1.88,41,0,22,54
2026-07-06 23:30,E_moonshot,5003.83,0.08,25,8,13,52
2026-07-07 00:00,A_baseline,4936.58,-1.27,192,8,88,46
2026-07-07 00:00,B_nospikes,4971.76,-0.56,148,8,70,47
2026-07-07 00:00,C_conservative,4983.68,-0.33,136,8,65,48
2026-07-07 00:00,D_contrarian,4905.75,-1.88,41,0,22,54
2026-07-07 00:00,E_moonshot,5004.45,0.09,25,8,13,52
2026-07-07 00:30,A_baseline,4935.15,-1.3,192,8,88,46
2026-07-07 00:30,B_nospikes,4970.37,-0.59,148,8,70,47
2026-07-07 00:30,C_conservative,4982.26,-0.35,136,8,65,48
2026-07-07 00:30,D_contrarian,4905.75,-1.88,41,0,22,54
2026-07-07 00:30,E_moonshot,5002.65,0.05,25,8,13,52
2026-07-07 01:00,A_baseline,4932.92,-1.34,192,8,88,46
2026-07-07 01:00,B_nospikes,4968.01,-0.64,148,8,70,47
2026-07-07 01:00,C_conservative,4979.8,-0.4,136,8,65,48
2026-07-07 01:00,D_contrarian,4905.75,-1.88,41,0,22,54
2026-07-07 01:00,E_moonshot,5001.24,0.02,25,8,13,52
2026-07-07 01:30,A_baseline,4931.48,-1.37,192,8,88,46
2026-07-07 01:30,B_nospikes,4966.72,-0.67,148,8,70,47
2026-07-07 01:30,C_conservative,4978.58,-0.43,136,8,65,48
2026-07-07 01:30,D_contrarian,4905.75,-1.88,41,0,22,54
2026-07-07 01:30,E_moonshot,5000.69,0.01,25,8,13,52
2026-07-07 02:00,A_baseline,4930.49,-1.39,192,8,88,46
2026-07-07 02:00,B_nospikes,4964.64,-0.71,149,8,71,48
2026-07-07 02:00,C_conservative,4977.16,-0.46,136,8,65,48
2026-07-07 02:00,D_contrarian,4905.75,-1.88,41,0,22,54
2026-07-07 02:00,E_moonshot,4998.52,-0.03,25,8,13,52
2026-07-07 02:30,A_baseline,4931.58,-1.37,192,8,88,46
2026-07-07 02:30,B_nospikes,4965.65,-0.69,149,8,71,48
2026-07-07 02:30,C_conservative,4978.16,-0.44,136,8,65,48
2026-07-07 02:30,D_contrarian,4905.75,-1.88,41,0,22,54
2026-07-07 02:30,E_moonshot,4997.59,-0.05,27,8,15,56
2026-07-07 03:00,A_baseline,4932.44,-1.35,192,8,88,46
2026-07-07 03:00,B_nospikes,4965.64,-0.69,149,8,71,48
2026-07-07 03:00,C_conservative,4978.18,-0.44,136,8,65,48
2026-07-07 03:00,D_contrarian,4905.75,-1.88,41,0,22,54
2026-07-07 03:00,E_moonshot,4998.21,-0.04,27,8,15,56
2026-07-07 03:30,A_baseline,4925.97,-1.48,195,8,91,47
2026-07-07 03:30,B_nospikes,4958.83,-0.82,151,8,72,48
2026-07-07 03:30,C_conservative,4971.58,-0.57,137,8,65,47
2026-07-07 03:30,D_contrarian,4905.75,-1.88,41,0,22,54
2026-07-07 03:30,E_moonshot,4992.62,-0.15,27,8,15,56
2026-07-07 04:00,A_baseline,4925.99,-1.48,195,8,91,47
2026-07-07 04:00,B_nospikes,4958.87,-0.82,151,8,72,48
2026-07-07 04:00,C_conservative,4971.63,-0.57,137,8,65,47
2026-07-07 04:00,D_contrarian,4905.75,-1.88,41,0,22,54
2026-07-07 04:00,E_moonshot,4993.11,-0.14,27,8,15,56
2026-07-07 04:30,A_baseline,4921.35,-1.57,196,8,91,46
2026-07-07 04:30,B_nospikes,4956.93,-0.86,151,8,72,48
2026-07-07 04:30,C_conservative,4969.31,-0.61,137,8,65,47
2026-07-07 04:30,D_contrarian,4905.75,-1.88,41,0,22,54
2026-07-07 04:30,E_moonshot,4990.83,-0.18,27,8,15,56
2026-07-07 05:00,A_baseline,4917.81,-1.64,197,8,92,47
2026-07-07 05:00,B_nospikes,4955.03,-0.9,151,8,72,48
2026-07-07 05:00,C_conservative,4966.55,-0.67,137,8,65,47
2026-07-07 05:00,D_contrarian,4905.75,-1.88,41,0,22,54
2026-07-07 05:00,E_moonshot,4987.02,-0.26,27,8,15,56
2026-07-07 05:30,A_baseline,4917.58,-1.65,197,8,92,47
2026-07-07 05:30,B_nospikes,4950.81,-0.98,153,8,72,47
2026-07-07 05:30,C_conservative,4962.59,-0.75,139,8,65,47
2026-07-07 05:30,D_contrarian,4905.75,-1.88,41,0,22,54
2026-07-07 05:30,E_moonshot,4984.73,-0.31,27,8,15,56
2026-07-07 06:00,A_baseline,4913.15,-1.74,199,8,92,46
2026-07-07 06:00,B_nospikes,4948.54,-1.03,154,8,72,47
2026-07-07 06:00,C_conservative,4959.53,-0.81,140,8,65,46
2026-07-07 06:00,D_contrarian,4905.75,-1.88,41,0,22,54
2026-07-07 06:00,E_moonshot,4983.08,-0.34,27,8,15,56
2026-07-07 06:30,A_baseline,4913.4,-1.73,199,8,92,46
2026-07-07 06:30,B_nospikes,4948.48,-1.03,154,8,72,47
2026-07-07 06:30,C_conservative,4959.49,-0.81,140,8,65,46
2026-07-07 06:30,D_contrarian,4905.75,-1.88,41,0,22,54
2026-07-07 06:30,E_moonshot,4981.78,-0.36,27,8,15,56
2026-07-07 07:00,A_baseline,4910.17,-1.8,200,8,92,46
2026-07-07 07:00,B_nospikes,4945.08,-1.1,155,8,72,46
2026-07-07 07:00,C_conservative,4956.06,-0.88,141,8,65,46
2026-07-07 07:00,D_contrarian,4905.75,-1.88,41,0,22,54
2026-07-07 07:00,E_moonshot,4977.93,-0.44,27,8,15,56
2026-07-07 07:30,A_baseline,4908.97,-1.82,200,8,92,46
2026-07-07 07:30,B_nospikes,4943.91,-1.12,155,8,72,46
2026-07-07 07:30,C_conservative,4953.99,-0.92,141,8,65,46
2026-07-07 07:30,D_contrarian,4905.75,-1.88,41,0,22,54
2026-07-07 07:30,E_moonshot,4976.92,-0.46,27,8,15,56
2026-07-07 08:00,A_baseline,4912.27,-1.75,200,8,92,46
2026-07-07 08:00,B_nospikes,4947.11,-1.06,155,8,72,46
2026-07-07 08:00,C_conservative,4958.16,-0.84,141,8,65,46
2026-07-07 08:00,D_contrarian,4905.75,-1.88,41,0,22,54
2026-07-07 08:00,E_moonshot,4979.02,-0.42,27,8,15,56
2026-07-07 08:30,A_baseline,4912.29,-1.75,200,8,92,46
2026-07-07 08:30,B_nospikes,4947.31,-1.05,155,8,72,46
2026-07-07 08:30,C_conservative,4959.25,-0.81,141,8,65,46
2026-07-07 08:30,D_contrarian,4905.75,-1.88,41,0,22,54
2026-07-07 08:30,E_moonshot,4979.11,-0.42,27,8,15,56
2026-07-07 09:00,A_baseline,4916.22,-1.68,200,8,92,46
2026-07-07 09:00,B_nospikes,4952.24,-0.96,155,8,72,46
2026-07-07 09:00,C_conservative,4963.3,-0.73,141,8,65,46
2026-07-07 09:00,D_contrarian,4905.75,-1.88,41,0,22,54
2026-07-07 09:00,E_moonshot,4983.75,-0.33,27,8,15,56
2026-07-07 09:30,A_baseline,4918.53,-1.63,200,8,92,46
2026-07-07 09:30,B_nospikes,4953.74,-0.93,155,8,72,46
2026-07-07 09:30,C_conservative,4965.73,-0.69,141,8,65,46
2026-07-07 09:30,D_contrarian,4905.75,-1.88,41,0,22,54
2026-07-07 09:30,E_moonshot,4984.94,-0.3,27,8,15,56
2026-07-07 10:00,A_baseline,4916.86,-1.66,200,8,92,46
2026-07-07 10:00,B_nospikes,4950.99,-0.98,155,8,72,46
2026-07-07 10:00,C_conservative,4962.96,-0.74,141,8,65,46
2026-07-07 10:00,D_contrarian,4905.75,-1.88,41,0,22,54
2026-07-07 10:00,E_moonshot,4983.17,-0.34,27,8,15,56
2026-07-07 10:30,A_baseline,4915.05,-1.7,200,8,92,46
2026-07-07 10:30,B_nospikes,4950.13,-1.0,155,8,72,46
2026-07-07 10:30,C_conservative,4962.11,-0.76,141,8,65,46
2026-07-07 10:30,D_contrarian,4905.75,-1.88,41,0,22,54
2026-07-07 10:30,E_moonshot,4982.53,-0.35,27,8,15,56
2026-07-07 11:00,A_baseline,4914.89,-1.7,200,8,92,46
2026-07-07 11:00,B_nospikes,4949.94,-1.0,155,8,72,46
2026-07-07 11:00,C_conservative,4960.96,-0.78,141,8,65,46
2026-07-07 11:00,D_contrarian,4905.75,-1.88,41,0,22,54
2026-07-07 11:00,E_moonshot,4980.81,-0.38,27,8,15,56
2026-07-07 11:30,A_baseline,4915.25,-1.69,200,8,92,46
2026-07-07 11:30,B_nospikes,4950.34,-0.99,155,8,72,46
2026-07-07 11:30,C_conservative,4961.35,-0.77,141,8,65,46
2026-07-07 11:30,D_contrarian,4905.75,-1.88,41,0,22,54
2026-07-07 11:30,E_moonshot,4980.23,-0.4,27,8,15,56
2026-07-07 12:00,A_baseline,4916.01,-1.68,200,8,92,46
2026-07-07 12:00,B_nospikes,4951.12,-0.98,155,8,72,46
2026-07-07 12:00,C_conservative,4962.25,-0.75,141,8,65,46
2026-07-07 12:00,D_contrarian,4905.75,-1.88,41,0,22,54
2026-07-07 12:00,E_moonshot,4980.27,-0.39,27,8,15,56
2026-07-07 12:30,A_baseline,4917.26,-1.65,200,8,92,46
2026-07-07 12:30,B_nospikes,4952.38,-0.95,155,8,72,46
2026-07-07 12:30,C_conservative,4964.39,-0.71,141,8,65,46
2026-07-07 12:30,D_contrarian,4905.75,-1.88,41,0,22,54
2026-07-07 12:30,E_moonshot,4982.25,-0.35,27,8,15,56
2026-07-07 13:00,A_baseline,4912.81,-1.74,200,8,92,46
2026-07-07 13:00,B_nospikes,4947.79,-1.04,155,8,72,46
2026-07-07 13:00,C_conservative,4959.78,-0.8,141,8,65,46
2026-07-07 13:00,D_contrarian,4905.75,-1.88,41,0,22,54
2026-07-07 13:00,E_moonshot,4978.42,-0.43,27,8,15,56
2026-07-07 13:30,A_baseline,4913.79,-1.72,200,8,92,46
2026-07-07 13:30,B_nospikes,4948.82,-1.02,155,8,72,46
2026-07-07 13:30,C_conservative,4959.71,-0.81,141,8,65,46
2026-07-07 13:30,D_contrarian,4905.75,-1.88,41,0,22,54
2026-07-07 13:30,E_moonshot,4978.27,-0.43,27,8,15,56
2026-07-07 14:00,A_baseline,4913.17,-1.74,200,8,92,46
2026-07-07 14:00,B_nospikes,4948.13,-1.04,155,8,72,46
2026-07-07 14:00,C_conservative,4959.8,-0.8,141,8,65,46
2026-07-07 14:00,D_contrarian,4905.75,-1.88,41,0,22,54
2026-07-07 14:00,E_moonshot,4976.85,-0.46,27,8,15,56
2026-07-07 14:30,A_baseline,4918.6,-1.63,200,8,92,46
2026-07-07 14:30,B_nospikes,4953.71,-0.93,155,8,72,46
2026-07-07 14:30,C_conservative,4964.47,-0.71,141,8,65,46
2026-07-07 14:30,D_contrarian,4905.75,-1.88,41,0,22,54
2026-07-07 14:30,E_moonshot,4980.97,-0.38,27,8,15,56
2026-07-07 15:00,A_baseline,4916.43,-1.67,200,8,92,46
2026-07-07 15:00,B_nospikes,4951.49,-0.97,155,8,72,46
2026-07-07 15:00,C_conservative,4964.5,-0.71,141,8,65,46
2026-07-07 15:00,D_contrarian,4905.75,-1.88,41,0,22,54
2026-07-07 15:00,E_moonshot,4981.65,-0.37,27,8,15,56
2026-07-07 15:30,A_baseline,4913.19,-1.74,200,8,92,46
2026-07-07 15:30,B_nospikes,4948.16,-1.04,155,8,72,46
2026-07-07 15:30,C_conservative,4959.75,-0.81,141,8,65,46
2026-07-07 15:30,D_contrarian,4905.75,-1.88,41,0,22,54
2026-07-07 15:30,E_moonshot,4978.82,-0.42,27,8,15,56
2026-07-07 16:00,A_baseline,4911.28,-1.77,200,8,92,46
2026-07-07 16:00,B_nospikes,4946.23,-1.08,155,8,72,46
2026-07-07 16:00,C_conservative,4957.8,-0.84,141,8,65,46
2026-07-07 16:00,D_contrarian,4905.75,-1.88,41,0,22,54
2026-07-07 16:00,E_moonshot,4977.04,-0.46,27,8,15,56
2026-07-07 16:30,A_baseline,4910.73,-1.79,201,8,92,46
2026-07-07 16:30,B_nospikes,4945.51,-1.09,156,8,72,46
2026-07-07 16:30,C_conservative,4955.77,-0.88,142,8,65,46
2026-07-07 16:30,D_contrarian,4905.75,-1.88,41,0,22,54
2026-07-07 16:30,E_moonshot,4974.56,-0.51,27,8,15,56
2026-07-07 17:00,A_baseline,4911.73,-1.77,202,8,92,46
2026-07-07 17:00,B_nospikes,4946.39,-1.07,157,8,72,46
2026-07-07 17:00,C_conservative,4957.63,-0.85,143,8,65,45
2026-07-07 17:00,D_contrarian,4905.75,-1.88,41,0,22,54
2026-07-07 17:00,E_moonshot,4978.25,-0.44,27,8,15,56
2026-07-07 17:30,A_baseline,4910.34,-1.79,202,8,92,46
2026-07-07 17:30,B_nospikes,4945.53,-1.09,157,8,72,46
2026-07-07 17:30,C_conservative,4957.95,-0.84,143,8,65,45
2026-07-07 17:30,D_contrarian,4905.75,-1.88,41,0,22,54
2026-07-07 17:30,E_moonshot,4979.16,-0.42,27,8,15,56
2026-07-07 18:00,A_baseline,4915.39,-1.69,202,8,92,46
2026-07-07 18:00,B_nospikes,4948.99,-1.02,158,8,73,46
2026-07-07 18:00,C_conservative,4962.76,-0.74,144,8,66,46
2026-07-07 18:00,D_contrarian,4905.75,-1.88,41,0,22,54
2026-07-07 18:00,E_moonshot,4984.24,-0.32,27,8,15,56
2026-07-07 18:30,A_baseline,4922.41,-1.55,202,8,92,46
2026-07-07 18:30,B_nospikes,4955.94,-0.88,158,8,73,46
2026-07-07 18:30,C_conservative,4968.18,-0.64,144,8,66,46
2026-07-07 18:30,D_contrarian,4905.75,-1.88,41,0,22,54
2026-07-07 18:30,E_moonshot,4988.43,-0.23,27,8,15,56
2026-07-07 19:00,A_baseline,4922.25,-1.55,202,8,92,46
2026-07-07 19:00,B_nospikes,4955.78,-0.88,158,8,73,46
2026-07-07 19:00,C_conservative,4968.02,-0.64,144,8,66,46
2026-07-07 19:00,D_contrarian,4905.75,-1.88,41,0,22,54
2026-07-07 19:00,E_moonshot,4988.24,-0.24,27,8,15,56
2026-07-07 19:30,A_baseline,4922.19,-1.56,202,8,92,46
2026-07-07 19:30,B_nospikes,4955.72,-0.89,158,8,73,46
2026-07-07 19:30,C_conservative,4967.96,-0.64,144,8,66,46
2026-07-07 19:30,D_contrarian,4905.75,-1.88,41,0,22,54
2026-07-07 19:30,E_moonshot,4986.8,-0.26,27,8,15,56
2026-07-07 20:00,A_baseline,4923.65,-1.53,202,8,92,46
2026-07-07 20:00,B_nospikes,4957.19,-0.86,158,8,73,46
2026-07-07 20:00,C_conservative,4969.43,-0.61,144,8,66,46
2026-07-07 20:00,D_contrarian,4905.75,-1.88,41,0,22,54
2026-07-07 20:00,E_moonshot,4988.55,-0.23,27,8,15,56
2026-07-07 20:30,A_baseline,4922.28,-1.55,202,8,92,46
2026-07-07 20:30,B_nospikes,4955.8,-0.88,158,8,73,46
2026-07-07 20:30,C_conservative,4968.25,-0.63,144,8,66,46
2026-07-07 20:30,D_contrarian,4905.75,-1.88,41,0,22,54
2026-07-07 20:30,E_moonshot,4988.92,-0.22,27,8,15,56
2026-07-07 21:00,A_baseline,4918.61,-1.63,202,8,92,46
2026-07-07 21:00,B_nospikes,4952.04,-0.96,158,8,73,46
2026-07-07 21:00,C_conservative,4963.77,-0.72,144,8,66,46
2026-07-07 21:00,D_contrarian,4905.75,-1.88,41,0,22,54
2026-07-07 21:00,E_moonshot,4984.5,-0.31,27,8,15,56
2026-07-07 21:30,A_baseline,4917.13,-1.66,202,8,92,46
2026-07-07 21:30,B_nospikes,4950.61,-0.99,158,8,73,46
2026-07-07 21:30,C_conservative,4960.97,-0.78,144,8,66,46
2026-07-07 21:30,D_contrarian,4905.75,-1.88,41,0,22,54
2026-07-07 21:30,E_moonshot,4979.11,-0.42,27,8,15,56
2026-07-07 22:00,A_baseline,4918.58,-1.63,202,8,92,46
2026-07-07 22:00,B_nospikes,4952.07,-0.96,158,8,73,46
2026-07-07 22:00,C_conservative,4962.61,-0.75,144,8,66,46
2026-07-07 22:00,D_contrarian,4905.75,-1.88,41,0,22,54
2026-07-07 22:00,E_moonshot,4980.68,-0.39,27,8,15,56
2026-07-07 22:30,A_baseline,4918.38,-1.63,202,8,92,46
2026-07-07 22:30,B_nospikes,4951.86,-0.96,158,8,73,46
2026-07-07 22:30,C_conservative,4962.41,-0.75,144,8,66,46
2026-07-07 22:30,D_contrarian,4905.75,-1.88,41,0,22,54
2026-07-07 22:30,E_moonshot,4981.48,-0.37,27,8,15,56
2026-07-07 23:00,A_baseline,4916.97,-1.66,202,8,92,46
2026-07-07 23:00,B_nospikes,4950.44,-0.99,158,8,73,46
2026-07-07 23:00,C_conservative,4960.99,-0.78,144,8,66,46
2026-07-07 23:00,D_contrarian,4905.75,-1.88,41,0,22,54
2026-07-07 23:00,E_moonshot,4980.71,-0.39,27,8,15,56
2026-07-07 23:30,A_baseline,4916.13,-1.68,202,8,92,46
2026-07-07 23:30,B_nospikes,4949.6,-1.01,158,8,73,46
2026-07-07 23:30,C_conservative,4960.14,-0.8,144,8,66,46
2026-07-07 23:30,D_contrarian,4905.75,-1.88,41,0,22,54
2026-07-07 23:30,E_moonshot,4979.16,-0.42,27,8,15,56
2026-07-08 00:00,A_baseline,4915.12,-1.7,202,8,92,46
2026-07-08 00:00,B_nospikes,4948.57,-1.03,158,8,73,46
2026-07-08 00:00,C_conservative,4959.12,-0.82,144,8,66,46
2026-07-08 00:00,D_contrarian,4905.75,-1.88,41,0,22,54
2026-07-08 00:00,E_moonshot,4978.6,-0.43,28,8,15,54
2026-07-08 00:30,A_baseline,4912.45,-1.75,202,8,92,46
2026-07-08 00:30,B_nospikes,4945.75,-1.08,158,8,73,46
2026-07-08 00:30,C_conservative,4955.47,-0.89,144,8,66,46
2026-07-08 00:30,D_contrarian,4905.75,-1.88,41,0,22,54
2026-07-08 00:30,E_moonshot,4976.04,-0.48,28,8,15,54
2026-07-08 01:00,A_baseline,4913.69,-1.73,202,8,92,46
2026-07-08 01:00,B_nospikes,4947.14,-1.06,158,8,73,46
2026-07-08 01:00,C_conservative,4956.72,-0.87,144,8,66,46
2026-07-08 01:00,D_contrarian,4905.75,-1.88,41,0,22,54
2026-07-08 01:00,E_moonshot,4976.72,-0.47,28,8,15,54
2026-07-08 01:30,A_baseline,4914.53,-1.71,202,8,92,46
2026-07-08 01:30,B_nospikes,4947.97,-1.04,158,8,73,46
2026-07-08 01:30,C_conservative,4958.35,-0.83,144,8,66,46
2026-07-08 01:30,D_contrarian,4905.75,-1.88,41,0,22,54
2026-07-08 01:30,E_moonshot,4977.65,-0.45,28,8,15,54
2026-07-08 02:00,A_baseline,4911.73,-1.77,202,8,92,46
2026-07-08 02:00,B_nospikes,4945.16,-1.1,158,8,73,46
2026-07-08 02:00,C_conservative,4955.54,-0.89,144,8,66,46
2026-07-08 02:00,D_contrarian,4905.75,-1.88,41,0,22,54
2026-07-08 02:00,E_moonshot,4975.29,-0.49,28,8,15,54
2026-07-08 02:30,A_baseline,4906.97,-1.86,202,8,92,46
2026-07-08 02:30,B_nospikes,4941.45,-1.17,159,8,73,46
2026-07-08 02:30,C_conservative,4952.83,-0.94,145,8,66,46
2026-07-08 02:30,D_contrarian,4905.75,-1.88,41,0,22,54
2026-07-08 02:30,E_moonshot,4974.03,-0.52,29,8,15,52
2026-07-08 03:00,A_baseline,4908.7,-1.83,202,8,92,46
2026-07-08 03:00,B_nospikes,4947.29,-1.05,159,8,73,46
2026-07-08 03:00,C_conservative,4958.16,-0.84,146,8,66,45
2026-07-08 03:00,D_contrarian,4905.75,-1.88,41,0,22,54
2026-07-08 03:00,E_moonshot,4973.93,-0.52,29,8,15,52
2026-07-08 03:30,A_baseline,4904.81,-1.9,203,8,92,45
2026-07-08 03:30,B_nospikes,4942.99,-1.14,160,8,73,46
2026-07-08 03:30,C_conservative,4953.13,-0.94,147,8,66,45
2026-07-08 03:30,D_contrarian,4905.75,-1.88,41,0,22,54
2026-07-08 03:30,E_moonshot,4974.48,-0.51,29,8,15,52
2026-07-08 04:00,A_baseline,4896.58,-2.07,204,8,92,45
2026-07-08 04:00,B_nospikes,4926.89,-1.46,162,8,73,45
2026-07-08 04:00,C_conservative,4934.26,-1.31,149,8,66,44
2026-07-08 04:00,D_contrarian,4905.75,-1.88,41,0,22,54
2026-07-08 04:00,E_moonshot,4963.9,-0.72,29,8,15,52
2026-07-08 04:30,A_baseline,4886.86,-2.26,205,8,92,45
2026-07-08 04:30,B_nospikes,4920.13,-1.6,162,8,73,45
2026-07-08 04:30,C_conservative,4926.81,-1.46,149,8,66,44
2026-07-08 04:30,D_contrarian,4905.75,-1.88,41,0,22,54
2026-07-08 04:30,E_moonshot,4955.76,-0.88,29,8,15,52
2026-07-08 05:00,A_baseline,4889.29,-2.21,205,8,92,45
2026-07-08 05:00,B_nospikes,4921.58,-1.57,162,8,73,45
2026-07-08 05:00,C_conservative,4926.62,-1.47,150,8,66,44
2026-07-08 05:00,D_contrarian,4905.75,-1.88,41,0,22,54
2026-07-08 05:00,E_moonshot,4957.02,-0.86,29,8,15,52
2026-07-08 05:30,A_baseline,4894.79,-2.1,206,8,92,45
2026-07-08 05:30,B_nospikes,4927.45,-1.45,163,8,73,45
2026-07-08 05:30,C_conservative,4932.55,-1.35,151,7,66,44
2026-07-08 05:30,D_contrarian,4905.75,-1.88,41,0,22,54
2026-07-08 05:30,E_moonshot,4959.3,-0.81,29,8,15,52
2026-07-08 06:00,A_baseline,4896.18,-2.08,206,8,92,45
2026-07-08 06:00,B_nospikes,4928.22,-1.44,163,8,73,45
2026-07-08 06:00,C_conservative,4934.82,-1.3,151,7,66,44
2026-07-08 06:00,D_contrarian,4905.75,-1.88,41,0,22,54
2026-07-08 06:00,E_moonshot,4958.66,-0.83,30,8,15,50
2026-07-08 06:30,A_baseline,4895.25,-2.09,206,8,92,45
2026-07-08 06:30,B_nospikes,4927.44,-1.45,163,8,73,45
2026-07-08 06:30,C_conservative,4933.53,-1.33,151,8,66,44
2026-07-08 06:30,D_contrarian,4905.75,-1.88,41,0,22,54
2026-07-08 06:30,E_moonshot,4954.7,-0.91,30,8,15,50
2026-07-08 07:00,A_baseline,4894.83,-2.1,206,8,92,45
2026-07-08 07:00,B_nospikes,4929.21,-1.42,163,8,73,45
2026-07-08 07:00,C_conservative,4934.62,-1.31,151,8,66,44
2026-07-08 07:00,D_contrarian,4905.75,-1.88,41,0,22,54
2026-07-08 07:00,E_moonshot,4953.31,-0.93,30,8,15,50
2026-07-08 07:30,A_baseline,4902.55,-1.95,206,8,92,45
2026-07-08 07:30,B_nospikes,4935.92,-1.28,163,8,73,45
2026-07-08 07:30,C_conservative,4941.73,-1.17,151,8,66,44
2026-07-08 07:30,D_contrarian,4905.75,-1.88,41,0,22,54
2026-07-08 07:30,E_moonshot,4953.98,-0.92,30,8,15,50
2026-07-08 08:00,A_baseline,4899.85,-2.0,206,8,92,45
2026-07-08 08:00,B_nospikes,4933.13,-1.34,163,8,73,45
2026-07-08 08:00,C_conservative,4938.86,-1.22,151,8,66,44
2026-07-08 08:00,D_contrarian,4905.75,-1.88,41,0,22,54
2026-07-08 08:00,E_moonshot,4952.13,-0.96,30,8,15,50
2026-07-08 08:30,A_baseline,4895.16,-2.1,208,8,93,45
2026-07-08 08:30,B_nospikes,4928.4,-1.43,165,8,74,45
2026-07-08 08:30,C_conservative,4934.53,-1.31,153,7,67,44
2026-07-08 08:30,D_contrarian,4905.75,-1.88,41,0,22,54
2026-07-08 08:30,E_moonshot,4951.7,-0.97,30,8,15,50
2026-07-08 09:00,A_baseline,4894.49,-2.11,208,8,93,45
2026-07-08 09:00,B_nospikes,4927.59,-1.45,165,8,74,45
2026-07-08 09:00,C_conservative,4933.74,-1.33,153,7,67,44
2026-07-08 09:00,D_contrarian,4905.75,-1.88,41,0,22,54
2026-07-08 09:00,E_moonshot,4951.01,-0.98,30,8,15,50
2026-07-08 09:30,A_baseline,4896.19,-2.08,208,8,93,45
2026-07-08 09:30,B_nospikes,4929.84,-1.4,165,8,74,45
2026-07-08 09:30,C_conservative,4935.72,-1.29,153,7,67,44
2026-07-08 09:30,D_contrarian,4905.75,-1.88,41,0,22,54
2026-07-08 09:30,E_moonshot,4950.99,-0.98,30,8,15,50
2026-07-08 10:00,A_baseline,4894.49,-2.11,208,8,93,45
2026-07-08 10:00,B_nospikes,4928.99,-1.42,165,8,74,45
2026-07-08 10:00,C_conservative,4933.06,-1.34,153,8,67,44
2026-07-08 10:00,D_contrarian,4905.75,-1.88,41,0,22,54
2026-07-08 10:00,E_moonshot,4952.18,-0.96,30,8,15,50
2026-07-08 10:30,A_baseline,4879.91,-2.4,211,8,93,44
2026-07-08 10:30,B_nospikes,4915.19,-1.7,167,8,74,44
2026-07-08 10:30,C_conservative,4918.63,-1.63,155,6,67,43
2026-07-08 10:30,D_contrarian,4905.75,-1.88,41,0,22,54
2026-07-08 10:30,E_moonshot,4947.13,-1.06,30,8,15,50
2026-07-08 11:00,A_baseline,4872.31,-2.55,211,8,93,44
2026-07-08 11:00,B_nospikes,4908.77,-1.82,168,7,74,44
2026-07-08 11:00,C_conservative,4911.26,-1.77,157,4,67,43
2026-07-08 11:00,D_contrarian,4905.75,-1.88,41,0,22,54
2026-07-08 11:00,E_moonshot,4943.39,-1.13,30,8,15,50
2026-07-08 11:30,A_baseline,4871.97,-2.56,211,8,93,44
2026-07-08 11:30,B_nospikes,4908.56,-1.83,168,7,74,44
2026-07-08 11:30,C_conservative,4910.17,-1.8,157,4,67,43
2026-07-08 11:30,D_contrarian,4905.75,-1.88,41,0,22,54
2026-07-08 11:30,E_moonshot,4940.34,-1.19,30,8,15,50
2026-07-08 12:00,A_baseline,4873.81,-2.52,211,8,93,44
2026-07-08 12:00,B_nospikes,4910.19,-1.8,168,8,74,44
2026-07-08 12:00,C_conservative,4911.26,-1.77,157,5,67,43
2026-07-08 12:00,D_contrarian,4905.75,-1.88,41,0,22,54
2026-07-08 12:00,E_moonshot,4942.43,-1.15,30,8,15,50
2026-07-08 12:30,A_baseline,4873.69,-2.53,211,8,93,44
2026-07-08 12:30,B_nospikes,4909.22,-1.82,168,8,74,44
2026-07-08 12:30,C_conservative,4909.6,-1.81,157,7,67,43
2026-07-08 12:30,D_contrarian,4905.75,-1.88,41,0,22,54
2026-07-08 12:30,E_moonshot,4942.78,-1.14,30,8,15,50
2026-07-08 13:00,A_baseline,4874.84,-2.5,211,8,93,44
2026-07-08 13:00,B_nospikes,4910.54,-1.79,168,8,74,44
2026-07-08 13:00,C_conservative,4911.45,-1.77,157,7,67,43
2026-07-08 13:00,D_contrarian,4905.75,-1.88,41,0,22,54
2026-07-08 13:00,E_moonshot,4944.62,-1.11,30,8,15,50
2026-07-08 13:30,A_baseline,4874.44,-2.51,211,8,93,44
2026-07-08 13:30,B_nospikes,4910.23,-1.8,168,8,74,44
2026-07-08 13:30,C_conservative,4910.93,-1.78,157,7,67,43
2026-07-08 13:30,D_contrarian,4905.75,-1.88,41,0,22,54
2026-07-08 13:30,E_moonshot,4943.51,-1.13,30,8,15,50
2026-07-08 14:00,A_baseline,4881.55,-2.37,211,8,93,44
2026-07-08 14:00,B_nospikes,4919.3,-1.61,168,8,74,44
2026-07-08 14:00,C_conservative,4919.45,-1.61,157,7,67,43
2026-07-08 14:00,D_contrarian,4905.75,-1.88,41,0,22,54
2026-07-08 14:00,E_moonshot,4947.13,-1.06,30,8,15,50
2026-07-08 14:30,A_baseline,4880.76,-2.38,211,8,93,44
2026-07-08 14:30,B_nospikes,4917.43,-1.65,168,8,74,44
2026-07-08 14:30,C_conservative,4916.4,-1.67,157,7,67,43
2026-07-08 14:30,D_contrarian,4905.75,-1.88,41,0,22,54
2026-07-08 14:30,E_moonshot,4947.25,-1.06,30,8,15,50
2026-07-08 15:00,A_baseline,4878.13,-2.44,211,8,93,44
2026-07-08 15:00,B_nospikes,4914.97,-1.7,168,8,74,44
2026-07-08 15:00,C_conservative,4912.3,-1.75,157,7,67,43
2026-07-08 15:00,D_contrarian,4905.75,-1.88,41,0,22,54
2026-07-08 15:00,E_moonshot,4946.01,-1.08,30,8,15,50
2026-07-08 15:30,A_baseline,4875.08,-2.5,211,8,93,44
2026-07-08 15:30,B_nospikes,4910.67,-1.79,168,8,74,44
2026-07-08 15:30,C_conservative,4910.11,-1.8,157,7,67,43
2026-07-08 15:30,D_contrarian,4905.75,-1.88,41,0,22,54
2026-07-08 15:30,E_moonshot,4945.47,-1.09,30,8,15,50
2026-07-08 16:00,A_baseline,4875.96,-2.48,211,8,93,44
2026-07-08 16:00,B_nospikes,4912.75,-1.75,168,8,74,44
2026-07-08 16:00,C_conservative,4914.0,-1.72,157,7,67,43
2026-07-08 16:00,D_contrarian,4905.75,-1.88,41,0,22,54
2026-07-08 16:00,E_moonshot,4947.13,-1.06,30,8,15,50
2026-07-08 16:30,A_baseline,4875.39,-2.49,211,8,93,44
2026-07-08 16:30,B_nospikes,4913.32,-1.73,168,8,74,44
2026-07-08 16:30,C_conservative,4915.29,-1.69,157,7,67,43
2026-07-08 16:30,D_contrarian,4905.75,-1.88,41,0,22,54
2026-07-08 16:30,E_moonshot,4945.81,-1.08,30,8,15,50
2026-07-08 17:00,A_baseline,4868.87,-2.62,212,8,93,44
2026-07-08 17:00,B_nospikes,4907.83,-1.84,169,8,74,44
2026-07-08 17:00,C_conservative,4908.17,-1.84,158,6,67,42
2026-07-08 17:00,D_contrarian,4905.75,-1.88,41,0,22,54
2026-07-08 17:00,E_moonshot,4943.28,-1.13,30,8,15,50
2026-07-08 17:30,A_baseline,4867.77,-2.64,212,8,93,44
2026-07-08 17:30,B_nospikes,4906.83,-1.86,169,8,74,44
2026-07-08 17:30,C_conservative,4906.42,-1.87,159,5,67,42
2026-07-08 17:30,D_contrarian,4905.75,-1.88,41,0,22,54
2026-07-08 17:30,E_moonshot,4939.44,-1.21,30,8,15,50
2026-07-08 18:00,A_baseline,4864.58,-2.71,212,8,93,44
2026-07-08 18:00,B_nospikes,4903.49,-1.93,170,7,74,44
2026-07-08 18:00,C_conservative,4903.01,-1.94,159,5,67,42
2026-07-08 18:00,D_contrarian,4905.75,-1.88,41,0,22,54
2026-07-08 18:00,E_moonshot,4939.47,-1.21,30,8,15,50
2026-07-08 18:30,A_baseline,4866.01,-2.68,212,8,93,44
2026-07-08 18:30,B_nospikes,4904.52,-1.91,170,7,74,44
2026-07-08 18:30,C_conservative,4905.94,-1.88,159,5,67,42
2026-07-08 18:30,D_contrarian,4905.75,-1.88,41,0,22,54
2026-07-08 18:30,E_moonshot,4941.91,-1.16,30,8,15,50
2026-07-08 19:00,A_baseline,4868.2,-2.64,212,8,93,44
2026-07-08 19:00,B_nospikes,4906.12,-1.88,170,7,74,44
2026-07-08 19:00,C_conservative,4908.32,-1.83,159,5,67,42
2026-07-08 19:00,D_contrarian,4905.75,-1.88,41,0,22,54
2026-07-08 19:00,E_moonshot,4943.37,-1.13,30,8,15,50
2026-07-08 19:30,A_baseline,4877.24,-2.46,212,8,93,44
2026-07-08 19:30,B_nospikes,4909.76,-1.8,170,8,74,44
2026-07-08 19:30,C_conservative,4912.9,-1.74,159,5,67,42
2026-07-08 19:30,D_contrarian,4905.75,-1.88,41,0,22,54
2026-07-08 19:30,E_moonshot,4944.58,-1.11,30,8,15,50
2026-07-08 20:00,A_baseline,4871.96,-2.56,213,8,93,44
2026-07-08 20:00,B_nospikes,4910.1,-1.8,170,8,74,44
2026-07-08 20:00,C_conservative,4909.79,-1.8,159,5,67,42
2026-07-08 20:00,D_contrarian,4905.75,-1.88,41,0,22,54
2026-07-08 20:00,E_moonshot,4945.16,-1.1,30,8,15,50
2026-07-08 20:30,A_baseline,4874.14,-2.52,213,8,93,44
2026-07-08 20:30,B_nospikes,4912.87,-1.74,170,8,74,44
2026-07-08 20:30,C_conservative,4912.41,-1.75,159,5,67,42
2026-07-08 20:30,D_contrarian,4905.75,-1.88,41,0,22,54
2026-07-08 20:30,E_moonshot,4946.48,-1.07,30,8,15,50
2026-07-08 21:00,A_baseline,4875.41,-2.49,213,8,93,44
2026-07-08 21:00,B_nospikes,4913.65,-1.73,170,8,74,44
2026-07-08 21:00,C_conservative,4911.45,-1.77,159,6,67,42
2026-07-08 21:00,D_contrarian,4905.75,-1.88,41,0,22,54
2026-07-08 21:00,E_moonshot,4945.99,-1.08,30,8,15,50
2026-07-08 21:30,A_baseline,4873.53,-2.53,213,8,93,44
2026-07-08 21:30,B_nospikes,4912.2,-1.76,170,8,74,44
2026-07-08 21:30,C_conservative,4909.3,-1.81,159,6,67,42
2026-07-08 21:30,D_contrarian,4905.75,-1.88,41,0,22,54
2026-07-08 21:30,E_moonshot,4946.49,-1.07,30,8,15,50
2026-07-08 22:00,A_baseline,4872.9,-2.54,213,8,93,44
2026-07-08 22:00,B_nospikes,4911.88,-1.76,170,8,74,44
2026-07-08 22:00,C_conservative,4908.71,-1.83,159,6,67,42
2026-07-08 22:00,D_contrarian,4905.75,-1.88,41,0,22,54
2026-07-08 22:00,E_moonshot,4946.8,-1.06,30,8,15,50
2026-07-08 22:30,A_baseline,4870.75,-2.59,214,7,93,43
2026-07-08 22:30,B_nospikes,4911.17,-1.78,170,8,74,44
2026-07-08 22:30,C_conservative,4907.37,-1.85,159,6,67,42
2026-07-08 22:30,D_contrarian,4905.75,-1.88,41,0,22,54
2026-07-08 22:30,E_moonshot,4947.37,-1.05,30,8,15,50
2026-07-08 23:00,A_baseline,4867.33,-2.65,214,8,93,43
2026-07-08 23:00,B_nospikes,4907.54,-1.85,171,8,74,43
2026-07-08 23:00,C_conservative,4902.41,-1.95,160,6,67,42
2026-07-08 23:00,D_contrarian,4905.75,-1.88,41,0,22,54
2026-07-08 23:00,E_moonshot,4946.46,-1.07,30,8,15,50
2026-07-08 23:30,A_baseline,4864.9,-2.7,214,8,93,43
2026-07-08 23:30,B_nospikes,4904.16,-1.92,171,8,74,43
2026-07-08 23:30,C_conservative,4898.95,-2.02,160,6,67,42
2026-07-08 23:30,D_contrarian,4905.75,-1.88,41,0,22,54
2026-07-08 23:30,E_moonshot,4946.32,-1.07,30,8,15,50
2026-07-09 00:00,A_baseline,4866.75,-2.67,214,8,93,43
2026-07-09 00:00,B_nospikes,4905.38,-1.89,171,8,74,43
2026-07-09 00:00,C_conservative,4900.61,-1.99,160,6,67,42
2026-07-09 00:00,D_contrarian,4905.75,-1.88,41,0,22,54
2026-07-09 00:00,E_moonshot,4948.99,-1.02,30,8,15,50
2026-07-09 00:30,A_baseline,4866.95,-2.66,214,8,93,43
2026-07-09 00:30,B_nospikes,4906.24,-1.88,171,8,74,43
2026-07-09 00:30,C_conservative,4901.53,-1.97,160,6,67,42
2026-07-09 00:30,D_contrarian,4905.75,-1.88,41,0,22,54
2026-07-09 00:30,E_moonshot,4948.92,-1.02,30,8,15,50
2026-07-09 01:00,A_baseline,4867.88,-2.64,214,8,93,43
2026-07-09 01:00,B_nospikes,4907.57,-1.85,171,8,74,43
2026-07-09 01:00,C_conservative,4902.04,-1.96,160,6,67,42
2026-07-09 01:00,D_contrarian,4905.75,-1.88,41,0,22,54
2026-07-09 01:00,E_moonshot,4949.25,-1.02,30,8,15,50
2026-07-09 01:30,A_baseline,4871.47,-2.57,214,8,93,43
2026-07-09 01:30,B_nospikes,4910.98,-1.78,172,8,75,44
2026-07-09 01:30,C_conservative,4906.29,-1.87,160,6,67,42
2026-07-09 01:30,D_contrarian,4905.75,-1.88,41,0,22,54
2026-07-09 01:30,E_moonshot,4949.1,-1.02,30,8,15,50
2026-07-09 02:00,A_baseline,4869.37,-2.61,214,8,93,43
2026-07-09 02:00,B_nospikes,4909.41,-1.81,172,8,75,44
2026-07-09 02:00,C_conservative,4904.34,-1.91,160,6,67,42
2026-07-09 02:00,D_contrarian,4905.75,-1.88,41,0,22,54
2026-07-09 02:00,E_moonshot,4948.62,-1.03,30,8,15,50
2026-07-09 02:30,A_baseline,4868.09,-2.64,214,8,93,43
2026-07-09 02:30,B_nospikes,4907.85,-1.84,172,8,75,44
2026-07-09 02:30,C_conservative,4902.49,-1.95,160,6,67,42
2026-07-09 02:30,D_contrarian,4905.75,-1.88,41,0,22,54
2026-07-09 02:30,E_moonshot,4946.62,-1.07,33,7,15,45
2026-07-09 03:00,A_baseline,4867.84,-2.64,214,8,93,43
2026-07-09 03:00,B_nospikes,4908.04,-1.84,172,8,75,44
2026-07-09 03:00,C_conservative,4904.04,-1.92,160,6,67,42
2026-07-09 03:00,D_contrarian,4905.75,-1.88,41,0,22,54
2026-07-09 03:00,E_moonshot,4946.06,-1.08,33,7,15,45
2026-07-09 03:30,A_baseline,4876.45,-2.47,214,8,93,43
2026-07-09 03:30,B_nospikes,4916.28,-1.67,172,8,75,44
2026-07-09 03:30,C_conservative,4913.77,-1.72,160,6,67,42
2026-07-09 03:30,D_contrarian,4905.75,-1.88,41,0,22,54
2026-07-09 03:30,E_moonshot,4949.97,-1.0,33,8,15,45
2026-07-09 04:00,A_baseline,4871.54,-2.57,214,8,93,43
2026-07-09 04:00,B_nospikes,4912.24,-1.76,172,8,75,44
2026-07-09 04:00,C_conservative,4909.0,-1.82,160,6,67,42
2026-07-09 04:00,D_contrarian,4905.75,-1.88,41,0,22,54
2026-07-09 04:00,E_moonshot,4945.93,-1.08,33,8,15,45
2026-07-09 04:30,A_baseline,4873.23,-2.54,214,8,93,43
2026-07-09 04:30,B_nospikes,4913.01,-1.74,172,8,75,44
2026-07-09 04:30,C_conservative,4909.99,-1.8,160,6,67,42
2026-07-09 04:30,D_contrarian,4905.75,-1.88,41,0,22,54
2026-07-09 04:30,E_moonshot,4945.31,-1.09,33,8,15,45
2026-07-09 05:00,A_baseline,4869.98,-2.6,214,8,93,43
2026-07-09 05:00,B_nospikes,4909.63,-1.81,172,8,75,44
2026-07-09 05:00,C_conservative,4904.58,-1.91,160,7,67,42
2026-07-09 05:00,D_contrarian,4905.75,-1.88,41,0,22,54
2026-07-09 05:00,E_moonshot,4943.16,-1.14,33,8,15,45
2026-07-09 05:30,A_baseline,4870.68,-2.59,214,8,93,43
2026-07-09 05:30,B_nospikes,4910.93,-1.78,172,8,75,44
2026-07-09 05:30,C_conservative,4907.6,-1.85,160,7,67,42
2026-07-09 05:30,D_contrarian,4905.75,-1.88,41,0,22,54
2026-07-09 05:30,E_moonshot,4943.49,-1.13,33,8,15,45
2026-07-09 06:00,A_baseline,4871.05,-2.58,214,8,93,43
2026-07-09 06:00,B_nospikes,4911.06,-1.78,172,8,75,44
2026-07-09 06:00,C_conservative,4907.81,-1.84,160,7,67,42
2026-07-09 06:00,D_contrarian,4905.75,-1.88,41,0,22,54
2026-07-09 06:00,E_moonshot,4943.7,-1.13,33,8,15,45
2026-07-09 06:30,A_baseline,4864.83,-2.7,215,8,93,43
2026-07-09 06:30,B_nospikes,4904.16,-1.92,173,8,75,43
2026-07-09 06:30,C_conservative,4901.4,-1.97,161,6,67,42
2026-07-09 06:30,D_contrarian,4905.75,-1.88,41,0,22,54
2026-07-09 06:30,E_moonshot,4941.53,-1.17,33,8,15,45
2026-07-09 07:00,A_baseline,4866.65,-2.67,215,8,93,43
2026-07-09 07:00,B_nospikes,4906.19,-1.88,173,8,75,43
2026-07-09 07:00,C_conservative,4904.38,-1.91,161,6,67,42
2026-07-09 07:00,D_contrarian,4905.75,-1.88,41,0,22,54
2026-07-09 07:00,E_moonshot,4944.52,-1.11,33,8,15,45
2026-07-09 07:30,A_baseline,4869.51,-2.61,215,8,93,43
2026-07-09 07:30,B_nospikes,4909.05,-1.82,173,8,75,43
2026-07-09 07:30,C_conservative,4905.66,-1.89,162,6,68,42
2026-07-09 07:30,D_contrarian,4905.75,-1.88,41,0,22,54
2026-07-09 07:30,E_moonshot,4948.6,-1.03,33,8,15,45
2026-07-09 08:00,A_baseline,4871.9,-2.56,215,8,93,43
2026-07-09 08:00,B_nospikes,4910.27,-1.79,174,7,76,44
2026-07-09 08:00,C_conservative,4908.26,-1.83,162,6,68,42
2026-07-09 08:00,D_contrarian,4905.75,-1.88,41,0,22,54
2026-07-09 08:00,E_moonshot,4950.93,-0.98,33,8,15,45
2026-07-09 08:30,A_baseline,4874.73,-2.51,215,8,93,43
2026-07-09 08:30,B_nospikes,4912.14,-1.76,174,7,76,44
2026-07-09 08:30,C_conservative,4908.58,-1.83,162,6,68,42
2026-07-09 08:30,D_contrarian,4905.75,-1.88,41,0,22,54
2026-07-09 08:30,E_moonshot,4954.2,-0.92,33,8,15,45
2026-07-09 09:00,A_baseline,4875.09,-2.5,216,8,94,44
2026-07-09 09:00,B_nospikes,4912.94,-1.74,175,7,77,44
2026-07-09 09:00,C_conservative,4910.97,-1.78,162,6,68,42
2026-07-09 09:00,D_contrarian,4905.75,-1.88,41,0,22,54
2026-07-09 09:00,E_moonshot,4957.18,-0.86,33,8,15,45
2026-07-09 09:30,A_baseline,4874.15,-2.52,216,8,94,44
2026-07-09 09:30,B_nospikes,4912.95,-1.74,175,7,77,44
2026-07-09 09:30,C_conservative,4909.79,-1.8,162,6,68,42
2026-07-09 09:30,D_contrarian,4905.75,-1.88,41,0,22,54
2026-07-09 09:30,E_moonshot,4955.88,-0.88,33,8,15,45
2026-07-09 10:00,A_baseline,4874.65,-2.51,216,8,94,44
2026-07-09 10:00,B_nospikes,4912.33,-1.75,175,8,77,44
2026-07-09 10:00,C_conservative,4909.78,-1.8,162,6,68,42
2026-07-09 10:00,D_contrarian,4905.75,-1.88,41,0,22,54
2026-07-09 10:00,E_moonshot,4955.49,-0.89,33,8,15,45
2026-07-09 10:30,A_baseline,4875.25,-2.5,216,8,94,44
2026-07-09 10:30,B_nospikes,4912.33,-1.75,175,8,77,44
2026-07-09 10:30,C_conservative,4910.01,-1.8,162,6,68,42
2026-07-09 10:30,D_contrarian,4905.75,-1.88,41,0,22,54
2026-07-09 10:30,E_moonshot,4955.18,-0.9,33,8,15,45
2026-07-09 11:00,A_baseline,4874.03,-2.52,217,8,95,44
2026-07-09 11:00,B_nospikes,4912.08,-1.76,175,8,77,44
2026-07-09 11:00,C_conservative,4908.96,-1.82,162,6,68,42
2026-07-09 11:00,D_contrarian,4905.75,-1.88,41,0,22,54
2026-07-09 11:00,E_moonshot,4954.53,-0.91,33,8,15,45
2026-07-09 11:30,A_baseline,4870.77,-2.58,217,8,95,44
2026-07-09 11:30,B_nospikes,4910.11,-1.8,175,8,77,44
2026-07-09 11:30,C_conservative,4907.24,-1.86,162,6,68,42
2026-07-09 11:30,D_contrarian,4905.75,-1.88,41,0,22,54
2026-07-09 11:30,E_moonshot,4952.1,-0.96,33,8,15,45
2026-07-09 12:00,A_baseline,4868.78,-2.62,217,8,95,44
2026-07-09 12:00,B_nospikes,4907.04,-1.86,175,8,77,44
2026-07-09 12:00,C_conservative,4905.49,-1.89,162,6,68,42
2026-07-09 12:00,D_contrarian,4905.75,-1.88,41,0,22,54
2026-07-09 12:00,E_moonshot,4950.91,-0.98,33,8,15,45
2026-07-09 12:30,A_baseline,4868.8,-2.62,217,8,95,44
2026-07-09 12:30,B_nospikes,4907.32,-1.85,175,8,77,44
2026-07-09 12:30,C_conservative,4905.92,-1.88,162,6,68,42
2026-07-09 12:30,D_contrarian,4905.75,-1.88,41,0,22,54
2026-07-09 12:30,E_moonshot,4952.87,-0.94,33,8,15,45
2026-07-09 13:00,A_baseline,4868.33,-2.63,217,8,95,44
2026-07-09 13:00,B_nospikes,4907.25,-1.85,175,8,77,44
2026-07-09 13:00,C_conservative,4905.26,-1.89,162,6,68,42
2026-07-09 13:00,D_contrarian,4905.75,-1.88,41,0,22,54
2026-07-09 13:00,E_moonshot,4950.56,-0.99,33,8,15,45
2026-07-09 13:30,A_baseline,4867.23,-2.66,217,8,95,44
2026-07-09 13:30,B_nospikes,4907.25,-1.85,175,8,77,44
2026-07-09 13:30,C_conservative,4904.06,-1.92,162,6,68,42
2026-07-09 13:30,D_contrarian,4905.75,-1.88,41,0,22,54
2026-07-09 13:30,E_moonshot,4950.76,-0.98,33,8,15,45
2026-07-09 14:00,A_baseline,4872.84,-2.54,217,8,95,44
2026-07-09 14:00,B_nospikes,4911.7,-1.77,175,8,77,44
2026-07-09 14:00,C_conservative,4906.42,-1.87,162,6,68,42
2026-07-09 14:00,D_contrarian,4905.75,-1.88,41,0,22,54
2026-07-09 14:00,E_moonshot,4950.95,-0.98,33,8,15,45
2026-07-09 14:30,A_baseline,4875.75,-2.48,217,8,95,44
2026-07-09 14:30,B_nospikes,4914.31,-1.71,175,8,77,44
2026-07-09 14:30,C_conservative,4909.54,-1.81,162,6,68,42
2026-07-09 14:30,D_contrarian,4905.75,-1.88,41,0,22,54
2026-07-09 14:30,E_moonshot,4949.48,-1.01,33,8,15,45
2026-07-09 15:00,A_baseline,4886.39,-2.27,217,8,95,44
2026-07-09 15:00,B_nospikes,4924.42,-1.51,175,8,77,44
2026-07-09 15:00,C_conservative,4920.86,-1.58,162,6,68,42
2026-07-09 15:00,D_contrarian,4905.75,-1.88,41,0,22,54
2026-07-09 15:00,E_moonshot,4961.94,-0.76,33,8,15,45
2026-07-09 15:30,A_baseline,4884.41,-2.31,217,8,95,44
2026-07-09 15:30,B_nospikes,4922.61,-1.55,175,8,77,44
2026-07-09 15:30,C_conservative,4918.05,-1.64,162,6,68,42
2026-07-09 15:30,D_contrarian,4905.75,-1.88,41,0,22,54
2026-07-09 15:30,E_moonshot,4961.19,-0.78,33,8,15,45
2026-07-09 16:00,A_baseline,4887.01,-2.26,217,8,95,44
2026-07-09 16:00,B_nospikes,4924.23,-1.52,175,8,77,44
2026-07-09 16:00,C_conservative,4920.1,-1.6,162,6,68,42
2026-07-09 16:00,D_contrarian,4905.75,-1.88,41,0,22,54
2026-07-09 16:00,E_moonshot,4963.83,-0.72,33,8,15,45
2026-07-09 16:30,A_baseline,4882.15,-2.36,218,8,96,44
2026-07-09 16:30,B_nospikes,4918.89,-1.62,176,8,78,44
2026-07-09 16:30,C_conservative,4914.54,-1.71,163,6,69,42
2026-07-09 16:30,D_contrarian,4905.75,-1.88,41,0,22,54
2026-07-09 16:30,E_moonshot,4958.75,-0.82,33,8,15,45
2026-07-09 17:00,A_baseline,4882.64,-2.35,218,8,96,44
2026-07-09 17:00,B_nospikes,4919.79,-1.6,176,8,78,44
2026-07-09 17:00,C_conservative,4915.44,-1.69,163,6,69,42
2026-07-09 17:00,D_contrarian,4905.75,-1.88,41,0,22,54
2026-07-09 17:00,E_moonshot,4959.22,-0.82,33,8,15,45
2026-07-09 17:30,A_baseline,4882.49,-2.35,218,8,96,44
2026-07-09 17:30,B_nospikes,4918.95,-1.62,176,8,78,44
2026-07-09 17:30,C_conservative,4914.97,-1.7,163,6,69,42
2026-07-09 17:30,D_contrarian,4905.75,-1.88,41,0,22,54
2026-07-09 17:30,E_moonshot,4958.82,-0.82,33,8,15,45
2026-07-09 18:00,A_baseline,4883.7,-2.33,218,8,96,44
2026-07-09 18:00,B_nospikes,4920.51,-1.59,176,8,78,44
2026-07-09 18:00,C_conservative,4915.54,-1.69,163,6,69,42
2026-07-09 18:00,D_contrarian,4905.75,-1.88,41,0,22,54
2026-07-09 18:00,E_moonshot,4959.28,-0.81,33,8,15,45
2026-07-09 18:30,A_baseline,4882.19,-2.36,218,8,96,44
2026-07-09 18:30,B_nospikes,4919.55,-1.61,176,8,78,44
2026-07-09 18:30,C_conservative,4913.8,-1.72,163,6,69,42
2026-07-09 18:30,D_contrarian,4905.75,-1.88,41,0,22,54
2026-07-09 18:30,E_moonshot,4957.99,-0.84,33,8,15,45
2026-07-09 19:00,A_baseline,4878.1,-2.44,218,8,96,44
2026-07-09 19:00,B_nospikes,4914.63,-1.71,176,8,78,44
2026-07-09 19:00,C_conservative,4910.33,-1.79,163,6,69,42
2026-07-09 19:00,D_contrarian,4905.75,-1.88,41,0,22,54
2026-07-09 19:00,E_moonshot,4955.82,-0.88,33,8,15,45
2026-07-09 19:30,A_baseline,4876.12,-2.48,218,8,96,44
2026-07-09 19:30,B_nospikes,4913.07,-1.74,176,8,78,44
2026-07-09 19:30,C_conservative,4909.57,-1.81,163,6,69,42
2026-07-09 19:30,D_contrarian,4905.75,-1.88,41,0,22,54
2026-07-09 19:30,E_moonshot,4955.38,-0.89,33,8,15,45
2026-07-09 20:00,A_baseline,4888.35,-2.23,218,8,96,44
2026-07-09 20:00,B_nospikes,4925.02,-1.5,176,8,78,44
2026-07-09 20:00,C_conservative,4923.43,-1.53,163,7,69,42
2026-07-09 20:00,D_contrarian,4905.75,-1.88,41,0,22,54
2026-07-09 20:00,E_moonshot,4964.83,-0.7,33,8,15,45
2026-07-09 20:30,A_baseline,4894.73,-2.11,218,8,96,44
2026-07-09 20:30,B_nospikes,4931.43,-1.37,176,8,78,44
2026-07-09 20:30,C_conservative,4928.92,-1.42,163,7,69,42
2026-07-09 20:30,D_contrarian,4905.75,-1.88,41,0,22,54
2026-07-09 20:30,E_moonshot,4968.99,-0.62,33,8,15,45
2026-07-09 21:00,A_baseline,4894.32,-2.11,218,8,96,44
2026-07-09 21:00,B_nospikes,4931.28,-1.37,176,8,78,44
2026-07-09 21:00,C_conservative,4929.15,-1.42,163,7,69,42
2026-07-09 21:00,D_contrarian,4905.75,-1.88,41,0,22,54
2026-07-09 21:00,E_moonshot,4968.86,-0.62,33,8,15,45
2026-07-09 21:30,A_baseline,4892.78,-2.14,218,8,96,44
2026-07-09 21:30,B_nospikes,4931.28,-1.37,176,8,78,44
2026-07-09 21:30,C_conservative,4927.58,-1.45,163,7,69,42
2026-07-09 21:30,D_contrarian,4905.75,-1.88,41,0,22,54
2026-07-09 21:30,E_moonshot,4968.2,-0.64,33,8,15,45
2026-07-09 22:00,A_baseline,4894.75,-2.1,218,8,96,44
2026-07-09 22:00,B_nospikes,4931.56,-1.37,176,8,78,44
2026-07-09 22:00,C_conservative,4929.45,-1.41,163,8,69,42
2026-07-09 22:00,D_contrarian,4905.75,-1.88,41,0,22,54
2026-07-09 22:00,E_moonshot,4966.98,-0.66,33,8,15,45
2026-07-09 22:30,A_baseline,4895.72,-2.09,218,8,96,44
2026-07-09 22:30,B_nospikes,4931.99,-1.36,176,8,78,44
2026-07-09 22:30,C_conservative,4929.6,-1.41,163,8,69,42
2026-07-09 22:30,D_contrarian,4905.75,-1.88,41,0,22,54
2026-07-09 22:30,E_moonshot,4966.58,-0.67,33,8,15,45
2026-07-09 23:00,A_baseline,4894.87,-2.1,218,8,96,44
2026-07-09 23:00,B_nospikes,4932.63,-1.35,176,8,78,44
2026-07-09 23:00,C_conservative,4930.06,-1.4,163,8,69,42
2026-07-09 23:00,D_contrarian,4905.75,-1.88,41,0,22,54
2026-07-09 23:00,E_moonshot,4967.74,-0.65,33,8,15,45
2026-07-09 23:30,A_baseline,4893.73,-2.13,218,8,96,44
2026-07-09 23:30,B_nospikes,4930.96,-1.38,176,8,78,44
2026-07-09 23:30,C_conservative,4929.39,-1.41,163,8,69,42
2026-07-09 23:30,D_contrarian,4905.75,-1.88,41,0,22,54
2026-07-09 23:30,E_moonshot,4969.66,-0.61,33,8,15,45
2026-07-10 00:00,A_baseline,4894.09,-2.12,218,8,96,44
2026-07-10 00:00,B_nospikes,4931.54,-1.37,176,8,78,44
2026-07-10 00:00,C_conservative,4929.58,-1.41,163,8,69,42
2026-07-10 00:00,D_contrarian,4905.75,-1.88,41,0,22,54
2026-07-10 00:00,E_moonshot,4969.74,-0.61,33,8,15,45
2026-07-10 00:30,A_baseline,4895.72,-2.09,218,8,96,44
2026-07-10 00:30,B_nospikes,4933.55,-1.33,176,8,78,44
2026-07-10 00:30,C_conservative,4931.65,-1.37,163,8,69,42
2026-07-10 00:30,D_contrarian,4905.75,-1.88,41,0,22,54
2026-07-10 00:30,E_moonshot,4970.65,-0.59,33,8,15,45
2026-07-10 01:00,A_baseline,4894.46,-2.11,218,8,96,44
2026-07-10 01:00,B_nospikes,4931.54,-1.37,177,8,79,45
2026-07-10 01:00,C_conservative,4929.0,-1.42,164,8,70,43
2026-07-10 01:00,D_contrarian,4905.75,-1.88,41,0,22,54
2026-07-10 01:00,E_moonshot,4969.82,-0.6,33,8,15,45
2026-07-10 01:30,A_baseline,4894.84,-2.1,218,8,96,44
2026-07-10 01:30,B_nospikes,4930.9,-1.38,177,8,79,45
2026-07-10 01:30,C_conservative,4928.64,-1.43,164,8,70,43
2026-07-10 01:30,D_contrarian,4905.75,-1.88,41,0,22,54
2026-07-10 01:30,E_moonshot,4969.97,-0.6,33,8,15,45
2026-07-10 02:00,A_baseline,4895.15,-2.1,218,8,96,44
2026-07-10 02:00,B_nospikes,4931.43,-1.37,177,8,79,45
2026-07-10 02:00,C_conservative,4928.87,-1.42,164,8,70,43
2026-07-10 02:00,D_contrarian,4905.75,-1.88,41,0,22,54
2026-07-10 02:00,E_moonshot,4969.05,-0.62,33,8,15,45
2026-07-10 02:30,A_baseline,4892.87,-2.14,218,8,96,44
2026-07-10 02:30,B_nospikes,4930.2,-1.4,177,8,79,45
2026-07-10 02:30,C_conservative,4926.13,-1.48,164,8,70,43
2026-07-10 02:30,D_contrarian,4904.03,-1.92,41,1,22,54
2026-07-10 02:30,E_moonshot,4967.75,-0.65,35,7,15,43
2026-07-10 03:00,A_baseline,4893.02,-2.14,218,8,96,44
2026-07-10 03:00,B_nospikes,4929.43,-1.41,177,8,79,45
2026-07-10 03:00,C_conservative,4925.71,-1.49,164,8,70,43
2026-07-10 03:00,D_contrarian,4904.34,-1.91,41,1,22,54
2026-07-10 03:00,E_moonshot,4967.77,-0.64,35,7,15,43
2026-07-10 03:30,A_baseline,4893.91,-2.12,218,8,96,44
2026-07-10 03:30,B_nospikes,4930.87,-1.38,177,8,79,45
2026-07-10 03:30,C_conservative,4929.69,-1.41,164,8,70,43
2026-07-10 03:30,D_contrarian,4905.24,-1.9,41,1,22,54
2026-07-10 03:30,E_moonshot,4969.96,-0.6,35,7,15,43
2026-07-10 04:00,A_baseline,4904.59,-1.91,218,8,96,44
2026-07-10 04:00,B_nospikes,4941.48,-1.17,178,8,80,45
2026-07-10 04:00,C_conservative,4939.51,-1.21,165,8,71,43
2026-07-10 04:00,D_contrarian,4907.72,-1.85,41,1,22,54
2026-07-10 04:00,E_moonshot,4978.01,-0.44,35,7,15,43
2026-07-10 04:30,A_baseline,4904.24,-1.92,219,8,97,44
2026-07-10 04:30,B_nospikes,4941.19,-1.18,178,8,80,45
2026-07-10 04:30,C_conservative,4939.52,-1.21,165,8,71,43
2026-07-10 04:30,D_contrarian,4907.02,-1.86,41,1,22,54
2026-07-10 04:30,E_moonshot,4976.53,-0.47,35,7,15,43
2026-07-10 05:00,A_baseline,4903.57,-1.93,219,8,97,44
2026-07-10 05:00,B_nospikes,4940.89,-1.18,178,8,80,45
2026-07-10 05:00,C_conservative,4940.19,-1.2,166,7,72,43
2026-07-10 05:00,D_contrarian,4907.02,-1.86,41,1,22,54
2026-07-10 05:00,E_moonshot,4976.32,-0.47,35,7,15,43
2026-07-10 05:30,A_baseline,4904.36,-1.91,219,8,97,44
2026-07-10 05:30,B_nospikes,4941.08,-1.18,179,7,80,45
2026-07-10 05:30,C_conservative,4939.8,-1.2,166,8,72,43
2026-07-10 05:30,D_contrarian,4907.02,-1.86,41,1,22,54
2026-07-10 05:30,E_moonshot,4976.29,-0.47,35,7,15,43
2026-07-10 06:00,A_baseline,4904.85,-1.9,219,8,97,44
2026-07-10 06:00,B_nospikes,4941.18,-1.18,179,8,80,45
2026-07-10 06:00,C_conservative,4940.69,-1.19,166,8,72,43
2026-07-10 06:00,D_contrarian,4907.02,-1.86,41,1,22,54
2026-07-10 06:00,E_moonshot,4977.09,-0.46,35,7,15,43
2026-07-10 06:30,A_baseline,4903.45,-1.93,219,8,97,44
2026-07-10 06:30,B_nospikes,4940.85,-1.18,179,8,80,45
2026-07-10 06:30,C_conservative,4939.89,-1.2,166,8,72,43
2026-07-10 06:30,D_contrarian,4909.25,-1.81,41,1,22,54
2026-07-10 06:30,E_moonshot,4976.4,-0.47,35,7,15,43
2026-07-10 07:00,A_baseline,4903.54,-1.93,220,7,98,45
2026-07-10 07:00,B_nospikes,4940.48,-1.19,179,8,80,45
2026-07-10 07:00,C_conservative,4940.38,-1.19,166,8,72,43
2026-07-10 07:00,D_contrarian,4908.56,-1.83,41,1,22,54
2026-07-10 07:00,E_moonshot,4977.09,-0.46,35,7,15,43
2026-07-10 07:30,A_baseline,4903.28,-1.93,220,8,98,45
2026-07-10 07:30,B_nospikes,4939.86,-1.2,179,8,80,45
2026-07-10 07:30,C_conservative,4940.11,-1.2,166,8,72,43
2026-07-10 07:30,D_contrarian,4907.43,-1.85,41,1,22,54
2026-07-10 07:30,E_moonshot,4979.04,-0.42,35,7,15,43
2026-07-10 08:00,A_baseline,4902.7,-1.95,220,8,98,45
2026-07-10 08:00,B_nospikes,4939.06,-1.22,179,8,80,45
2026-07-10 08:00,C_conservative,4939.54,-1.21,166,8,72,43
2026-07-10 08:00,D_contrarian,4907.43,-1.85,41,1,22,54
2026-07-10 08:00,E_moonshot,4979.86,-0.4,35,7,15,43
2026-07-10 08:30,A_baseline,4899.34,-2.01,221,8,99,45
2026-07-10 08:30,B_nospikes,4937.58,-1.25,179,8,80,45
2026-07-10 08:30,C_conservative,4936.81,-1.26,166,8,72,43
2026-07-10 08:30,D_contrarian,4907.58,-1.85,41,1,22,54
2026-07-10 08:30,E_moonshot,4976.11,-0.48,35,7,15,43
2026-07-10 09:00,A_baseline,4904.04,-1.92,222,8,100,45
2026-07-10 09:00,B_nospikes,4942.42,-1.15,180,8,81,45
2026-07-10 09:00,C_conservative,4942.48,-1.15,166,8,72,43
2026-07-10 09:00,D_contrarian,4907.58,-1.85,41,1,22,54
2026-07-10 09:00,E_moonshot,4978.74,-0.43,35,7,15,43
2026-07-10 09:30,A_baseline,4907.11,-1.86,222,8,100,45
2026-07-10 09:30,B_nospikes,4944.12,-1.12,180,8,81,45
2026-07-10 09:30,C_conservative,4945.24,-1.1,166,8,72,43
2026-07-10 09:30,D_contrarian,4907.58,-1.85,41,1,22,54
2026-07-10 09:30,E_moonshot,4982.8,-0.34,35,7,15,43
2026-07-10 10:00,A_baseline,4907.39,-1.85,222,8,100,45
2026-07-10 10:00,B_nospikes,4944.11,-1.12,180,8,81,45
2026-07-10 10:00,C_conservative,4945.31,-1.09,166,8,72,43
2026-07-10 10:00,D_contrarian,4907.58,-1.85,41,1,22,54
2026-07-10 10:00,E_moonshot,4981.37,-0.37,35,7,15,43
2026-07-10 10:30,A_baseline,4908.82,-1.82,223,8,101,45
2026-07-10 10:30,B_nospikes,4944.88,-1.1,181,8,82,45
2026-07-10 10:30,C_conservative,4948.15,-1.04,168,6,74,44
2026-07-10 10:30,D_contrarian,4905.57,-1.89,42,1,23,55
2026-07-10 10:30,E_moonshot,4984.28,-0.31,35,7,15,43
2026-07-10 11:00,A_baseline,4908.88,-1.82,223,8,101,45
2026-07-10 11:00,B_nospikes,4945.04,-1.1,181,8,82,45
2026-07-10 11:00,C_conservative,4948.25,-1.04,168,6,74,44
2026-07-10 11:00,D_contrarian,4905.57,-1.89,42,1,23,55
2026-07-10 11:00,E_moonshot,4984.09,-0.32,35,7,15,43
2026-07-10 11:30,A_baseline,4909.47,-1.81,223,8,101,45
2026-07-10 11:30,B_nospikes,4944.28,-1.11,181,8,82,45
2026-07-10 11:30,C_conservative,4948.89,-1.02,168,6,74,44
2026-07-10 11:30,D_contrarian,4903.89,-1.92,42,1,23,55
2026-07-10 11:30,E_moonshot,4984.46,-0.31,35,7,15,43
2026-07-10 12:00,A_baseline,4912.43,-1.75,223,8,101,45
2026-07-10 12:00,B_nospikes,4948.88,-1.02,181,8,82,45
2026-07-10 12:00,C_conservative,4950.91,-0.98,168,6,74,44
2026-07-10 12:00,D_contrarian,4903.89,-1.92,42,1,23,55
2026-07-10 12:00,E_moonshot,4989.72,-0.21,35,7,15,43
2026-07-10 12:30,A_baseline,4914.43,-1.71,223,8,101,45
2026-07-10 12:30,B_nospikes,4951.76,-0.96,181,8,82,45
2026-07-10 12:30,C_conservative,4953.43,-0.93,168,6,74,44
2026-07-10 12:30,D_contrarian,4905.05,-1.9,42,1,23,55
2026-07-10 12:30,E_moonshot,4991.65,-0.17,35,8,15,43
2026-07-10 13:00,A_baseline,4914.38,-1.71,223,8,101,45
2026-07-10 13:00,B_nospikes,4952.58,-0.95,181,8,82,45
2026-07-10 13:00,C_conservative,4953.29,-0.93,168,7,74,44
2026-07-10 13:00,D_contrarian,4905.05,-1.9,42,1,23,55
2026-07-10 13:00,E_moonshot,4990.89,-0.18,35,8,15,43
2026-07-10 13:30,A_baseline,4913.55,-1.73,223,8,101,45
2026-07-10 13:30,B_nospikes,4950.99,-0.98,181,8,82,45
2026-07-10 13:30,C_conservative,4951.62,-0.97,168,7,74,44
2026-07-10 13:30,D_contrarian,4905.05,-1.9,42,1,23,55
2026-07-10 13:30,E_moonshot,4990.23,-0.2,35,8,15,43
2026-07-10 14:00,A_baseline,4913.66,-1.73,223,8,101,45
2026-07-10 14:00,B_nospikes,4950.99,-0.98,181,8,82,45
2026-07-10 14:00,C_conservative,4951.78,-0.96,168,7,74,44
2026-07-10 14:00,D_contrarian,4905.05,-1.9,42,1,23,55
2026-07-10 14:00,E_moonshot,4990.58,-0.19,35,8,15,43
2026-07-10 14:30,A_baseline,4912.11,-1.76,224,8,102,46
2026-07-10 14:30,B_nospikes,4950.69,-0.99,182,8,83,46
2026-07-10 14:30,C_conservative,4950.59,-0.99,169,8,75,44
2026-07-10 14:30,D_contrarian,4905.05,-1.9,42,1,23,55
2026-07-10 14:30,E_moonshot,4990.86,-0.18,35,8,15,43
2026-07-10 15:00,A_baseline,4911.15,-1.78,224,8,102,46
2026-07-10 15:00,B_nospikes,4948.86,-1.02,182,8,83,46
2026-07-10 15:00,C_conservative,4947.79,-1.04,169,8,75,44
2026-07-10 15:00,D_contrarian,4905.05,-1.9,42,1,23,55
2026-07-10 15:00,E_moonshot,4990.69,-0.19,35,8,15,43
2026-07-10 15:30,A_baseline,4910.57,-1.79,224,8,102,46
2026-07-10 15:30,B_nospikes,4948.48,-1.03,182,8,83,46
2026-07-10 15:30,C_conservative,4947.74,-1.05,169,8,75,44
2026-07-10 15:30,D_contrarian,4905.05,-1.9,42,1,23,55
2026-07-10 15:30,E_moonshot,4990.32,-0.19,35,8,15,43
2026-07-10 16:00,A_baseline,4912.27,-1.75,224,8,102,46
2026-07-10 16:00,B_nospikes,4950.65,-0.99,182,8,83,46
2026-07-10 16:00,C_conservative,4950.83,-0.98,169,8,75,44
2026-07-10 16:00,D_contrarian,4905.05,-1.9,42,1,23,55
2026-07-10 16:00,E_moonshot,4991.32,-0.17,35,8,15,43
2026-07-10 16:30,A_baseline,4903.1,-1.94,225,8,103,46
2026-07-10 16:30,B_nospikes,4942.03,-1.16,183,8,84,46
2026-07-10 16:30,C_conservative,4939.98,-1.2,170,8,76,45
2026-07-10 16:30,D_contrarian,4905.05,-1.9,42,1,23,55
2026-07-10 16:30,E_moonshot,4980.43,-0.39,35,8,15,43
2026-07-10 17:00,A_baseline,4898.59,-2.03,226,8,103,46
2026-07-10 17:00,B_nospikes,4935.93,-1.28,184,7,84,46
2026-07-10 17:00,C_conservative,4936.12,-1.28,170,8,76,45
2026-07-10 17:00,D_contrarian,4902.94,-1.94,42,1,23,55
2026-07-10 17:00,E_moonshot,4978.94,-0.42,35,8,15,43
2026-07-10 17:30,A_baseline,4900.75,-1.98,227,8,104,46
2026-07-10 17:30,B_nospikes,4937.22,-1.26,185,6,85,46
2026-07-10 17:30,C_conservative,4937.65,-1.25,170,8,76,45
2026-07-10 17:30,D_contrarian,4903.07,-1.94,42,1,23,55
2026-07-10 17:30,E_moonshot,4980.55,-0.39,35,8,15,43
2026-07-10 18:00,A_baseline,4900.52,-1.99,227,8,104,46
2026-07-10 18:00,B_nospikes,4937.92,-1.24,185,7,85,46
2026-07-10 18:00,C_conservative,4937.27,-1.25,170,8,76,45
2026-07-10 18:00,D_contrarian,4903.07,-1.94,42,1,23,55
2026-07-10 18:00,E_moonshot,4980.1,-0.4,35,8,15,43
2026-07-10 18:30,A_baseline,4902.44,-1.95,227,8,104,46
2026-07-10 18:30,B_nospikes,4938.05,-1.24,185,7,85,46
2026-07-10 18:30,C_conservative,4937.77,-1.24,170,8,76,45
2026-07-10 18:30,D_contrarian,4903.07,-1.94,42,1,23,55
2026-07-10 18:30,E_moonshot,4979.86,-0.4,35,8,15,43
2026-07-10 19:00,A_baseline,4901.5,-1.97,227,8,104,46
2026-07-10 19:00,B_nospikes,4940.3,-1.19,185,7,85,46
2026-07-10 19:00,C_conservative,4940.11,-1.2,170,8,76,45
2026-07-10 19:00,D_contrarian,4903.07,-1.94,42,1,23,55
2026-07-10 19:00,E_moonshot,4980.17,-0.4,35,8,15,43
2026-07-10 19:30,A_baseline,4901.45,-1.97,228,8,104,46
2026-07-10 19:30,B_nospikes,4940.31,-1.19,185,7,85,46
2026-07-10 19:30,C_conservative,4939.66,-1.21,170,8,76,45
2026-07-10 19:30,D_contrarian,4905.59,-1.89,42,1,23,55
2026-07-10 19:30,E_moonshot,4979.33,-0.41,35,8,15,43
2026-07-10 20:00,A_baseline,4901.48,-1.97,228,8,104,46
2026-07-10 20:00,B_nospikes,4939.32,-1.21,185,7,85,46
2026-07-10 20:00,C_conservative,4938.34,-1.23,170,8,76,45
2026-07-10 20:00,D_contrarian,4905.59,-1.89,42,1,23,55
2026-07-10 20:00,E_moonshot,4978.4,-0.43,35,8,15,43
2026-07-10 20:30,A_baseline,4902.7,-1.95,228,8,104,46
2026-07-10 20:30,B_nospikes,4940.61,-1.19,185,7,85,46
2026-07-10 20:30,C_conservative,4939.56,-1.21,170,8,76,45
2026-07-10 20:30,D_contrarian,4905.59,-1.89,42,1,23,55
2026-07-10 20:30,E_moonshot,4978.99,-0.42,35,8,15,43
2026-07-10 21:00,A_baseline,4899.09,-2.02,228,8,104,46
2026-07-10 21:00,B_nospikes,4935.99,-1.28,186,7,86,46
2026-07-10 21:00,C_conservative,4935.95,-1.28,170,8,76,45
2026-07-10 21:00,D_contrarian,4905.59,-1.89,42,1,23,55
2026-07-10 21:00,E_moonshot,4976.75,-0.46,35,8,15,43
2026-07-10 21:30,A_baseline,4899.81,-2.0,228,8,104,46
2026-07-10 21:30,B_nospikes,4937.31,-1.25,186,8,86,46
2026-07-10 21:30,C_conservative,4937.5,-1.25,170,8,76,45
2026-07-10 21:30,D_contrarian,4904.71,-1.91,42,1,23,55
2026-07-10 21:30,E_moonshot,4979.04,-0.42,35,8,15,43
2026-07-10 22:00,A_baseline,4905.07,-1.9,228,8,104,46
2026-07-10 22:00,B_nospikes,4939.81,-1.2,186,8,86,46
2026-07-10 22:00,C_conservative,4939.57,-1.21,170,8,76,45
2026-07-10 22:00,D_contrarian,4904.71,-1.91,42,1,23,55
2026-07-10 22:00,E_moonshot,4981.11,-0.38,35,8,15,43
2026-07-10 22:30,A_baseline,4905.16,-1.9,228,8,104,46
2026-07-10 22:30,B_nospikes,4939.8,-1.2,186,8,86,46
2026-07-10 22:30,C_conservative,4940.46,-1.19,170,8,76,45
2026-07-10 22:30,D_contrarian,4903.35,-1.93,42,1,23,55
2026-07-10 22:30,E_moonshot,4979.98,-0.4,35,8,15,43
2026-07-10 23:00,A_baseline,4905.16,-1.9,228,8,104,46
2026-07-10 23:00,B_nospikes,4939.82,-1.2,186,8,86,46
2026-07-10 23:00,C_conservative,4939.71,-1.21,170,8,76,45
2026-07-10 23:00,D_contrarian,4903.35,-1.93,42,1,23,55
2026-07-10 23:00,E_moonshot,4979.39,-0.41,35,8,15,43
2026-07-10 23:30,A_baseline,4905.16,-1.9,228,8,104,46
2026-07-10 23:30,B_nospikes,4940.15,-1.2,186,8,86,46
2026-07-10 23:30,C_conservative,4940.49,-1.19,170,8,76,45
2026-07-10 23:30,D_contrarian,4903.42,-1.93,42,1,23,55
2026-07-10 23:30,E_moonshot,4980.28,-0.39,35,8,15,43
2026-07-11 00:00,A_baseline,4905.02,-1.9,228,8,104,46
2026-07-11 00:00,B_nospikes,4941.34,-1.17,186,8,86,46
2026-07-11 00:00,C_conservative,4941.57,-1.17,170,8,76,45
2026-07-11 00:00,D_contrarian,4903.42,-1.93,42,1,23,55
2026-07-11 00:00,E_moonshot,4982.86,-0.34,35,8,15,43
2026-07-11 00:30,A_baseline,4905.52,-1.89,228,8,104,46
2026-07-11 00:30,B_nospikes,4942.43,-1.15,186,8,86,46
2026-07-11 00:30,C_conservative,4943.48,-1.13,170,8,76,45
2026-07-11 00:30,D_contrarian,4903.42,-1.93,42,1,23,55
2026-07-11 00:30,E_moonshot,4983.13,-0.34,36,8,16,44
2026-07-11 01:00,A_baseline,4905.25,-1.9,228,8,104,46
2026-07-11 01:00,B_nospikes,4942.51,-1.15,186,8,86,46
2026-07-11 01:00,C_conservative,4943.16,-1.14,170,8,76,45
2026-07-11 01:00,D_contrarian,4903.42,-1.93,42,1,23,55
2026-07-11 01:00,E_moonshot,4989.84,-0.2,36,8,16,44
2026-07-11 01:30,A_baseline,4902.65,-1.95,228,8,104,46
2026-07-11 01:30,B_nospikes,4941.36,-1.17,186,8,86,46
2026-07-11 01:30,C_conservative,4942.04,-1.16,170,8,76,45
2026-07-11 01:30,D_contrarian,4903.42,-1.93,42,1,23,55
2026-07-11 01:30,E_moonshot,4988.63,-0.23,36,8,16,44
2026-07-11 02:00,A_baseline,4902.41,-1.95,228,8,104,46
2026-07-11 02:00,B_nospikes,4941.03,-1.18,186,8,86,46
2026-07-11 02:00,C_conservative,4939.82,-1.2,170,8,76,45
2026-07-11 02:00,D_contrarian,4903.42,-1.93,42,1,23,55
2026-07-11 02:00,E_moonshot,4987.92,-0.24,36,8,16,44
2026-07-11 02:30,A_baseline,4905.3,-1.89,229,8,105,46
2026-07-11 02:30,B_nospikes,4941.93,-1.16,187,8,87,47
2026-07-11 02:30,C_conservative,4943.16,-1.14,172,8,78,45
2026-07-11 02:30,D_contrarian,4910.17,-1.8,43,2,24,56
2026-07-11 02:30,E_moonshot,4985.21,-0.3,37,7,16,43
2026-07-11 03:00,A_baseline,4903.18,-1.94,230,8,105,46
2026-07-11 03:00,B_nospikes,4943.78,-1.12,188,8,88,47
2026-07-11 03:00,C_conservative,4945.13,-1.1,172,8,78,45
2026-07-11 03:00,D_contrarian,4909.31,-1.81,43,2,24,56
2026-07-11 03:00,E_moonshot,4983.87,-0.32,37,7,16,43
2026-07-11 03:30,A_baseline,4903.95,-1.92,230,8,105,46
2026-07-11 03:30,B_nospikes,4944.75,-1.1,188,8,88,47
2026-07-11 03:30,C_conservative,4945.37,-1.09,172,8,78,45
2026-07-11 03:30,D_contrarian,4909.77,-1.8,43,2,24,56
2026-07-11 03:30,E_moonshot,4984.88,-0.3,37,7,16,43
2026-07-11 04:00,A_baseline,4904.45,-1.91,230,8,105,46
2026-07-11 04:00,B_nospikes,4943.14,-1.14,188,8,88,47
2026-07-11 04:00,C_conservative,4943.61,-1.13,172,8,78,45
2026-07-11 04:00,D_contrarian,4909.77,-1.8,43,2,24,56
2026-07-11 04:00,E_moonshot,4983.94,-0.32,37,7,16,43
2026-07-11 04:30,A_baseline,4904.04,-1.92,231,8,106,46
2026-07-11 04:30,B_nospikes,4943.13,-1.14,188,8,88,47
2026-07-11 04:30,C_conservative,4943.75,-1.12,172,8,78,45
2026-07-11 04:30,D_contrarian,4909.77,-1.8,43,2,24,56
2026-07-11 04:30,E_moonshot,4983.75,-0.33,37,7,16,43
2026-07-11 05:00,A_baseline,4903.72,-1.93,231,8,106,46
2026-07-11 05:00,B_nospikes,4943.3,-1.13,188,8,88,47
2026-07-11 05:00,C_conservative,4943.9,-1.12,172,8,78,45
2026-07-11 05:00,D_contrarian,4909.77,-1.8,43,2,24,56
2026-07-11 05:00,E_moonshot,4983.39,-0.33,37,7,16,43
2026-07-11 05:30,A_baseline,4903.87,-1.92,231,8,106,46
2026-07-11 05:30,B_nospikes,4943.6,-1.13,188,8,88,47
2026-07-11 05:30,C_conservative,4944.26,-1.11,172,8,78,45
2026-07-11 05:30,D_contrarian,4907.6,-1.85,43,2,24,56
2026-07-11 05:30,E_moonshot,4983.51,-0.33,37,7,16,43
2026-07-11 06:00,A_baseline,4904.81,-1.9,231,8,106,46
2026-07-11 06:00,B_nospikes,4944.46,-1.11,188,8,88,47
2026-07-11 06:00,C_conservative,4945.21,-1.1,172,8,78,45
2026-07-11 06:00,D_contrarian,4907.6,-1.85,43,2,24,56
2026-07-11 06:00,E_moonshot,4983.63,-0.33,37,7,16,43
2026-07-11 06:30,A_baseline,4904.85,-1.9,231,8,106,46
2026-07-11 06:30,B_nospikes,4944.25,-1.11,188,8,88,47
2026-07-11 06:30,C_conservative,4945.17,-1.1,172,8,78,45
2026-07-11 06:30,D_contrarian,4907.6,-1.85,43,2,24,56
2026-07-11 06:30,E_moonshot,4982.77,-0.34,38,7,16,42
2026-07-11 07:00,A_baseline,4903.84,-1.92,231,8,106,46
2026-07-11 07:00,B_nospikes,4943.39,-1.13,188,8,88,47
2026-07-11 07:00,C_conservative,4943.92,-1.12,172,8,78,45
2026-07-11 07:00,D_contrarian,4907.86,-1.84,43,2,24,56
2026-07-11 07:00,E_moonshot,4982.76,-0.34,38,7,16,42
2026-07-11 07:30,A_baseline,4904.6,-1.91,231,8,106,46
2026-07-11 07:30,B_nospikes,4944.38,-1.11,188,8,88,47
2026-07-11 07:30,C_conservative,4944.14,-1.12,172,8,78,45
2026-07-11 07:30,D_contrarian,4907.86,-1.84,43,2,24,56
2026-07-11 07:30,E_moonshot,4982.81,-0.34,38,7,16,42
2026-07-11 08:00,A_baseline,4903.68,-1.93,231,8,106,46
2026-07-11 08:00,B_nospikes,4943.4,-1.13,188,8,88,47
2026-07-11 08:00,C_conservative,4944.02,-1.12,172,8,78,45
2026-07-11 08:00,D_contrarian,4907.86,-1.84,43,2,24,56
2026-07-11 08:00,E_moonshot,4982.83,-0.34,38,7,16,42
2026-07-11 08:30,A_baseline,4904.99,-1.9,231,8,106,46
2026-07-11 08:30,B_nospikes,4944.87,-1.1,188,8,88,47
2026-07-11 08:30,C_conservative,4945.84,-1.08,172,8,78,45
2026-07-11 08:30,D_contrarian,4911.29,-1.77,43,2,24,56
2026-07-11 08:30,E_moonshot,4984.28,-0.31,38,7,16,42
2026-07-11 09:00,A_baseline,4904.2,-1.92,231,8,106,46
2026-07-11 09:00,B_nospikes,4944.24,-1.12,188,8,88,47
2026-07-11 09:00,C_conservative,4944.8,-1.1,172,8,78,45
2026-07-11 09:00,D_contrarian,4911.29,-1.77,43,2,24,56
2026-07-11 09:00,E_moonshot,4983.29,-0.33,38,7,16,42
2026-07-11 09:30,A_baseline,4905.57,-1.89,231,8,106,46
2026-07-11 09:30,B_nospikes,4945.76,-1.08,188,8,88,47
2026-07-11 09:30,C_conservative,4947.1,-1.06,172,8,78,45
2026-07-11 09:30,D_contrarian,4911.29,-1.77,43,2,24,56
2026-07-11 09:30,E_moonshot,4984.9,-0.3,38,7,16,42
2026-07-11 10:00,A_baseline,4906.04,-1.88,231,8,106,46
2026-07-11 10:00,B_nospikes,4945.41,-1.09,188,8,88,47
2026-07-11 10:00,C_conservative,4946.83,-1.06,172,8,78,45
2026-07-11 10:00,D_contrarian,4911.91,-1.76,43,2,24,56
2026-07-11 10:00,E_moonshot,4984.73,-0.31,38,7,16,42
2026-07-11 10:30,A_baseline,4905.7,-1.89,231,8,106,46
2026-07-11 10:30,B_nospikes,4945.49,-1.09,188,8,88,47
2026-07-11 10:30,C_conservative,4946.55,-1.07,172,8,78,45
2026-07-11 10:30,D_contrarian,4911.91,-1.76,43,2,24,56
2026-07-11 10:30,E_moonshot,4984.51,-0.31,38,7,16,42
2026-07-11 11:00,A_baseline,4906.33,-1.87,231,8,106,46
2026-07-11 11:00,B_nospikes,4946.48,-1.07,188,8,88,47
2026-07-11 11:00,C_conservative,4947.42,-1.05,172,8,78,45
2026-07-11 11:00,D_contrarian,4911.91,-1.76,43,2,24,56
2026-07-11 11:00,E_moonshot,4987.13,-0.26,38,7,16,42
2026-07-11 11:30,A_baseline,4907.11,-1.86,231,8,106,46
2026-07-11 11:30,B_nospikes,4947.0,-1.06,188,8,88,47
2026-07-11 11:30,C_conservative,4948.17,-1.04,172,8,78,45
2026-07-11 11:30,D_contrarian,4912.14,-1.76,43,2,24,56
2026-07-11 11:30,E_moonshot,4987.17,-0.26,38,7,16,42
2026-07-11 12:00,A_baseline,4906.38,-1.87,231,8,106,46
2026-07-11 12:00,B_nospikes,4946.06,-1.08,188,8,88,47
2026-07-11 12:00,C_conservative,4947.2,-1.06,172,8,78,45
2026-07-11 12:00,D_contrarian,4912.14,-1.76,43,2,24,56
2026-07-11 12:00,E_moonshot,4986.49,-0.27,38,7,16,42
2026-07-11 12:30,A_baseline,4907.24,-1.86,231,8,106,46
2026-07-11 12:30,B_nospikes,4946.06,-1.08,188,8,88,47
2026-07-11 12:30,C_conservative,4947.31,-1.05,172,8,78,45
2026-07-11 12:30,D_contrarian,4912.14,-1.76,43,2,24,56
2026-07-11 12:30,E_moonshot,4988.99,-0.22,38,7,16,42
2026-07-11 13:00,A_baseline,4906.86,-1.86,231,8,106,46
2026-07-11 13:00,B_nospikes,4946.76,-1.06,188,8,88,47
2026-07-11 13:00,C_conservative,4948.85,-1.02,172,8,78,45
2026-07-11 13:00,D_contrarian,4911.92,-1.76,43,2,24,56
2026-07-11 13:00,E_moonshot,4989.35,-0.21,38,7,16,42
2026-07-11 13:30,A_baseline,4907.86,-1.84,231,8,106,46
2026-07-11 13:30,B_nospikes,4947.55,-1.05,188,8,88,47
2026-07-11 13:30,C_conservative,4949.58,-1.01,172,8,78,45
2026-07-11 13:30,D_contrarian,4911.92,-1.76,43,2,24,56
2026-07-11 13:30,E_moonshot,4989.21,-0.22,38,7,16,42
2026-07-11 14:00,A_baseline,4907.14,-1.86,231,8,106,46
2026-07-11 14:00,B_nospikes,4947.06,-1.06,188,8,88,47
2026-07-11 14:00,C_conservative,4949.12,-1.02,172,8,78,45
2026-07-11 14:00,D_contrarian,4910.93,-1.78,43,2,24,56
2026-07-11 14:00,E_moonshot,4991.64,-0.17,38,7,16,42
2026-07-11 14:30,A_baseline,4907.81,-1.84,231,8,106,46
2026-07-11 14:30,B_nospikes,4947.65,-1.05,188,8,88,47
2026-07-11 14:30,C_conservative,4949.8,-1.0,172,8,78,45
2026-07-11 14:30,D_contrarian,4910.93,-1.78,43,2,24,56
2026-07-11 14:30,E_moonshot,4992.93,-0.14,38,7,16,42
2026-07-11 15:00,A_baseline,4908.3,-1.83,231,8,106,46
2026-07-11 15:00,B_nospikes,4947.51,-1.05,188,8,88,47
2026-07-11 15:00,C_conservative,4950.99,-0.98,173,8,79,46
2026-07-11 15:00,D_contrarian,4910.93,-1.78,43,2,24,56
2026-07-11 15:00,E_moonshot,4992.62,-0.15,38,7,16,42
2026-07-11 15:30,A_baseline,4910.76,-1.78,231,8,106,46
2026-07-11 15:30,B_nospikes,4950.33,-0.99,188,8,88,47
2026-07-11 15:30,C_conservative,4952.61,-0.95,173,8,79,46
2026-07-11 15:30,D_contrarian,4910.93,-1.78,43,2,24,56
2026-07-11 15:30,E_moonshot,4995.32,-0.09,38,7,16,42
2026-07-11 16:00,A_baseline,4911.34,-1.77,231,8,106,46
2026-07-11 16:00,B_nospikes,4950.97,-0.98,188,8,88,47
2026-07-11 16:00,C_conservative,4954.07,-0.92,173,8,79,46
2026-07-11 16:00,D_contrarian,4910.93,-1.78,43,2,24,56
2026-07-11 16:00,E_moonshot,4998.34,-0.03,38,7,16,42
2026-07-11 16:30,A_baseline,4911.97,-1.76,231,8,106,46
2026-07-11 16:30,B_nospikes,4952.47,-0.95,188,8,88,47
2026-07-11 16:30,C_conservative,4955.97,-0.88,173,8,79,46
2026-07-11 16:30,D_contrarian,4910.93,-1.78,43,2,24,56
2026-07-11 16:30,E_moonshot,5000.53,0.01,38,7,16,42
2026-07-11 17:00,A_baseline,4912.28,-1.75,231,8,106,46
2026-07-11 17:00,B_nospikes,4952.45,-0.95,188,8,88,47
2026-07-11 17:00,C_conservative,4958.23,-0.84,173,8,79,46
2026-07-11 17:00,D_contrarian,4913.82,-1.72,43,2,24,56
2026-07-11 17:00,E_moonshot,4998.06,-0.04,38,7,16,42
2026-07-11 17:30,A_baseline,4913.35,-1.73,231,8,106,46
2026-07-11 17:30,B_nospikes,4953.82,-0.92,188,8,88,47
2026-07-11 17:30,C_conservative,4959.7,-0.81,173,8,79,46
2026-07-11 17:30,D_contrarian,4913.82,-1.72,43,2,24,56
2026-07-11 17:30,E_moonshot,5000.88,0.02,38,7,16,42
2026-07-11 18:00,A_baseline,4923.4,-1.53,231,8,106,46
2026-07-11 18:00,B_nospikes,4963.09,-0.74,188,8,88,47
2026-07-11 18:00,C_conservative,4968.33,-0.63,173,8,79,46
2026-07-11 18:00,D_contrarian,4912.27,-1.75,43,2,24,56
2026-07-11 18:00,E_moonshot,5008.52,0.17,38,7,16,42
2026-07-11 18:30,A_baseline,4927.44,-1.45,231,8,106,46
2026-07-11 18:30,B_nospikes,4967.28,-0.65,188,8,88,47
2026-07-11 18:30,C_conservative,4974.75,-0.51,174,8,80,46
2026-07-11 18:30,D_contrarian,4913.31,-1.73,43,2,24,56
2026-07-11 18:30,E_moonshot,5011.16,0.22,38,7,16,42
2026-07-11 19:00,A_baseline,4925.29,-1.49,231,8,106,46
2026-07-11 19:00,B_nospikes,4965.05,-0.7,188,8,88,47
2026-07-11 19:00,C_conservative,4972.58,-0.55,174,8,80,46
2026-07-11 19:00,D_contrarian,4913.31,-1.73,43,2,24,56
2026-07-11 19:00,E_moonshot,5007.66,0.15,38,7,16,42
2026-07-11 19:30,A_baseline,4924.65,-1.51,232,8,107,46
2026-07-11 19:30,B_nospikes,4964.59,-0.71,189,8,89,47
2026-07-11 19:30,C_conservative,4971.8,-0.56,175,8,81,46
2026-07-11 19:30,D_contrarian,4913.22,-1.74,43,2,24,56
2026-07-11 19:30,E_moonshot,5008.58,0.17,38,7,16,42
2026-07-11 20:00,A_baseline,4925.65,-1.49,232,8,107,46
2026-07-11 20:00,B_nospikes,4965.76,-0.68,189,8,89,47
2026-07-11 20:00,C_conservative,4973.61,-0.53,175,8,81,46
2026-07-11 20:00,D_contrarian,4913.22,-1.74,43,2,24,56
2026-07-11 20:00,E_moonshot,5009.74,0.19,38,7,16,42
2026-07-11 20:30,A_baseline,4926.46,-1.47,232,8,107,46
2026-07-11 20:30,B_nospikes,4966.92,-0.66,189,8,89,47
2026-07-11 20:30,C_conservative,4974.77,-0.5,175,8,81,46
2026-07-11 20:30,D_contrarian,4913.22,-1.74,43,2,24,56
2026-07-11 20:30,E_moonshot,5012.84,0.26,38,7,16,42
2026-07-11 21:00,A_baseline,4925.84,-1.48,232,8,107,46
2026-07-11 21:00,B_nospikes,4966.8,-0.66,189,8,89,47
2026-07-11 21:00,C_conservative,4975.91,-0.48,175,8,81,46
2026-07-11 21:00,D_contrarian,4912.43,-1.75,43,2,24,56
2026-07-11 21:00,E_moonshot,5013.38,0.27,38,7,16,42
2026-07-11 21:30,A_baseline,4924.53,-1.51,233,8,108,46
2026-07-11 21:30,B_nospikes,4966.31,-0.67,190,8,90,47
2026-07-11 21:30,C_conservative,4975.84,-0.48,175,8,81,46
2026-07-11 21:30,D_contrarian,4914.44,-1.71,43,2,24,56
2026-07-11 21:30,E_moonshot,5012.52,0.25,38,7,16,42
2026-07-11 22:00,A_baseline,4924.54,-1.51,233,8,108,46
2026-07-11 22:00,B_nospikes,4966.27,-0.67,190,8,90,47
2026-07-11 22:00,C_conservative,4974.2,-0.52,175,8,81,46
2026-07-11 22:00,D_contrarian,4914.44,-1.71,43,2,24,56
2026-07-11 22:00,E_moonshot,5014.32,0.29,38,7,16,42
2026-07-11 22:30,A_baseline,4926.31,-1.47,233,8,108,46
2026-07-11 22:30,B_nospikes,4968.03,-0.64,190,8,90,47
2026-07-11 22:30,C_conservative,4974.46,-0.51,175,8,81,46
2026-07-11 22:30,D_contrarian,4914.44,-1.71,43,2,24,56
2026-07-11 22:30,E_moonshot,5014.48,0.29,38,7,16,42
2026-07-11 23:00,A_baseline,4927.29,-1.45,233,8,108,46
2026-07-11 23:00,B_nospikes,4969.02,-0.62,190,8,90,47
2026-07-11 23:00,C_conservative,4976.02,-0.48,175,8,81,46
2026-07-11 23:00,D_contrarian,4914.44,-1.71,43,2,24,56
2026-07-11 23:00,E_moonshot,5016.95,0.34,38,7,16,42
2026-07-11 23:30,A_baseline,4926.01,-1.48,233,8,108,46
2026-07-11 23:30,B_nospikes,4967.7,-0.65,190,8,90,47
2026-07-11 23:30,C_conservative,4975.86,-0.48,175,8,81,46
2026-07-11 23:30,D_contrarian,4914.44,-1.71,43,2,24,56
2026-07-11 23:30,E_moonshot,5015.62,0.31,38,7,16,42
2026-07-12 00:00,A_baseline,4925.61,-1.49,233,8,108,46
2026-07-12 00:00,B_nospikes,4967.37,-0.65,190,8,90,47
2026-07-12 00:00,C_conservative,4974.99,-0.5,175,8,81,46
2026-07-12 00:00,D_contrarian,4914.44,-1.71,43,2,24,56
2026-07-12 00:00,E_moonshot,5013.91,0.28,38,7,16,42
2026-07-12 00:30,A_baseline,4923.79,-1.52,233,8,108,46
2026-07-12 00:30,B_nospikes,4966.08,-0.68,190,8,90,47
2026-07-12 00:30,C_conservative,4973.14,-0.54,175,8,81,46
2026-07-12 00:30,D_contrarian,4914.44,-1.71,43,2,24,56
2026-07-12 00:30,E_moonshot,5012.2,0.24,38,7,16,42
2026-07-12 01:00,A_baseline,4923.27,-1.53,233,8,108,46
2026-07-12 01:00,B_nospikes,4965.55,-0.69,190,8,90,47
2026-07-12 01:00,C_conservative,4972.04,-0.56,175,8,81,46
2026-07-12 01:00,D_contrarian,4910.84,-1.78,43,2,24,56
2026-07-12 01:00,E_moonshot,5011.96,0.24,38,7,16,42
2026-07-12 01:30,A_baseline,4919.65,-1.61,233,8,108,46
2026-07-12 01:30,B_nospikes,4962.62,-0.75,190,8,90,47
2026-07-12 01:30,C_conservative,4967.26,-0.65,175,8,81,46
2026-07-12 01:30,D_contrarian,4906.51,-1.87,44,1,24,55
2026-07-12 01:30,E_moonshot,5006.42,0.13,38,7,16,42
2026-07-12 02:00,A_baseline,4907.82,-1.84,234,8,109,47
2026-07-12 02:00,B_nospikes,4950.84,-0.98,191,8,91,48
2026-07-12 02:00,C_conservative,4957.53,-0.85,176,8,82,47
2026-07-12 02:00,D_contrarian,4906.51,-1.87,44,1,24,55
2026-07-12 02:00,E_moonshot,4997.36,-0.05,38,7,16,42
2026-07-12 02:30,A_baseline,4904.92,-1.9,236,8,109,46
2026-07-12 02:30,B_nospikes,4948.38,-1.03,193,7,91,47
2026-07-12 02:30,C_conservative,4955.67,-0.89,176,8,82,47
2026-07-12 02:30,D_contrarian,4888.23,-2.24,45,1,24,53
2026-07-12 02:30,E_moonshot,4994.99,-0.1,40,7,18,45
2026-07-12 03:00,A_baseline,4902.71,-1.95,236,8,109,46
2026-07-12 03:00,B_nospikes,4945.94,-1.08,193,7,91,47
2026-07-12 03:00,C_conservative,4953.55,-0.93,177,7,82,46
2026-07-12 03:00,D_contrarian,4888.23,-2.24,45,1,24,53
2026-07-12 03:00,E_moonshot,4995.0,-0.1,40,7,18,45
2026-07-12 03:30,A_baseline,4906.69,-1.87,236,8,109,46
2026-07-12 03:30,B_nospikes,4949.84,-1.0,193,7,91,47
2026-07-12 03:30,C_conservative,4956.96,-0.86,177,7,82,46
2026-07-12 03:30,D_contrarian,4888.23,-2.24,45,1,24,53
2026-07-12 03:30,E_moonshot,4996.98,-0.06,41,7,19,46
2026-07-12 04:00,A_baseline,4908.6,-1.83,236,8,109,46
2026-07-12 04:00,B_nospikes,4951.73,-0.97,193,7,91,47
2026-07-12 04:00,C_conservative,4958.61,-0.83,177,7,82,46
2026-07-12 04:00,D_contrarian,4887.38,-2.25,45,2,24,53
2026-07-12 04:00,E_moonshot,4997.93,-0.04,41,7,19,46
2026-07-12 04:30,A_baseline,4909.56,-1.81,236,8,109,46
2026-07-12 04:30,B_nospikes,4952.61,-0.95,193,7,91,47
2026-07-12 04:30,C_conservative,4958.92,-0.82,177,7,82,46
2026-07-12 04:30,D_contrarian,4887.38,-2.25,45,2,24,53
2026-07-12 04:30,E_moonshot,4998.08,-0.04,41,7,19,46
2026-07-12 05:00,A_baseline,4911.66,-1.77,236,8,109,46
2026-07-12 05:00,B_nospikes,4953.09,-0.94,193,7,91,47
2026-07-12 05:00,C_conservative,4961.0,-0.78,177,7,82,46
2026-07-12 05:00,D_contrarian,4887.38,-2.25,45,2,24,53
2026-07-12 05:00,E_moonshot,4999.72,-0.01,41,7,19,46
2026-07-12 05:30,A_baseline,4915.87,-1.68,236,8,109,46
2026-07-12 05:30,B_nospikes,4957.32,-0.85,193,7,91,47
2026-07-12 05:30,C_conservative,4963.86,-0.72,177,7,82,46
2026-07-12 05:30,D_contrarian,4887.38,-2.25,45,2,24,53
2026-07-12 05:30,E_moonshot,5001.16,0.02,41,7,19,46
2026-07-12 06:00,A_baseline,4919.41,-1.61,236,8,109,46
2026-07-12 06:00,B_nospikes,4960.38,-0.79,193,7,91,47
2026-07-12 06:00,C_conservative,4967.6,-0.65,177,7,82,46
2026-07-12 06:00,D_contrarian,4887.38,-2.25,45,2,24,53
2026-07-12 06:00,E_moonshot,5004.52,0.09,41,7,19,46
2026-07-12 06:30,A_baseline,4918.05,-1.64,236,8,109,46
2026-07-12 06:30,B_nospikes,4959.1,-0.82,193,7,91,47
2026-07-12 06:30,C_conservative,4966.91,-0.66,177,7,82,46
2026-07-12 06:30,D_contrarian,4887.38,-2.25,45,2,24,53
2026-07-12 06:30,E_moonshot,5003.91,0.08,41,7,19,46
2026-07-12 07:00,A_baseline,4917.05,-1.66,236,8,109,46
2026-07-12 07:00,B_nospikes,4958.09,-0.84,193,7,91,47
2026-07-12 07:00,C_conservative,4964.43,-0.71,177,7,82,46
2026-07-12 07:00,D_contrarian,4887.24,-2.26,45,2,24,53
2026-07-12 07:00,E_moonshot,5001.94,0.04,41,7,19,46
2026-07-12 07:30,A_baseline,4917.28,-1.65,236,8,109,46
2026-07-12 07:30,B_nospikes,4958.34,-0.83,193,7,91,47
2026-07-12 07:30,C_conservative,4965.48,-0.69,177,7,82,46
2026-07-12 07:30,D_contrarian,4887.24,-2.26,45,2,24,53
2026-07-12 07:30,E_moonshot,5001.57,0.03,41,7,19,46
2026-07-12 08:00,A_baseline,4917.26,-1.65,236,8,109,46
2026-07-12 08:00,B_nospikes,4958.03,-0.84,193,7,91,47
2026-07-12 08:00,C_conservative,4965.43,-0.69,177,7,82,46
2026-07-12 08:00,D_contrarian,4887.24,-2.26,45,2,24,53
2026-07-12 08:00,E_moonshot,5001.73,0.03,41,7,19,46
2026-07-12 08:30,A_baseline,4914.11,-1.72,236,8,109,46
2026-07-12 08:30,B_nospikes,4955.21,-0.9,193,7,91,47
2026-07-12 08:30,C_conservative,4961.71,-0.77,177,7,82,46
2026-07-12 08:30,D_contrarian,4885.59,-2.29,45,2,24,53
2026-07-12 08:30,E_moonshot,5000.03,0.0,41,7,19,46
2026-07-12 09:00,A_baseline,4911.81,-1.76,236,8,109,46
2026-07-12 09:00,B_nospikes,4954.59,-0.91,193,7,91,47
2026-07-12 09:00,C_conservative,4960.93,-0.78,177,7,82,46
2026-07-12 09:00,D_contrarian,4885.59,-2.29,45,2,24,53
2026-07-12 09:00,E_moonshot,4999.4,-0.01,41,7,19,46
2026-07-12 09:30,A_baseline,4913.86,-1.72,236,8,109,46
2026-07-12 09:30,B_nospikes,4955.49,-0.89,193,7,91,47
2026-07-12 09:30,C_conservative,4962.2,-0.76,177,7,82,46
2026-07-12 09:30,D_contrarian,4885.59,-2.29,45,2,24,53
2026-07-12 09:30,E_moonshot,5000.54,0.01,41,7,19,46
2026-07-12 10:00,A_baseline,4913.96,-1.72,236,8,109,46
2026-07-12 10:00,B_nospikes,4956.01,-0.88,193,7,91,47
2026-07-12 10:00,C_conservative,4961.85,-0.76,177,7,82,46
2026-07-12 10:00,D_contrarian,4885.64,-2.29,45,2,24,53
2026-07-12 10:00,E_moonshot,5000.06,0.0,41,7,19,46
2026-07-12 10:30,A_baseline,4915.16,-1.7,236,8,109,46
2026-07-12 10:30,B_nospikes,4957.1,-0.86,193,7,91,47
2026-07-12 10:30,C_conservative,4963.52,-0.73,177,7,82,46
2026-07-12 10:30,D_contrarian,4885.64,-2.29,45,2,24,53
2026-07-12 10:30,E_moonshot,5001.44,0.03,41,7,19,46
2026-07-12 11:00,A_baseline,4916.5,-1.67,236,8,109,46
2026-07-12 11:00,B_nospikes,4958.27,-0.83,193,7,91,47
2026-07-12 11:00,C_conservative,4964.46,-0.71,177,7,82,46
2026-07-12 11:00,D_contrarian,4885.64,-2.29,45,2,24,53
2026-07-12 11:00,E_moonshot,5002.44,0.05,41,7,19,46
2026-07-12 11:30,A_baseline,4915.07,-1.7,236,8,109,46
2026-07-12 11:30,B_nospikes,4956.51,-0.87,193,7,91,47
2026-07-12 11:30,C_conservative,4963.9,-0.72,177,7,82,46
2026-07-12 11:30,D_contrarian,4885.96,-2.28,45,2,24,53
2026-07-12 11:30,E_moonshot,5001.36,0.03,41,7,19,46
2026-07-12 12:00,A_baseline,4916.21,-1.68,236,8,109,46
2026-07-12 12:00,B_nospikes,4957.93,-0.84,193,7,91,47
2026-07-12 12:00,C_conservative,4964.49,-0.71,177,7,82,46
2026-07-12 12:00,D_contrarian,4886.63,-2.27,45,2,24,53
2026-07-12 12:00,E_moonshot,5002.5,0.05,41,7,19,46
2026-07-12 12:30,A_baseline,4916.42,-1.67,236,8,109,46
2026-07-12 12:30,B_nospikes,4957.65,-0.85,193,7,91,47
2026-07-12 12:30,C_conservative,4964.13,-0.72,177,7,82,46
2026-07-12 12:30,D_contrarian,4886.63,-2.27,45,2,24,53
2026-07-12 12:30,E_moonshot,5001.68,0.03,41,7,19,46
2026-07-12 13:00,A_baseline,4916.26,-1.67,236,8,109,46
2026-07-12 13:00,B_nospikes,4957.46,-0.85,193,7,91,47
2026-07-12 13:00,C_conservative,4963.86,-0.72,177,7,82,46
2026-07-12 13:00,D_contrarian,4886.63,-2.27,45,2,24,53
2026-07-12 13:00,E_moonshot,5000.69,0.01,41,7,19,46
2026-07-12 13:30,A_baseline,4915.74,-1.69,236,8,109,46
2026-07-12 13:30,B_nospikes,4957.84,-0.84,193,7,91,47
2026-07-12 13:30,C_conservative,4964.61,-0.71,177,7,82,46
2026-07-12 13:30,D_contrarian,4886.2,-2.28,45,2,24,53
2026-07-12 13:30,E_moonshot,5000.96,0.02,41,7,19,46
2026-07-12 14:00,A_baseline,4917.17,-1.66,236,8,109,46
2026-07-12 14:00,B_nospikes,4959.08,-0.82,193,7,91,47
2026-07-12 14:00,C_conservative,4965.92,-0.68,177,7,82,46
2026-07-12 14:00,D_contrarian,4889.59,-2.21,45,2,24,53
2026-07-12 14:00,E_moonshot,5002.38,0.05,41,7,19,46
2026-07-12 14:30,A_baseline,4916.24,-1.68,237,7,110,46
2026-07-12 14:30,B_nospikes,4958.54,-0.83,193,7,91,47
2026-07-12 14:30,C_conservative,4965.92,-0.68,177,7,82,46
2026-07-12 14:30,D_contrarian,4889.59,-2.21,45,2,24,53
2026-07-12 14:30,E_moonshot,5002.48,0.05,41,7,19,46
2026-07-12 15:00,A_baseline,4916.21,-1.68,237,7,110,46
2026-07-12 15:00,B_nospikes,4958.48,-0.83,193,7,91,47
2026-07-12 15:00,C_conservative,4965.84,-0.68,177,7,82,46
2026-07-12 15:00,D_contrarian,4889.59,-2.21,45,2,24,53
2026-07-12 15:00,E_moonshot,5002.15,0.04,41,7,19,46
2026-07-12 15:30,A_baseline,4920.29,-1.59,237,7,110,46
2026-07-12 15:30,B_nospikes,4962.59,-0.75,193,7,91,47
2026-07-12 15:30,C_conservative,4969.9,-0.6,177,7,82,46
2026-07-12 15:30,D_contrarian,4889.59,-2.21,45,2,24,53
2026-07-12 15:30,E_moonshot,5005.48,0.11,41,7,19,46
2026-07-12 16:00,A_baseline,4919.09,-1.62,237,8,110,46
2026-07-12 16:00,B_nospikes,4961.93,-0.76,193,7,91,47
2026-07-12 16:00,C_conservative,4968.17,-0.64,177,7,82,46
2026-07-12 16:00,D_contrarian,4889.59,-2.21,45,2,24,53
2026-07-12 16:00,E_moonshot,5005.21,0.1,41,7,19,46
2026-07-12 16:30,A_baseline,4916.27,-1.67,237,8,110,46
2026-07-12 16:30,B_nospikes,4960.47,-0.79,193,7,91,47
2026-07-12 16:30,C_conservative,4966.71,-0.67,177,7,82,46
2026-07-12 16:30,D_contrarian,4890.12,-2.2,45,2,24,53
2026-07-12 16:30,E_moonshot,5002.97,0.06,41,7,19,46
2026-07-12 17:00,A_baseline,4920.43,-1.59,237,8,110,46
2026-07-12 17:00,B_nospikes,4962.89,-0.74,193,7,91,47
2026-07-12 17:00,C_conservative,4970.29,-0.59,177,7,82,46
2026-07-12 17:00,D_contrarian,4891.53,-2.17,45,2,24,53
2026-07-12 17:00,E_moonshot,5006.17,0.12,41,7,19,46
2026-07-12 17:30,A_baseline,4921.86,-1.56,237,8,110,46
2026-07-12 17:30,B_nospikes,4963.16,-0.74,193,7,91,47
2026-07-12 17:30,C_conservative,4970.25,-0.59,177,8,82,46
2026-07-12 17:30,D_contrarian,4891.53,-2.17,45,2,24,53
2026-07-12 17:30,E_moonshot,5007.37,0.15,41,7,19,46
2026-07-12 18:00,A_baseline,4920.97,-1.58,237,8,110,46
2026-07-12 18:00,B_nospikes,4962.24,-0.76,193,7,91,47
2026-07-12 18:00,C_conservative,4969.3,-0.61,177,8,82,46
2026-07-12 18:00,D_contrarian,4889.47,-2.21,45,2,24,53
2026-07-12 18:00,E_moonshot,5006.62,0.13,41,7,19,46
2026-07-12 18:30,A_baseline,4921.11,-1.58,237,8,110,46
2026-07-12 18:30,B_nospikes,4962.23,-0.76,193,7,91,47
2026-07-12 18:30,C_conservative,4969.27,-0.61,177,8,82,46
2026-07-12 18:30,D_contrarian,4906.84,-1.86,45,3,24,53
2026-07-12 18:30,E_moonshot,5006.6,0.13,41,7,19,46
2026-07-12 19:00,A_baseline,4910.1,-1.8,238,8,110,46
2026-07-12 19:00,B_nospikes,4951.64,-0.97,194,7,91,47
2026-07-12 19:00,C_conservative,4958.5,-0.83,178,8,82,46
2026-07-12 19:00,D_contrarian,4905.24,-1.9,45,3,24,53
2026-07-12 19:00,E_moonshot,4999.41,-0.01,41,7,19,46
2026-07-12 19:30,A_baseline,4908.92,-1.82,239,8,110,46
2026-07-12 19:30,B_nospikes,4952.12,-0.96,194,7,91,47
2026-07-12 19:30,C_conservative,4958.87,-0.82,178,8,82,46
2026-07-12 19:30,D_contrarian,4905.23,-1.9,45,3,24,53
2026-07-12 19:30,E_moonshot,4999.06,-0.02,41,7,19,46
2026-07-12 20:00,A_baseline,4908.09,-1.84,239,8,110,46
2026-07-12 20:00,B_nospikes,4951.83,-0.96,194,8,91,47
2026-07-12 20:00,C_conservative,4956.76,-0.86,179,8,83,46
2026-07-12 20:00,D_contrarian,4905.23,-1.9,45,3,24,53
2026-07-12 20:00,E_moonshot,4998.35,-0.03,41,7,19,46
2026-07-12 20:30,A_baseline,4905.88,-1.88,239,8,110,46
2026-07-12 20:30,B_nospikes,4949.41,-1.01,194,8,91,47
2026-07-12 20:30,C_conservative,4954.48,-0.91,179,8,83,46
2026-07-12 20:30,D_contrarian,4905.23,-1.9,45,3,24,53
2026-07-12 20:30,E_moonshot,4996.79,-0.06,41,7,19,46
2026-07-12 21:00,A_baseline,4906.08,-1.88,239,8,110,46
2026-07-12 21:00,B_nospikes,4949.71,-1.01,194,8,91,47
2026-07-12 21:00,C_conservative,4954.89,-0.9,179,8,83,46
2026-07-12 21:00,D_contrarian,4905.23,-1.9,45,3,24,53
2026-07-12 21:00,E_moonshot,4996.91,-0.06,41,7,19,46
2026-07-12 21:30,A_baseline,4906.55,-1.87,239,8,110,46
2026-07-12 21:30,B_nospikes,4950.17,-1.0,194,8,91,47
2026-07-12 21:30,C_conservative,4955.54,-0.89,179,8,83,46
2026-07-12 21:30,D_contrarian,4905.2,-1.9,45,3,24,53
2026-07-12 21:30,E_moonshot,4997.15,-0.06,41,7,19,46
2026-07-12 22:00,A_baseline,4908.7,-1.83,239,8,110,46
2026-07-12 22:00,B_nospikes,4950.56,-0.99,194,8,91,47
2026-07-12 22:00,C_conservative,4955.99,-0.88,179,8,83,46
2026-07-12 22:00,D_contrarian,4906.38,-1.87,45,3,24,53
2026-07-12 22:00,E_moonshot,4998.91,-0.02,41,7,19,46
2026-07-12 22:30,A_baseline,4908.59,-1.83,239,8,110,46
2026-07-12 22:30,B_nospikes,4950.47,-0.99,194,8,91,47
2026-07-12 22:30,C_conservative,4955.12,-0.9,179,8,83,46
2026-07-12 22:30,D_contrarian,4905.82,-1.88,45,3,24,53
2026-07-12 22:30,E_moonshot,4998.69,-0.03,41,7,19,46
2026-07-12 23:00,A_baseline,4908.82,-1.82,239,8,110,46
2026-07-12 23:00,B_nospikes,4950.63,-0.99,194,8,91,47
2026-07-12 23:00,C_conservative,4955.34,-0.89,179,8,83,46
2026-07-12 23:00,D_contrarian,4906.37,-1.87,45,3,24,53
2026-07-12 23:00,E_moonshot,4998.94,-0.02,41,7,19,46
2026-07-12 23:30,A_baseline,4906.79,-1.86,239,8,110,46
2026-07-12 23:30,B_nospikes,4949.13,-1.02,194,8,91,47
2026-07-12 23:30,C_conservative,4953.82,-0.92,179,8,83,46
2026-07-12 23:30,D_contrarian,4906.11,-1.88,45,3,24,53
2026-07-12 23:30,E_moonshot,4997.12,-0.06,41,7,19,46
2026-07-13 00:00,A_baseline,4904.75,-1.91,239,8,110,46
2026-07-13 00:00,B_nospikes,4947.28,-1.05,194,8,91,47
2026-07-13 00:00,C_conservative,4951.77,-0.96,179,8,83,46
2026-07-13 00:00,D_contrarian,4905.82,-1.88,45,3,24,53
2026-07-13 00:00,E_moonshot,4996.23,-0.08,41,7,19,46
2026-07-13 00:30,A_baseline,4899.69,-2.01,239,8,110,46
2026-07-13 00:30,B_nospikes,4944.38,-1.11,194,8,91,47
2026-07-13 00:30,C_conservative,4947.41,-1.05,179,8,83,46
2026-07-13 00:30,D_contrarian,4901.2,-1.98,46,2,25,54
2026-07-13 00:30,E_moonshot,4992.18,-0.16,41,7,19,46
2026-07-13 01:00,A_baseline,4897.98,-2.04,239,8,110,46
2026-07-13 01:00,B_nospikes,4943.8,-1.12,194,8,91,47
2026-07-13 01:00,C_conservative,4946.49,-1.07,179,8,83,46
2026-07-13 01:00,D_contrarian,4897.93,-2.04,46,2,25,54
2026-07-13 01:00,E_moonshot,4991.16,-0.18,41,7,19,46
2026-07-13 01:30,A_baseline,4898.27,-2.03,239,8,110,46
2026-07-13 01:30,B_nospikes,4944.09,-1.12,194,8,91,47
2026-07-13 01:30,C_conservative,4946.97,-1.06,179,8,83,46
2026-07-13 01:30,D_contrarian,4896.59,-2.07,46,2,25,54
2026-07-13 01:30,E_moonshot,4991.4,-0.17,41,7,19,46
2026-07-13 02:00,A_baseline,4899.18,-2.02,239,8,110,46
2026-07-13 02:00,B_nospikes,4943.9,-1.12,194,8,91,47
2026-07-13 02:00,C_conservative,4947.68,-1.05,179,8,83,46
2026-07-13 02:00,D_contrarian,4896.59,-2.07,46,2,25,54
2026-07-13 02:00,E_moonshot,4991.79,-0.16,41,7,19,46
2026-07-13 02:30,A_baseline,4906.62,-1.87,240,8,111,46
2026-07-13 02:30,B_nospikes,4950.16,-1.0,195,7,92,47
2026-07-13 02:30,C_conservative,4954.55,-0.91,179,8,83,46
2026-07-13 02:30,D_contrarian,4901.65,-1.97,46,2,25,54
2026-07-13 02:30,E_moonshot,4997.38,-0.05,42,6,20,48
2026-07-13 03:00,A_baseline,4902.58,-1.95,240,8,111,46
2026-07-13 03:00,B_nospikes,4949.35,-1.01,195,7,92,47
2026-07-13 03:00,C_conservative,4952.52,-0.95,179,8,83,46
2026-07-13 03:00,D_contrarian,4891.52,-2.17,47,1,25,53
2026-07-13 03:00,E_moonshot,4997.84,-0.04,42,6,20,48
2026-07-13 03:30,A_baseline,4899.72,-2.01,241,7,111,46
2026-07-13 03:30,B_nospikes,4947.46,-1.05,195,7,92,47
2026-07-13 03:30,C_conservative,4950.0,-1.0,179,8,83,46
2026-07-13 03:30,D_contrarian,4891.0,-2.18,47,1,25,53
2026-07-13 03:30,E_moonshot,4996.63,-0.07,42,6,20,48
2026-07-13 04:00,A_baseline,4892.81,-2.14,242,8,111,46
2026-07-13 04:00,B_nospikes,4943.32,-1.13,195,8,92,47
2026-07-13 04:00,C_conservative,4945.71,-1.09,179,8,83,46
2026-07-13 04:00,D_contrarian,4887.36,-2.25,48,0,25,52
2026-07-13 04:00,E_moonshot,4992.53,-0.15,42,6,20,48
2026-07-13 04:30,A_baseline,4892.0,-2.16,242,8,111,46
2026-07-13 04:30,B_nospikes,4942.69,-1.15,195,8,92,47
2026-07-13 04:30,C_conservative,4943.67,-1.13,180,7,83,46
2026-07-13 04:30,D_contrarian,4887.36,-2.25,48,0,25,52
2026-07-13 04:30,E_moonshot,4991.86,-0.16,42,6,20,48
2026-07-13 05:00,A_baseline,4891.8,-2.16,242,8,111,46
2026-07-13 05:00,B_nospikes,4942.51,-1.15,195,8,92,47
2026-07-13 05:00,C_conservative,4943.6,-1.13,180,7,83,46
2026-07-13 05:00,D_contrarian,4887.36,-2.25,48,0,25,52
2026-07-13 05:00,E_moonshot,4991.71,-0.17,42,6,20,48
2026-07-13 05:30,A_baseline,4878.17,-2.44,245,7,111,45
2026-07-13 05:30,B_nospikes,4931.26,-1.37,198,6,92,46
2026-07-13 05:30,C_conservative,4931.96,-1.36,183,5,83,45
2026-07-13 05:30,D_contrarian,4887.36,-2.25,48,0,25,52
2026-07-13 05:30,E_moonshot,4984.18,-0.32,42,6,20,48
2026-07-13 06:00,A_baseline,4872.31,-2.55,247,5,111,45
2026-07-13 06:00,B_nospikes,4928.01,-1.44,198,6,92,46
2026-07-13 06:00,C_conservative,4928.76,-1.42,183,5,83,45
2026-07-13 06:00,D_contrarian,4887.36,-2.25,48,0,25,52
2026-07-13 06:00,E_moonshot,4982.15,-0.36,42,6,20,48
2026-07-13 06:30,A_baseline,4872.49,-2.55,247,5,111,45
2026-07-13 06:30,B_nospikes,4928.72,-1.43,198,6,92,46
2026-07-13 06:30,C_conservative,4929.48,-1.41,183,5,83,45
2026-07-13 06:30,D_contrarian,4887.36,-2.25,48,0,25,52
2026-07-13 06:30,E_moonshot,4980.44,-0.39,42,6,20,48
2026-07-13 07:00,A_baseline,4871.59,-2.57,247,6,111,45
2026-07-13 07:00,B_nospikes,4927.67,-1.45,198,7,92,46
2026-07-13 07:00,C_conservative,4928.51,-1.43,183,6,83,45
2026-07-13 07:00,D_contrarian,4887.36,-2.25,48,0,25,52
2026-07-13 07:00,E_moonshot,4979.75,-0.4,42,6,20,48
2026-07-13 07:30,A_baseline,4872.48,-2.55,247,6,111,45
2026-07-13 07:30,B_nospikes,4928.77,-1.42,198,7,92,46
2026-07-13 07:30,C_conservative,4928.3,-1.43,184,5,83,45
2026-07-13 07:30,D_contrarian,4887.36,-2.25,48,0,25,52
2026-07-13 07:30,E_moonshot,4979.64,-0.41,42,6,20,48
2026-07-13 08:00,A_baseline,4871.64,-2.57,248,5,111,45
2026-07-13 08:00,B_nospikes,4929.13,-1.42,198,7,92,46
2026-07-13 08:00,C_conservative,4928.13,-1.44,184,5,83,45
2026-07-13 08:00,D_contrarian,4887.36,-2.25,48,0,25,52
2026-07-13 08:00,E_moonshot,4979.97,-0.4,42,6,20,48
2026-07-13 08:30,A_baseline,4871.69,-2.57,248,5,111,45
2026-07-13 08:30,B_nospikes,4929.64,-1.41,198,7,92,46
2026-07-13 08:30,C_conservative,4928.19,-1.44,184,5,83,45
2026-07-13 08:30,D_contrarian,4887.36,-2.25,48,0,25,52
2026-07-13 08:30,E_moonshot,4980.01,-0.4,42,6,20,48
2026-07-13 09:00,A_baseline,4871.52,-2.57,248,5,111,45
2026-07-13 09:00,B_nospikes,4929.11,-1.42,198,7,92,46
2026-07-13 09:00,C_conservative,4928.0,-1.44,184,5,83,45
2026-07-13 09:00,D_contrarian,4887.36,-2.25,48,0,25,52
2026-07-13 09:00,E_moonshot,4979.63,-0.41,42,6,20,48
2026-07-13 09:30,A_baseline,4872.27,-2.55,248,5,111,45
2026-07-13 09:30,B_nospikes,4931.02,-1.38,198,7,92,46
2026-07-13 09:30,C_conservative,4928.79,-1.42,184,5,83,45
2026-07-13 09:30,D_contrarian,4887.36,-2.25,48,0,25,52
2026-07-13 09:30,E_moonshot,4980.88,-0.38,42,6,20,48
2026-07-13 10:00,A_baseline,4872.39,-2.55,248,5,111,45
2026-07-13 10:00,B_nospikes,4931.14,-1.38,198,7,92,46
2026-07-13 10:00,C_conservative,4928.88,-1.42,184,5,83,45
2026-07-13 10:00,D_contrarian,4887.36,-2.25,48,0,25,52
2026-07-13 10:00,E_moonshot,4981.55,-0.37,42,6,20,48
2026-07-13 10:30,A_baseline,4872.2,-2.56,248,5,111,45
2026-07-13 10:30,B_nospikes,4931.15,-1.38,198,7,92,46
2026-07-13 10:30,C_conservative,4928.69,-1.43,184,5,83,45
2026-07-13 10:30,D_contrarian,4887.36,-2.25,48,0,25,52
2026-07-13 10:30,E_moonshot,4981.39,-0.37,42,6,20,48
2026-07-13 11:00,A_baseline,4872.75,-2.54,248,5,111,45
2026-07-13 11:00,B_nospikes,4932.22,-1.36,198,7,92,46
2026-07-13 11:00,C_conservative,4929.25,-1.41,184,5,83,45
2026-07-13 11:00,D_contrarian,4887.36,-2.25,48,0,25,52
2026-07-13 11:00,E_moonshot,4981.84,-0.36,42,6,20,48
2026-07-13 11:30,A_baseline,4872.57,-2.55,248,5,111,45
2026-07-13 11:30,B_nospikes,4931.78,-1.36,198,7,92,46
2026-07-13 11:30,C_conservative,4929.06,-1.42,184,5,83,45
2026-07-13 11:30,D_contrarian,4887.36,-2.25,48,0,25,52
2026-07-13 11:30,E_moonshot,4981.58,-0.37,42,6,20,48
2026-07-13 12:00,A_baseline,4872.89,-2.54,248,5,111,45
2026-07-13 12:00,B_nospikes,4931.96,-1.36,198,7,92,46
2026-07-13 12:00,C_conservative,4929.39,-1.41,184,5,83,45
2026-07-13 12:00,D_contrarian,4887.36,-2.25,48,0,25,52
2026-07-13 12:00,E_moonshot,4983.22,-0.34,42,6,20,48
2026-07-13 12:30,A_baseline,4873.73,-2.53,248,5,111,45
2026-07-13 12:30,B_nospikes,4932.48,-1.35,198,7,92,46
2026-07-13 12:30,C_conservative,4930.1,-1.4,184,5,83,45
2026-07-13 12:30,D_contrarian,4887.36,-2.25,48,0,25,52
2026-07-13 12:30,E_moonshot,4984.87,-0.3,43,5,20,47
2026-07-13 13:00,A_baseline,4873.33,-2.53,248,5,111,45
2026-07-13 13:00,B_nospikes,4931.06,-1.38,198,7,92,46
2026-07-13 13:00,C_conservative,4929.68,-1.41,184,5,83,45
2026-07-13 13:00,D_contrarian,4887.36,-2.25,48,0,25,52
2026-07-13 13:00,E_moonshot,4983.89,-0.32,43,5,20,47
2026-07-13 13:30,A_baseline,4873.5,-2.53,248,5,111,45
2026-07-13 13:30,B_nospikes,4931.94,-1.36,198,7,92,46
2026-07-13 13:30,C_conservative,4929.87,-1.4,184,5,83,45
2026-07-13 13:30,D_contrarian,4887.36,-2.25,48,0,25,52
2026-07-13 13:30,E_moonshot,4984.28,-0.31,43,5,20,47
2026-07-13 14:00,A_baseline,4878.99,-2.42,248,5,111,45
2026-07-13 14:00,B_nospikes,4936.94,-1.26,198,7,92,46
2026-07-13 14:00,C_conservative,4935.27,-1.29,184,5,83,45
2026-07-13 14:00,D_contrarian,4887.36,-2.25,48,0,25,52
2026-07-13 14:00,E_moonshot,4988.26,-0.23,43,5,20,47
2026-07-13 14:30,A_baseline,4878.54,-2.43,248,5,111,45
2026-07-13 14:30,B_nospikes,4935.83,-1.28,198,7,92,46
2026-07-13 14:30,C_conservative,4934.82,-1.3,184,5,83,45
2026-07-13 14:30,D_contrarian,4887.36,-2.25,48,0,25,52
2026-07-13 14:30,E_moonshot,4987.59,-0.25,43,5,20,47
2026-07-13 15:00,A_baseline,4875.99,-2.48,248,5,111,45
2026-07-13 15:00,B_nospikes,4932.88,-1.34,198,7,92,46
2026-07-13 15:00,C_conservative,4932.24,-1.36,184,5,83,45
2026-07-13 15:00,D_contrarian,4887.36,-2.25,48,0,25,52
2026-07-13 15:00,E_moonshot,4986.3,-0.27,43,5,20,47
2026-07-13 15:30,A_baseline,4876.43,-2.47,248,5,111,45
2026-07-13 15:30,B_nospikes,4933.12,-1.34,198,7,92,46
2026-07-13 15:30,C_conservative,4932.71,-1.35,184,5,83,45
2026-07-13 15:30,D_contrarian,4887.36,-2.25,48,0,25,52
2026-07-13 15:30,E_moonshot,4984.28,-0.31,43,5,20,47
2026-07-13 16:00,A_baseline,4874.45,-2.51,249,4,111,45
2026-07-13 16:00,B_nospikes,4930.23,-1.4,199,6,92,46
2026-07-13 16:00,C_conservative,4930.69,-1.39,185,4,83,45
2026-07-13 16:00,D_contrarian,4887.36,-2.25,48,0,25,52
2026-07-13 16:00,E_moonshot,4984.43,-0.31,43,5,20,47
2026-07-13 16:30,A_baseline,4874.23,-2.52,249,4,111,45
2026-07-13 16:30,B_nospikes,4927.75,-1.44,200,5,92,46
2026-07-13 16:30,C_conservative,4930.52,-1.39,185,4,83,45
2026-07-13 16:30,D_contrarian,4887.36,-2.25,48,0,25,52
2026-07-13 16:30,E_moonshot,4984.16,-0.32,43,5,20,47
2026-07-13 17:00,A_baseline,4873.94,-2.52,249,4,111,45
2026-07-13 17:00,B_nospikes,4927.95,-1.44,200,5,92,46
2026-07-13 17:00,C_conservative,4930.25,-1.4,185,4,83,45
2026-07-13 17:00,D_contrarian,4887.36,-2.25,48,0,25,52
2026-07-13 17:00,E_moonshot,4984.05,-0.32,43,5,20,47
2026-07-13 17:30,A_baseline,4875.19,-2.5,249,4,111,45
2026-07-13 17:30,B_nospikes,4929.01,-1.42,200,5,92,46
2026-07-13 17:30,C_conservative,4931.5,-1.37,185,4,83,45
2026-07-13 17:30,D_contrarian,4887.36,-2.25,48,0,25,52
2026-07-13 17:30,E_moonshot,4984.99,-0.3,43,5,20,47
2026-07-13 18:00,A_baseline,4874.71,-2.51,249,4,111,45
2026-07-13 18:00,B_nospikes,4928.02,-1.44,200,5,92,46
2026-07-13 18:00,C_conservative,4931.0,-1.38,185,4,83,45
2026-07-13 18:00,D_contrarian,4887.36,-2.25,48,0,25,52
2026-07-13 18:00,E_moonshot,4986.49,-0.27,43,5,20,47
2026-07-13 18:30,A_baseline,4873.17,-2.54,249,4,111,45
2026-07-13 18:30,B_nospikes,4926.82,-1.46,200,5,92,46
2026-07-13 18:30,C_conservative,4929.49,-1.41,185,4,83,45
2026-07-13 18:30,D_contrarian,4887.36,-2.25,48,0,25,52
2026-07-13 18:30,E_moonshot,4986.01,-0.28,43,5,20,47
2026-07-13 19:00,A_baseline,4873.06,-2.54,249,4,111,45
2026-07-13 19:00,B_nospikes,4926.7,-1.47,200,5,92,46
2026-07-13 19:00,C_conservative,4929.36,-1.41,185,4,83,45
2026-07-13 19:00,D_contrarian,4887.36,-2.25,48,0,25,52
2026-07-13 19:00,E_moonshot,4986.22,-0.28,43,5,20,47
2026-07-13 19:30,A_baseline,4869.74,-2.61,249,4,111,45
2026-07-13 19:30,B_nospikes,4923.35,-1.53,200,5,92,46
2026-07-13 19:30,C_conservative,4926.1,-1.48,185,4,83,45
2026-07-13 19:30,D_contrarian,4887.36,-2.25,48,0,25,52
2026-07-13 19:30,E_moonshot,4981.86,-0.36,43,5,20,47
2026-07-13 20:00,A_baseline,4868.92,-2.62,249,4,111,45
2026-07-13 20:00,B_nospikes,4922.6,-1.55,200,5,92,46
2026-07-13 20:00,C_conservative,4925.21,-1.5,185,4,83,45
2026-07-13 20:00,D_contrarian,4887.36,-2.25,48,0,25,52
2026-07-13 20:00,E_moonshot,4981.2,-0.38,43,5,20,47
2026-07-13 20:30,A_baseline,4868.85,-2.62,249,4,111,45
2026-07-13 20:30,B_nospikes,4922.52,-1.55,200,5,92,46
2026-07-13 20:30,C_conservative,4925.15,-1.5,185,4,83,45
2026-07-13 20:30,D_contrarian,4887.36,-2.25,48,0,25,52
2026-07-13 20:30,E_moonshot,4981.09,-0.38,43,5,20,47
2026-07-13 21:00,A_baseline,4869.3,-2.61,249,4,111,45
2026-07-13 21:00,B_nospikes,4923.65,-1.53,200,5,92,46
2026-07-13 21:00,C_conservative,4925.61,-1.49,185,4,83,45
2026-07-13 21:00,D_contrarian,4887.36,-2.25,48,0,25,52
2026-07-13 21:00,E_moonshot,4981.4,-0.37,43,5,20,47
2026-07-13 21:30,A_baseline,4869.64,-2.61,249,5,111,45
2026-07-13 21:30,B_nospikes,4924.01,-1.52,200,6,92,46
2026-07-13 21:30,C_conservative,4925.97,-1.48,185,4,83,45
2026-07-13 21:30,D_contrarian,4887.36,-2.25,48,0,25,52
2026-07-13 21:30,E_moonshot,4980.02,-0.4,43,5,20,47
2026-07-13 22:00,A_baseline,4870.08,-2.6,249,5,111,45
2026-07-13 22:00,B_nospikes,4924.47,-1.51,200,6,92,46
2026-07-13 22:00,C_conservative,4926.24,-1.48,185,4,83,45
2026-07-13 22:00,D_contrarian,4887.36,-2.25,48,0,25,52
2026-07-13 22:00,E_moonshot,4979.83,-0.4,43,5,20,47
2026-07-13 22:30,A_baseline,4869.62,-2.61,249,5,111,45
2026-07-13 22:30,B_nospikes,4924.01,-1.52,200,6,92,46
2026-07-13 22:30,C_conservative,4926.2,-1.48,185,4,83,45
2026-07-13 22:30,D_contrarian,4887.36,-2.25,48,0,25,52
2026-07-13 22:30,E_moonshot,4979.93,-0.4,43,5,20,47
2026-07-13 23:00,A_baseline,4869.32,-2.61,249,5,111,45
2026-07-13 23:00,B_nospikes,4923.07,-1.54,200,6,92,46
2026-07-13 23:00,C_conservative,4925.88,-1.48,185,4,83,45
2026-07-13 23:00,D_contrarian,4887.36,-2.25,48,0,25,52
2026-07-13 23:00,E_moonshot,4979.5,-0.41,43,5,20,47
2026-07-13 23:30,A_baseline,4868.8,-2.62,249,5,111,45
2026-07-13 23:30,B_nospikes,4922.79,-1.54,200,6,92,46
2026-07-13 23:30,C_conservative,4925.76,-1.48,185,4,83,45
2026-07-13 23:30,D_contrarian,4887.36,-2.25,48,0,25,52
2026-07-13 23:30,E_moonshot,4979.4,-0.41,43,5,20,47
2026-07-14 00:00,A_baseline,4868.05,-2.64,249,5,111,45
2026-07-14 00:00,B_nospikes,4921.33,-1.57,200,6,92,46
2026-07-14 00:00,C_conservative,4925.68,-1.49,185,4,83,45
2026-07-14 00:00,D_contrarian,4887.36,-2.25,48,0,25,52
2026-07-14 00:00,E_moonshot,4978.91,-0.42,43,5,20,47
2026-07-14 00:30,A_baseline,4868.3,-2.63,249,5,111,45
2026-07-14 00:30,B_nospikes,4922.15,-1.56,200,6,92,46
2026-07-14 00:30,C_conservative,4925.94,-1.48,185,4,83,45
2026-07-14 00:30,D_contrarian,4887.36,-2.25,48,0,25,52
2026-07-14 00:30,E_moonshot,4978.28,-0.43,44,5,20,45
2026-07-14 01:00,A_baseline,4868.1,-2.64,249,6,111,45
2026-07-14 01:00,B_nospikes,4922.84,-1.54,200,6,92,46
2026-07-14 01:00,C_conservative,4925.59,-1.49,185,4,83,45
2026-07-14 01:00,D_contrarian,4887.36,-2.25,48,0,25,52
2026-07-14 01:00,E_moonshot,4977.77,-0.44,44,5,20,45
2026-07-14 01:30,A_baseline,4869.27,-2.61,249,7,111,45
2026-07-14 01:30,B_nospikes,4923.06,-1.54,200,6,92,46
2026-07-14 01:30,C_conservative,4926.09,-1.48,185,4,83,45
2026-07-14 01:30,D_contrarian,4887.36,-2.25,48,0,25,52
2026-07-14 01:30,E_moonshot,4978.26,-0.43,44,5,20,45
2026-07-14 02:00,A_baseline,4871.5,-2.57,249,7,111,45
2026-07-14 02:00,B_nospikes,4924.7,-1.51,200,6,92,46
2026-07-14 02:00,C_conservative,4927.03,-1.46,185,4,83,45
2026-07-14 02:00,D_contrarian,4887.36,-2.25,48,0,25,52
2026-07-14 02:00,E_moonshot,4979.18,-0.42,44,5,20,45
2026-07-14 02:30,A_baseline,4871.94,-2.56,249,8,111,45
2026-07-14 02:30,B_nospikes,4924.15,-1.52,200,8,92,46
2026-07-14 02:30,C_conservative,4924.19,-1.52,186,8,83,45
2026-07-14 02:30,D_contrarian,4886.03,-2.28,48,2,25,52
2026-07-14 02:30,E_moonshot,4979.7,-0.41,44,5,20,45
2026-07-14 03:00,A_baseline,4872.17,-2.56,250,8,111,44
2026-07-14 03:00,B_nospikes,4925.38,-1.49,201,7,92,46
2026-07-14 03:00,C_conservative,4929.59,-1.41,186,8,83,45
2026-07-14 03:00,D_contrarian,4886.76,-2.26,48,2,25,52
2026-07-14 03:00,E_moonshot,4983.71,-0.33,44,5,20,45
2026-07-14 03:30,A_baseline,4872.16,-2.56,250,8,111,44
2026-07-14 03:30,B_nospikes,4924.92,-1.5,201,8,92,46
2026-07-14 03:30,C_conservative,4932.28,-1.35,186,8,83,45
2026-07-14 03:30,D_contrarian,4886.76,-2.26,48,2,25,52
2026-07-14 03:30,E_moonshot,4984.81,-0.3,44,5,20,45
2026-07-14 04:00,A_baseline,4872.31,-2.55,250,8,111,44
2026-07-14 04:00,B_nospikes,4924.97,-1.5,201,8,92,46
2026-07-14 04:00,C_conservative,4932.11,-1.36,186,8,83,45
2026-07-14 04:00,D_contrarian,4886.44,-2.27,48,2,25,52
2026-07-14 04:00,E_moonshot,4984.92,-0.3,44,5,20,45
2026-07-14 04:30,A_baseline,4868.49,-2.63,251,8,112,45
2026-07-14 04:30,B_nospikes,4923.12,-1.54,201,8,92,46
2026-07-14 04:30,C_conservative,4929.2,-1.42,186,8,83,45
2026-07-14 04:30,D_contrarian,4885.35,-2.29,48,2,25,52
2026-07-14 04:30,E_moonshot,4983.92,-0.32,44,5,20,45
2026-07-14 05:00,A_baseline,4869.04,-2.62,251,8,112,45
2026-07-14 05:00,B_nospikes,4922.95,-1.54,202,8,93,46
2026-07-14 05:00,C_conservative,4930.47,-1.39,186,8,83,45
2026-07-14 05:00,D_contrarian,4885.35,-2.29,48,2,25,52
2026-07-14 05:00,E_moonshot,4984.25,-0.31,44,5,20,45
2026-07-14 05:30,A_baseline,4867.65,-2.65,251,8,112,45
2026-07-14 05:30,B_nospikes,4921.9,-1.56,202,8,93,46
2026-07-14 05:30,C_conservative,4929.32,-1.41,186,8,83,45
2026-07-14 05:30,D_contrarian,4885.35,-2.29,48,2,25,52
2026-07-14 05:30,E_moonshot,4983.04,-0.34,44,5,20,45
2026-07-14 06:00,A_baseline,4868.97,-2.62,251,8,112,45
2026-07-14 06:00,B_nospikes,4923.07,-1.54,202,8,93,46
2026-07-14 06:00,C_conservative,4930.53,-1.39,186,8,83,45
2026-07-14 06:00,D_contrarian,4886.28,-2.27,48,2,25,52
2026-07-14 06:00,E_moonshot,4983.14,-0.34,44,5,20,45
2026-07-14 06:30,A_baseline,4867.0,-2.66,251,8,112,45
2026-07-14 06:30,B_nospikes,4923.09,-1.54,202,8,93,46
2026-07-14 06:30,C_conservative,4928.35,-1.43,186,8,83,45
2026-07-14 06:30,D_contrarian,4885.76,-2.28,48,2,25,52
2026-07-14 06:30,E_moonshot,4983.7,-0.33,45,4,20,44
2026-07-14 07:00,A_baseline,4868.12,-2.64,251,8,112,45
2026-07-14 07:00,B_nospikes,4923.69,-1.53,202,8,93,46
2026-07-14 07:00,C_conservative,4929.62,-1.41,186,8,83,45
2026-07-14 07:00,D_contrarian,4885.76,-2.28,48,2,25,52
2026-07-14 07:00,E_moonshot,4985.3,-0.29,45,4,20,44
2026-07-14 07:30,A_baseline,4871.5,-2.57,251,8,112,45
2026-07-14 07:30,B_nospikes,4926.77,-1.46,202,8,93,46
2026-07-14 07:30,C_conservative,4932.18,-1.36,186,8,83,45
2026-07-14 07:30,D_contrarian,4889.8,-2.2,48,2,25,52
2026-07-14 07:30,E_moonshot,4985.89,-0.28,45,4,20,44
2026-07-14 08:00,A_baseline,4876.94,-2.46,251,8,112,45
2026-07-14 08:00,B_nospikes,4930.97,-1.38,202,8,93,46
2026-07-14 08:00,C_conservative,4936.29,-1.27,187,8,84,45
2026-07-14 08:00,D_contrarian,4889.8,-2.2,48,2,25,52
2026-07-14 08:00,E_moonshot,4984.97,-0.3,45,4,20,44
2026-07-14 08:30,A_baseline,4875.15,-2.5,251,8,112,45
2026-07-14 08:30,B_nospikes,4929.0,-1.42,202,8,93,46
2026-07-14 08:30,C_conservative,4935.01,-1.3,187,8,84,45
2026-07-14 08:30,D_contrarian,4889.8,-2.2,48,2,25,52
2026-07-14 08:30,E_moonshot,4983.92,-0.32,45,4,20,44
2026-07-14 09:00,A_baseline,4875.95,-2.48,251,8,112,45
2026-07-14 09:00,B_nospikes,4929.85,-1.4,202,8,93,46
2026-07-14 09:00,C_conservative,4935.47,-1.29,187,8,84,45
2026-07-14 09:00,D_contrarian,4889.8,-2.2,48,2,25,52
2026-07-14 09:00,E_moonshot,4983.71,-0.33,45,4,20,44
2026-07-14 09:30,A_baseline,4874.65,-2.51,251,8,112,45
2026-07-14 09:30,B_nospikes,4928.46,-1.43,202,8,93,46
2026-07-14 09:30,C_conservative,4934.91,-1.3,187,8,84,45
2026-07-14 09:30,D_contrarian,4889.8,-2.2,48,2,25,52
2026-07-14 09:30,E_moonshot,4984.12,-0.32,45,4,20,44
2026-07-14 10:00,A_baseline,4874.73,-2.51,251,8,112,45
2026-07-14 10:00,B_nospikes,4929.22,-1.42,202,8,93,46
2026-07-14 10:00,C_conservative,4935.1,-1.3,187,8,84,45
2026-07-14 10:00,D_contrarian,4889.8,-2.2,48,2,25,52
2026-07-14 10:00,E_moonshot,4983.54,-0.33,45,4,20,44
2026-07-14 10:30,A_baseline,4875.92,-2.48,251,8,112,45
2026-07-14 10:30,B_nospikes,4930.3,-1.39,202,8,93,46
2026-07-14 10:30,C_conservative,4935.38,-1.29,187,8,84,45
2026-07-14 10:30,D_contrarian,4888.81,-2.22,48,2,25,52
2026-07-14 10:30,E_moonshot,4983.0,-0.34,45,4,20,44
2026-07-14 11:00,A_baseline,4876.8,-2.46,251,8,112,45
2026-07-14 11:00,B_nospikes,4929.8,-1.4,202,8,93,46
2026-07-14 11:00,C_conservative,4935.24,-1.3,188,8,85,45
2026-07-14 11:00,D_contrarian,4888.81,-2.22,48,2,25,52
2026-07-14 11:00,E_moonshot,4984.42,-0.31,45,4,20,44
2026-07-14 11:30,A_baseline,4875.62,-2.49,251,8,112,45
2026-07-14 11:30,B_nospikes,4929.67,-1.41,202,8,93,46
2026-07-14 11:30,C_conservative,4933.87,-1.32,188,8,85,45
2026-07-14 11:30,D_contrarian,4888.81,-2.22,48,2,25,52
2026-07-14 11:30,E_moonshot,4984.81,-0.3,45,4,20,44
2026-07-14 12:00,A_baseline,4871.84,-2.56,251,8,112,45
2026-07-14 12:00,B_nospikes,4926.5,-1.47,202,8,93,46
2026-07-14 12:00,C_conservative,4930.67,-1.39,188,8,85,45
2026-07-14 12:00,D_contrarian,4888.81,-2.22,48,2,25,52
2026-07-14 12:00,E_moonshot,4984.1,-0.32,45,4,20,44
2026-07-14 12:30,A_baseline,4873.35,-2.53,251,8,112,45
2026-07-14 12:30,B_nospikes,4927.55,-1.45,202,8,93,46
2026-07-14 12:30,C_conservative,4931.4,-1.37,188,8,85,45
2026-07-14 12:30,D_contrarian,4888.81,-2.22,48,2,25,52
2026-07-14 12:30,E_moonshot,4984.45,-0.31,45,4,20,44
2026-07-14 13:00,A_baseline,4872.21,-2.56,252,8,113,45
2026-07-14 13:00,B_nospikes,4927.54,-1.45,202,8,93,46
2026-07-14 13:00,C_conservative,4931.52,-1.37,188,8,85,45
2026-07-14 13:00,D_contrarian,4887.29,-2.25,48,2,25,52
2026-07-14 13:00,E_moonshot,4985.74,-0.29,45,4,20,44
2026-07-14 13:30,A_baseline,4871.87,-2.56,253,8,114,45
2026-07-14 13:30,B_nospikes,4927.29,-1.45,202,8,93,46
2026-07-14 13:30,C_conservative,4930.46,-1.39,188,8,85,45
2026-07-14 13:30,D_contrarian,4887.29,-2.25,48,2,25,52
2026-07-14 13:30,E_moonshot,4986.81,-0.26,45,4,20,44
2026-07-14 14:00,A_baseline,4872.5,-2.55,253,8,114,45
2026-07-14 14:00,B_nospikes,4927.17,-1.46,202,8,93,46
2026-07-14 14:00,C_conservative,4931.05,-1.38,188,8,85,45
2026-07-14 14:00,D_contrarian,4887.64,-2.25,48,2,25,52
2026-07-14 14:00,E_moonshot,4986.15,-0.28,45,4,20,44
2026-07-14 14:30,A_baseline,4872.68,-2.55,253,8,114,45
2026-07-14 14:30,B_nospikes,4928.18,-1.44,202,8,93,46
2026-07-14 14:30,C_conservative,4931.39,-1.37,188,8,85,45
2026-07-14 14:30,D_contrarian,4887.64,-2.25,48,2,25,52
2026-07-14 14:30,E_moonshot,4986.47,-0.27,45,4,20,44
2026-07-14 15:00,A_baseline,4892.37,-2.15,254,8,115,45
2026-07-14 15:00,B_nospikes,4942.15,-1.16,203,8,94,46
2026-07-14 15:00,C_conservative,4946.37,-1.07,189,7,86,46
2026-07-14 15:00,D_contrarian,4890.86,-2.18,49,2,26,53
2026-07-14 15:00,E_moonshot,4992.97,-0.14,45,6,20,44
2026-07-14 15:30,A_baseline,4903.51,-1.93,256,8,117,46
2026-07-14 15:30,B_nospikes,4952.23,-0.96,205,8,96,47
2026-07-14 15:30,C_conservative,4952.1,-0.96,191,7,88,46
2026-07-14 15:30,D_contrarian,4891.12,-2.18,49,2,26,53
2026-07-14 15:30,E_moonshot,5000.53,0.01,45,6,20,44
2026-07-14 16:00,A_baseline,4907.51,-1.85,257,8,118,46
2026-07-14 16:00,B_nospikes,4956.96,-0.86,206,8,97,47
2026-07-14 16:00,C_conservative,4957.85,-0.84,192,7,89,46
2026-07-14 16:00,D_contrarian,4893.66,-2.13,50,2,27,54
2026-07-14 16:00,E_moonshot,4998.52,-0.03,45,7,20,44
2026-07-14 16:30,A_baseline,4902.61,-1.95,257,8,118,46
2026-07-14 16:30,B_nospikes,4951.08,-0.98,206,8,97,47
2026-07-14 16:30,C_conservative,4952.82,-0.94,192,7,89,46
2026-07-14 16:30,D_contrarian,4891.6,-2.17,50,2,27,54
2026-07-14 16:30,E_moonshot,4995.36,-0.09,45,7,20,44
2026-07-14 17:00,A_baseline,4906.64,-1.87,257,8,118,46
2026-07-14 17:00,B_nospikes,4954.53,-0.91,206,8,97,47
2026-07-14 17:00,C_conservative,4955.5,-0.89,192,7,89,46
2026-07-14 17:00,D_contrarian,4893.69,-2.13,50,2,27,54
2026-07-14 17:00,E_moonshot,4997.35,-0.05,45,7,20,44
2026-07-14 17:30,A_baseline,4908.2,-1.84,257,8,118,46
2026-07-14 17:30,B_nospikes,4956.51,-0.87,206,8,97,47
2026-07-14 17:30,C_conservative,4957.17,-0.86,192,7,89,46
2026-07-14 17:30,D_contrarian,4897.84,-2.04,50,2,27,54
2026-07-14 17:30,E_moonshot,5000.78,0.02,45,7,20,44
2026-07-14 18:00,A_baseline,4909.62,-1.81,257,8,118,46
2026-07-14 18:00,B_nospikes,4956.69,-0.87,206,8,97,47
2026-07-14 18:00,C_conservative,4958.71,-0.83,192,7,89,46
2026-07-14 18:00,D_contrarian,4896.3,-2.07,51,2,28,55
2026-07-14 18:00,E_moonshot,5000.33,0.01,45,7,20,44
2026-07-14 18:30,A_baseline,4912.65,-1.75,257,8,118,46
2026-07-14 18:30,B_nospikes,4962.59,-0.75,206,8,97,47
2026-07-14 18:30,C_conservative,4962.75,-0.75,192,7,89,46
2026-07-14 18:30,D_contrarian,4896.16,-2.08,51,2,28,55
2026-07-14 18:30,E_moonshot,5003.67,0.07,45,7,20,44
2026-07-14 19:00,A_baseline,4913.37,-1.73,257,8,118,46
2026-07-14 19:00,B_nospikes,4963.65,-0.73,206,8,97,47
2026-07-14 19:00,C_conservative,4962.64,-0.75,192,8,89,46
2026-07-14 19:00,D_contrarian,4896.36,-2.07,51,2,28,55
2026-07-14 19:00,E_moonshot,5005.01,0.1,45,7,20,44
2026-07-14 19:30,A_baseline,4909.81,-1.8,257,8,118,46
2026-07-14 19:30,B_nospikes,4960.15,-0.8,206,8,97,47
2026-07-14 19:30,C_conservative,4958.93,-0.82,192,8,89,46
2026-07-14 19:30,D_contrarian,4892.52,-2.15,51,2,28,55
2026-07-14 19:30,E_moonshot,5002.9,0.06,45,7,20,44
2026-07-14 20:00,A_baseline,4906.79,-1.86,257,8,118,46
2026-07-14 20:00,B_nospikes,4959.53,-0.81,206,8,97,47
2026-07-14 20:00,C_conservative,4955.73,-0.89,192,8,89,46
2026-07-14 20:00,D_contrarian,4893.89,-2.12,51,2,28,55
2026-07-14 20:00,E_moonshot,5002.19,0.04,45,7,20,44
2026-07-14 20:30,A_baseline,4906.02,-1.88,257,8,118,46
2026-07-14 20:30,B_nospikes,4958.69,-0.83,206,8,97,47
2026-07-14 20:30,C_conservative,4954.9,-0.9,192,8,89,46
2026-07-14 20:30,D_contrarian,4892.04,-2.16,52,1,28,54
2026-07-14 20:30,E_moonshot,5002.35,0.05,45,7,20,44
2026-07-14 21:00,A_baseline,4909.61,-1.81,257,8,118,46
2026-07-14 21:00,B_nospikes,4961.73,-0.77,206,8,97,47
2026-07-14 21:00,C_conservative,4958.63,-0.83,192,8,89,46
2026-07-14 21:00,D_contrarian,4892.04,-2.16,52,1,28,54
2026-07-14 21:00,E_moonshot,5003.82,0.08,45,8,20,44
2026-07-14 21:30,A_baseline,4909.98,-1.8,257,8,118,46
2026-07-14 21:30,B_nospikes,4962.17,-0.76,206,8,97,47
2026-07-14 21:30,C_conservative,4959.04,-0.82,192,8,89,46
2026-07-14 21:30,D_contrarian,4892.04,-2.16,52,1,28,54
2026-07-14 21:30,E_moonshot,5004.06,0.08,45,8,20,44
2026-07-14 22:00,A_baseline,4910.42,-1.79,257,8,118,46
2026-07-14 22:00,B_nospikes,4962.65,-0.75,206,8,97,47
2026-07-14 22:00,C_conservative,4959.52,-0.81,192,8,89,46
2026-07-14 22:00,D_contrarian,4891.16,-2.18,52,2,28,54
2026-07-14 22:00,E_moonshot,5004.41,0.09,45,8,20,44
2026-07-14 22:30,A_baseline,4910.45,-1.79,257,8,118,46
2026-07-14 22:30,B_nospikes,4962.6,-0.75,206,8,97,47
2026-07-14 22:30,C_conservative,4959.52,-0.81,192,8,89,46
2026-07-14 22:30,D_contrarian,4891.16,-2.18,52,2,28,54
2026-07-14 22:30,E_moonshot,5004.8,0.1,45,8,20,44
2026-07-14 23:00,A_baseline,4909.01,-1.82,257,8,118,46
2026-07-14 23:00,B_nospikes,4961.04,-0.78,206,8,97,47
2026-07-14 23:00,C_conservative,4957.96,-0.84,192,8,89,46
2026-07-14 23:00,D_contrarian,4891.16,-2.18,52,2,28,54
2026-07-14 23:00,E_moonshot,5003.37,0.07,45,8,20,44
2026-07-14 23:30,A_baseline,4910.8,-1.78,257,8,118,46
2026-07-15 00:00,A_baseline,4914.57,-1.71,257,8,118,46
2026-07-15 00:30,A_baseline,4915.58,-1.69,257,8,118,46
2026-07-15 01:00,A_baseline,4915.26,-1.69,258,8,119,46
2026-07-15 01:30,A_baseline,4914.68,-1.71,258,8,119,46
2026-07-15 02:00,A_baseline,4917.53,-1.65,258,8,119,46
2026-07-15 02:30,A_baseline,4919.22,-1.62,259,8,120,46
2026-07-15 03:00,A_baseline,4917.36,-1.65,259,8,120,46
2026-07-15 03:30,A_baseline,4913.92,-1.72,259,8,120,46
2026-07-15 04:00,A_baseline,4912.32,-1.75,259,8,120,46
2026-07-15 04:30,A_baseline,4909.47,-1.81,259,8,120,46
2026-07-15 05:00,A_baseline,4909.77,-1.8,259,8,120,46
2026-07-15 05:30,A_baseline,4908.35,-1.83,259,8,120,46
2026-07-15 06:00,A_baseline,4908.09,-1.84,259,8,120,46
2026-07-15 06:30,A_baseline,4911.38,-1.77,259,8,120,46
2026-07-15 07:00,A_baseline,4910.48,-1.79,259,8,120,46
2026-07-15 07:30,A_baseline,4908.64,-1.83,259,8,120,46
2026-07-15 08:00,A_baseline,4911.64,-1.77,259,8,120,46
2026-07-15 08:30,A_baseline,4915.43,-1.69,259,8,120,46
2026-07-15 09:00,A_baseline,4914.33,-1.71,259,8,120,46
2026-07-15 09:30,A_baseline,4908.04,-1.84,259,8,120,46
2026-07-15 10:00,A_baseline,4908.37,-1.83,259,8,120,46
2026-07-15 10:30,A_baseline,4908.54,-1.83,259,8,120,46
2026-07-15 11:00,A_baseline,4912.08,-1.76,259,8,120,46
2026-07-15 11:30,A_baseline,4912.09,-1.76,259,8,120,46
2026-07-15 12:00,A_baseline,4919.22,-1.62,259,8,120,46
2026-07-15 12:30,A_baseline,4918.1,-1.64,259,8,120,46
2026-07-15 13:00,A_baseline,4916.37,-1.67,259,8,120,46
2026-07-15 13:30,A_baseline,4916.37,-1.67,259,8,120,46
2026-07-15 14:00,A_baseline,4918.3,-1.63,259,8,120,46
2026-07-15 14:30,A_baseline,4919.07,-1.62,259,8,120,46
2026-07-15 15:00,A_baseline,4929.13,-1.42,259,8,120,46
2026-07-15 15:30,A_baseline,4934.16,-1.32,259,8,120,46
2026-07-15 16:00,A_baseline,4928.22,-1.44,260,7,121,47
2026-07-15 16:30,A_baseline,4929.25,-1.41,260,7,121,47
2026-07-15 17:00,A_baseline,4930.07,-1.4,260,8,121,47
2026-07-15 17:30,A_baseline,4929.74,-1.41,260,8,121,47
2026-07-15 18:00,A_baseline,4932.05,-1.36,260,8,121,47
2026-07-15 18:30,A_baseline,4924.1,-1.52,260,8,121,47
2026-07-15 19:00,A_baseline,4922.04,-1.56,261,7,122,47
2026-07-15 19:30,A_baseline,4922.56,-1.55,261,8,122,47
2026-07-15 20:00,A_baseline,4923.28,-1.53,261,8,122,47
2026-07-15 20:30,A_baseline,4926.38,-1.47,261,8,122,47
2026-07-15 21:00,A_baseline,4922.47,-1.55,261,8,122,47
2026-07-15 21:30,A_baseline,4916.03,-1.68,262,7,122,47
2026-07-15 22:00,A_baseline,4914.03,-1.72,262,8,122,47
2026-07-15 22:30,A_baseline,4912.54,-1.75,262,8,122,47
2026-07-15 23:00,A_baseline,4913.28,-1.73,262,8,122,47
2026-07-15 23:30,A_baseline,4912.72,-1.75,262,8,122,47
2026-07-16 00:00,A_baseline,4913.34,-1.73,262,8,122,47
2026-07-16 00:30,A_baseline,4911.65,-1.77,262,8,122,47
2026-07-16 01:00,A_baseline,4913.27,-1.73,262,8,122,47
2026-07-16 01:30,A_baseline,4912.94,-1.74,262,8,122,47
2026-07-16 02:00,A_baseline,4911.34,-1.77,262,8,122,47
2026-07-16 02:30,A_baseline,4911.07,-1.78,262,8,122,47
2026-07-16 03:00,A_baseline,4910.44,-1.79,262,8,122,47
2026-07-16 03:30,A_baseline,4909.13,-1.82,262,8,122,47
2026-07-16 04:00,A_baseline,4910.75,-1.79,262,8,122,47
2026-07-16 04:30,A_baseline,4910.96,-1.78,262,8,122,47
2026-07-16 05:00,A_baseline,4911.85,-1.76,262,8,122,47
2026-07-16 05:30,A_baseline,4912.32,-1.75,262,8,122,47
2026-07-16 06:00,A_baseline,4910.9,-1.78,262,8,122,47
2026-07-16 06:30,A_baseline,4912.18,-1.76,262,8,122,47
2026-07-16 07:00,A_baseline,4911.08,-1.78,262,8,122,47
2026-07-16 07:30,A_baseline,4911.0,-1.78,263,8,122,46
2026-07-16 08:00,A_baseline,4910.97,-1.78,263,8,122,46
2026-07-16 08:30,A_baseline,4911.5,-1.77,263,8,122,46
2026-07-16 09:00,A_baseline,4910.77,-1.78,263,8,122,46
2026-07-16 09:30,A_baseline,4909.43,-1.81,263,8,122,46
2026-07-16 10:00,A_baseline,4894.29,-2.11,264,8,122,46
2026-07-16 10:30,A_baseline,4893.75,-2.12,264,8,122,46
2026-07-16 11:00,A_baseline,4894.04,-2.12,264,8,122,46
2026-07-16 11:30,A_baseline,4892.71,-2.15,264,8,122,46
2026-07-16 12:00,A_baseline,4892.68,-2.15,264,8,122,46
2026-07-16 12:30,A_baseline,4891.26,-2.17,264,8,122,46
2026-07-16 13:00,A_baseline,4891.89,-2.16,264,8,122,46
2026-07-16 13:30,A_baseline,4889.85,-2.2,264,8,122,46
2026-07-16 14:00,A_baseline,4888.31,-2.23,264,8,122,46
2026-07-16 14:30,A_baseline,4886.83,-2.26,264,8,122,46
2026-07-16 15:00,A_baseline,4883.11,-2.34,264,8,122,46
2026-07-16 15:30,A_baseline,4885.81,-2.28,264,8,122,46
2026-07-16 16:00,A_baseline,4888.08,-2.24,264,8,122,46
2026-07-16 16:30,A_baseline,4895.41,-2.09,264,8,122,46
2026-07-16 17:00,A_baseline,4894.99,-2.1,264,8,122,46
2026-07-16 17:30,A_baseline,4893.9,-2.12,264,8,122,46
2026-07-16 18:00,A_baseline,4894.77,-2.1,264,8,122,46
2026-07-16 18:30,A_baseline,4890.84,-2.18,265,8,122,46
2026-07-16 19:00,A_baseline,4890.52,-2.19,265,8,122,46
2026-07-16 19:30,A_baseline,4886.41,-2.27,265,8,122,46
2026-07-16 20:00,A_baseline,4882.63,-2.35,266,8,122,46
2026-07-16 20:30,A_baseline,4883.17,-2.34,266,8,122,46
2026-07-16 21:00,A_baseline,4886.43,-2.27,266,8,122,46
2026-07-16 21:30,A_baseline,4886.36,-2.27,266,8,122,46
2026-07-16 22:00,A_baseline,4885.39,-2.29,266,8,122,46
2026-07-16 22:30,A_baseline,4885.79,-2.28,266,8,122,46
2026-07-16 23:00,A_baseline,4885.05,-2.3,266,8,122,46
2026-07-16 23:30,A_baseline,4885.3,-2.29,266,8,122,46
2026-07-17 00:00,A_baseline,4885.28,-2.29,266,8,122,46
2026-07-17 00:30,A_baseline,4884.03,-2.32,266,8,122,46
2026-07-17 01:00,A_baseline,4881.06,-2.38,266,8,122,46
2026-07-17 01:30,A_baseline,4876.89,-2.46,266,8,122,46
2026-07-17 02:00,A_baseline,4878.48,-2.43,266,8,122,46
2026-07-17 02:30,A_baseline,4877.63,-2.45,267,8,123,46
2026-07-17 03:00,A_baseline,4874.16,-2.52,269,8,123,46
2026-07-17 03:30,A_baseline,4874.15,-2.52,269,8,123,46
2026-07-17 04:00,A_baseline,4872.72,-2.55,269,8,123,46
2026-07-17 04:30,A_baseline,4871.03,-2.58,270,8,123,46
2026-07-17 05:00,A_baseline,4870.4,-2.59,270,8,123,46
2026-07-17 05:30,A_baseline,4872.93,-2.54,271,8,124,46
2026-07-17 06:00,A_baseline,4874.55,-2.51,271,8,124,46
2026-07-17 06:30,A_baseline,4872.71,-2.55,272,8,124,46
2026-07-17 07:00,A_baseline,4872.97,-2.54,272,8,124,46
2026-07-17 07:30,A_baseline,4872.47,-2.55,272,8,124,46
2026-07-17 08:00,A_baseline,4859.69,-2.81,274,7,124,45
2026-07-17 08:30,A_baseline,4859.41,-2.81,274,7,124,45
2026-07-17 09:00,A_baseline,4860.14,-2.8,274,8,124,45
2026-07-17 09:30,A_baseline,4859.43,-2.81,274,8,124,45
2026-07-17 10:00,A_baseline,4856.3,-2.87,274,8,124,45
2026-07-17 10:30,A_baseline,4854.09,-2.92,274,8,124,45
2026-07-17 11:00,A_baseline,4853.85,-2.92,274,8,124,45
2026-07-17 11:30,A_baseline,4859.54,-2.81,274,8,124,45
2026-07-17 12:00,A_baseline,4862.45,-2.75,274,8,124,45
2026-07-17 12:30,A_baseline,4862.36,-2.75,274,8,124,45
2026-07-17 13:00,A_baseline,4862.82,-2.74,274,8,124,45
2026-07-17 13:30,A_baseline,4863.23,-2.74,274,8,124,45
2026-07-17 14:00,A_baseline,4864.32,-2.71,274,8,124,45
2026-07-17 14:30,A_baseline,4861.63,-2.77,274,8,124,45
2026-07-17 15:00,A_baseline,4861.08,-2.78,274,8,124,45
2026-07-17 15:30,A_baseline,4850.19,-3.0,276,8,124,45
2026-07-17 16:00,A_baseline,4846.96,-3.06,277,7,124,45
2026-07-17 16:30,A_baseline,4851.21,-2.98,277,7,124,45
2026-07-17 17:00,A_baseline,4851.25,-2.98,277,7,124,45
2026-07-17 17:30,A_baseline,4849.83,-3.0,277,8,124,45
2026-07-17 18:00,A_baseline,4858.43,-2.83,278,7,125,45
2026-07-17 18:30,A_baseline,4864.33,-2.71,278,7,125,45
2026-07-17 19:00,A_baseline,4865.53,-2.69,278,7,125,45
2026-07-17 19:30,A_baseline,4867.87,-2.64,278,7,125,45
2026-07-17 20:00,A_baseline,4867.01,-2.66,279,6,126,45
2026-07-17 20:30,A_baseline,4866.73,-2.67,279,6,126,45
2026-07-17 21:00,A_baseline,4867.17,-2.66,279,6,126,45
2026-07-17 21:30,A_baseline,4865.26,-2.69,279,7,126,45
2026-07-17 22:00,A_baseline,4867.65,-2.65,279,7,126,45
2026-07-17 22:30,A_baseline,4866.22,-2.68,279,7,126,45
2026-07-17 23:00,A_baseline,4867.48,-2.65,280,7,127,45
2026-07-17 23:30,A_baseline,4868.42,-2.63,280,7,127,45
2026-07-18 00:00,A_baseline,4868.32,-2.63,280,7,127,45
2026-07-18 00:30,A_baseline,4866.38,-2.67,280,7,127,45
2026-07-18 01:00,A_baseline,4864.96,-2.7,281,6,127,45
2026-07-18 01:30,A_baseline,4864.22,-2.72,281,6,127,45
2026-07-18 02:00,A_baseline,4865.3,-2.69,281,7,127,45
2026-07-18 02:30,A_baseline,4871.54,-2.57,281,8,127,45
2026-07-18 03:00,A_baseline,4867.97,-2.64,281,8,127,45
2026-07-18 03:30,A_baseline,4865.77,-2.68,284,6,130,46
2026-07-18 04:00,A_baseline,4865.66,-2.69,284,8,130,46
2026-07-18 04:30,A_baseline,4864.32,-2.71,285,7,130,46
2026-07-18 05:00,A_baseline,4865.25,-2.69,285,7,130,46
2026-07-18 05:30,A_baseline,4864.88,-2.7,285,7,130,46
2026-07-18 06:00,A_baseline,4861.92,-2.76,285,8,130,46
2026-07-18 06:30,A_baseline,4859.63,-2.81,285,8,130,46
2026-07-18 07:00,A_baseline,4856.46,-2.87,285,8,130,46
2026-07-18 07:30,A_baseline,4854.44,-2.91,285,8,130,46
2026-07-18 08:00,A_baseline,4854.16,-2.92,285,8,130,46
2026-07-18 08:30,A_baseline,4856.91,-2.86,285,8,130,46
2026-07-18 09:00,A_baseline,4854.88,-2.9,285,8,130,46
2026-07-18 09:30,A_baseline,4854.98,-2.9,285,8,130,46
2026-07-18 10:00,A_baseline,4854.91,-2.9,285,8,130,46
2026-07-18 10:30,A_baseline,4855.14,-2.9,285,8,130,46
2026-07-18 11:00,A_baseline,4856.09,-2.88,285,8,130,46
2026-07-18 11:30,A_baseline,4853.36,-2.93,285,8,130,46
2026-07-18 12:00,A_baseline,4852.43,-2.95,285,8,130,46
2026-07-18 12:30,A_baseline,4852.57,-2.95,285,8,130,46
2026-07-18 13:00,A_baseline,4853.27,-2.93,285,8,130,46
2026-07-18 13:30,A_baseline,4853.32,-2.93,285,8,130,46
2026-07-18 14:00,A_baseline,4853.3,-2.93,285,8,130,46
2026-07-18 14:30,A_baseline,4850.17,-3.0,285,8,130,46
2026-07-18 15:00,A_baseline,4849.4,-3.01,285,8,130,46
2026-07-18 15:30,A_baseline,4850.0,-3.0,285,8,130,46
2026-07-18 16:00,A_baseline,4845.53,-3.09,287,8,130,45
2026-07-18 16:30,A_baseline,4847.04,-3.06,287,8,130,45
2026-07-18 17:00,A_baseline,4849.03,-3.02,287,8,130,45
2026-07-18 17:30,A_baseline,4842.95,-3.14,288,8,130,45
2026-07-18 18:00,A_baseline,4843.02,-3.14,288,8,130,45
2026-07-18 18:30,A_baseline,4844.49,-3.11,288,8,130,45
2026-07-18 19:00,A_baseline,4844.74,-3.11,288,8,130,45
2026-07-18 19:30,A_baseline,4844.95,-3.1,288,8,130,45
2026-07-18 20:00,A_baseline,4847.3,-3.05,288,8,130,45
2026-07-18 20:30,A_baseline,4846.97,-3.06,288,8,130,45
2026-07-18 21:00,A_baseline,4848.09,-3.04,288,8,130,45
2026-07-18 21:30,A_baseline,4847.88,-3.04,288,8,130,45
2026-07-18 22:00,A_baseline,4851.42,-2.97,288,8,130,45
2026-07-18 22:30,A_baseline,4851.12,-2.98,288,8,130,45
2026-07-18 23:00,A_baseline,4851.61,-2.97,288,8,130,45
2026-07-18 23:30,A_baseline,4853.05,-2.94,288,8,130,45
2026-07-19 00:00,A_baseline,4853.32,-2.93,288,8,130,45
2026-07-19 00:30,A_baseline,4853.22,-2.94,288,8,130,45
2026-07-19 01:00,A_baseline,4854.68,-2.91,288,8,130,45
2026-07-19 01:30,A_baseline,4853.7,-2.93,288,8,130,45
2026-07-19 02:00,A_baseline,4855.18,-2.9,288,8,130,45
2026-07-19 02:30,A_baseline,4856.19,-2.88,288,8,130,45
2026-07-19 03:00,A_baseline,4856.04,-2.88,288,8,130,45
2026-07-19 03:30,A_baseline,4855.34,-2.89,288,8,130,45
2026-07-19 04:00,A_baseline,4853.75,-2.93,289,8,131,45
2026-07-19 04:30,A_baseline,4859.55,-2.81,289,8,131,45
2026-07-19 05:00,A_baseline,4859.54,-2.81,289,8,131,45
2026-07-19 05:30,A_baseline,4854.6,-2.91,289,8,131,45
2026-07-19 06:00,A_baseline,4853.66,-2.93,289,8,131,45
2026-07-19 06:30,A_baseline,4853.21,-2.94,289,8,131,45
2026-07-19 07:00,A_baseline,4853.44,-2.93,289,8,131,45
2026-07-19 07:30,A_baseline,4854.19,-2.92,289,8,131,45
2026-07-19 08:00,A_baseline,4852.63,-2.95,289,8,131,45
2026-07-19 08:30,A_baseline,4854.63,-2.91,289,8,131,45
2026-07-19 09:00,A_baseline,4853.75,-2.93,289,8,131,45
2026-07-19 09:30,A_baseline,4854.2,-2.92,289,8,131,45
2026-07-19 10:00,A_baseline,4852.96,-2.94,289,8,131,45
2026-07-19 10:30,A_baseline,4853.96,-2.92,289,8,131,45
2026-07-19 11:00,A_baseline,4854.66,-2.91,289,8,131,45
2026-07-19 11:30,A_baseline,4850.57,-2.99,289,8,131,45
2026-07-19 12:00,A_baseline,4848.13,-3.04,289,8,131,45
2026-07-19 12:30,A_baseline,4847.6,-3.05,289,8,131,45
2026-07-19 13:00,A_baseline,4849.52,-3.01,289,8,131,45
2026-07-19 13:30,A_baseline,4850.49,-2.99,289,8,131,45
2026-07-19 14:00,A_baseline,4850.58,-2.99,289,8,131,45
2026-07-19 14:30,A_baseline,4843.79,-3.12,289,8,131,45
2026-07-19 15:00,A_baseline,4845.13,-3.1,289,8,131,45
2026-07-19 15:30,A_baseline,4840.98,-3.18,289,8,131,45
2026-07-19 16:00,A_baseline,4843.63,-3.13,289,8,131,45
2026-07-19 16:30,A_baseline,4845.43,-3.09,289,8,131,45
2026-07-19 17:00,A_baseline,4849.6,-3.01,289,8,131,45
2026-07-19 17:30,A_baseline,4849.33,-3.01,289,8,131,45
2026-07-19 18:00,A_baseline,4847.99,-3.04,289,8,131,45
2026-07-19 18:30,A_baseline,4847.16,-3.06,289,8,131,45
2026-07-19 19:00,A_baseline,4846.99,-3.06,289,8,131,45
2026-07-19 19:30,A_baseline,4842.97,-3.14,290,7,131,45
2026-07-19 20:00,A_baseline,4843.37,-3.13,290,7,131,45
2026-07-19 20:30,A_baseline,4841.48,-3.17,291,6,131,45
2026-07-19 21:00,A_baseline,4840.17,-3.2,291,6,131,45
2026-07-19 21:30,A_baseline,4841.74,-3.17,291,6,131,45
2026-07-19 22:00,A_baseline,4841.73,-3.17,291,6,131,45
2026-07-19 22:30,A_baseline,4843.03,-3.14,291,6,131,45
2026-07-19 23:00,A_baseline,4844.5,-3.11,291,6,131,45
2026-07-19 23:30,A_baseline,4844.94,-3.1,291,6,131,45
2026-07-20 00:00,A_baseline,4840.47,-3.19,291,6,131,45
2026-07-20 00:30,A_baseline,4845.1,-3.1,291,7,131,45
2026-07-20 01:00,A_baseline,4844.9,-3.1,291,7,131,45
2026-07-20 01:30,A_baseline,4843.99,-3.12,291,7,131,45
2026-07-20 02:00,A_baseline,4846.0,-3.08,291,7,131,45
2026-07-20 02:30,A_baseline,4853.2,-2.94,291,8,131,45
2026-07-20 03:00,A_baseline,4851.18,-2.98,291,8,131,45
2026-07-20 03:30,A_baseline,4854.15,-2.92,291,8,131,45
2026-07-20 04:00,A_baseline,4850.7,-2.99,292,7,132,45
2026-07-20 04:30,A_baseline,4849.33,-3.01,292,7,132,45
2026-07-20 05:00,A_baseline,4853.79,-2.92,292,7,132,45
2026-07-20 05:30,A_baseline,4852.47,-2.95,292,7,132,45
2026-07-20 06:00,A_baseline,4849.46,-3.01,292,8,132,45
2026-07-20 06:30,A_baseline,4849.53,-3.01,293,7,133,45
2026-07-20 07:00,A_baseline,4847.74,-3.05,293,7,133,45
2026-07-20 07:30,A_baseline,4836.84,-3.26,293,8,133,45
2026-07-20 08:00,A_baseline,4836.34,-3.27,293,8,133,45
2026-07-20 08:30,A_baseline,4836.43,-3.27,293,8,133,45
2026-07-20 09:00,A_baseline,4826.06,-3.48,295,7,133,45
2026-07-20 09:30,A_baseline,4827.79,-3.44,295,8,133,45
2026-07-20 10:00,A_baseline,4828.93,-3.42,295,8,133,45
2026-07-20 10:30,A_baseline,4829.73,-3.41,295,8,133,45
2026-07-20 11:00,A_baseline,4829.14,-3.42,295,8,133,45
2026-07-20 11:30,A_baseline,4831.23,-3.38,295,8,133,45
2026-07-20 12:00,A_baseline,4832.74,-3.35,295,8,133,45
2026-07-20 12:30,A_baseline,4832.0,-3.36,296,7,133,45
2026-07-20 13:00,A_baseline,4829.42,-3.41,296,7,133,45
2026-07-20 13:30,A_baseline,4829.67,-3.41,296,7,133,45
2026-07-20 14:00,A_baseline,4840.15,-3.2,296,7,133,45
2026-07-20 14:30,A_baseline,4839.08,-3.22,296,7,133,45
2026-07-20 15:00,A_baseline,4838.59,-3.23,296,7,133,45
2026-07-20 15:30,A_baseline,4837.9,-3.24,296,7,133,45
2026-07-20 16:00,A_baseline,4834.26,-3.31,296,8,133,45
2026-07-20 16:30,A_baseline,4828.38,-3.43,296,8,133,45
2026-07-20 17:00,A_baseline,4828.23,-3.44,296,8,133,45
2026-07-20 17:30,A_baseline,4836.68,-3.27,296,8,133,45
2026-07-20 18:00,A_baseline,4849.6,-3.01,296,8,133,45
2026-07-20 18:30,A_baseline,4853.93,-2.92,296,8,133,45
2026-07-20 19:00,A_baseline,4853.18,-2.94,297,7,134,45
2026-07-20 19:30,A_baseline,4854.8,-2.9,298,6,135,45
2026-07-20 20:00,A_baseline,4852.99,-2.94,298,6,135,45
2026-07-20 20:30,A_baseline,4858.54,-2.83,298,6,135,45
2026-07-20 21:00,A_baseline,4855.69,-2.89,298,6,135,45
2026-07-20 21:30,A_baseline,4853.44,-2.93,298,6,135,45
2026-07-20 22:00,A_baseline,4854.08,-2.92,298,6,135,45
2026-07-20 22:30,A_baseline,4851.75,-2.97,298,6,135,45
2026-07-20 23:00,A_baseline,4853.34,-2.93,298,7,135,45
2026-07-20 23:30,A_baseline,4853.14,-2.94,298,7,135,45
2026-07-21 00:00,A_baseline,4852.48,-2.95,298,7,135,45
2026-07-21 00:30,A_baseline,4850.6,-2.99,298,7,135,45
2026-07-21 01:00,A_baseline,4849.32,-3.01,298,8,135,45
2026-07-21 01:30,A_baseline,4850.59,-2.99,298,8,135,45
2026-07-21 02:00,A_baseline,4850.23,-3.0,298,8,135,45
2026-07-21 02:30,A_baseline,4851.38,-2.97,300,8,136,45
2026-07-21 03:00,A_baseline,4855.27,-2.89,300,8,136,45
2026-07-21 03:30,A_baseline,4852.15,-2.96,300,8,136,45
2026-07-21 04:00,A_baseline,4850.78,-2.98,301,8,137,46
2026-07-21 04:30,A_baseline,4849.94,-3.0,301,8,137,46
2026-07-21 05:00,A_baseline,4852.8,-2.94,301,8,137,46
2026-07-21 05:30,A_baseline,4856.44,-2.87,301,8,137,46
2026-07-21 06:00,A_baseline,4855.6,-2.89,301,8,137,46
2026-07-21 06:30,A_baseline,4854.69,-2.91,301,8,137,46
2026-07-21 07:00,A_baseline,4857.35,-2.85,302,7,138,46
2026-07-21 07:30,A_baseline,4858.89,-2.82,302,8,138,46
2026-07-21 08:00,A_baseline,4859.51,-2.81,302,8,138,46
2026-07-21 08:30,A_baseline,4859.66,-2.81,302,8,138,46
2026-07-21 09:00,A_baseline,4862.02,-2.76,302,8,138,46
2026-07-21 09:30,A_baseline,4863.19,-2.74,302,8,138,46
2026-07-21 10:00,A_baseline,4865.02,-2.7,302,8,138,46
2026-07-21 10:30,A_baseline,4867.6,-2.65,302,8,138,46
2026-07-21 11:00,A_baseline,4866.34,-2.67,302,8,138,46
2026-07-21 11:30,A_baseline,4864.69,-2.71,302,8,138,46
2026-07-21 12:00,A_baseline,4865.59,-2.69,302,8,138,46
2026-07-21 12:30,A_baseline,4865.57,-2.69,302,8,138,46
2026-07-21 13:00,A_baseline,4862.16,-2.76,303,8,139,46
2026-07-21 13:30,A_baseline,4861.4,-2.77,303,8,139,46
2026-07-21 14:00,A_baseline,4864.13,-2.72,303,8,139,46
2026-07-21 14:30,A_baseline,4865.53,-2.69,303,8,139,46
2026-07-21 15:00,A_baseline,4865.38,-2.69,303,8,139,46
2026-07-21 15:30,A_baseline,4864.38,-2.71,303,8,139,46
2026-07-21 16:00,A_baseline,4864.39,-2.71,303,8,139,46
2026-07-21 16:30,A_baseline,4862.3,-2.75,303,8,139,46
2026-07-21 17:00,A_baseline,4862.01,-2.76,303,8,139,46
2026-07-21 17:30,A_baseline,4862.05,-2.76,303,8,139,46
2026-07-21 18:00,A_baseline,4862.62,-2.75,303,8,139,46
2026-07-21 18:30,A_baseline,4864.57,-2.71,303,8,139,46
2026-07-21 19:00,A_baseline,4864.41,-2.71,303,8,139,46
2026-07-21 19:30,A_baseline,4860.27,-2.79,304,8,140,46
2026-07-21 20:00,A_baseline,4858.37,-2.83,304,8,140,46
2026-07-21 20:30,A_baseline,4861.72,-2.77,304,8,140,46
2026-07-21 21:00,A_baseline,4861.23,-2.78,304,8,140,46
2026-07-21 21:30,A_baseline,4862.36,-2.75,304,8,140,46
2026-07-21 22:00,A_baseline,4861.53,-2.77,304,8,140,46
2026-07-21 22:30,A_baseline,4860.22,-2.8,304,8,140,46
2026-07-21 23:00,A_baseline,4860.15,-2.8,305,8,141,46
2026-07-21 23:30,A_baseline,4856.35,-2.87,305,8,141,46
2026-07-22 00:00,A_baseline,4857.72,-2.85,305,8,141,46
2026-07-22 00:30,A_baseline,4857.0,-2.86,305,8,141,46
2026-07-22 01:00,A_baseline,4856.08,-2.88,305,8,141,46
2026-07-22 01:30,A_baseline,4853.99,-2.92,305,8,141,46
2026-07-22 02:00,A_baseline,4855.35,-2.89,305,8,141,46
2026-07-22 02:30,A_baseline,4861.63,-2.77,305,8,141,46
2026-07-22 03:00,A_baseline,4863.46,-2.73,305,8,141,46
2026-07-22 03:30,A_baseline,4861.9,-2.76,305,8,141,46
2026-07-22 04:00,A_baseline,4862.76,-2.74,305,8,141,46
2026-07-22 04:30,A_baseline,4862.5,-2.75,305,8,141,46
2026-07-22 05:00,A_baseline,4860.06,-2.8,305,8,141,46
2026-07-22 05:30,A_baseline,4859.64,-2.81,305,8,141,46
2026-07-22 06:00,A_baseline,4859.42,-2.81,305,8,141,46
2026-07-22 06:30,A_baseline,4860.41,-2.79,305,8,141,46
2026-07-22 07:00,A_baseline,4862.43,-2.75,305,8,141,46
2026-07-22 07:30,A_baseline,4853.81,-2.92,307,7,142,46
2026-07-22 08:00,A_baseline,4847.99,-3.04,308,8,142,46
2026-07-22 08:30,A_baseline,4845.81,-3.08,308,8,142,46
2026-07-22 09:00,A_baseline,4846.99,-3.06,308,8,142,46
2026-07-22 09:30,A_baseline,4843.8,-3.12,308,8,142,46
2026-07-22 10:00,A_baseline,4843.17,-3.14,308,8,142,46
2026-07-22 10:30,A_baseline,4844.59,-3.11,308,8,142,46
2026-07-22 11:00,A_baseline,4845.4,-3.09,308,8,142,46
2026-07-22 11:30,A_baseline,4845.71,-3.09,308,8,142,46
2026-07-22 12:00,A_baseline,4845.35,-3.09,308,8,142,46
2026-07-22 12:30,A_baseline,4846.68,-3.07,308,8,142,46
2026-07-22 13:00,A_baseline,4850.0,-3.0,308,8,142,46
2026-07-22 13:30,A_baseline,4848.84,-3.02,308,8,142,46
2026-07-22 14:00,A_baseline,4847.95,-3.04,308,8,142,46
2026-07-22 14:30,A_baseline,4848.11,-3.04,308,8,142,46
2026-07-22 15:00,A_baseline,4844.1,-3.12,308,8,142,46
2026-07-22 15:30,A_baseline,4845.05,-3.1,308,8,142,46
2026-07-22 16:00,A_baseline,4848.85,-3.02,308,8,142,46
2026-07-22 16:30,A_baseline,4848.28,-3.03,308,8,142,46
2026-07-22 17:00,A_baseline,4847.7,-3.05,308,8,142,46
2026-07-22 17:30,A_baseline,4854.29,-2.91,308,8,142,46
2026-07-22 18:00,A_baseline,4856.72,-2.87,308,8,142,46
2026-07-22 18:30,A_baseline,4854.61,-2.91,308,8,142,46
2026-07-22 19:00,A_baseline,4862.03,-2.76,308,8,142,46
2026-07-22 19:30,A_baseline,4860.84,-2.78,308,8,142,46
2026-07-22 20:00,A_baseline,4861.59,-2.77,309,8,143,46
2026-07-22 20:30,A_baseline,4855.24,-2.9,309,8,143,46
2026-07-22 21:00,A_baseline,4853.7,-2.93,309,8,143,46
2026-07-22 21:30,A_baseline,4853.79,-2.92,309,8,143,46
2026-07-22 22:00,A_baseline,4854.07,-2.92,309,8,143,46
2026-07-22 22:30,A_baseline,4852.87,-2.94,309,8,143,46
2026-07-22 23:00,A_baseline,4853.85,-2.92,309,8,143,46
2026-07-22 23:30,A_baseline,4853.24,-2.94,309,8,143,46
2026-07-23 00:00,A_baseline,4853.61,-2.93,309,8,143,46
2026-07-23 00:30,A_baseline,4856.29,-2.87,309,8,143,46
2026-07-23 01:00,A_baseline,4855.22,-2.9,309,8,143,46
2026-07-23 01:30,A_baseline,4851.92,-2.96,309,8,143,46
2026-07-23 02:00,A_baseline,4851.92,-2.96,309,8,143,46
2026-07-23 02:30,A_baseline,4854.05,-2.92,309,8,143,46
2026-07-23 03:00,A_baseline,4855.02,-2.9,309,8,143,46
2026-07-23 03:30,A_baseline,4852.6,-2.95,309,8,143,46
2026-07-23 04:00,A_baseline,4851.67,-2.97,309,8,143,46
2026-07-23 04:30,A_baseline,4849.92,-3.0,309,8,143,46
2026-07-23 05:00,A_baseline,4851.18,-2.98,309,8,143,46
2026-07-23 05:30,A_baseline,4849.51,-3.01,309,8,143,46
2026-07-23 06:00,A_baseline,4847.82,-3.04,310,8,143,46
2026-07-23 06:30,A_baseline,4848.52,-3.03,310,8,143,46
2026-07-23 07:00,A_baseline,4848.24,-3.04,310,8,143,46
2026-07-23 07:30,A_baseline,4848.57,-3.03,310,8,143,46
2026-07-23 08:00,A_baseline,4848.75,-3.02,310,8,143,46
2026-07-23 08:30,A_baseline,4850.77,-2.98,310,8,143,46
2026-07-23 09:00,A_baseline,4850.67,-2.99,310,8,143,46
2026-07-23 09:30,A_baseline,4846.34,-3.07,310,8,143,46
2026-07-23 10:00,A_baseline,4846.15,-3.08,310,8,143,46
2026-07-23 10:30,A_baseline,4846.62,-3.07,310,8,143,46
2026-07-23 11:00,A_baseline,4849.21,-3.02,310,8,143,46
2026-07-23 11:30,A_baseline,4849.95,-3.0,310,8,143,46
2026-07-23 12:00,A_baseline,4849.73,-3.01,310,8,143,46
2026-07-23 12:30,A_baseline,4850.53,-2.99,310,8,143,46
2026-07-23 13:00,A_baseline,4850.53,-2.99,310,8,143,46
2026-07-23 13:30,A_baseline,4850.8,-2.98,310,8,143,46
2026-07-23 14:00,A_baseline,4850.05,-3.0,310,8,143,46
2026-07-23 14:30,A_baseline,4847.35,-3.05,311,7,144,46
2026-07-23 15:00,A_baseline,4843.72,-3.13,312,7,144,46
2026-07-23 15:30,A_baseline,4839.1,-3.22,314,6,144,46
2026-07-23 16:00,A_baseline,4834.69,-3.31,315,5,144,46
2026-07-23 16:30,A_baseline,4836.14,-3.28,315,5,144,46
2026-07-23 17:00,A_baseline,4830.82,-3.38,316,5,144,46
2026-07-23 17:30,A_baseline,4830.55,-3.39,316,5,144,46
2026-07-23 18:00,A_baseline,4829.41,-3.41,316,5,144,46
2026-07-23 18:30,A_baseline,4826.64,-3.47,316,5,144,46
2026-07-23 19:00,A_baseline,4826.45,-3.47,316,5,144,46
2026-07-23 19:30,A_baseline,4828.84,-3.42,316,5,144,46
2026-07-23 20:00,A_baseline,4827.23,-3.46,316,5,144,46
2026-07-23 20:30,A_baseline,4826.36,-3.47,316,5,144,46
2026-07-23 21:00,A_baseline,4826.5,-3.47,317,5,144,45
2026-07-23 21:30,A_baseline,4828.72,-3.43,317,5,144,45
2026-07-23 22:00,A_baseline,4826.75,-3.47,317,5,144,45
2026-07-23 22:30,A_baseline,4829.79,-3.4,317,5,144,45
2026-07-23 23:00,A_baseline,4830.4,-3.39,317,5,144,45
2026-07-23 23:30,A_baseline,4829.2,-3.42,317,6,144,45
2026-07-24 00:00,A_baseline,4829.08,-3.42,317,6,144,45
2026-07-24 00:30,A_baseline,4830.07,-3.4,317,6,144,45
2026-07-24 01:00,A_baseline,4830.07,-3.4,317,6,144,45
2026-07-24 01:30,A_baseline,4831.99,-3.36,317,6,144,45
2026-07-24 02:00,A_baseline,4831.61,-3.37,317,6,144,45
2026-07-24 02:30,A_baseline,4826.9,-3.46,317,8,144,45
2026-07-24 03:00,A_baseline,4825.85,-3.48,317,8,144,45
2026-07-24 03:30,A_baseline,4826.21,-3.48,317,8,144,45
2026-07-24 04:00,A_baseline,4828.96,-3.42,317,8,144,45
2026-07-24 04:30,A_baseline,4825.77,-3.48,317,8,144,45
2026-07-24 05:00,A_baseline,4820.17,-3.6,318,8,144,45
2026-07-24 05:30,A_baseline,4823.07,-3.54,318,8,144,45
2026-07-24 06:00,A_baseline,4824.96,-3.5,318,8,144,45
2026-07-24 06:30,A_baseline,4825.26,-3.49,318,8,144,45
2026-07-24 07:00,A_baseline,4824.15,-3.52,318,8,144,45
2026-07-24 07:30,A_baseline,4824.18,-3.52,318,8,144,45
2026-07-24 08:00,A_baseline,4824.66,-3.51,318,8,144,45
2026-07-24 08:30,A_baseline,4825.96,-3.48,318,8,144,45
2026-07-24 09:00,A_baseline,4825.77,-3.48,318,8,144,45
2026-07-24 09:30,A_baseline,4829.49,-3.41,318,8,144,45
2026-07-24 10:00,A_baseline,4827.66,-3.45,318,8,144,45
2026-07-24 10:30,A_baseline,4827.74,-3.45,318,8,144,45
2026-07-24 11:00,A_baseline,4828.49,-3.43,318,8,144,45
2026-07-24 11:30,A_baseline,4823.35,-3.53,318,8,144,45
2026-07-24 12:00,A_baseline,4824.16,-3.52,318,8,144,45
2026-07-24 12:30,A_baseline,4822.43,-3.55,318,8,144,45
2026-07-24 13:00,A_baseline,4821.09,-3.58,318,8,144,45
2026-07-24 13:30,A_baseline,4819.38,-3.61,318,8,144,45
2026-07-24 14:00,A_baseline,4817.08,-3.66,318,8,144,45
2026-07-24 14:30,A_baseline,4819.19,-3.62,319,8,144,45
2026-07-24 15:00,A_baseline,4816.02,-3.68,319,8,144,45
2026-07-24 15:30,A_baseline,4802.52,-3.95,321,8,144,45
2026-07-24 16:00,A_baseline,4797.28,-4.05,322,7,144,45
2026-07-24 16:30,A_baseline,4795.96,-4.08,323,6,144,45
2026-07-24 17:00,A_baseline,4796.43,-4.07,323,7,144,45
2026-07-24 17:30,A_baseline,4794.12,-4.12,324,6,144,44
2026-07-24 18:00,A_baseline,4796.67,-4.07,324,6,144,44
2026-07-24 18:30,A_baseline,4796.11,-4.08,324,6,144,44
2026-07-24 19:00,A_baseline,4795.77,-4.08,324,6,144,44
2026-07-24 19:30,A_baseline,4795.64,-4.09,324,6,144,44
2026-07-24 20:00,A_baseline,4795.82,-4.08,324,6,144,44
2026-07-24 20:30,A_baseline,4796.17,-4.08,324,6,144,44
2026-07-24 21:00,A_baseline,4795.88,-4.08,324,7,144,44
2026-07-24 21:30,A_baseline,4795.85,-4.08,324,7,144,44
2026-07-24 22:00,A_baseline,4796.2,-4.08,324,7,144,44
2026-07-24 22:30,A_baseline,4796.29,-4.07,324,7,144,44
2026-07-24 23:00,A_baseline,4796.86,-4.06,324,7,144,44
2026-07-24 23:17,A_baseline,4796.86,-4.06,324,7,144,44
2026-07-24 23:17,F_contrarian_vix28,5000.0,0.0,0,0,0,0
2026-07-24 23:17,G_big,4917.23,-1.66,52,3,21,40
2026-07-24 23:17,G_core,4948.5,-1.03,84,5,42,50
2026-07-24 23:17,G_mexc,4963.31,-0.73,36,3,15,42
2026-07-24 23:17,H_contra_refined,5000.0,0.0,0,0,0,0
2026-07-24 23:17,I_wide,4951.12,-0.98,38,3,15,39
2026-07-24 23:30,A_baseline,4796.86,-4.06,324,7,144,44
2026-07-24 23:30,F_contrarian_vix28,5000.0,0.0,0,0,0,0
2026-07-24 23:30,G_big,4918.05,-1.64,52,3,21,40
2026-07-24 23:30,G_core,4948.5,-1.03,84,5,42,50
2026-07-24 23:30,G_mexc,4963.71,-0.73,36,3,15,42
2026-07-24 23:30,H_contra_refined,5000.0,0.0,0,0,0,0
2026-07-24 23:30,I_wide,4951.51,-0.97,38,3,15,39
2026-07-25 00:00,A_baseline,4796.86,-4.06,324,7,144,44
2026-07-25 00:00,F_contrarian_vix28,5000.0,0.0,0,0,0,0
2026-07-25 00:00,G_big,4918.05,-1.64,52,3,21,40
2026-07-25 00:00,G_core,4948.5,-1.03,84,5,42,50
2026-07-25 00:00,G_mexc,4962.26,-0.75,36,3,15,42
2026-07-25 00:00,H_contra_refined,5000.0,0.0,0,0,0,0
2026-07-25 00:00,I_wide,4950.07,-1.0,38,3,15,39
2026-07-25 00:30,A_baseline,4796.19,-4.08,324,8,144,44
2026-07-25 00:30,F_contrarian_vix28,5000.0,0.0,0,0,0,0
2026-07-25 00:30,G_big,4918.05,-1.64,52,3,21,40
2026-07-25 00:30,G_core,4948.23,-1.04,84,5,42,50
2026-07-25 00:30,G_mexc,4963.14,-0.74,36,3,15,42
2026-07-25 00:30,H_contra_refined,5000.0,0.0,0,0,0,0
2026-07-25 00:30,I_wide,4950.98,-0.98,38,3,15,39
2026-07-25 01:00,A_baseline,4796.35,-4.07,324,8,144,44
2026-07-25 01:00,F_contrarian_vix28,5000.0,0.0,0,0,0,0
2026-07-25 01:00,G_big,4918.05,-1.64,52,3,21,40
2026-07-25 01:00,G_core,4948.23,-1.04,84,5,42,50
2026-07-25 01:00,G_mexc,4963.11,-0.74,36,3,15,42
2026-07-25 01:00,H_contra_refined,5000.0,0.0,0,0,0,0
2026-07-25 01:00,I_wide,4951.08,-0.98,38,3,15,39
2026-07-25 01:30,A_baseline,4797.07,-4.06,324,8,144,44
2026-07-25 01:30,F_contrarian_vix28,5000.0,0.0,0,0,0,0
2026-07-25 01:30,G_big,4918.05,-1.64,52,3,21,40
2026-07-25 01:30,G_core,4948.91,-1.02,84,5,42,50
2026-07-25 01:30,G_mexc,4963.9,-0.72,37,3,16,43
2026-07-25 01:30,H_contra_refined,5000.0,0.0,0,0,0,0
2026-07-25 01:30,I_wide,4951.73,-0.97,39,3,16,41
2026-07-25 02:00,A_baseline,4797.44,-4.05,324,8,144,44
2026-07-25 02:00,F_contrarian_vix28,5000.0,0.0,0,0,0,0
2026-07-25 02:00,G_big,4918.05,-1.64,52,3,21,40
2026-07-25 02:00,G_core,4949.42,-1.01,84,5,42,50
2026-07-25 02:00,G_mexc,4964.19,-0.72,37,3,16,43
2026-07-25 02:00,H_contra_refined,5000.0,0.0,0,0,0,0
2026-07-25 02:00,I_wide,4952.08,-0.96,39,3,16,41
2026-07-25 02:30,A_baseline,4798.02,-4.04,325,8,145,45
2026-07-25 02:30,F_contrarian_vix28,5000.0,0.0,0,0,0,0
2026-07-25 02:30,G_big,4918.05,-1.64,52,3,21,40
2026-07-25 02:30,G_core,4949.83,-1.0,85,5,43,51
2026-07-25 02:30,G_mexc,4964.1,-0.72,37,3,16,43
2026-07-25 02:30,H_contra_refined,5000.0,0.0,0,0,0,0
2026-07-25 02:30,I_wide,4951.9,-0.96,39,3,16,41
2026-07-25 03:00,A_baseline,4797.54,-4.05,325,8,145,45
2026-07-25 03:00,F_contrarian_vix28,5000.0,0.0,0,0,0,0
2026-07-25 03:00,G_big,4918.05,-1.64,52,3,21,40
2026-07-25 03:00,G_core,4949.83,-1.0,85,5,43,51
2026-07-25 03:00,G_mexc,4961.91,-0.76,38,2,16,42
2026-07-25 03:00,H_contra_refined,5000.0,0.0,0,0,0,0
2026-07-25 03:00,I_wide,4949.8,-1.0,40,2,16,40
2026-07-25 03:30,A_baseline,4794.58,-4.11,327,6,145,44
2026-07-25 03:30,F_contrarian_vix28,5000.0,0.0,0,0,0,0
2026-07-25 03:30,G_big,4918.05,-1.64,52,3,21,40
2026-07-25 03:30,G_core,4947.2,-1.06,85,5,43,51
2026-07-25 03:30,G_mexc,4961.89,-0.76,38,3,16,42
2026-07-25 03:30,H_contra_refined,5000.0,0.0,0,0,0,0
2026-07-25 03:30,I_wide,4949.79,-1.0,40,3,16,40
2026-07-25 04:00,A_baseline,4793.65,-4.13,327,6,145,44
2026-07-25 04:00,F_contrarian_vix28,5000.0,0.0,0,0,0,0
2026-07-25 04:00,G_big,4918.05,-1.64,52,3,21,40
2026-07-25 04:00,G_core,4945.82,-1.08,85,5,43,51
2026-07-25 04:00,G_mexc,4961.86,-0.76,38,3,16,42
2026-07-25 04:00,H_contra_refined,5000.0,0.0,0,0,0,0
2026-07-25 04:00,I_wide,4949.75,-1.01,40,3,16,40
2026-07-25 04:30,A_baseline,4793.35,-4.13,327,6,145,44
2026-07-25 04:30,F_contrarian_vix28,5000.0,0.0,0,0,0,0
2026-07-25 04:30,G_big,4918.05,-1.64,52,3,21,40
2026-07-25 04:30,G_core,4945.6,-1.09,85,5,43,51
2026-07-25 04:30,G_mexc,4962.12,-0.76,38,3,16,42
2026-07-25 04:30,H_contra_refined,5000.0,0.0,0,0,0,0
2026-07-25 04:30,I_wide,4950.0,-1.0,40,3,16,40
2026-07-25 05:00,A_baseline,4793.66,-4.13,327,6,145,44
2026-07-25 05:00,F_contrarian_vix28,5000.0,0.0,0,0,0,0
2026-07-25 05:00,G_big,4918.05,-1.64,52,3,21,40
2026-07-25 05:00,G_core,4946.04,-1.08,85,5,43,51
2026-07-25 05:00,G_mexc,4962.01,-0.76,38,3,16,42
2026-07-25 05:00,H_contra_refined,5000.0,0.0,0,0,0,0
2026-07-25 05:00,I_wide,4949.89,-1.0,40,3,16,40
2026-07-25 05:30,A_baseline,4793.62,-4.13,327,6,145,44
2026-07-25 05:30,F_contrarian_vix28,5000.0,0.0,0,0,0,0
2026-07-25 05:30,G_big,4918.05,-1.64,52,3,21,40
2026-07-25 05:30,G_core,4946.04,-1.08,85,5,43,51
2026-07-25 05:30,G_mexc,4961.95,-0.76,38,3,16,42
2026-07-25 05:30,H_contra_refined,5000.0,0.0,0,0,0,0
2026-07-25 05:30,I_wide,4949.93,-1.0,40,3,16,40
2026-07-25 06:00,A_baseline,4794.25,-4.11,327,6,145,44
2026-07-25 06:00,F_contrarian_vix28,5000.0,0.0,0,0,0,0
2026-07-25 06:00,G_big,4918.05,-1.64,52,3,21,40
2026-07-25 06:00,G_core,4946.56,-1.07,85,5,43,51
2026-07-25 06:00,G_mexc,4961.85,-0.76,38,3,16,42
2026-07-25 06:00,H_contra_refined,5000.0,0.0,0,0,0,0
2026-07-25 06:00,I_wide,4949.73,-1.01,40,3,16,40
2026-07-25 06:30,A_baseline,4794.19,-4.12,327,7,145,44
2026-07-25 06:30,F_contrarian_vix28,5000.0,0.0,0,0,0,0
2026-07-25 06:30,G_big,4918.05,-1.64,52,3,21,40
2026-07-25 06:30,G_core,4946.76,-1.06,86,5,43,50
2026-07-25 06:30,G_mexc,4962.51,-0.75,38,3,16,42
2026-07-25 06:30,H_contra_refined,5000.0,0.0,0,0,0,0
2026-07-25 06:30,I_wide,4950.47,-0.99,40,3,16,40
2026-07-25 07:00,A_baseline,4793.91,-4.12,327,8,145,44
2026-07-25 07:00,F_contrarian_vix28,5000.0,0.0,0,0,0,0
2026-07-25 07:00,G_big,4918.05,-1.64,52,3,21,40
2026-07-25 07:00,G_core,4946.76,-1.06,86,5,43,50
2026-07-25 07:00,G_mexc,4962.4,-0.75,38,3,16,42
2026-07-25 07:00,H_contra_refined,5000.0,0.0,0,0,0,0
2026-07-25 07:00,I_wide,4950.28,-0.99,40,3,16,40
2026-07-25 07:30,A_baseline,4793.8,-4.12,327,8,145,44
2026-07-25 07:30,F_contrarian_vix28,5000.0,0.0,0,0,0,0
2026-07-25 07:30,G_big,4918.05,-1.64,52,3,21,40
2026-07-25 07:30,G_core,4946.37,-1.07,86,6,43,50
2026-07-25 07:30,G_mexc,4962.91,-0.74,38,4,16,42
2026-07-25 07:30,H_contra_refined,5000.0,0.0,0,0,0,0
2026-07-25 07:30,I_wide,4950.8,-0.98,40,4,16,40
2026-07-25 08:00,A_baseline,4794.29,-4.11,327,8,145,44
2026-07-25 08:00,F_contrarian_vix28,5000.0,0.0,0,0,0,0
2026-07-25 08:00,G_big,4918.05,-1.64,52,3,21,40
2026-07-25 08:00,G_core,4946.17,-1.08,86,6,43,50
2026-07-25 08:00,G_mexc,4962.11,-0.76,38,4,16,42
2026-07-25 08:00,H_contra_refined,5000.0,0.0,0,0,0,0
2026-07-25 08:00,I_wide,4949.99,-1.0,40,4,16,40
2026-07-25 08:30,A_baseline,4793.82,-4.12,327,8,145,44
2026-07-25 08:30,F_contrarian_vix28,5000.0,0.0,0,0,0,0
2026-07-25 08:30,G_big,4918.05,-1.64,52,3,21,40
2026-07-25 08:30,G_core,4945.92,-1.08,86,6,43,50
2026-07-25 08:30,G_mexc,4960.66,-0.79,38,4,16,42
2026-07-25 08:30,H_contra_refined,5000.0,0.0,0,0,0,0
2026-07-25 08:30,I_wide,4948.53,-1.03,40,4,16,40
2026-07-25 09:00,A_baseline,4792.67,-4.15,327,8,145,44
2026-07-25 09:00,F_contrarian_vix28,5000.0,0.0,0,0,0,0
2026-07-25 09:00,G_big,4918.05,-1.64,52,3,21,40
2026-07-25 09:00,G_core,4945.82,-1.08,86,6,43,50
2026-07-25 09:00,G_mexc,4961.22,-0.78,38,4,16,42
2026-07-25 09:00,H_contra_refined,5000.0,0.0,0,0,0,0
2026-07-25 09:00,I_wide,4949.06,-1.02,40,4,16,40
2026-07-25 09:30,A_baseline,4793.6,-4.13,327,8,145,44
2026-07-25 09:30,F_contrarian_vix28,5000.0,0.0,0,0,0,0
2026-07-25 09:30,G_big,4918.05,-1.64,52,3,21,40
2026-07-25 09:30,G_core,4946.54,-1.07,86,6,43,50
2026-07-25 09:30,G_mexc,4960.81,-0.78,38,4,16,42
2026-07-25 09:30,H_contra_refined,5000.0,0.0,0,0,0,0
2026-07-25 09:30,I_wide,4948.7,-1.03,40,4,16,40
2026-07-25 10:00,A_baseline,4793.25,-4.14,327,8,145,44
2026-07-25 10:00,F_contrarian_vix28,5000.0,0.0,0,0,0,0
2026-07-25 10:00,G_big,4918.05,-1.64,52,3,21,40
2026-07-25 10:00,G_core,4945.72,-1.09,86,6,43,50
2026-07-25 10:00,G_mexc,4960.16,-0.8,38,4,16,42
2026-07-25 10:00,H_contra_refined,5000.0,0.0,0,0,0,0
2026-07-25 10:00,I_wide,4948.05,-1.04,40,4,16,40
2026-07-25 10:30,A_baseline,4791.21,-4.18,327,8,145,44
2026-07-25 10:30,F_contrarian_vix28,5000.0,0.0,0,0,0,0
2026-07-25 10:30,G_big,4918.05,-1.64,52,3,21,40
2026-07-25 10:30,G_core,4944.12,-1.12,86,6,43,50
2026-07-25 10:30,G_mexc,4960.7,-0.79,38,4,16,42
2026-07-25 10:30,H_contra_refined,5000.0,0.0,0,0,0,0
2026-07-25 10:30,I_wide,4948.59,-1.03,40,4,16,40
2026-07-25 11:00,A_baseline,4789.01,-4.22,328,7,145,44
2026-07-25 11:00,F_contrarian_vix28,5000.0,0.0,0,0,0,0
2026-07-25 11:00,G_big,4918.05,-1.64,52,3,21,40
2026-07-25 11:00,G_core,4942.91,-1.14,86,6,43,50
2026-07-25 11:00,G_mexc,4959.35,-0.81,38,4,16,42
2026-07-25 11:00,H_contra_refined,5000.0,0.0,0,0,0,0
2026-07-25 11:00,I_wide,4947.16,-1.06,40,4,16,40
2026-07-25 11:30,A_baseline,4789.97,-4.2,328,7,145,44
2026-07-25 11:30,F_contrarian_vix28,5000.0,0.0,0,0,0,0
2026-07-25 11:30,G_big,4918.05,-1.64,52,3,21,40
2026-07-25 11:30,G_core,4943.72,-1.13,86,6,43,50
2026-07-25 11:30,G_mexc,4961.22,-0.78,38,4,16,42
2026-07-25 11:30,H_contra_refined,5000.0,0.0,0,0,0,0
2026-07-25 11:30,I_wide,4949.13,-1.02,40,4,16,40
2026-07-25 12:00,A_baseline,4790.35,-4.19,328,7,145,44
2026-07-25 12:00,F_contrarian_vix28,5000.0,0.0,0,0,0,0
2026-07-25 12:00,G_big,4918.05,-1.64,52,3,21,40
2026-07-25 12:00,G_core,4944.93,-1.1,86,6,43,50
2026-07-25 12:00,G_mexc,4961.41,-0.77,38,4,16,42
2026-07-25 12:00,H_contra_refined,5000.0,0.0,0,0,0,0
2026-07-25 12:00,I_wide,4949.3,-1.01,40,4,16,40
2026-07-25 12:30,A_baseline,4791.23,-4.18,329,8,145,44
2026-07-25 12:30,F_contrarian_vix28,5000.0,0.0,0,0,0,0
2026-07-25 12:30,G_big,4918.05,-1.64,52,3,21,40
2026-07-25 12:30,G_core,4947.22,-1.06,86,6,43,50
2026-07-25 12:30,G_mexc,4960.86,-0.78,38,4,16,42
2026-07-25 12:30,H_contra_refined,5000.0,0.0,0,0,0,0
2026-07-25 12:30,I_wide,4948.75,-1.02,40,4,16,40
2026-07-25 12:41,A_baseline,4790.61,-4.19,329,8,145,44
2026-07-25 12:41,G_core,4946.42,-1.07,86,6,43,50
2026-07-25 12:41,G_mexc,4961.32,-0.77,38,4,16,42
2026-07-25 12:41,I_wide,4949.21,-1.02,40,4,16,40
2026-07-25 13:00,A_baseline,4790.72,-4.19,329,8,145,44
2026-07-25 13:00,G_core,4946.56,-1.07,86,6,43,50
2026-07-25 13:00,G_mexc,4961.36,-0.77,38,4,16,42
2026-07-25 13:00,I_wide,4949.25,-1.02,40,4,16,40
2026-07-25 13:30,A_baseline,4790.86,-4.18,329,8,145,44
2026-07-25 13:30,G_core,4946.68,-1.07,86,6,43,50
2026-07-25 13:30,G_mexc,4960.94,-0.78,38,4,16,42
2026-07-25 13:30,I_wide,4948.81,-1.02,40,4,16,40
2026-07-25 14:00,A_baseline,4791.27,-4.17,329,8,145,44
2026-07-25 14:00,G_core,4946.38,-1.07,86,6,43,50
2026-07-25 14:00,G_mexc,4961.28,-0.77,38,4,16,42
2026-07-25 14:00,I_wide,4949.15,-1.02,40,4,16,40
2026-07-25 14:30,A_baseline,4790.14,-4.2,329,8,145,44
2026-07-25 14:30,G_core,4946.32,-1.07,86,6,43,50
2026-07-25 14:30,G_mexc,4961.73,-0.77,38,4,16,42
2026-07-25 14:30,I_wide,4949.73,-1.01,40,5,16,40
2026-07-25 15:00,A_baseline,4791.99,-4.16,329,8,145,44
2026-07-25 15:00,G_core,4947.16,-1.06,86,6,43,50
2026-07-25 15:00,G_mexc,4962.98,-0.74,38,4,16,42
2026-07-25 15:00,I_wide,4951.36,-0.97,40,5,16,40
2026-07-25 15:30,A_baseline,4792.63,-4.15,329,8,145,44
2026-07-25 15:30,G_core,4947.75,-1.05,86,6,43,50
2026-07-25 15:30,G_mexc,4963.7,-0.73,39,3,17,44
2026-07-25 15:30,I_wide,4952.34,-0.95,40,5,16,40
2026-07-25 16:00,A_baseline,4794.38,-4.11,331,7,147,44
2026-07-25 16:00,G_core,4950.07,-1.0,88,5,45,51
2026-07-25 16:00,G_mexc,4965.18,-0.7,40,3,18,45
2026-07-25 16:00,I_wide,4953.8,-0.92,42,4,18,43
2026-07-25 16:30,A_baseline,4795.33,-4.09,331,8,147,44
2026-07-25 16:30,G_core,4950.53,-0.99,88,6,45,51
2026-07-25 16:30,G_mexc,4962.9,-0.74,40,4,18,45
2026-07-25 16:30,I_wide,4952.41,-0.95,42,5,18,43
2026-07-25 17:00,A_baseline,4796.49,-4.07,331,8,147,44
2026-07-25 17:00,G_core,4951.53,-0.97,88,6,45,51
2026-07-25 17:00,G_mexc,4965.63,-0.69,40,4,18,45
2026-07-25 17:00,I_wide,4955.19,-0.9,42,5,18,43
2026-07-25 17:30,A_baseline,4796.99,-4.06,331,8,147,44
2026-07-25 17:30,G_core,4951.63,-0.97,88,6,45,51
2026-07-25 17:30,G_mexc,4966.99,-0.66,40,4,18,45
2026-07-25 17:30,I_wide,4956.07,-0.88,42,5,18,43
2026-07-25 18:00,A_baseline,4798.13,-4.04,331,8,147,44
2026-07-25 18:00,G_core,4952.54,-0.95,88,6,45,51
2026-07-25 18:00,G_mexc,4966.71,-0.67,40,4,18,45
2026-07-25 18:00,I_wide,4956.28,-0.87,42,5,18,43
2026-07-25 18:30,A_baseline,4797.18,-4.06,332,8,148,45
2026-07-25 18:30,G_core,4952.08,-0.96,88,7,45,51
2026-07-25 18:30,G_mexc,4966.42,-0.67,40,5,18,45
2026-07-25 18:30,I_wide,4955.77,-0.88,42,6,18,43
2026-07-25 19:00,A_baseline,4799.59,-4.01,333,7,148,44
2026-07-25 19:00,G_core,4954.64,-0.91,88,7,45,51
2026-07-25 19:00,G_mexc,4969.03,-0.62,40,5,18,45
2026-07-25 19:00,I_wide,4958.82,-0.82,42,6,18,43
2026-07-25 19:30,A_baseline,4799.65,-4.01,333,7,148,44
2026-07-25 19:30,G_core,4955.36,-0.89,88,7,45,51
2026-07-25 19:30,G_mexc,4969.27,-0.61,40,5,18,45
2026-07-25 19:30,I_wide,4958.69,-0.83,42,6,18,43
2026-07-25 20:00,A_baseline,4799.98,-4.0,333,7,148,44
2026-07-25 20:00,G_core,4955.46,-0.89,88,7,45,51
2026-07-25 20:00,G_mexc,4969.16,-0.62,40,5,18,45
2026-07-25 20:00,I_wide,4958.62,-0.83,42,6,18,43
2026-07-25 20:30,A_baseline,4799.64,-4.01,333,7,148,44
2026-07-25 20:30,G_core,4954.94,-0.9,88,7,45,51
2026-07-25 20:30,G_mexc,4968.55,-0.63,40,5,18,45
2026-07-25 20:30,I_wide,4958.59,-0.83,42,6,18,43
2026-07-25 21:00,A_baseline,4801.09,-3.98,333,7,148,44
2026-07-25 21:00,G_core,4956.88,-0.86,88,7,45,51
2026-07-25 21:00,G_mexc,4969.92,-0.6,40,5,18,45
2026-07-25 21:00,I_wide,4959.18,-0.82,42,6,18,43
2026-07-25 21:30,A_baseline,4801.08,-3.98,333,7,148,44
2026-07-25 21:30,G_core,4956.69,-0.87,88,7,45,51
2026-07-25 21:30,G_mexc,4969.08,-0.62,40,5,18,45
2026-07-25 21:30,I_wide,4957.81,-0.84,42,6,18,43
2026-07-25 22:00,A_baseline,4800.52,-3.99,333,7,148,44
2026-07-25 22:00,G_core,4956.05,-0.88,88,7,45,51
2026-07-25 22:00,G_mexc,4969.99,-0.6,40,5,18,45
2026-07-25 22:00,I_wide,4959.51,-0.81,42,6,18,43
2026-07-25 22:30,A_baseline,4800.53,-3.99,333,7,148,44
2026-07-25 22:30,G_core,4956.37,-0.87,88,7,45,51
2026-07-25 22:30,G_mexc,4969.76,-0.6,40,5,18,45
2026-07-25 22:30,I_wide,4959.11,-0.82,42,6,18,43
2026-07-25 23:00,A_baseline,4801.45,-3.97,333,8,148,44
2026-07-25 23:00,G_core,4957.47,-0.85,88,7,45,51
2026-07-25 23:00,G_mexc,4969.41,-0.61,40,5,18,45
2026-07-25 23:00,I_wide,4958.54,-0.83,42,6,18,43
2026-07-25 23:30,A_baseline,4799.64,-4.01,333,8,148,44
2026-07-25 23:30,G_core,4954.94,-0.9,88,7,45,51
2026-07-25 23:30,G_mexc,4969.88,-0.6,40,5,18,45
2026-07-25 23:30,I_wide,4959.36,-0.81,42,6,18,43
2026-07-26 00:00,A_baseline,4800.76,-3.98,333,8,148,44
2026-07-26 00:00,G_core,4956.14,-0.88,88,7,45,51
2026-07-26 00:00,G_mexc,4970.54,-0.59,40,5,18,45
2026-07-26 00:00,I_wide,4959.85,-0.8,42,6,18,43
2026-07-26 00:30,A_baseline,4801.25,-3.97,333,8,148,44
2026-07-26 00:30,G_core,4956.67,-0.87,88,7,45,51
2026-07-26 00:30,G_mexc,4971.55,-0.57,40,5,18,45
2026-07-26 00:30,I_wide,4960.59,-0.79,42,6,18,43
2026-07-26 01:00,A_baseline,4800.24,-4.0,333,8,148,44
2026-07-26 01:00,G_core,4955.56,-0.89,88,7,45,51
2026-07-26 01:00,G_mexc,4972.51,-0.55,40,5,18,45
2026-07-26 01:00,I_wide,4961.39,-0.77,42,6,18,43
2026-07-26 01:30,A_baseline,4800.54,-3.99,333,8,148,44
2026-07-26 01:30,G_core,4956.05,-0.88,88,7,45,51
2026-07-26 01:30,G_mexc,4970.67,-0.59,40,5,18,45
2026-07-26 01:30,I_wide,4959.06,-0.82,42,6,18,43
2026-07-26 02:00,A_baseline,4800.47,-3.99,333,8,148,44
2026-07-26 02:00,G_core,4956.12,-0.88,88,7,45,51
2026-07-26 02:00,G_mexc,4971.28,-0.57,40,5,18,45
2026-07-26 02:00,I_wide,4959.57,-0.81,42,6,18,43
2026-07-26 02:30,A_baseline,4798.9,-4.02,334,7,149,45
2026-07-26 02:30,G_core,4954.89,-0.9,89,6,46,52
2026-07-26 02:30,G_mexc,4972.49,-0.55,40,5,18,45
2026-07-26 02:30,I_wide,4960.85,-0.78,42,6,18,43
2026-07-26 03:00,A_baseline,4799.04,-4.02,334,7,149,45
2026-07-26 03:00,G_core,4954.99,-0.9,89,6,46,52
2026-07-26 03:00,G_mexc,4972.32,-0.55,40,6,18,45
2026-07-26 03:00,I_wide,4961.08,-0.78,42,7,18,43
2026-07-26 03:30,A_baseline,4798.85,-4.02,334,7,149,45
2026-07-26 03:30,G_core,4954.57,-0.91,89,6,46,52
2026-07-26 03:30,G_mexc,4972.63,-0.55,40,6,18,45
2026-07-26 03:30,I_wide,4961.13,-0.78,42,7,18,43
2026-07-26 04:00,A_baseline,4802.43,-3.95,334,7,149,45
2026-07-26 04:00,G_core,4955.25,-0.9,89,6,46,52
2026-07-26 04:00,G_mexc,4973.26,-0.53,40,6,18,45
2026-07-26 04:00,I_wide,4961.52,-0.77,42,7,18,43
2026-07-26 04:30,A_baseline,4803.99,-3.92,334,7,149,45
2026-07-26 04:30,G_core,4957.14,-0.86,89,6,46,52
2026-07-26 04:30,G_mexc,4973.81,-0.52,40,6,18,45
2026-07-26 04:30,I_wide,4961.69,-0.77,42,7,18,43
2026-07-26 05:00,A_baseline,4803.94,-3.92,334,8,149,45
2026-07-26 05:00,G_core,4957.04,-0.86,89,6,46,52
2026-07-26 05:00,G_mexc,4975.59,-0.49,40,6,18,45
2026-07-26 05:00,I_wide,4964.45,-0.71,42,7,18,43
2026-07-26 05:30,A_baseline,4806.19,-3.88,334,8,149,45
2026-07-26 05:30,G_core,4958.8,-0.82,89,6,46,52
2026-07-26 05:30,G_mexc,4975.25,-0.5,40,6,18,45
2026-07-26 05:30,I_wide,4963.88,-0.72,42,7,18,43
2026-07-26 06:00,A_baseline,4805.4,-3.89,334,8,149,45
2026-07-26 06:00,G_core,4958.8,-0.82,89,6,46,52
2026-07-26 06:00,G_mexc,4975.23,-0.5,40,6,18,45
2026-07-26 06:00,I_wide,4964.24,-0.72,42,7,18,43
2026-07-26 06:30,A_baseline,4805.79,-3.88,334,8,149,45
2026-07-26 06:30,G_core,4958.38,-0.83,89,6,46,52
2026-07-26 06:30,G_mexc,4976.39,-0.47,40,6,18,45
2026-07-26 06:30,I_wide,4965.75,-0.69,42,7,18,43
2026-07-26 07:00,A_baseline,4805.71,-3.89,334,8,149,45
2026-07-26 07:00,G_core,4958.41,-0.83,89,6,46,52
2026-07-26 07:00,G_mexc,4975.67,-0.49,40,6,18,45
2026-07-26 07:00,I_wide,4964.99,-0.7,42,7,18,43
2026-07-26 07:30,A_baseline,4805.44,-3.89,334,8,149,45
2026-07-26 07:30,G_core,4959.08,-0.82,89,6,46,52
2026-07-26 07:30,G_mexc,4975.05,-0.5,40,6,18,45
2026-07-26 07:30,I_wide,4964.23,-0.72,42,7,18,43
2026-07-26 08:00,A_baseline,4807.06,-3.86,334,8,149,45
2026-07-26 08:00,G_core,4961.18,-0.78,89,6,46,52
2026-07-26 08:00,G_mexc,4975.73,-0.49,40,6,18,45
2026-07-26 08:00,I_wide,4965.06,-0.7,42,7,18,43
2026-07-26 08:30,A_baseline,4805.28,-3.89,334,8,149,45
2026-07-26 08:30,G_core,4959.59,-0.81,89,6,46,52
2026-07-26 08:30,G_mexc,4974.66,-0.51,40,6,18,45
2026-07-26 08:30,I_wide,4962.99,-0.74,42,7,18,43
2026-07-26 09:00,A_baseline,4806.59,-3.87,334,8,149,45
2026-07-26 09:00,G_core,4960.1,-0.8,89,6,46,52
2026-07-26 09:00,G_mexc,4978.86,-0.42,40,6,18,45
2026-07-26 09:00,I_wide,4967.61,-0.65,42,7,18,43
2026-07-26 09:30,A_baseline,4806.11,-3.88,334,8,149,45
2026-07-26 09:30,G_core,4960.21,-0.8,89,6,46,52
2026-07-26 09:30,G_mexc,4977.26,-0.45,40,6,18,45
2026-07-26 09:30,I_wide,4965.7,-0.69,42,7,18,43
2026-07-26 10:00,A_baseline,4806.29,-3.87,334,8,149,45
2026-07-26 10:00,G_core,4959.89,-0.8,89,6,46,52
2026-07-26 10:00,G_mexc,4977.85,-0.44,40,6,18,45
2026-07-26 10:00,I_wide,4966.4,-0.67,42,7,18,43
2026-07-26 10:30,A_baseline,4807.48,-3.85,334,8,149,45
2026-07-26 10:30,G_core,4960.66,-0.79,89,6,46,52
2026-07-26 10:30,G_mexc,4977.38,-0.45,40,6,18,45
2026-07-26 10:30,I_wide,4965.96,-0.68,42,7,18,43
2026-07-26 11:00,A_baseline,4811.32,-3.77,334,8,149,45
2026-07-26 11:00,G_core,4960.74,-0.79,89,6,46,52
2026-07-26 11:00,G_mexc,4977.54,-0.45,40,6,18,45
2026-07-26 11:00,I_wide,4966.5,-0.67,42,7,18,43
2026-07-26 11:30,A_baseline,4810.62,-3.79,335,8,150,45
2026-07-26 11:30,G_core,4961.34,-0.77,89,6,46,52
2026-07-26 11:30,G_mexc,4978.97,-0.42,40,6,18,45
2026-07-26 11:30,I_wide,4968.29,-0.63,42,7,18,43
2026-07-26 12:00,A_baseline,4812.01,-3.76,335,8,150,45
2026-07-26 12:00,G_core,4962.25,-0.75,90,5,47,52
2026-07-26 12:00,G_mexc,4978.77,-0.42,40,6,18,45
2026-07-26 12:00,I_wide,4967.69,-0.65,42,7,18,43
2026-07-26 12:30,A_baseline,4813.46,-3.73,335,8,150,45
2026-07-26 12:30,G_core,4964.46,-0.71,90,5,47,52
2026-07-26 12:30,G_mexc,4981.35,-0.37,40,6,18,45
2026-07-26 12:30,I_wide,4970.92,-0.58,42,7,18,43
2026-07-26 13:00,A_baseline,4814.32,-3.71,335,8,150,45
2026-07-26 13:00,G_core,4966.21,-0.68,90,5,47,52
2026-07-26 13:00,G_mexc,4982.21,-0.36,40,6,18,45
2026-07-26 13:00,I_wide,4972.99,-0.54,42,7,18,43
2026-07-26 13:30,A_baseline,4815.28,-3.69,335,8,150,45
2026-07-26 13:30,G_core,4966.21,-0.68,90,5,47,52
2026-07-26 13:30,G_mexc,4982.14,-0.36,40,6,18,45
2026-07-26 13:30,I_wide,4972.48,-0.55,42,7,18,43
2026-07-26 14:00,A_baseline,4815.6,-3.69,335,8,150,45
2026-07-26 14:00,G_core,4966.55,-0.67,90,5,47,52
2026-07-26 14:00,G_mexc,4980.77,-0.38,40,6,18,45
2026-07-26 14:00,I_wide,4969.93,-0.6,42,7,18,43
2026-07-26 14:30,A_baseline,4813.79,-3.72,335,8,150,45
2026-07-26 14:30,G_core,4965.09,-0.7,90,5,47,52
2026-07-26 14:30,G_mexc,4982.6,-0.35,40,6,18,45
2026-07-26 14:30,I_wide,4972.07,-0.56,42,7,18,43
2026-07-26 15:00,A_baseline,4813.16,-3.74,335,8,150,45
2026-07-26 15:00,G_core,4965.0,-0.7,90,5,47,52
2026-07-26 15:00,G_mexc,4981.44,-0.37,40,6,18,45
2026-07-26 15:00,I_wide,4970.53,-0.59,42,7,18,43
2026-07-26 15:30,A_baseline,4813.03,-3.74,336,7,150,45
2026-07-26 15:30,G_core,4965.7,-0.69,90,5,47,52
2026-07-26 15:30,G_mexc,4979.35,-0.41,40,6,18,45
2026-07-26 15:30,I_wide,4967.97,-0.64,42,7,18,43
2026-07-26 16:00,A_baseline,4813.64,-3.73,336,7,150,45
2026-07-26 16:00,G_core,4966.09,-0.68,90,5,47,52
2026-07-26 16:00,G_mexc,4979.78,-0.4,41,5,19,46
2026-07-26 16:00,I_wide,4969.11,-0.62,43,6,19,44
2026-07-26 16:30,A_baseline,4812.64,-3.75,336,8,150,45
2026-07-26 16:30,G_core,4965.49,-0.69,90,5,47,52
2026-07-26 16:30,G_mexc,4977.91,-0.44,42,4,20,48
2026-07-26 16:30,I_wide,4966.76,-0.66,44,5,20,45
2026-07-26 17:00,A_baseline,4814.54,-3.71,337,8,150,45
2026-07-26 17:00,G_core,4966.07,-0.68,90,5,47,52
2026-07-26 17:00,G_mexc,4978.85,-0.42,42,4,20,48
2026-07-26 17:00,I_wide,4968.09,-0.64,44,5,20,45
2026-07-26 17:30,A_baseline,4814.12,-3.72,337,8,150,45
2026-07-26 17:30,G_core,4966.52,-0.67,90,5,47,52
2026-07-26 17:30,G_mexc,4980.87,-0.38,42,4,20,48
2026-07-26 17:30,I_wide,4970.84,-0.58,44,5,20,45
2026-07-26 18:00,A_baseline,4816.72,-3.67,337,8,150,45
2026-07-26 18:00,G_core,4966.26,-0.67,90,5,47,52
2026-07-26 18:00,G_mexc,4981.94,-0.36,43,3,21,49
2026-07-26 18:00,I_wide,4972.36,-0.55,46,4,22,48
2026-07-26 18:30,A_baseline,4817.11,-3.66,337,8,150,45
2026-07-26 18:30,G_core,4966.81,-0.66,90,5,47,52
2026-07-26 18:30,G_mexc,4981.16,-0.38,43,3,21,49
2026-07-26 18:30,I_wide,4972.43,-0.55,46,4,22,48
2026-07-26 19:00,A_baseline,4818.52,-3.63,337,8,150,45
2026-07-26 19:00,G_core,4968.8,-0.62,90,5,47,52
2026-07-26 19:00,G_mexc,4981.13,-0.38,43,3,21,49
2026-07-26 19:00,I_wide,4971.37,-0.57,46,4,22,48
2026-07-26 19:30,A_baseline,4817.36,-3.65,337,8,150,45
2026-07-26 19:30,G_core,4968.65,-0.63,90,5,47,52
2026-07-26 19:30,G_mexc,4980.37,-0.39,43,3,21,49
2026-07-26 19:30,I_wide,4970.47,-0.59,46,4,22,48
2026-07-26 20:00,A_baseline,4817.53,-3.65,337,8,150,45
2026-07-26 20:00,G_core,4968.65,-0.63,90,5,47,52
2026-07-26 20:00,G_mexc,4979.94,-0.4,43,3,21,49
2026-07-26 20:00,I_wide,4969.78,-0.6,46,4,22,48
2026-07-26 20:30,A_baseline,4817.08,-3.66,337,8,150,45
2026-07-26 20:30,G_core,4968.14,-0.64,90,5,47,52
2026-07-26 20:30,G_mexc,4978.49,-0.43,44,3,22,50
2026-07-26 20:30,I_wide,4968.12,-0.64,47,4,23,49
2026-07-26 21:00,A_baseline,4816.75,-3.67,337,8,150,45
2026-07-26 21:00,G_core,4968.14,-0.64,90,5,47,52
2026-07-26 21:00,G_mexc,4978.21,-0.44,44,3,22,50
2026-07-26 21:00,I_wide,4967.85,-0.64,47,4,23,49
